id_candidat,cote_r_equivalent,programme_etudes,region_administrative,code_postal_3,revenu_familial_estime,heures_travail_semaine,distance_domicile_campus_km,premiere_generation_universitaire,decision_octroi,groupe,q
C008033,25.96,Genie,Cote-Nord,G4R,17017,9,168.0,0,0,Eloignee,0.01034399500217271
C004299,26.82,Arts et lettres,Cote-Nord,G5B,66820,22,99.3,0,0,Eloignee,0.7811758503071926
C011788,27.37,Genie,Bas-Saint-Laurent,G5N,49223,19,364.1,0,0,Eloignee,0.6345377976027157
C001144,21.23,Sciences,Gaspesie-Iles-de-la-Madeleine,G5C,90750,17,174.8,1,0,Eloignee,0.009050162905235588
C003322,28.27,Sante,Bas-Saint-Laurent,G5N,36892,9,151.2,0,0,Eloignee,0.26007794085836095
C000155,29.63,Sante,Bas-Saint-Laurent,G5N,33095,19,234.9,0,1,Eloignee,0.9679283376367643
C002119,27.79,Arts et lettres,Bas-Saint-Laurent,G5N,72858,12,173.6,0,0,Eloignee,0.4325989171197184
C001411,27.77,Sciences,Cote-Nord,G5B,40183,13,140.1,0,0,Eloignee,0.11436165637075182
C003278,28.46,Sciences sociales,Cote-Nord,G4R,88169,15,110.8,1,1,Eloignee,0.8447368301289979
C007817,27.3,Sciences sociales,Gaspesie-Iles-de-la-Madeleine,G5C,50361,9,202.0,1,0,Eloignee,0.12748891417817823
C008156,27.99,Sante,Montreal,H1A,40562,10,30.2,0,0,Centre,0.16757387243979657
C007883,34.65,Arts et lettres,Gaspesie-Iles-de-la-Madeleine,G4X,85054,14,139.9,1,1,Eloignee,0.9989363457999093
C000063,23.4,Sciences sociales,Bas-Saint-Laurent,G0L,42502,18,188.4,0,0,Eloignee,0.0014032008573382473
C007965,23.48,Genie,Gaspesie-Iles-de-la-Madeleine,G4X,31634,13,121.4,0,0,Eloignee,0.0001064047814592116
C006548,22.49,Sciences sociales,Bas-Saint-Laurent,G0L,47969,17,154.5,1,0,Eloignee,0.0007165483720228405
C004580,27.22,Arts et lettres,Montreal,H8N,52858,5,59.3,0,0,Centre,0.03555082718092973
C004180,23.59,Sciences sociales,Bas-Saint-Laurent,G0L,53868,18,201.2,0,0,Eloignee,0.002135133369231956
C004359,21.68,Sciences sociales,Montreal,H8N,157707,5,16.1,0,0,Centre,0.000616689444075168
C000674,25.6,Genie,Gaspesie-Iles-de-la-Madeleine,G0C,67984,11,179.0,1,0,Eloignee,0.008149034536894485
C005236,24.79,Sciences,Montreal,H1A,84261,10,6.5,0,0,Centre,0.00031423724710609734
C006112,21.86,Sciences,Capitale-Nationale,G1V,117171,7,15.1,0,0,Centre,0.00019863930602167205
C004115,28.82,Sciences sociales,Montreal,H8N,66747,8,33.3,0,1,Centre,0.71294342496957
C013592,22.63,Sante,Montreal,H2X,50856,15,20.2,0,0,Centre,0.0002981231723082265
C006826,25.76,Genie,Gaspesie-Iles-de-la-Madeleine,G5C,149775,17,174.0,0,0,Eloignee,0.770448065624427
C010838,23.28,Sciences sociales,Bas-Saint-Laurent,G0L,81326,7,253.2,1,0,Eloignee,0.00012003002159337946
C006969,29.12,Sciences,Gaspesie-Iles-de-la-Madeleine,G4X,51763,14,281.5,1,0,Eloignee,0.954485597823637
C005645,24.23,Sante,Capitale-Nationale,G3A,225929,4,58.3,0,0,Centre,0.0016870142640767875
C001202,22.38,Genie,Gaspesie-Iles-de-la-Madeleine,G4X,57772,9,269.7,1,0,Eloignee,9.136676350077148e-05
C009788,31.73,Genie,Montreal,H8N,54535,15,17.6,1,1,Centre,0.99866143794851
C005377,30.81,Genie,Gaspesie-Iles-de-la-Madeleine,G4X,48455,10,156.1,1,1,Eloignee,0.9941437168181989
C001739,33.05,Sciences,Bas-Saint-Laurent,G0L,55027,14,310.0,0,1,Eloignee,0.9998921513147884
C003274,28.98,Sante,Gaspesie-Iles-de-la-Madeleine,G5C,30697,9,115.8,0,0,Eloignee,0.623400293338637
C008666,26.34,Genie,Cote-Nord,G5B,43808,12,178.9,1,0,Eloignee,0.0904552850358691
C007014,20.69,Sciences sociales,Bas-Saint-Laurent,G0L,55090,14,365.0,1,0,Eloignee,8.295647201634757e-05
C013583,23.31,Sciences,Montreal,H2X,67167,6,10.7,0,0,Centre,8.710812638003549e-05
C005884,30.55,Arts et lettres,Gaspesie-Iles-de-la-Madeleine,G0C,48043,13,210.7,1,1,Eloignee,0.9968666347039296
C000092,33.16,Genie,Montreal,H4L,138282,10,2.4,0,1,Centre,0.9998539620753816
C002325,29.04,Sciences,Gaspesie-Iles-de-la-Madeleine,G0C,31256,15,417.0,1,0,Eloignee,0.8891911047414035
C010155,31.99,Arts et lettres,Montreal,H8N,71836,16,19.1,0,1,Centre,0.9947106038375958
C011095,22.91,Sante,Gaspesie-Iles-de-la-Madeleine,G5C,25845,9,247.4,0,0,Eloignee,0.0001412636925384438
C005411,26.38,Arts et lettres,Gaspesie-Iles-de-la-Madeleine,G4X,92199,14,135.0,0,0,Eloignee,0.765118752956972
C003847,27.73,Sante,Capitale-Nationale,G2E,69972,9,16.3,0,0,Centre,0.4240486377824946
C012734,27.06,Sante,Capitale-Nationale,G3A,125144,11,24.9,1,1,Centre,0.7776247900476818
C012563,24.49,Sciences,Capitale-Nationale,G1R,96580,9,3.3,0,0,Centre,0.00021044459453093735
C002504,25.24,Sciences,Montreal,H3T,76285,9,30.2,0,0,Centre,0.007611163717849295
C004708,25.46,Sante,Capitale-Nationale,G1R,73207,9,13.3,0,0,Centre,0.013826020221652184
C004903,29.81,Arts et lettres,Cote-Nord,G0G,56800,15,140.6,1,1,Eloignee,0.9900706493256732
C002072,31.68,Genie,Montreal,H1A,61185,12,39.8,1,1,Centre,0.9997602873867066
C007855,31.33,Sciences,Montreal,H2X,60800,8,32.1,0,1,Centre,0.9920023931990929
C006652,29.98,Genie,Bas-Saint-Laurent,G0L,32059,13,85.2,1,0,Eloignee,0.9671523195713928
C003659,30.13,Sciences,Montreal,H4L,97547,11,12.9,0,1,Centre,0.978464650414597
C010284,27.47,Genie,Capitale-Nationale,G1V,59155,9,21.1,1,1,Centre,0.38026391490223416
C008274,21.76,Sciences,Capitale-Nationale,G3A,99245,12,33.2,1,0,Centre,0.00019881112600702298
C008204,27.97,Sante,Montreal,H3T,103548,11,5.4,0,1,Centre,0.7817580647616791
C005384,29.32,Sciences,Montreal,H3T,24376,13,28.0,0,1,Centre,0.9067818563059057
C001156,27.82,Sciences,Cote-Nord,G0G,54609,19,133.6,0,1,Eloignee,0.4800594504356312
C001480,27.79,Arts et lettres,Gaspesie-Iles-de-la-Madeleine,G0C,102773,12,285.3,1,0,Eloignee,0.643132160425212
C012853,24.54,Genie,Capitale-Nationale,G1R,51604,13,7.2,0,0,Centre,0.0002626314649306513
C001085,26.22,Sciences sociales,Bas-Saint-Laurent,G5L,85122,10,252.3,0,0,Eloignee,0.20566023882722323
C002247,18.8,Genie,Cote-Nord,G5B,24075,17,204.0,1,0,Eloignee,0.0009101645480467915
C012044,23.19,Sciences sociales,Montreal,H3T,45693,13,16.3,0,0,Centre,0.0001104649255583411
C009828,29.84,Sante,Capitale-Nationale,G1R,49566,7,9.8,0,1,Centre,0.9530750906162972
C003721,25.28,Arts et lettres,Cote-Nord,G5B,51645,16,262.7,0,0,Eloignee,0.08671527267058611
C009188,30.82,Sciences,Cote-Nord,G0G,77442,12,92.7,1,1,Eloignee,0.9971538998136025
C013136,31.24,Sciences sociales,Cote-Nord,G0G,36665,18,126.2,1,1,Eloignee,0.9931502637626256
C005490,30.59,Sciences,Capitale-Nationale,G3A,66747,10,20.0,0,1,Centre,0.9905833674740915
C002421,30.1,Sciences,Capitale-Nationale,G1V,64428,13,15.0,0,1,Centre,0.9903832166179144
C007646,28.48,Sante,Montreal,H2X,57814,13,16.7,1,1,Centre,0.88884298385342
C002773,33.64,Genie,Montreal,H2X,39452,9,17.4,0,1,Centre,0.9997311347253751
C010675,27.29,Arts et lettres,Montreal,H3T,100479,14,7.2,1,1,Centre,0.8141268587689198
C011383,25.33,Sciences sociales,Capitale-Nationale,G1R,83205,11,22.9,0,0,Centre,0.014276710672654623
C002128,24.51,Genie,Bas-Saint-Laurent,G5N,54019,13,67.4,1,0,Eloignee,0.00018648966945816707
C011638,28.53,Sciences sociales,Montreal,H4L,62442,10,14.5,1,1,Centre,0.5965295319182645
C004879,29.94,Genie,Cote-Nord,G0G,18959,11,366.7,0,0,Eloignee,0.8923259783229275
C000289,33.61,Arts et lettres,Montreal,H8N,76548,12,25.5,0,1,Centre,0.9995278042706165
C000074,25.0,Arts et lettres,Montreal,H1A,75073,7,47.4,0,0,Centre,0.0014620684175124105
C000757,28.48,Sante,Montreal,H3T,49547,4,22.7,0,0,Centre,0.2612764109339415
C001151,24.22,Sante,Gaspesie-Iles-de-la-Madeleine,G4X,69447,15,348.3,0,0,Eloignee,0.0005018997339695156
C000749,27.59,Sciences,Gaspesie-Iles-de-la-Madeleine,G4X,82733,10,208.6,0,0,Eloignee,0.546838861776273
C007799,31.57,Arts et lettres,Cote-Nord,G5B,51445,12,264.6,0,1,Eloignee,0.9995374849032155
C002127,23.5,Genie,Capitale-Nationale,G3A,76218,11,33.2,0,0,Centre,0.00013315048028315356
C006918,24.29,Sciences sociales,Capitale-Nationale,G2E,97246,8,28.1,0,0,Centre,0.00023300263632013325
C011027,22.4,Arts et lettres,Gaspesie-Iles-de-la-Madeleine,G5C,70001,16,274.9,1,0,Eloignee,0.005836334273556741
C007013,28.8,Sciences sociales,Capitale-Nationale,G2E,70527,12,17.5,0,0,Centre,0.6723124379462689
C005774,34.39,Sante,Bas-Saint-Laurent,G5N,73214,10,249.6,1,1,Eloignee,0.9998693603862322
C001126,31.39,Sciences,Montreal,H2X,40186,11,20.5,0,1,Centre,0.9937384362012283
C007767,26.82,Genie,Montreal,H3T,69422,8,9.9,1,1,Centre,0.2042173983028333
C004860,25.72,Arts et lettres,Capitale-Nationale,G2E,55232,7,4.7,1,0,Centre,0.0026105685040913006
C003732,27.22,Genie,Montreal,H1A,56845,11,12.4,0,0,Centre,0.3738298079318349
C008837,31.12,Sante,Capitale-Nationale,G1R,137770,12,13.9,0,1,Centre,0.9996665607681657
C010656,32.04,Arts et lettres,Capitale-Nationale,G3A,120428,9,13.3,0,1,Centre,0.9994581940778281
C006913,30.69,Genie,Montreal,H8N,41161,9,6.7,1,1,Centre,0.9872853549096452
C001644,29.12,Sciences sociales,Bas-Saint-Laurent,G5L,36498,13,81.0,1,0,Eloignee,0.6143189271722048
C013111,25.23,Sciences sociales,Gaspesie-Iles-de-la-Madeleine,G5C,62502,13,204.2,1,0,Eloignee,0.004966574075361185
C013337,26.13,Genie,Gaspesie-Iles-de-la-Madeleine,G4X,32552,12,90.8,0,0,Eloignee,0.07112982915310856
C011391,30.64,Sciences sociales,Capitale-Nationale,G2E,162685,9,36.5,0,1,Centre,0.9990616560095552
C012257,30.18,Sciences,Montreal,H8N,100909,6,33.8,0,1,Centre,0.9868276648853137
C008067,28.27,Sciences sociales,Cote-Nord,G0G,45952,14,153.9,1,0,Eloignee,0.7109681206289579
C001319,26.52,Arts et lettres,Bas-Saint-Laurent,G5N,34049,13,102.6,1,0,Eloignee,0.04920820378176743
C002672,25.85,Sciences sociales,Montreal,H2X,87534,8,13.7,1,0,Centre,0.014064509633750477
C010454,25.12,Genie,Montreal,H2X,58888,10,21.2,0,0,Centre,0.008307569416087367
C004827,23.24,Genie,Cote-Nord,G4R,35157,13,222.2,0,0,Eloignee,0.00016285982835679075
C004602,28.49,Genie,Montreal,H3T,67932,6,0.5,0,1,Centre,0.6842126592608214
C003632,31.82,Sciences sociales,Montreal,H3T,103174,11,33.2,1,1,Centre,0.9998031569452445
C000595,28.34,Sciences sociales,Montreal,H4L,73867,8,11.7,0,1,Centre,0.7005786927917799
C013912,33.68,Sante,Capitale-Nationale,G1V,89684,14,6.6,0,1,Centre,0.9998678126466806
C001916,30.81,Arts et lettres,Gaspesie-Iles-de-la-Madeleine,G4X,88414,18,211.3,0,1,Eloignee,0.9541989465517056
C000854,29.27,Arts et lettres,Capitale-Nationale,G1R,95421,8,33.5,0,1,Centre,0.9159553049920407
C003710,20.44,Sciences sociales,Montreal,H2X,63402,7,14.5,1,0,Centre,8.710812638003549e-05
C008648,27.82,Sante,Capitale-Nationale,G1R,91450,4,20.7,0,0,Centre,0.24339584607599418
C001409,28.09,Sciences sociales,Bas-Saint-Laurent,G5N,55818,21,192.2,0,0,Eloignee,0.7600954301762104
C000906,26.33,Genie,Montreal,H4L,65626,5,36.6,0,0,Centre,0.006821090321956506
C008636,25.75,Sciences sociales,Montreal,H8N,50289,9,48.9,0,0,Centre,0.011657075820014715
C011514,24.74,Sante,Capitale-Nationale,G2E,113407,10,53.7,1,0,Centre,0.0007751612510329978
C012619,26.07,Sciences,Cote-Nord,G0G,41044,8,163.0,1,0,Eloignee,0.011590628552534196
C004596,28.9,Sciences sociales,Montreal,H8N,110803,6,8.9,0,1,Centre,0.8514668306313538
C009195,27.17,Genie,Capitale-Nationale,G1V,31412,14,12.9,0,0,Centre,0.07097478348162498
C003019,29.64,Genie,Capitale-Nationale,G1V,97902,10,2.7,0,1,Centre,0.9638125924197044
C006895,28.22,Genie,Capitale-Nationale,G1V,52247,8,13.6,0,1,Centre,0.29601587669378826
C000820,26.16,Sciences sociales,Montreal,H8N,93664,9,5.9,0,1,Centre,0.48920549395841956
C007952,26.3,Sciences sociales,Gaspesie-Iles-de-la-Madeleine,G0C,54995,14,377.5,1,0,Eloignee,0.15577558677007403
C005963,27.48,Sante,Gaspesie-Iles-de-la-Madeleine,G0C,62850,9,130.7,1,0,Eloignee,0.18668602185384678
C010477,37.17,Sante,Bas-Saint-Laurent,G0L,46002,18,166.2,0,1,Eloignee,0.9995048867626444
C007604,27.28,Genie,Montreal,H1A,48147,7,45.7,0,1,Centre,0.15809813846283685
C008505,26.7,Sciences sociales,Cote-Nord,G0G,74511,10,224.8,1,1,Eloignee,0.45999347747838554
C011534,27.71,Sciences,Bas-Saint-Laurent,G5N,42328,19,114.7,0,0,Eloignee,0.3947552593364176
C012921,26.4,Sciences,Bas-Saint-Laurent,G5N,34415,11,304.4,0,0,Eloignee,0.03317180895832261
C010200,31.08,Sante,Montreal,H3T,70768,8,11.0,1,1,Centre,0.9991534381820117
C002109,28.07,Sante,Bas-Saint-Laurent,G0L,24219,10,316.1,0,0,Eloignee,0.13445846277290496
C006817,27.93,Sciences,Bas-Saint-Laurent,G0L,82159,18,265.1,0,1,Eloignee,0.8640927126572381
C004932,25.51,Sciences,Montreal,H3T,32091,2,14.3,0,0,Centre,0.0037196644552802173
C002456,28.36,Sciences sociales,Capitale-Nationale,G2E,62214,6,5.5,1,1,Centre,0.4751890945038474
C008376,28.39,Arts et lettres,Montreal,H2X,43176,10,8.3,0,1,Centre,0.39924773161643945
C000489,29.38,Sante,Gaspesie-Iles-de-la-Madeleine,G5C,25764,9,84.5,0,0,Eloignee,0.7637471515805868
C006173,27.17,Sante,Capitale-Nationale,G2E,101680,10,15.6,0,1,Centre,0.45236445299332834
C002930,32.27,Sante,Montreal,H3T,45331,6,10.6,1,1,Centre,0.9990383492354397
C004336,28.38,Arts et lettres,Capitale-Nationale,G1V,55974,18,35.4,0,1,Centre,0.9504039670178843
C008710,25.81,Sciences,Montreal,H4L,51394,4,8.4,1,0,Centre,0.001850764022478229
C007336,28.24,Sciences,Cote-Nord,G5B,85585,9,223.4,0,0,Eloignee,0.5461760894932275
C011812,30.86,Genie,Capitale-Nationale,G1V,56108,9,22.7,0,1,Centre,0.985250340460758
C012011,28.66,Sciences,Cote-Nord,G5B,35170,14,160.6,0,0,Eloignee,0.576749130791092
C010063,29.05,Sante,Montreal,H1A,65274,10,12.1,0,1,Centre,0.8928972852349967
C006466,29.08,Genie,Bas-Saint-Laurent,G5N,33554,14,212.2,1,0,Eloignee,0.5695532160282106
C003253,29.78,Sciences sociales,Capitale-Nationale,G3A,79182,11,0.9,1,1,Centre,0.9941796322184207
C003412,28.33,Arts et lettres,Capitale-Nationale,G2E,142616,13,31.0,0,1,Centre,0.9307799604142148
C007133,21.07,Sciences,Bas-Saint-Laurent,G5L,92610,18,290.4,1,0,Eloignee,0.008245813665085054
C003666,28.21,Arts et lettres,Montreal,H4L,100560,13,36.5,0,1,Centre,0.8636673239295639
C009722,28.25,Sciences,Cote-Nord,G0G,42383,15,205.6,0,0,Eloignee,0.5819369900442756
C001694,30.47,Sciences sociales,Bas-Saint-Laurent,G0L,22063,12,70.0,0,1,Eloignee,0.8149646802117818
C005476,26.61,Arts et lettres,Bas-Saint-Laurent,G5N,27170,13,278.1,0,0,Eloignee,0.0498372464574249
C006985,28.05,Genie,Montreal,H3T,53894,11,20.6,1,0,Centre,0.3291528065344104
C001614,24.98,Sciences sociales,Cote-Nord,G5B,48538,11,227.7,0,0,Eloignee,0.0035729814877364617
C001941,25.14,Sciences sociales,Capitale-Nationale,G3A,85548,13,1.7,0,0,Centre,0.025517504199696093
C000665,24.29,Genie,Montreal,H1A,46664,6,5.0,0,0,Centre,0.0011277802098339233
C011083,26.42,Genie,Gaspesie-Iles-de-la-Madeleine,G5C,66926,15,133.4,1,0,Eloignee,0.16056577717428328
C012236,26.33,Genie,Montreal,H8N,44024,7,22.5,1,0,Centre,0.01688030277479459
C009794,28.13,Arts et lettres,Montreal,H8N,37972,12,24.1,0,0,Centre,0.1491815367794831
C009224,29.34,Arts et lettres,Gaspesie-Iles-de-la-Madeleine,G0C,40222,14,148.1,0,0,Eloignee,0.9591304198758432
C002703,23.8,Sciences sociales,Capitale-Nationale,G1R,104715,9,30.0,0,0,Centre,0.00025641714592968413
C011365,31.96,Sciences sociales,Cote-Nord,G0G,40020,9,172.5,0,1,Eloignee,0.9992472990734064
C004548,27.81,Sciences,Montreal,H3T,100188,8,2.4,0,0,Centre,0.3430405863915267
C000554,27.6,Arts et lettres,Montreal,H2X,46353,2,30.1,0,0,Centre,0.04658615479819475
C011885,28.07,Arts et lettres,Montreal,H8N,64156,13,8.1,0,1,Centre,0.6800840176714348
C006045,27.74,Arts et lettres,Gaspesie-Iles-de-la-Madeleine,G4X,57707,14,171.2,0,0,Eloignee,0.4387299201725782
C011953,29.48,Sciences,Capitale-Nationale,G2E,70880,4,25.1,1,1,Centre,0.8292828106088862
C001658,25.51,Sante,Montreal,H4L,53111,13,19.8,0,0,Centre,0.012515640036421158
C002144,28.89,Sciences sociales,Montreal,H4L,51654,10,28.1,0,1,Centre,0.5899945256317476
C011677,23.75,Arts et lettres,Gaspesie-Iles-de-la-Madeleine,G0C,40831,11,158.8,1,0,Eloignee,0.0002635863980080742
C007797,34.66,Genie,Capitale-Nationale,G1V,90058,6,7.7,0,1,Centre,0.9998301941629908
C008922,21.94,Sciences sociales,Cote-Nord,G5B,39880,14,342.3,1,0,Eloignee,0.00011423243783625376
C000436,27.54,Sciences sociales,Bas-Saint-Laurent,G5L,88408,10,160.5,0,0,Eloignee,0.6107635083678494
C012213,25.83,Sciences sociales,Gaspesie-Iles-de-la-Madeleine,G4X,63021,16,203.5,1,0,Eloignee,0.134954097930002
C005778,24.23,Sante,Montreal,H8N,54780,7,6.5,1,0,Centre,0.0001387757513205653
C005041,28.67,Sante,Capitale-Nationale,G1R,67273,5,10.1,0,1,Centre,0.6651348879898472
C006646,26.22,Sciences sociales,Montreal,H2X,71294,11,15.1,0,0,Centre,0.029418172998757423
C000728,31.52,Genie,Montreal,H4L,86601,10,11.5,1,1,Centre,0.9981054035703045
C007665,26.89,Sante,Capitale-Nationale,G1R,88556,7,4.1,0,0,Centre,0.09208011526900697
C006022,30.43,Sciences,Cote-Nord,G4R,67715,5,217.6,0,0,Eloignee,0.9733615312932584
C006920,33.96,Sciences,Bas-Saint-Laurent,G5L,53336,18,350.4,0,1,Eloignee,0.9978685592902093
C009012,30.36,Sciences sociales,Capitale-Nationale,G1V,44960,12,14.6,1,1,Centre,0.9879056134997801
C006530,30.18,Genie,Capitale-Nationale,G1R,51733,2,8.6,1,1,Centre,0.8742647280823808
C000843,29.6,Genie,Montreal,H8N,63837,13,12.3,0,1,Centre,0.9928967027805566
C003331,26.22,Sciences,Cote-Nord,G5B,59539,9,105.2,0,0,Eloignee,0.014959778029877802
C001924,30.42,Sciences,Montreal,H2X,52242,12,8.0,0,1,Centre,0.9437393135203984
C003424,28.1,Genie,Montreal,H4L,100658,16,15.2,0,1,Centre,0.8909810513762344
C003815,29.94,Sciences sociales,Cote-Nord,G4R,37403,13,106.6,0,0,Eloignee,0.9845919479952527
C000573,30.34,Sciences,Gaspesie-Iles-de-la-Madeleine,G4X,25581,12,69.7,0,0,Eloignee,0.7519307051406385
C011739,35.76,Sante,Montreal,H8N,44594,11,25.8,0,1,Centre,0.9999050781129779
C000320,27.35,Sciences sociales,Capitale-Nationale,G2E,37418,9,7.0,0,0,Centre,0.021187979369491097
C013819,29.27,Sciences,Montreal,H4L,92241,15,9.5,1,1,Centre,0.984526023683195
C002044,27.4,Sante,Cote-Nord,G4R,30383,14,317.7,1,0,Eloignee,0.0880268761207067
C008061,25.09,Sante,Capitale-Nationale,G2E,47825,5,39.1,0,0,Centre,0.0005329682309488762
C005851,29.55,Sciences sociales,Capitale-Nationale,G1V,78742,8,41.0,0,1,Centre,0.9677745203387886
C013961,30.0,Sciences sociales,Capitale-Nationale,G1V,109390,9,7.9,0,1,Centre,0.9950465931711724
C002000,28.68,Sciences,Montreal,H3T,125041,12,15.7,0,1,Centre,0.8193400972149418
C011584,26.26,Arts et lettres,Gaspesie-Iles-de-la-Madeleine,G5C,52295,9,242.7,0,0,Eloignee,0.019520063115122405
C013958,33.73,Arts et lettres,Gaspesie-Iles-de-la-Madeleine,G4X,39121,13,434.2,0,1,Eloignee,0.9998456428423025
C002306,25.02,Genie,Cote-Nord,G0G,29021,17,290.8,0,0,Eloignee,0.08763264466688468
C005537,27.94,Sciences sociales,Gaspesie-Iles-de-la-Madeleine,G4X,29369,14,289.2,1,0,Eloignee,0.044546176672320366
C005235,25.26,Sante,Montreal,H4L,128436,7,7.5,0,0,Centre,0.036325576411396866
C009980,27.7,Sante,Montreal,H2X,68194,10,14.2,0,0,Centre,0.31389629247782574
C009548,24.25,Arts et lettres,Bas-Saint-Laurent,G0L,39473,16,60.9,1,0,Eloignee,0.004861146265748887
C013606,25.18,Sante,Cote-Nord,G5B,70972,15,330.9,1,0,Eloignee,0.08054545596066012
C005337,31.79,Arts et lettres,Cote-Nord,G4R,40878,15,88.6,1,1,Eloignee,0.9988244293077848
C007628,33.21,Sciences sociales,Montreal,H2X,31488,7,7.4,0,1,Centre,0.9997867335208431
C006285,26.74,Arts et lettres,Capitale-Nationale,G1R,125765,7,31.2,1,1,Centre,0.5458452799765199
C004373,23.85,Sante,Montreal,H2X,54423,4,34.1,1,0,Centre,7.821760804233947e-05
C009035,31.2,Sciences,Bas-Saint-Laurent,G0L,65389,11,358.4,1,1,Eloignee,0.9993268834219241
C004493,28.04,Sciences,Capitale-Nationale,G3A,105945,11,5.6,0,0,Centre,0.7221368193700697
C009894,33.21,Sante,Capitale-Nationale,G3A,87014,8,47.7,0,1,Centre,0.9998758716047348
C009334,26.85,Sante,Capitale-Nationale,G1V,92544,9,11.1,1,0,Centre,0.17154959075673482
C011574,31.96,Arts et lettres,Cote-Nord,G5B,77203,9,286.7,1,1,Eloignee,0.9995790085876783
C009122,30.28,Sciences,Bas-Saint-Laurent,G5L,64006,5,419.2,1,1,Eloignee,0.5378900976304128
C003313,26.79,Arts et lettres,Capitale-Nationale,G1V,72925,9,14.2,0,1,Centre,0.356675934427227
C005117,29.24,Genie,Capitale-Nationale,G1R,92991,7,21.6,0,1,Centre,0.7875785679305535
C010059,33.26,Sciences,Capitale-Nationale,G1V,41204,9,19.0,0,1,Centre,0.999752606043238
C013248,28.87,Sciences sociales,Montreal,H4L,59673,10,19.0,0,0,Centre,0.5864253041568708
C006750,29.58,Sante,Bas-Saint-Laurent,G5N,38513,11,162.8,1,0,Eloignee,0.8930135148352818
C009126,31.21,Sciences sociales,Bas-Saint-Laurent,G5N,30317,18,448.5,0,1,Eloignee,0.9856237536014851
C008884,28.47,Sciences sociales,Montreal,H4L,101863,5,42.9,1,1,Centre,0.5455529703146362
C008010,31.72,Sciences,Montreal,H3T,57613,15,7.7,0,1,Centre,0.9981941087134253
C010757,30.37,Sciences,Gaspesie-Iles-de-la-Madeleine,G4X,54847,10,159.4,0,1,Eloignee,0.8404829083746728
C010060,25.96,Sciences sociales,Montreal,H2X,137790,14,5.8,0,0,Centre,0.24926976056140474
C005868,30.77,Sante,Montreal,H3T,74509,8,18.9,0,1,Centre,0.9846958546803651
C010215,30.54,Genie,Montreal,H1A,49645,10,10.0,0,1,Centre,0.9671583989975757
C007791,28.03,Sciences,Montreal,H3T,100636,5,42.6,0,0,Centre,0.1719104319307699
C001728,24.03,Sciences,Montreal,H8N,113130,5,34.1,0,0,Centre,0.0015211176009443939
C006215,27.57,Genie,Montreal,H8N,103476,3,18.7,0,1,Centre,0.5692947900261771
C005997,30.15,Sante,Montreal,H8N,54544,13,46.6,0,1,Centre,0.9927142229834033
C003593,24.39,Sciences,Cote-Nord,G0G,108167,11,317.6,0,0,Eloignee,0.00029659840683586667
C006105,31.4,Sciences,Montreal,H8N,90193,5,9.1,0,1,Centre,0.9991928766884864
C011592,26.39,Genie,Bas-Saint-Laurent,G5L,57537,9,280.6,0,0,Eloignee,0.0333512698225326
C006612,29.04,Sciences sociales,Bas-Saint-Laurent,G5L,38155,21,128.3,0,0,Eloignee,0.8801653386024143
C010937,25.53,Sciences,Cote-Nord,G4R,62884,13,131.0,0,0,Eloignee,0.005164371592591336
C005292,28.69,Genie,Montreal,H8N,70307,9,8.6,0,1,Centre,0.744203458173615
C013791,31.16,Sciences sociales,Capitale-Nationale,G2E,62541,11,14.7,0,1,Centre,0.9992123458906657
C004400,25.46,Sciences sociales,Capitale-Nationale,G3A,111828,11,1.7,0,0,Centre,0.02068438904599823
C008507,23.65,Sciences sociales,Cote-Nord,G4R,92795,17,120.1,1,0,Eloignee,0.006896356997415084
C010456,27.59,Arts et lettres,Montreal,H1A,42492,5,12.9,1,0,Centre,0.025127266551773747
C010364,27.69,Genie,Bas-Saint-Laurent,G0L,31317,12,169.1,1,0,Eloignee,0.04668968782413108
C004449,29.2,Sciences,Capitale-Nationale,G2E,25437,12,36.1,0,0,Centre,0.6264248046252221
C006494,21.82,Sciences,Bas-Saint-Laurent,G5N,30999,16,312.2,0,0,Eloignee,0.00112954764845466
C000845,26.54,Sciences sociales,Montreal,H3T,112982,8,14.6,1,0,Centre,0.1108330051179525
C006871,31.08,Arts et lettres,Montreal,H2X,157021,10,3.5,1,1,Centre,0.9992661104643824
C005881,28.65,Sciences sociales,Cote-Nord,G5B,39916,12,243.4,0,0,Eloignee,0.7284063159883474
C011954,29.24,Genie,Cote-Nord,G5B,34432,13,179.2,1,0,Eloignee,0.5493417727339739
C005842,27.14,Genie,Gaspesie-Iles-de-la-Madeleine,G5C,46571,16,538.2,0,1,Eloignee,0.3392274324818794
C008142,25.77,Sante,Bas-Saint-Laurent,G5N,31669,7,202.4,0,0,Eloignee,0.004318690004139134
C010550,28.94,Sciences sociales,Montreal,H1A,51804,4,14.3,1,0,Centre,0.43687251979575553
C004739,29.94,Genie,Gaspesie-Iles-de-la-Madeleine,G0C,127244,10,366.5,1,0,Eloignee,0.9986647970253497
C012064,26.23,Sciences,Capitale-Nationale,G1V,88653,11,6.1,0,0,Centre,0.15579396561383527
C000725,28.42,Sciences sociales,Gaspesie-Iles-de-la-Madeleine,G4X,21746,17,591.5,0,0,Eloignee,0.7450424461187377
C010097,30.87,Sante,Montreal,H3T,89185,8,13.3,1,1,Centre,0.9977189521178236
C005434,24.68,Sciences sociales,Montreal,H3T,63014,9,21.0,1,0,Centre,0.00014290326022243154
C006543,31.94,Sciences sociales,Gaspesie-Iles-de-la-Madeleine,G4X,50352,9,116.6,0,1,Eloignee,0.9994945669074851
C009624,33.37,Sante,Cote-Nord,G0G,62276,12,132.0,0,1,Eloignee,0.9998435585042567
C008635,26.83,Sciences sociales,Montreal,H3T,64807,13,47.3,0,0,Centre,0.09923093048634832
C011794,20.8,Sciences,Cote-Nord,G0G,33896,12,170.4,1,0,Eloignee,0.00025650697960932507
C000642,29.19,Sciences,Capitale-Nationale,G1R,60953,10,42.3,0,0,Centre,0.692128407373846
C000098,21.67,Sante,Capitale-Nationale,G2E,63741,10,8.7,1,0,Centre,8.363096946535707e-05
C007909,28.41,Sciences sociales,Bas-Saint-Laurent,G0L,95213,6,257.1,1,0,Eloignee,0.4729247831940748
C011180,27.82,Sciences sociales,Bas-Saint-Laurent,G5L,121675,13,208.9,0,0,Eloignee,0.3927857622088717
C004670,26.68,Genie,Montreal,H1A,63228,11,9.6,0,0,Centre,0.04628128802682646
C010541,26.34,Genie,Bas-Saint-Laurent,G5N,59050,14,196.1,0,0,Eloignee,0.36065758119842223
C006059,30.55,Arts et lettres,Capitale-Nationale,G3A,38525,10,60.4,0,1,Centre,0.8983415800707724
C012503,30.33,Sciences sociales,Montreal,H8N,85766,15,18.4,0,1,Centre,0.9927585239251026
C011330,26.55,Sciences sociales,Cote-Nord,G5B,53445,11,126.7,0,0,Eloignee,0.09064875566418948
C005144,24.05,Sante,Bas-Saint-Laurent,G5N,49634,10,358.2,0,0,Eloignee,0.00035515578668697344
C003470,32.24,Sciences sociales,Capitale-Nationale,G2E,62496,10,19.7,0,1,Centre,0.9998524840528177
C013611,23.89,Sante,Gaspesie-Iles-de-la-Madeleine,G0C,51167,11,176.9,1,0,Eloignee,9.383739619710715e-05
C012026,28.1,Genie,Cote-Nord,G0G,95736,11,170.6,0,0,Eloignee,0.8633534189217192
C000479,26.1,Sciences,Capitale-Nationale,G3A,67317,11,10.7,0,0,Centre,0.03334273982431274
C006977,28.67,Sante,Capitale-Nationale,G1V,126096,3,19.1,0,0,Centre,0.3149486586329359
C009397,28.3,Sciences sociales,Capitale-Nationale,G2E,37388,4,38.0,0,0,Centre,0.08461445552925322
C000825,24.98,Arts et lettres,Montreal,H4L,57254,9,26.4,0,0,Centre,0.0022054408258926827
C013622,27.11,Arts et lettres,Cote-Nord,G0G,37374,19,263.7,0,0,Eloignee,0.3910821204229935
C006396,30.09,Genie,Cote-Nord,G4R,61158,9,149.0,1,1,Eloignee,0.85725262891027
C007396,23.69,Arts et lettres,Capitale-Nationale,G1V,119032,12,10.9,0,0,Centre,0.001917566303847976
C013598,31.15,Sante,Cote-Nord,G5B,37435,18,512.5,1,1,Eloignee,0.9975406038736762
C010337,25.31,Sante,Bas-Saint-Laurent,G5L,46950,14,228.8,1,0,Eloignee,0.06749432794112455
C002018,22.37,Sante,Bas-Saint-Laurent,G5N,156876,17,330.3,1,0,Eloignee,0.008665927188609195
C003533,31.11,Arts et lettres,Gaspesie-Iles-de-la-Madeleine,G0C,57593,10,234.8,1,1,Eloignee,0.9979987632666731
C008377,26.5,Sciences,Capitale-Nationale,G1R,96459,6,17.7,0,0,Centre,0.025785254452544905
C000579,25.58,Sante,Capitale-Nationale,G1R,47690,8,19.2,0,0,Centre,0.002351971388822963
C001021,27.73,Sciences,Capitale-Nationale,G2E,106617,3,34.5,0,0,Centre,0.49383151264700076
C013490,28.73,Genie,Montreal,H4L,77160,10,18.1,1,1,Centre,0.7192077478277819
C010600,29.95,Sante,Montreal,H8N,43592,9,26.5,0,1,Centre,0.981324523760622
C001508,29.66,Sante,Capitale-Nationale,G2E,59758,5,24.9,0,1,Centre,0.8763383242392953
C006775,25.69,Sante,Capitale-Nationale,G2E,66616,7,19.4,0,0,Centre,0.0020765396379843165
C000263,30.92,Sciences sociales,Capitale-Nationale,G1R,45381,12,15.6,1,1,Centre,0.9991512100020526
C009688,28.18,Sciences,Capitale-Nationale,G1V,27494,5,86.1,1,0,Centre,0.20122768078011535
C001070,30.1,Sante,Gaspesie-Iles-de-la-Madeleine,G0C,49146,10,158.0,1,0,Eloignee,0.9012348327748496
C005408,27.54,Genie,Gaspesie-Iles-de-la-Madeleine,G5C,42647,17,293.8,0,1,Eloignee,0.2972878405368493
C006100,31.0,Genie,Cote-Nord,G5B,90590,12,222.1,1,1,Eloignee,0.9990096388951409
C004949,30.47,Genie,Capitale-Nationale,G2E,109259,8,13.2,0,1,Centre,0.9983963366156914
C010873,20.48,Sciences,Montreal,H1A,40585,5,18.8,0,0,Centre,7.678555818973874e-05
C011142,29.86,Sciences,Gaspesie-Iles-de-la-Madeleine,G5C,44567,16,138.2,1,1,Eloignee,0.9962217909909351
C000747,25.58,Arts et lettres,Capitale-Nationale,G3A,59355,14,28.5,1,0,Centre,0.0062542054417562476
C012352,25.22,Arts et lettres,Cote-Nord,G5B,99196,20,290.9,1,0,Eloignee,0.6465980356960906
C004434,29.94,Arts et lettres,Capitale-Nationale,G1R,72433,9,13.1,0,1,Centre,0.9779705415503442
C010993,30.06,Genie,Montreal,H4L,99105,11,27.3,0,1,Centre,0.9929033948880723
C007979,30.06,Genie,Montreal,H2X,64696,11,19.7,1,1,Centre,0.9840853998976422
C013656,30.05,Genie,Montreal,H8N,38237,11,24.9,0,0,Centre,0.6061576949551367
C004022,28.92,Sciences sociales,Montreal,H4L,92301,8,59.7,0,1,Centre,0.8388247255682504
C000355,31.95,Sciences sociales,Montreal,H3T,57729,11,4.1,0,1,Centre,0.9997721410271028
C005320,24.07,Sciences sociales,Bas-Saint-Laurent,G5L,43833,11,134.6,1,0,Eloignee,0.00021945425487408064
C007494,27.02,Arts et lettres,Montreal,H1A,68588,10,20.1,0,0,Centre,0.135155608747891
C005228,31.88,Genie,Montreal,H4L,66780,8,18.1,0,1,Centre,0.9998387930384666
C011620,22.72,Arts et lettres,Gaspesie-Iles-de-la-Madeleine,G5C,63744,15,170.9,0,0,Eloignee,0.000435548941243927
C011382,30.1,Sciences,Capitale-Nationale,G2E,91304,12,13.6,0,1,Centre,0.9849808915500624
C003906,31.23,Sciences,Capitale-Nationale,G1V,143592,6,10.4,0,1,Centre,0.9974805565112018
C008402,30.13,Genie,Montreal,H4L,75851,5,18.5,0,1,Centre,0.9818544510287583
C011086,24.32,Arts et lettres,Capitale-Nationale,G1R,62752,9,18.6,1,0,Centre,0.0001437240750795273
C012166,25.82,Sciences,Gaspesie-Iles-de-la-Madeleine,G4X,46380,12,256.7,0,0,Eloignee,0.013402520684375233
C009507,28.26,Sciences sociales,Montreal,H8N,47786,4,20.3,0,0,Centre,0.10996308565609239
C008369,27.71,Arts et lettres,Montreal,H1A,84765,10,11.8,0,1,Centre,0.8074077050628478
C007354,25.94,Arts et lettres,Gaspesie-Iles-de-la-Madeleine,G5C,53868,16,148.4,1,0,Eloignee,0.18051981477378004
C010819,27.39,Sciences sociales,Montreal,H3T,62340,9,17.0,0,0,Centre,0.20475580524490383
C004682,29.95,Genie,Montreal,H2X,156533,4,9.4,0,1,Centre,0.9953557882563141
C007945,28.26,Sciences sociales,Bas-Saint-Laurent,G0L,65274,16,275.9,0,0,Eloignee,0.7741776449371723
C002705,26.86,Arts et lettres,Montreal,H3T,111644,7,40.0,0,0,Centre,0.2474788889697157
C009917,31.74,Genie,Capitale-Nationale,G2E,54060,6,24.1,0,1,Centre,0.999007199234307
C007418,30.06,Sante,Montreal,H2X,95785,12,21.8,1,1,Centre,0.977508137267076
C010129,29.79,Sciences,Bas-Saint-Laurent,G0L,79157,14,92.5,1,1,Eloignee,0.9963903446996772
C008009,29.38,Genie,Gaspesie-Iles-de-la-Madeleine,G4X,50587,6,425.6,0,1,Eloignee,0.7674471109872094
C001062,27.87,Sciences sociales,Cote-Nord,G0G,32734,11,66.1,1,0,Eloignee,0.08244396550618101
C009721,24.1,Genie,Capitale-Nationale,G1R,89445,6,20.2,0,0,Centre,0.0002671396680807233
C011702,27.45,Arts et lettres,Montreal,H1A,44243,10,4.4,0,0,Centre,0.20919902376454852
C009760,28.98,Arts et lettres,Bas-Saint-Laurent,G0L,107193,13,409.2,1,1,Eloignee,0.9745674487960602
C008381,30.69,Genie,Montreal,H1A,185148,10,5.6,0,1,Centre,0.9996003522008242
C011932,28.22,Sciences,Bas-Saint-Laurent,G5N,85811,10,295.7,1,0,Eloignee,0.6956007548471288
C001366,28.99,Sciences,Cote-Nord,G5B,118790,8,378.6,0,1,Eloignee,0.5998960590550914
C006837,19.89,Genie,Bas-Saint-Laurent,G5N,59180,17,245.1,0,0,Eloignee,0.002310367170128946
C006948,27.57,Genie,Montreal,H1A,120231,4,34.8,0,1,Centre,0.5183092818163515
C001467,23.88,Sciences,Cote-Nord,G4R,89959,17,326.4,0,0,Eloignee,0.009050162905235588
C008817,24.28,Sciences sociales,Montreal,H1A,60821,14,46.7,1,0,Centre,0.00014814725479461735
C007671,26.89,Sciences,Montreal,H4L,70183,11,24.8,1,0,Centre,0.1764187279800048
C013302,25.85,Arts et lettres,Montreal,H3T,118737,6,16.6,1,0,Centre,0.011438616805713208
C009818,22.49,Sante,Montreal,H8N,52467,7,54.8,0,0,Centre,9.115695751888848e-05
C008907,22.43,Sciences sociales,Cote-Nord,G5B,27748,17,123.8,1,0,Eloignee,0.0009308210477994077
C002332,27.33,Arts et lettres,Capitale-Nationale,G1V,51539,10,25.4,0,0,Centre,0.15169399925588428
C003155,33.42,Sante,Montreal,H2X,63270,6,12.7,0,1,Centre,0.9998194839413369
C003894,26.84,Sciences,Bas-Saint-Laurent,G5L,81423,17,230.1,0,0,Eloignee,0.8863674234050136
C012901,27.52,Sciences,Capitale-Nationale,G2E,46105,7,5.6,0,0,Centre,0.11521726099191842
C013486,32.73,Arts et lettres,Gaspesie-Iles-de-la-Madeleine,G0C,24570,10,87.9,0,1,Eloignee,0.9993597353631051
C009052,22.18,Sciences,Cote-Nord,G4R,65692,10,332.2,0,0,Eloignee,8.722756020672095e-05
C010637,27.14,Genie,Gaspesie-Iles-de-la-Madeleine,G0C,62663,9,187.2,0,0,Eloignee,0.10494730285648557
C009211,25.04,Sciences sociales,Montreal,H1A,44175,2,45.4,1,0,Centre,0.0010047348734660109
C009939,28.07,Genie,Montreal,H8N,88403,4,26.0,1,0,Centre,0.10578335175350635
C012093,30.48,Arts et lettres,Cote-Nord,G0G,60011,10,298.5,1,1,Eloignee,0.9684717470279899
C003393,22.28,Sante,Cote-Nord,G5B,22763,17,264.4,1,0,Eloignee,0.0015922878257121783
C012288,33.09,Sciences sociales,Montreal,H2X,69788,8,6.4,1,1,Centre,0.9998301397490815
C009307,34.17,Genie,Montreal,H1A,122752,10,12.8,1,1,Centre,0.9998163101740083
C004825,27.84,Arts et lettres,Montreal,H3T,44231,4,5.2,0,0,Centre,0.08664778378823282
C010961,32.54,Genie,Capitale-Nationale,G1V,146577,9,5.5,0,1,Centre,0.999850880142353
C006638,28.77,Sante,Montreal,H2X,31598,10,21.3,1,1,Centre,0.7245466282699373
C013053,27.28,Genie,Montreal,H1A,62200,5,3.1,0,0,Centre,0.10518257045103305
C010428,28.44,Sciences sociales,Bas-Saint-Laurent,G5L,45694,9,122.6,1,0,Eloignee,0.7145282352745282
C010248,27.27,Arts et lettres,Capitale-Nationale,G1R,92928,10,16.9,0,1,Centre,0.6068862900883037
C004006,28.53,Genie,Bas-Saint-Laurent,G0L,83531,19,194.9,0,1,Eloignee,0.9349625016661043
C000572,25.41,Genie,Montreal,H2X,100723,6,9.7,1,0,Centre,0.011588265911725296
C000919,28.84,Sante,Gaspesie-Iles-de-la-Madeleine,G5C,58524,16,53.6,0,1,Eloignee,0.9590338732002361
C012774,25.65,Sciences,Montreal,H4L,77906,15,43.4,1,1,Centre,0.5919360528785952
C003610,25.95,Arts et lettres,Montreal,H8N,123074,7,14.6,0,0,Centre,0.0750783596240229
C012053,23.08,Genie,Cote-Nord,G5B,50922,14,237.7,1,0,Eloignee,0.00011848334792974361
C010140,25.5,Arts et lettres,Capitale-Nationale,G1R,184672,10,13.6,1,0,Centre,0.06568300116262962
C005247,32.0,Genie,Montreal,H4L,96842,4,6.2,0,1,Centre,0.9997679412143105
C008964,21.25,Genie,Cote-Nord,G0G,31212,15,236.1,0,0,Eloignee,0.00020961969942490422
C005046,31.33,Sciences,Bas-Saint-Laurent,G5L,72291,11,265.2,1,1,Eloignee,0.9985136570806193
C007036,36.69,Sciences,Montreal,H8N,62235,4,18.4,0,1,Centre,0.9996166597754497
C006407,28.1,Sciences sociales,Capitale-Nationale,G1V,66105,6,3.8,0,1,Centre,0.34339617262047334
C002693,25.73,Sante,Gaspesie-Iles-de-la-Madeleine,G4X,58364,16,318.2,1,0,Eloignee,0.315923690301278
C011350,29.32,Sciences,Capitale-Nationale,G3A,143114,8,35.7,0,1,Centre,0.9713746029375492
C012469,34.39,Genie,Capitale-Nationale,G2E,128439,7,21.5,0,1,Centre,0.999833140136703
C005068,26.4,Arts et lettres,Montreal,H1A,94910,8,3.9,0,0,Centre,0.24554990222013548
C011897,30.45,Genie,Montreal,H4L,45835,9,27.3,0,1,Centre,0.7884569739067446
C003577,26.22,Sante,Montreal,H1A,35607,10,31.6,0,0,Centre,0.04200319767952799
C002944,24.0,Sciences,Capitale-Nationale,G2E,106700,9,11.6,0,0,Centre,0.0018797195220058099
C003462,27.97,Sciences,Montreal,H2X,68561,8,9.3,0,0,Centre,0.4064120964331828
C009149,33.39,Genie,Cote-Nord,G0G,46927,16,276.6,1,1,Eloignee,0.9985531323041793
C005516,26.19,Sante,Montreal,H8N,133256,6,20.5,0,0,Centre,0.027635977601990595
C001673,27.69,Sciences,Cote-Nord,G4R,49085,22,42.8,1,0,Eloignee,0.56359734551612
C001047,25.99,Sciences sociales,Montreal,H2X,54365,9,19.1,0,0,Centre,0.05240154205517859
C008388,26.33,Genie,Montreal,H2X,78280,4,25.1,0,0,Centre,0.013258356794408665
C004011,26.84,Sciences sociales,Capitale-Nationale,G3A,67778,10,11.9,0,0,Centre,0.039885877467141284
C012244,29.79,Arts et lettres,Capitale-Nationale,G3A,53665,9,12.2,0,1,Centre,0.941161641894517
C008491,26.89,Sciences,Capitale-Nationale,G1R,119474,3,8.1,0,0,Centre,0.026815816828403994
C013402,30.15,Sante,Montreal,H1A,67222,14,18.0,0,1,Centre,0.9945869452011442
C009071,28.72,Arts et lettres,Capitale-Nationale,G2E,86537,8,24.7,0,1,Centre,0.5336848488166958
C000439,30.2,Arts et lettres,Capitale-Nationale,G1R,59201,10,16.1,0,1,Centre,0.8752452047058822
C003943,29.22,Arts et lettres,Gaspesie-Iles-de-la-Madeleine,G5C,67346,17,331.0,1,0,Eloignee,0.9685033505543971
C012227,27.84,Sciences sociales,Montreal,H4L,73990,10,12.8,0,1,Centre,0.4205806834274937
C002922,26.52,Sante,Montreal,H3T,53969,16,32.6,0,1,Centre,0.584491369517553
C001853,29.18,Sciences,Montreal,H1A,80308,8,32.5,0,1,Centre,0.8102178565284638
C005985,27.77,Genie,Montreal,H8N,47443,6,47.1,1,0,Centre,0.03296726915150541
C000476,25.31,Sciences,Montreal,H1A,61837,11,11.9,0,0,Centre,0.006892806981726042
C008771,29.51,Sciences sociales,Montreal,H3T,108471,8,63.1,0,1,Centre,0.8779194953390889
C013371,29.45,Genie,Capitale-Nationale,G3A,51556,7,20.7,0,0,Centre,0.706858383562722
C010546,26.33,Sciences,Gaspesie-Iles-de-la-Madeleine,G0C,28006,14,150.0,1,0,Eloignee,0.09442382997095398
C007854,25.67,Sciences,Montreal,H4L,174367,11,8.7,0,0,Centre,0.04434066397603805
C011175,27.3,Arts et lettres,Cote-Nord,G5B,63507,16,97.7,0,0,Eloignee,0.6691472629663703
C001435,24.56,Sciences,Gaspesie-Iles-de-la-Madeleine,G5C,61986,18,166.8,0,0,Eloignee,0.012344687059477586
C011074,27.75,Sciences,Montreal,H2X,55799,8,12.0,0,0,Centre,0.09108434507300131
C003669,29.02,Sciences sociales,Cote-Nord,G4R,53094,17,232.9,1,1,Eloignee,0.9627729047731515
C009845,27.18,Sciences,Montreal,H8N,49808,13,33.5,0,0,Centre,0.4645714972589174
C003380,31.64,Arts et lettres,Bas-Saint-Laurent,G0L,30961,10,364.2,1,1,Eloignee,0.9996880301763479
C004609,27.99,Sante,Capitale-Nationale,G2E,65764,7,40.7,0,0,Centre,0.19174290349266102
C011720,27.62,Genie,Montreal,H3T,54793,8,37.9,0,0,Centre,0.14660963346522513
C002764,28.19,Genie,Capitale-Nationale,G3A,80040,10,16.4,1,0,Centre,0.7311203063671242
C004902,27.31,Sciences,Capitale-Nationale,G2E,83607,8,29.4,0,0,Centre,0.10854819050439493
C010772,28.69,Arts et lettres,Gaspesie-Iles-de-la-Madeleine,G5C,63139,21,98.8,1,1,Eloignee,0.9602317391001888
C003490,25.57,Sciences,Cote-Nord,G5B,78546,14,125.3,1,0,Eloignee,0.08556982534851103
C002620,30.19,Genie,Capitale-Nationale,G2E,45548,7,18.7,0,1,Centre,0.7621240465405615
C004383,24.62,Arts et lettres,Gaspesie-Iles-de-la-Madeleine,G4X,61782,15,41.8,1,0,Eloignee,0.0005466359745825233
C008166,22.81,Sciences,Capitale-Nationale,G2E,21702,10,21.2,0,0,Centre,0.0002434728360533539
C008261,25.33,Sante,Cote-Nord,G4R,41908,11,163.6,0,0,Eloignee,0.05283486396901477
C003372,25.73,Sciences sociales,Montreal,H2X,49228,9,9.8,0,1,Centre,0.007564398349805677
C009287,25.38,Sciences,Capitale-Nationale,G3A,76302,12,8.5,0,0,Centre,0.012690888845965554
C011189,25.93,Sante,Cote-Nord,G4R,33694,10,258.5,0,0,Eloignee,0.12230112777690338
C004821,25.2,Genie,Montreal,H3T,28997,10,24.3,0,0,Centre,0.02992849988828975
C010719,31.8,Sciences,Capitale-Nationale,G1R,83818,10,8.0,0,1,Centre,0.9994709727964742
C013608,32.18,Sciences,Montreal,H4L,62399,6,31.5,0,1,Centre,0.999554774970703
C002405,27.45,Sciences sociales,Bas-Saint-Laurent,G5L,64125,8,230.1,0,0,Eloignee,0.1694163747757939
C006578,27.05,Arts et lettres,Montreal,H1A,34757,9,33.2,1,0,Centre,0.06358665885055775
C010522,27.92,Arts et lettres,Gaspesie-Iles-de-la-Madeleine,G4X,19849,23,242.5,0,1,Eloignee,0.13935344369645639
C008320,24.09,Genie,Gaspesie-Iles-de-la-Madeleine,G5C,41246,13,157.6,0,0,Eloignee,0.0009877088818425067
C010255,29.61,Genie,Cote-Nord,G0G,90766,8,249.7,0,1,Eloignee,0.9841171745036272
C008263,28.12,Sciences,Cote-Nord,G5B,104902,16,181.8,0,0,Eloignee,0.8164887034864967
C013977,18.54,Genie,Cote-Nord,G5B,91647,14,247.1,0,0,Eloignee,0.00023284889685607548
C011921,23.53,Sciences sociales,Bas-Saint-Laurent,G0L,50982,13,91.7,1,0,Eloignee,9.956622357855536e-05
C007287,31.29,Sante,Bas-Saint-Laurent,G5L,29687,17,212.9,0,1,Eloignee,0.9896801065437589
C006500,28.11,Arts et lettres,Montreal,H2X,140455,8,7.5,0,1,Centre,0.9231228271664339
C000095,27.63,Genie,Montreal,H2X,50238,9,28.3,0,0,Centre,0.1374619560000757
C002263,26.01,Sciences sociales,Bas-Saint-Laurent,G5L,51240,14,211.8,1,0,Eloignee,0.3014645018521256
C008262,29.27,Sciences,Montreal,H2X,117627,11,5.2,0,1,Centre,0.953264389023303
C004377,26.88,Arts et lettres,Montreal,H1A,49575,9,25.1,0,0,Centre,0.018822350765706482
C012142,28.63,Sante,Montreal,H1A,50149,7,14.3,0,0,Centre,0.5098459204499936
C012567,29.19,Sante,Gaspesie-Iles-de-la-Madeleine,G5C,36179,13,82.1,1,0,Eloignee,0.7533323746006271
C010581,27.6,Sciences sociales,Montreal,H8N,45414,9,13.1,0,0,Centre,0.13857000975784886
C005190,32.31,Sante,Montreal,H2X,69129,16,23.2,0,1,Centre,0.9979256788869073
C011213,27.17,Arts et lettres,Capitale-Nationale,G3A,42211,4,43.4,0,0,Centre,0.014265876111364099
C003212,25.52,Sciences,Capitale-Nationale,G3A,40788,3,41.1,0,0,Centre,0.001986432036870437
C013303,18.52,Sciences sociales,Capitale-Nationale,G2E,44175,11,10.0,0,0,Centre,0.00012355121466322031
C010486,20.06,Genie,Gaspesie-Iles-de-la-Madeleine,G5C,27321,13,143.0,1,0,Eloignee,0.00011888395796103907
C003638,31.31,Arts et lettres,Capitale-Nationale,G1R,97743,6,8.0,0,1,Centre,0.9973342654845561
C002398,22.89,Sciences sociales,Bas-Saint-Laurent,G5N,33425,13,247.2,1,0,Eloignee,0.00028005165069990197
C002924,30.13,Sciences,Capitale-Nationale,G3A,99635,10,14.1,0,1,Centre,0.9866099015931139
C007015,36.69,Genie,Capitale-Nationale,G1R,40042,11,30.0,0,1,Centre,0.9996944210778188
C011550,22.8,Sciences sociales,Montreal,H1A,74848,12,8.2,0,0,Centre,0.00012604935148195775
C003758,23.68,Sciences sociales,Cote-Nord,G0G,77318,10,100.7,0,0,Eloignee,0.00011311156215173095
C010860,24.08,Genie,Capitale-Nationale,G1V,96990,5,17.8,0,0,Centre,0.0001518225613430094
C012484,25.59,Sante,Montreal,H2X,40146,6,42.6,0,0,Centre,0.002203449587334389
C002971,29.04,Sciences sociales,Montreal,H4L,57675,12,6.4,0,1,Centre,0.8501639485163894
C002897,24.01,Genie,Gaspesie-Iles-de-la-Madeleine,G5C,49961,20,315.3,0,0,Eloignee,0.09237130874525516
C011513,25.88,Sciences,Bas-Saint-Laurent,G5L,79446,13,149.7,0,0,Eloignee,0.1293758672592351
C013767,26.34,Genie,Capitale-Nationale,G3A,43529,5,15.3,0,0,Centre,0.005401955333663874
C004806,32.88,Genie,Capitale-Nationale,G1R,86510,10,24.0,1,1,Centre,0.9995033972109342
C011660,29.62,Sante,Montreal,H3T,101155,6,22.3,0,1,Centre,0.9515525957363359
C013518,26.63,Sciences,Bas-Saint-Laurent,G0L,71004,19,295.3,1,0,Eloignee,0.858934343634826
C007615,23.54,Genie,Gaspesie-Iles-de-la-Madeleine,G5C,77066,5,195.6,0,0,Eloignee,8.520954848316866e-05
C013786,29.18,Sante,Gaspesie-Iles-de-la-Madeleine,G5C,36308,7,144.2,0,0,Eloignee,0.34829472267432304
C000965,23.96,Sciences sociales,Capitale-Nationale,G2E,100919,7,12.2,0,0,Centre,0.002375583721959077
C001482,28.35,Sante,Montreal,H1A,107189,4,23.0,0,1,Centre,0.7291145609129861
C000970,28.96,Genie,Capitale-Nationale,G1V,95742,11,22.3,1,1,Centre,0.8778660906039253
C005787,26.07,Arts et lettres,Capitale-Nationale,G1V,85969,5,15.5,1,0,Centre,0.0034314720401986696
C002513,30.85,Genie,Montreal,H8N,71082,4,27.9,0,0,Centre,0.19235509101229317
C013970,26.43,Sante,Montreal,H4L,57782,9,23.2,0,0,Centre,0.0257690093610693
C010575,29.53,Sciences sociales,Cote-Nord,G5B,19732,11,94.4,1,0,Eloignee,0.595389339291587
C010432,26.37,Sciences sociales,Montreal,H3T,79157,12,26.0,0,1,Centre,0.4916999489177498
C009097,26.79,Sante,Montreal,H1A,178598,5,25.5,1,0,Centre,0.037515640297528026
C013618,29.53,Genie,Capitale-Nationale,G1R,40831,8,12.2,1,0,Centre,0.4832153979420237
C012744,26.3,Arts et lettres,Gaspesie-Iles-de-la-Madeleine,G0C,35501,13,410.4,1,0,Eloignee,0.13363970896135302
C003441,28.31,Genie,Montreal,H4L,72178,14,16.1,0,1,Centre,0.8108481743764335
C001264,28.28,Genie,Gaspesie-Iles-de-la-Madeleine,G4X,27121,15,314.7,0,0,Eloignee,0.07700746033958145
C000212,28.7,Sciences,Bas-Saint-Laurent,G5N,17443,12,425.0,0,0,Eloignee,0.6768653458060151
C005625,23.55,Sciences,Gaspesie-Iles-de-la-Madeleine,G4X,100676,16,309.0,0,0,Eloignee,0.008383887291331993
C002947,29.72,Sciences,Montreal,H4L,94938,9,13.1,0,0,Centre,0.632071916136749
C010904,26.29,Sciences sociales,Bas-Saint-Laurent,G5N,33901,10,167.8,1,0,Eloignee,0.028451264554326564
C000200,24.02,Sciences sociales,Capitale-Nationale,G3A,110164,10,7.6,0,0,Centre,0.002527516979201194
C003288,29.52,Sciences sociales,Bas-Saint-Laurent,G5L,58737,13,220.2,1,1,Eloignee,0.9641629403803706
C002357,24.39,Sciences sociales,Gaspesie-Iles-de-la-Madeleine,G0C,49787,12,123.3,1,0,Eloignee,0.00016903186415341063
C007941,26.29,Sante,Bas-Saint-Laurent,G5L,51173,10,123.7,0,0,Eloignee,0.04837691825298852
C005233,32.96,Arts et lettres,Montreal,H2X,60534,10,8.5,0,1,Centre,0.9997568637046458
C004722,26.62,Sante,Bas-Saint-Laurent,G5L,30666,13,242.6,0,0,Eloignee,0.038862286088164145
C003584,28.41,Sante,Gaspesie-Iles-de-la-Madeleine,G5C,37602,7,220.5,0,0,Eloignee,0.31023244637898395
C008676,32.56,Genie,Montreal,H4L,216578,4,4.0,0,1,Centre,0.9998030864301816
C004621,26.61,Sante,Montreal,H8N,88515,3,40.3,0,0,Centre,0.013089961023638144
C005032,29.32,Arts et lettres,Gaspesie-Iles-de-la-Madeleine,G5C,31744,15,321.0,0,0,Eloignee,0.9365716613270944
C004437,27.41,Arts et lettres,Montreal,H2X,74004,8,35.6,0,0,Centre,0.4841857253734295
C003142,31.46,Sciences sociales,Capitale-Nationale,G3A,43043,11,33.0,0,1,Centre,0.9962692893504055
C003023,24.91,Genie,Capitale-Nationale,G1V,50446,10,21.4,0,0,Centre,0.023470294643252912
C008077,30.62,Sciences,Capitale-Nationale,G3A,95044,9,8.7,1,1,Centre,0.9880344492894801
C007720,31.84,Sante,Cote-Nord,G0G,34923,11,123.4,0,1,Eloignee,0.9998176086317357
C008423,29.22,Sante,Montreal,H3T,129381,7,8.4,0,1,Centre,0.9462857336118102
C006376,25.47,Sante,Montreal,H3T,33083,10,17.2,0,0,Centre,0.05548829968125283
C012154,23.6,Sante,Montreal,H3T,166321,10,30.3,0,0,Centre,0.00034748097750999585
C008836,29.03,Arts et lettres,Montreal,H2X,73471,6,5.2,0,0,Centre,0.6800655262484351
C013649,22.16,Sciences,Montreal,H1A,111347,6,11.0,1,0,Centre,0.000164279523060214
C013210,29.71,Genie,Montreal,H2X,97042,13,14.9,0,1,Centre,0.9890347840823719
C001119,28.9,Sciences,Capitale-Nationale,G2E,86667,8,15.8,0,1,Centre,0.7175838268796898
C005358,25.57,Arts et lettres,Cote-Nord,G0G,24643,9,232.5,0,0,Eloignee,0.006709595401828557
C011873,29.14,Sciences,Montreal,H4L,92397,5,18.6,0,1,Centre,0.5638764645217234
C005855,20.24,Genie,Montreal,H3T,39541,8,11.7,0,0,Centre,0.000164026328630697
C000512,25.94,Genie,Montreal,H3T,47334,8,13.7,0,0,Centre,0.003973378068460183
C012806,30.15,Genie,Montreal,H3T,71590,3,5.3,0,0,Centre,0.5329448274359955
C000294,24.8,Sciences,Montreal,H1A,155565,5,10.8,0,0,Centre,0.0027905437157858615
C007742,24.71,Sciences,Montreal,H8N,50510,12,16.2,0,0,Centre,0.00018396909123676283
C005050,26.34,Sciences,Montreal,H8N,77791,12,5.7,1,0,Centre,0.6209189329047748
C004969,31.95,Genie,Gaspesie-Iles-de-la-Madeleine,G0C,29085,19,301.2,1,1,Eloignee,0.9763391761901756
C004604,23.38,Sciences,Montreal,H4L,46157,13,10.9,0,0,Centre,0.00018378308021784983
C009522,31.19,Sciences sociales,Capitale-Nationale,G3A,52804,10,36.8,0,1,Centre,0.9984572792852278
C013690,26.3,Sante,Montreal,H3T,113405,10,45.4,1,0,Centre,0.2752873016563585
C009123,34.72,Genie,Montreal,H3T,147389,8,25.2,0,1,Centre,0.9998372454197313
C000304,24.85,Sante,Bas-Saint-Laurent,G5N,46749,7,110.8,0,0,Eloignee,0.00015323623529087344
C004005,30.85,Sante,Capitale-Nationale,G1R,93442,6,27.3,0,1,Centre,0.9965261898095142
C010115,25.06,Arts et lettres,Montreal,H8N,29801,8,7.4,0,0,Centre,0.0008954988600796156
C012502,29.02,Genie,Montreal,H2X,56837,12,22.3,0,1,Centre,0.8532573934240901
C001039,25.77,Sciences,Bas-Saint-Laurent,G0L,87129,19,139.1,0,0,Eloignee,0.9071172461879888
C004251,35.16,Sciences,Gaspesie-Iles-de-la-Madeleine,G0C,46580,14,452.5,1,1,Eloignee,0.999885180771026
C006013,25.47,Sciences,Capitale-Nationale,G1V,54670,10,18.8,1,0,Centre,0.003756943876050126
C004661,30.02,Sante,Capitale-Nationale,G3A,63734,8,4.7,0,0,Centre,0.28859651275394216
C004056,23.63,Genie,Capitale-Nationale,G1V,71332,8,25.5,0,0,Centre,7.815089864190963e-05
C000933,32.66,Sciences,Capitale-Nationale,G1R,49568,12,4.5,1,1,Centre,0.9987830203661546
C012822,25.69,Arts et lettres,Bas-Saint-Laurent,G5N,33848,14,144.7,0,0,Eloignee,0.076922518991075
C009398,28.27,Sciences sociales,Bas-Saint-Laurent,G5L,28525,12,113.6,0,0,Eloignee,0.14700114605456188
C007764,26.42,Sciences sociales,Montreal,H3T,128446,10,17.6,0,0,Centre,0.2238242968364625
C010312,27.73,Sciences,Capitale-Nationale,G3A,131456,8,28.6,0,1,Centre,0.6340221359931364
C003725,24.92,Genie,Gaspesie-Iles-de-la-Madeleine,G0C,38540,14,243.9,0,0,Eloignee,0.017668205725621687
C007860,27.23,Arts et lettres,Gaspesie-Iles-de-la-Madeleine,G4X,86735,11,128.4,0,0,Eloignee,0.6459080183206994
C003413,30.68,Genie,Montreal,H2X,80466,7,31.4,1,1,Centre,0.9921530626486966
C012572,27.14,Sciences,Cote-Nord,G4R,33747,13,342.9,0,0,Eloignee,0.08347716232051815
C000070,26.4,Arts et lettres,Montreal,H3T,57439,9,9.4,0,0,Centre,0.025573494358802133
C009546,30.69,Sciences,Montreal,H4L,37624,6,17.2,0,1,Centre,0.9812355360955791
C008219,29.59,Sante,Montreal,H4L,147142,13,27.7,0,1,Centre,0.9903457383931511
C001410,26.65,Sciences,Gaspesie-Iles-de-la-Madeleine,G0C,42444,19,572.7,1,0,Eloignee,0.4439226479829895
C004723,28.95,Arts et lettres,Montreal,H1A,81166,7,11.0,0,1,Centre,0.6623578328523553
C007288,20.69,Genie,Bas-Saint-Laurent,G5L,41670,9,202.5,0,0,Eloignee,0.00017318953520678592
C006784,30.47,Sante,Montreal,H4L,58905,10,12.4,0,1,Centre,0.9603460521150324
C011028,32.02,Genie,Cote-Nord,G0G,105278,9,60.2,1,1,Eloignee,0.9998748206645065
C011051,21.51,Sante,Gaspesie-Iles-de-la-Madeleine,G4X,136985,11,173.9,1,0,Eloignee,0.0005656175061613695
C000073,23.75,Genie,Montreal,H8N,82845,12,16.3,0,0,Centre,0.0001761488711810154
C001345,28.42,Sante,Montreal,H3T,50583,12,19.0,1,1,Centre,0.8237367358926752
C013491,27.36,Sciences,Cote-Nord,G4R,98145,11,509.0,0,0,Eloignee,0.36776789059372933
C010031,27.96,Genie,Montreal,H1A,45843,12,26.3,1,0,Centre,0.17720241678865745
C003907,22.94,Arts et lettres,Montreal,H2X,41731,6,3.7,0,0,Centre,0.00011102884544214497
C006872,33.59,Sante,Montreal,H1A,36267,7,27.5,0,1,Centre,0.9998934847037941
C003887,26.59,Sante,Capitale-Nationale,G1V,35431,7,6.2,0,0,Centre,0.005106128032915507
C001437,28.19,Sciences sociales,Montreal,H3T,56244,9,12.5,0,1,Centre,0.28300145636918095
C005968,21.07,Genie,Montreal,H4L,75777,11,8.0,0,0,Centre,0.00013315048028315356
C013051,31.02,Sciences,Capitale-Nationale,G1R,62842,12,6.0,0,1,Centre,0.9948601980016931
C008400,30.95,Genie,Montreal,H3T,78716,11,19.1,0,1,Centre,0.9982522585673103
C008807,28.0,Sante,Montreal,H3T,73956,9,6.1,0,0,Centre,0.522676269742736
C001152,28.91,Sciences,Montreal,H3T,54365,9,6.8,0,1,Centre,0.641613419263752
C010292,30.89,Arts et lettres,Bas-Saint-Laurent,G5L,56340,8,268.9,0,1,Eloignee,0.9688220475384446
C012370,27.21,Sante,Gaspesie-Iles-de-la-Madeleine,G4X,25221,9,252.6,1,0,Eloignee,0.03155040124851531
C012580,29.07,Genie,Montreal,H4L,86137,9,18.7,0,0,Centre,0.7361572949568392
C006014,21.52,Sciences sociales,Bas-Saint-Laurent,G5L,46869,19,264.9,1,0,Eloignee,0.0012442843283198939
C005099,26.62,Arts et lettres,Capitale-Nationale,G1R,86454,11,5.5,0,1,Centre,0.5980064782444666
C007131,29.21,Sciences,Montreal,H4L,86782,7,17.0,1,0,Centre,0.49123484708667287
C008475,23.87,Sante,Montreal,H4L,87147,7,32.5,0,0,Centre,0.00017721943478697102
C002274,29.04,Arts et lettres,Gaspesie-Iles-de-la-Madeleine,G5C,26653,18,260.4,1,1,Eloignee,0.8166256911441704
C007852,35.85,Genie,Capitale-Nationale,G1V,73021,12,8.9,1,1,Centre,0.9998039734768107
C001845,30.14,Sciences,Montreal,H3T,66209,11,5.2,1,1,Centre,0.9904466430009505
C000879,29.19,Genie,Bas-Saint-Laurent,G5L,74089,15,281.7,1,1,Eloignee,0.9698985190066591
C011742,29.68,Sciences,Montreal,H2X,64771,9,16.6,0,1,Centre,0.9362900003687086
C002339,31.38,Sciences,Gaspesie-Iles-de-la-Madeleine,G5C,42562,13,277.8,0,1,Eloignee,0.998890750327636
C008462,23.92,Arts et lettres,Capitale-Nationale,G1V,101793,14,22.3,0,0,Centre,0.0020536040421720108
C002362,28.16,Arts et lettres,Montreal,H2X,48401,9,11.2,0,0,Centre,0.2362908261243153
C006480,32.18,Sciences sociales,Montreal,H8N,73449,6,18.4,0,1,Centre,0.999406479756302
C003183,30.1,Sciences,Montreal,H8N,53127,11,27.9,0,1,Centre,0.9630993811866592
C007558,27.57,Genie,Gaspesie-Iles-de-la-Madeleine,G5C,101815,16,135.7,0,1,Eloignee,0.7329897873228426
C008290,27.31,Arts et lettres,Capitale-Nationale,G1R,86670,10,21.8,0,1,Centre,0.6085596506103841
C008883,27.88,Sciences,Capitale-Nationale,G3A,204869,9,21.1,0,1,Centre,0.7261174861439287
C012532,30.87,Arts et lettres,Montreal,H1A,88872,11,10.9,1,1,Centre,0.9952330175218348
C004943,27.38,Arts et lettres,Bas-Saint-Laurent,G5L,69891,13,167.8,1,0,Eloignee,0.46362001600738345
C003174,23.12,Sciences,Cote-Nord,G5B,58640,17,278.1,1,0,Eloignee,0.002991490009627682
C000895,31.62,Genie,Montreal,H3T,61755,12,33.7,0,1,Centre,0.9997400694339295
C002798,25.76,Sciences,Montreal,H3T,106056,9,32.4,0,0,Centre,0.02068952292638423
C008112,25.15,Sante,Gaspesie-Iles-de-la-Madeleine,G5C,29378,11,188.0,1,0,Eloignee,0.03655731251288017
C010841,29.91,Sciences sociales,Capitale-Nationale,G2E,98355,7,17.5,0,1,Centre,0.9811413330101942
C013183,28.59,Sciences sociales,Montreal,H8N,37693,6,2.4,0,0,Centre,0.1997740490638957
C003230,29.12,Sciences sociales,Montreal,H3T,226345,8,19.7,1,1,Centre,0.9864916989401319
C005082,30.77,Arts et lettres,Bas-Saint-Laurent,G5L,19410,10,360.4,0,0,Eloignee,0.8837998298810151
C009683,30.52,Genie,Montreal,H3T,42875,8,28.9,0,1,Centre,0.95227130768251
C009217,23.84,Sciences,Montreal,H8N,35172,7,13.1,0,0,Centre,0.00011162527970800715
C004470,30.22,Arts et lettres,Cote-Nord,G0G,48818,23,121.8,1,1,Eloignee,0.983922329348042
C009545,28.02,Sciences,Bas-Saint-Laurent,G5N,30750,11,113.2,0,0,Eloignee,0.12402936265069359
C012214,30.01,Sciences,Bas-Saint-Laurent,G5N,52827,6,278.4,1,1,Eloignee,0.8209082877993191
C008506,26.79,Sante,Gaspesie-Iles-de-la-Madeleine,G4X,53411,11,327.5,0,0,Eloignee,0.09095508612133527
C006734,30.36,Sciences sociales,Cote-Nord,G4R,34867,9,335.5,1,0,Eloignee,0.9521906408280426
C006369,27.97,Sciences,Montreal,H2X,64119,9,6.4,0,1,Centre,0.44788587868329155
C011057,26.36,Sciences,Montreal,H1A,56220,9,5.5,0,0,Centre,0.015823278431996074
C005124,27.63,Sante,Gaspesie-Iles-de-la-Madeleine,G0C,40758,14,206.0,0,0,Eloignee,0.2253800397049624
C011487,31.74,Sciences sociales,Capitale-Nationale,G3A,97479,10,13.5,0,1,Centre,0.9997903389980349
C000183,30.27,Sante,Cote-Nord,G5B,73805,23,618.7,0,0,Eloignee,0.9499066057908185
C009477,29.47,Sciences sociales,Cote-Nord,G4R,52875,15,216.1,0,1,Eloignee,0.9816655929506654
C007164,25.85,Genie,Gaspesie-Iles-de-la-Madeleine,G4X,64037,11,219.7,1,0,Eloignee,0.003577992687699737
C004706,24.86,Sante,Cote-Nord,G4R,48287,13,304.1,0,0,Eloignee,0.00022856686982713952
C012777,27.87,Sciences sociales,Cote-Nord,G5B,35757,7,186.9,1,0,Eloignee,0.11296166884359876
C011405,27.36,Genie,Cote-Nord,G4R,20445,15,203.1,1,0,Eloignee,0.046955211347121995
C008405,26.35,Sciences sociales,Cote-Nord,G5B,55907,11,261.5,1,0,Eloignee,0.08950339331796942
C006401,22.96,Sciences sociales,Gaspesie-Iles-de-la-Madeleine,G4X,85598,8,313.3,0,0,Eloignee,0.0001006533866771772
C005767,30.01,Sciences,Capitale-Nationale,G1V,121741,7,9.2,1,1,Centre,0.9532689142337971
C012500,28.21,Sciences,Bas-Saint-Laurent,G5L,86765,6,83.3,1,0,Eloignee,0.11659434119583102
C010671,27.62,Sciences sociales,Cote-Nord,G0G,67063,17,400.0,0,1,Eloignee,0.7544692937007128
C009405,25.54,Sciences sociales,Capitale-Nationale,G3A,46654,10,38.3,0,0,Centre,0.010536305516912604
C008776,26.22,Sciences sociales,Bas-Saint-Laurent,G5L,31545,11,121.1,0,0,Eloignee,0.030495563299229828
C012156,30.2,Sciences,Cote-Nord,G5B,58721,16,136.7,1,1,Eloignee,0.98379529819475
C003639,28.77,Sciences,Cote-Nord,G5B,60720,11,129.1,0,0,Eloignee,0.5464504620697428
C011232,22.48,Genie,Capitale-Nationale,G1R,49582,6,13.4,0,0,Centre,0.0002953127432648207
C008669,25.93,Sciences,Capitale-Nationale,G1V,41951,13,37.0,0,0,Centre,0.09171141615068226
C004276,26.85,Sciences,Montreal,H1A,46808,13,19.5,0,0,Centre,0.09543669895026784
C012727,30.41,Sante,Montreal,H8N,41771,9,27.9,0,1,Centre,0.9041618268735303
C011456,24.94,Sciences,Cote-Nord,G5B,59465,10,353.6,0,0,Eloignee,0.002300884933038026
C006854,34.92,Genie,Montreal,H1A,67438,6,36.8,0,1,Centre,0.9997101279856339
C011956,24.99,Genie,Montreal,H8N,63723,9,28.5,0,0,Centre,0.001136606610368474
C005741,32.19,Genie,Capitale-Nationale,G2E,138015,4,21.8,0,1,Centre,0.9996774796477049
C013963,29.81,Sante,Cote-Nord,G0G,46629,12,518.4,0,1,Eloignee,0.9822430273708717
C000973,24.11,Sante,Gaspesie-Iles-de-la-Madeleine,G5C,45005,9,151.5,1,0,Eloignee,0.00011132897988457893
C011341,21.43,Genie,Montreal,H8N,76969,5,19.8,0,0,Centre,8.520954848316866e-05
C012809,26.95,Arts et lettres,Bas-Saint-Laurent,G5N,101419,7,180.6,0,0,Eloignee,0.39571253813036417
C004810,29.51,Arts et lettres,Montreal,H1A,75189,6,14.0,1,1,Centre,0.7434875603654045
C005400,25.96,Sciences,Gaspesie-Iles-de-la-Madeleine,G0C,28289,14,227.2,1,0,Eloignee,0.08328029613228849
C000672,28.8,Sciences sociales,Montreal,H8N,95067,10,38.0,1,1,Centre,0.7067875168137983
C001664,27.31,Sciences,Capitale-Nationale,G3A,45448,8,24.2,1,0,Centre,0.06445965845435261
C003378,25.73,Sciences,Capitale-Nationale,G2E,82547,11,31.3,0,0,Centre,0.06753460245988115
C007335,30.45,Sciences sociales,Montreal,H3T,101152,11,8.0,0,1,Centre,0.9970700737256755
C005926,21.43,Sante,Bas-Saint-Laurent,G5N,34402,13,241.6,0,0,Eloignee,0.0001560032803226623
C006139,24.63,Sante,Gaspesie-Iles-de-la-Madeleine,G4X,42972,12,121.4,0,0,Eloignee,0.0001857814447216333
C007544,25.72,Sciences,Cote-Nord,G5B,75117,11,512.5,0,0,Eloignee,0.019230870799782234
C008637,31.07,Genie,Cote-Nord,G4R,105801,14,333.0,0,1,Eloignee,0.9997206614491542
C013435,26.71,Sante,Montreal,H3T,171277,9,21.5,0,0,Centre,0.07892608332136168
C013240,29.85,Genie,Montreal,H2X,103781,18,9.6,0,1,Centre,0.9971011283732323
C006160,26.7,Sciences sociales,Bas-Saint-Laurent,G0L,33936,10,179.9,1,0,Eloignee,0.011197745855653706
C009108,26.87,Arts et lettres,Bas-Saint-Laurent,G5L,67654,16,152.1,0,0,Eloignee,0.4649107333298084
C003977,26.85,Sciences sociales,Montreal,H2X,69866,10,36.6,0,0,Centre,0.10199655152545756
C011671,25.83,Sciences,Cote-Nord,G4R,27346,17,271.3,0,0,Eloignee,0.5958781823148227
C006594,23.55,Sante,Montreal,H2X,69641,8,6.7,0,0,Centre,9.143877343848558e-05
C002616,26.83,Arts et lettres,Montreal,H8N,71053,10,7.0,0,0,Centre,0.11132550144121472
C005583,37.1,Sciences sociales,Montreal,H3T,65913,6,13.8,0,1,Centre,0.9996343943387812
C010353,26.85,Genie,Montreal,H1A,150548,9,9.8,0,0,Centre,0.326815896350842
C005036,27.37,Sante,Montreal,H1A,67271,7,30.2,0,0,Centre,0.05349990793584218
C000162,28.45,Sciences sociales,Cote-Nord,G5B,85711,13,261.6,1,0,Eloignee,0.8602186938170869
C000371,27.29,Arts et lettres,Gaspesie-Iles-de-la-Madeleine,G0C,47354,14,228.5,1,0,Eloignee,0.22631336524545703
C009681,26.74,Sciences sociales,Cote-Nord,G5B,76451,13,396.7,1,0,Eloignee,0.5001411106452082
C008668,30.37,Genie,Montreal,H4L,52138,4,11.0,0,1,Centre,0.8794756993735673
C000585,28.77,Genie,Bas-Saint-Laurent,G0L,84675,7,156.1,1,1,Eloignee,0.5056964542710582
C007511,27.16,Sante,Capitale-Nationale,G1V,128867,14,7.2,1,1,Centre,0.785741852235585
C001208,36.32,Genie,Montreal,H8N,87682,4,33.8,0,1,Centre,0.9995856990543945
C012003,20.43,Sante,Cote-Nord,G5B,43583,10,86.5,1,0,Eloignee,0.00016513945954803699
C008361,27.92,Genie,Montreal,H1A,45689,9,23.4,0,0,Centre,0.08420509721536491
C005644,30.84,Sciences,Capitale-Nationale,G1V,41702,6,12.5,0,1,Centre,0.9470835478412198
C011844,32.44,Genie,Montreal,H3T,48579,8,4.8,0,1,Centre,0.9994995832170078
C006408,28.48,Sante,Montreal,H1A,42365,12,12.2,0,1,Centre,0.7981016652678101
C006524,30.85,Genie,Montreal,H8N,72068,6,33.8,1,1,Centre,0.9197915181798437
C006736,24.78,Genie,Montreal,H2X,47875,4,20.1,0,0,Centre,0.0013356888812672122
C011757,27.41,Sante,Capitale-Nationale,G2E,41934,5,16.2,0,0,Centre,0.0264493578791593
C003968,30.9,Sciences,Capitale-Nationale,G3A,66938,12,21.3,1,1,Centre,0.9964126606576177
C005164,24.41,Sante,Montreal,H4L,108636,7,6.4,0,0,Centre,0.0004743569431573344
C000786,26.96,Genie,Capitale-Nationale,G1V,86735,8,25.9,0,0,Centre,0.0740656745645153
C001422,27.79,Sante,Cote-Nord,G5B,81616,15,143.8,1,0,Eloignee,0.6272390619793341
C008353,23.93,Arts et lettres,Capitale-Nationale,G1V,88970,16,10.3,0,1,Centre,0.7661520239597732
C003251,30.8,Genie,Montreal,H1A,50786,10,8.9,1,1,Centre,0.9955151202796729
C001567,29.57,Genie,Montreal,H8N,112429,14,4.2,0,1,Centre,0.9935101904684267
C010576,25.12,Sciences sociales,Bas-Saint-Laurent,G0L,15798,12,336.1,1,0,Eloignee,0.02807055354710784
C011913,27.33,Sciences sociales,Capitale-Nationale,G2E,34020,7,14.4,1,0,Centre,0.03105755485422016
C013213,35.33,Arts et lettres,Montreal,H1A,99392,13,11.6,0,1,Centre,0.9995267350487966
C003465,31.29,Genie,Gaspesie-Iles-de-la-Madeleine,G0C,24831,22,113.8,0,1,Eloignee,0.9440662557668242
C007426,29.05,Sciences sociales,Gaspesie-Iles-de-la-Madeleine,G0C,122577,10,263.4,0,1,Eloignee,0.6758618898226743
C005563,29.36,Arts et lettres,Gaspesie-Iles-de-la-Madeleine,G5C,77172,11,121.6,1,1,Eloignee,0.8362022184702589
C008031,26.3,Sante,Montreal,H4L,135336,9,3.6,0,0,Centre,0.12549871788796996
C012705,28.83,Arts et lettres,Montreal,H3T,157106,6,7.1,0,1,Centre,0.9480014370009495
C003897,29.77,Sante,Montreal,H4L,61171,6,5.5,0,1,Centre,0.8880026251283449
C003138,29.25,Genie,Montreal,H2X,63065,2,8.7,0,1,Centre,0.8247307996261553
C000791,29.53,Genie,Montreal,H8N,44651,11,15.4,0,0,Centre,0.47456141389195355
C004090,29.53,Sciences sociales,Bas-Saint-Laurent,G5L,38094,16,219.9,0,1,Eloignee,0.9037445644539135
C002934,27.92,Genie,Cote-Nord,G5B,29256,9,58.4,1,0,Eloignee,0.04172198344112067
C001097,32.7,Sciences,Montreal,H2X,68236,6,30.8,1,1,Centre,0.9997011705920484
C013209,27.42,Sciences sociales,Gaspesie-Iles-de-la-Madeleine,G0C,51854,23,154.5,1,0,Eloignee,0.4704410958144063
C008576,33.04,Sante,Gaspesie-Iles-de-la-Madeleine,G0C,33061,13,237.9,1,1,Eloignee,0.9999233884787919
C010062,28.9,Genie,Cote-Nord,G4R,45069,13,239.2,1,0,Eloignee,0.8614739807902054
C010622,26.04,Sante,Cote-Nord,G0G,40718,10,225.6,0,0,Eloignee,0.20892054137489954
C003829,29.53,Sciences,Gaspesie-Iles-de-la-Madeleine,G5C,84233,9,150.2,0,0,Eloignee,0.8606803464851385
C005449,21.28,Arts et lettres,Capitale-Nationale,G2E,98556,6,20.0,0,0,Centre,0.0013484068587117184
C005043,26.17,Sciences,Gaspesie-Iles-de-la-Madeleine,G4X,63351,13,671.9,1,0,Eloignee,0.10001189654565903
C006503,29.9,Genie,Montreal,H8N,67612,7,13.0,0,1,Centre,0.9889117144993504
C007206,23.63,Sciences sociales,Montreal,H8N,72613,17,2.0,0,0,Centre,0.003524707391653922
C005617,27.01,Sciences,Montreal,H2X,90858,6,13.1,0,0,Centre,0.16168066740190998
C003256,27.45,Genie,Capitale-Nationale,G2E,98564,9,17.6,1,0,Centre,0.17149499616936678
C013773,31.32,Sante,Gaspesie-Iles-de-la-Madeleine,G0C,42521,14,146.7,1,1,Eloignee,0.9994428091747248
C011285,24.59,Sciences,Bas-Saint-Laurent,G0L,14001,18,503.9,0,0,Eloignee,0.008124634208321109
C006950,20.32,Arts et lettres,Gaspesie-Iles-de-la-Madeleine,G0C,29612,15,192.5,0,0,Eloignee,0.000547789047610751
C013738,28.25,Sciences sociales,Gaspesie-Iles-de-la-Madeleine,G4X,76490,16,196.8,0,0,Eloignee,0.8055754755618059
C006035,27.06,Sciences sociales,Capitale-Nationale,G1V,49980,11,35.0,0,1,Centre,0.6032201716780984
C001228,27.74,Sciences,Capitale-Nationale,G1V,74829,10,21.4,0,0,Centre,0.41814928855529027
C006645,26.77,Sante,Capitale-Nationale,G3A,98986,10,10.1,1,0,Centre,0.2090909906177584
C010707,29.94,Arts et lettres,Capitale-Nationale,G3A,35507,7,4.4,0,1,Centre,0.9720494403742752
C011589,28.12,Sciences,Gaspesie-Iles-de-la-Madeleine,G0C,58267,9,390.3,1,0,Eloignee,0.31338393132793485
C001087,33.24,Sciences,Capitale-Nationale,G1R,109014,13,19.5,0,1,Centre,0.9998067737176171
C012820,27.68,Sciences,Capitale-Nationale,G1V,66686,4,2.2,0,0,Centre,0.38943026337369874
C002363,30.16,Sciences sociales,Bas-Saint-Laurent,G5N,60142,13,263.5,0,1,Eloignee,0.9842839452950306
C012684,26.99,Sciences,Montreal,H1A,58873,3,13.6,1,0,Centre,0.19773899952446441
C005478,27.42,Arts et lettres,Cote-Nord,G5B,69698,18,308.3,1,0,Eloignee,0.8566015562192998
C008551,24.88,Genie,Capitale-Nationale,G1V,31408,12,26.7,0,0,Centre,0.006299629135058406
C002650,28.51,Arts et lettres,Capitale-Nationale,G3A,83600,2,32.3,0,0,Centre,0.31006082741348256
C001751,29.32,Genie,Capitale-Nationale,G3A,39526,8,1.3,1,1,Centre,0.5868803131707919
C001500,24.4,Sante,Capitale-Nationale,G1V,140017,11,20.6,0,0,Centre,0.0019188494947965848
C007990,23.43,Sciences sociales,Capitale-Nationale,G1V,58101,7,44.3,0,0,Centre,0.00011086488131060399
C006053,27.31,Sciences,Capitale-Nationale,G2E,80989,11,13.7,1,0,Centre,0.3557814564306608
C001430,24.4,Sciences,Capitale-Nationale,G3A,39957,7,51.9,0,0,Centre,0.00011744694898914237
C002310,35.54,Genie,Capitale-Nationale,G1V,67881,13,12.8,0,1,Centre,0.9998842154876397
C003793,22.26,Genie,Cote-Nord,G4R,47716,22,206.0,0,0,Eloignee,0.003368394696465758
C001104,23.36,Sante,Montreal,H2X,18944,10,15.6,0,0,Centre,0.00023343540114965951
C011984,28.21,Genie,Cote-Nord,G5B,40462,13,232.2,1,0,Eloignee,0.2338823877515354
C004866,29.48,Sciences sociales,Capitale-Nationale,G1R,151225,5,51.4,0,1,Centre,0.9465021899996078
C010548,20.76,Sante,Gaspesie-Iles-de-la-Madeleine,G5C,34465,11,194.3,1,0,Eloignee,0.00013955321378793231
C004253,31.38,Genie,Montreal,H4L,40342,6,4.6,1,1,Centre,0.9826109959099115
C011998,28.34,Sciences sociales,Montreal,H8N,41500,4,25.7,0,0,Centre,0.18361210920792043
C006110,29.48,Arts et lettres,Bas-Saint-Laurent,G0L,53716,21,263.3,1,1,Eloignee,0.9823367342445718
C007579,24.85,Arts et lettres,Cote-Nord,G5B,48661,15,366.2,0,0,Eloignee,0.0009713968593738412
C012122,27.52,Genie,Capitale-Nationale,G1R,64907,10,3.5,1,0,Centre,0.2709887039669302
C013996,31.83,Sciences sociales,Montreal,H1A,75580,6,17.0,0,1,Centre,0.9995472871878882
C010159,28.48,Sante,Gaspesie-Iles-de-la-Madeleine,G0C,58196,14,170.0,0,1,Eloignee,0.8984224907157683
C013730,27.62,Genie,Montreal,H2X,76013,7,5.7,0,1,Centre,0.5370270786751806
C011653,23.36,Sciences sociales,Montreal,H3T,64260,7,7.5,0,0,Centre,8.710812638003549e-05
C001592,29.81,Sante,Gaspesie-Iles-de-la-Madeleine,G4X,34235,14,219.2,0,1,Eloignee,0.9818886259676683
C005375,28.19,Arts et lettres,Cote-Nord,G4R,117407,12,391.4,0,1,Eloignee,0.8072390349640524
C003218,30.26,Sciences,Montreal,H1A,48129,13,17.7,0,1,Centre,0.9935640898753683
C010639,24.92,Sante,Montreal,H4L,145618,12,28.0,0,1,Centre,0.7053654723187608
C009650,19.96,Arts et lettres,Capitale-Nationale,G3A,72942,7,21.3,1,0,Centre,0.0001461450812915755
C006550,28.89,Sante,Capitale-Nationale,G1V,45043,9,25.5,1,1,Centre,0.7760420751752554
C006287,23.35,Sciences,Montreal,H3T,46452,10,16.2,0,0,Centre,0.00023537721483253644
C005604,31.76,Genie,Bas-Saint-Laurent,G5N,95665,13,126.6,1,1,Eloignee,0.9998849715037198
C012843,24.66,Sciences sociales,Gaspesie-Iles-de-la-Madeleine,G0C,52753,13,170.7,0,0,Eloignee,0.0001533942279450831
C001654,30.89,Genie,Cote-Nord,G0G,38661,16,227.8,1,1,Eloignee,0.9600258591694123
C011331,23.67,Sciences sociales,Bas-Saint-Laurent,G5L,76012,11,286.6,0,0,Eloignee,0.00012307578316729547
C011485,31.39,Genie,Montreal,H3T,58804,10,3.6,0,1,Centre,0.996148135495461
C000438,29.44,Sante,Bas-Saint-Laurent,G0L,32051,14,256.4,0,1,Eloignee,0.9641714083771332
C011506,29.38,Genie,Gaspesie-Iles-de-la-Madeleine,G5C,63668,15,75.5,0,1,Eloignee,0.9869770263124877
C002459,26.88,Sciences,Montreal,H2X,122452,7,43.2,0,0,Centre,0.10884433968894065
C006683,26.08,Genie,Montreal,H4L,54943,8,22.6,0,0,Centre,0.02206595967795899
C002090,25.31,Arts et lettres,Cote-Nord,G4R,26486,17,200.1,0,0,Eloignee,0.29151271587580035
C009121,30.8,Genie,Cote-Nord,G0G,91346,9,258.9,1,0,Eloignee,0.9987278894020167
C006595,30.7,Sciences,Capitale-Nationale,G3A,64706,13,38.2,0,1,Centre,0.998441270842025
C005372,31.66,Sante,Capitale-Nationale,G1V,38769,6,38.4,1,1,Centre,0.9997464691301453
C010166,25.33,Arts et lettres,Montreal,H2X,46470,7,9.1,1,0,Centre,0.0020214910297901346
C010071,27.7,Sante,Capitale-Nationale,G1V,103616,5,10.9,0,1,Centre,0.4584253770525445
C011635,23.22,Sante,Gaspesie-Iles-de-la-Madeleine,G5C,39003,12,181.9,1,0,Eloignee,0.00010552701793205831
C010298,30.29,Sciences,Bas-Saint-Laurent,G0L,31523,16,176.4,1,0,Eloignee,0.9797157420482525
C004018,23.81,Genie,Montreal,H4L,71621,10,35.6,0,0,Centre,0.00010768653222420236
C005340,26.99,Sante,Gaspesie-Iles-de-la-Madeleine,G4X,22851,14,266.4,0,0,Eloignee,0.12362183347913461
C009718,30.84,Sciences sociales,Gaspesie-Iles-de-la-Madeleine,G0C,96257,13,253.0,0,1,Eloignee,0.9975968603913432
C005576,25.92,Genie,Montreal,H2X,104724,3,13.1,1,0,Centre,0.005356220224318112
C011030,28.86,Arts et lettres,Gaspesie-Iles-de-la-Madeleine,G5C,102074,13,240.0,0,1,Eloignee,0.9459113689671277
C013100,26.73,Sante,Cote-Nord,G0G,73731,19,122.4,0,1,Eloignee,0.9139470973164779
C006291,27.12,Genie,Montreal,H2X,51542,12,13.6,0,0,Centre,0.34607680396900237
C009045,29.52,Genie,Montreal,H4L,112569,6,1.6,1,0,Centre,0.5972633301213627
C000228,30.37,Sante,Montreal,H2X,105991,6,6.1,1,1,Centre,0.9940487956804892
C001551,29.0,Sciences,Capitale-Nationale,G1V,60655,17,16.8,0,1,Centre,0.9697369896717448
C009346,29.45,Genie,Gaspesie-Iles-de-la-Madeleine,G5C,49119,17,624.3,1,0,Eloignee,0.980090647500297
C009796,28.47,Sciences sociales,Montreal,H2X,118990,8,14.6,0,0,Centre,0.5215676697285203
C007635,30.35,Genie,Capitale-Nationale,G1V,47420,8,20.3,1,1,Centre,0.9541403226183113
C004334,30.58,Sante,Gaspesie-Iles-de-la-Madeleine,G5C,68482,16,95.4,0,1,Eloignee,0.991787115966705
C013466,24.45,Sciences sociales,Montreal,H3T,91409,8,31.2,0,0,Centre,0.00034328474599109807
C000599,31.85,Sante,Montreal,H3T,33487,5,24.5,0,1,Centre,0.9997497854913012
C009382,26.87,Genie,Montreal,H3T,86112,10,8.7,0,1,Centre,0.4382352508768228
C011006,31.36,Sciences,Gaspesie-Iles-de-la-Madeleine,G5C,41238,17,332.0,1,1,Eloignee,0.9950273789488325
C010085,24.89,Sciences sociales,Montreal,H3T,199929,10,0.5,0,0,Centre,0.13254502207929
C000886,29.91,Sciences,Cote-Nord,G5B,88549,9,232.2,1,1,Eloignee,0.9793932983916487
C009169,23.83,Genie,Montreal,H3T,62515,9,23.8,0,0,Centre,8.891869582547609e-05
C008966,28.22,Arts et lettres,Montreal,H4L,52257,9,24.2,0,0,Centre,0.25595280899682865
C002984,29.72,Genie,Montreal,H8N,199070,11,14.6,1,1,Centre,0.9951697621807394
C010852,26.79,Sciences sociales,Montreal,H3T,122602,4,25.0,1,0,Centre,0.02098945567488619
C010934,28.71,Sciences,Montreal,H2X,80880,10,26.6,0,1,Centre,0.8583468088070536
C001677,27.0,Arts et lettres,Montreal,H1A,97265,7,13.9,0,0,Centre,0.19013201981280936
C001775,28.51,Genie,Montreal,H3T,79925,11,10.7,0,1,Centre,0.8383323643670287
C003694,23.0,Arts et lettres,Gaspesie-Iles-de-la-Madeleine,G0C,49123,13,312.1,0,0,Eloignee,0.0002510703715190662
C009048,27.87,Genie,Montreal,H4L,36384,7,3.8,0,0,Centre,0.05783639089808149
C002771,26.49,Arts et lettres,Gaspesie-Iles-de-la-Madeleine,G5C,55532,12,187.9,0,0,Eloignee,0.07644185896223514
C002361,26.1,Arts et lettres,Gaspesie-Iles-de-la-Madeleine,G4X,38663,13,146.6,0,0,Eloignee,0.534991397509088
C001900,30.8,Sciences sociales,Cote-Nord,G5B,54247,9,238.5,1,1,Eloignee,0.9914279499820932
C002404,25.39,Sciences sociales,Bas-Saint-Laurent,G5N,40357,10,113.6,0,0,Eloignee,0.026346445174393107
C012618,27.62,Sciences sociales,Montreal,H1A,65592,9,12.0,1,1,Centre,0.3825577762218787
C013465,21.38,Sante,Capitale-Nationale,G1R,83559,9,14.5,0,0,Centre,0.0001262964586213665
C005489,29.75,Genie,Bas-Saint-Laurent,G5N,37295,12,177.8,0,1,Eloignee,0.4613672214331354
C003277,25.54,Arts et lettres,Bas-Saint-Laurent,G5N,99550,10,169.3,1,0,Eloignee,0.006804157406798279
C012697,26.96,Genie,Bas-Saint-Laurent,G0L,80373,19,155.9,1,0,Eloignee,0.9129664913317559
C006928,28.19,Sciences sociales,Bas-Saint-Laurent,G5N,49334,8,279.2,0,0,Eloignee,0.363840011476229
C007032,32.46,Sciences,Cote-Nord,G0G,57795,11,234.0,1,1,Eloignee,0.9997576504297253
C005735,26.51,Genie,Capitale-Nationale,G2E,37474,8,10.4,0,0,Centre,0.005212874087000429
C000125,33.71,Sciences sociales,Montreal,H2X,94778,7,36.1,1,1,Centre,0.9998734124343812
C001577,23.03,Sante,Montreal,H3T,81066,10,22.2,1,0,Centre,0.00014480932646557728
C004912,22.11,Genie,Montreal,H4L,66180,10,23.8,0,0,Centre,0.00010873913707401893
C002446,24.93,Sciences sociales,Montreal,H8N,59431,9,9.2,0,0,Centre,0.005422490807127766
C002605,26.8,Sciences,Cote-Nord,G0G,26611,18,357.4,1,0,Eloignee,0.26499652042732214
C003225,26.66,Sante,Montreal,H3T,48521,11,14.4,0,0,Centre,0.031161492765824115
C010807,23.74,Sante,Gaspesie-Iles-de-la-Madeleine,G0C,82622,15,197.9,0,0,Eloignee,0.0005246798938597947
C007667,32.64,Sciences sociales,Bas-Saint-Laurent,G0L,75777,6,231.9,1,1,Eloignee,0.9974220839429613
C005547,29.08,Sciences sociales,Gaspesie-Iles-de-la-Madeleine,G4X,51328,21,232.8,0,1,Eloignee,0.966601262060218
C007016,30.35,Sciences,Montreal,H4L,46754,6,12.1,1,1,Centre,0.9588428884070759
C010492,28.31,Genie,Montreal,H8N,53551,10,5.3,0,0,Centre,0.29968755161216204
C009641,29.98,Arts et lettres,Gaspesie-Iles-de-la-Madeleine,G0C,81996,10,288.2,0,1,Eloignee,0.9882484327270681
C013429,23.52,Arts et lettres,Cote-Nord,G4R,59223,14,143.4,0,0,Eloignee,0.00013866171012055887
C007551,29.0,Sciences sociales,Montreal,H2X,79505,9,26.5,0,1,Centre,0.5969813016870704
C009060,32.23,Arts et lettres,Capitale-Nationale,G1R,119313,8,5.7,1,1,Centre,0.9992317012532497
C007812,30.07,Sciences sociales,Gaspesie-Iles-de-la-Madeleine,G4X,40972,5,191.9,0,1,Eloignee,0.6090253066091426
C007680,22.65,Sciences sociales,Gaspesie-Iles-de-la-Madeleine,G0C,73440,18,417.3,1,0,Eloignee,0.004042376582974755
C011453,24.48,Arts et lettres,Montreal,H4L,90086,12,9.0,1,0,Centre,0.0028946466026902795
C012696,24.75,Arts et lettres,Gaspesie-Iles-de-la-Madeleine,G5C,56304,8,193.6,0,0,Eloignee,0.00015720618779463692
C003113,28.3,Sciences,Capitale-Nationale,G1V,38187,6,19.2,0,0,Centre,0.17919451574572656
C006838,32.34,Sciences sociales,Capitale-Nationale,G1R,110297,6,5.1,0,1,Centre,0.9998651374970358
C007821,27.71,Genie,Montreal,H3T,106381,11,11.7,0,1,Centre,0.5412911264394987
C001616,32.46,Sante,Capitale-Nationale,G2E,119492,7,19.7,0,1,Centre,0.9996825645510493
C009933,24.21,Sante,Montreal,H4L,88595,16,62.5,1,0,Centre,0.037197994289954774
C003438,26.96,Genie,Capitale-Nationale,G2E,77593,8,14.7,0,0,Centre,0.14369306841391893
C013654,24.18,Sante,Capitale-Nationale,G1V,136650,6,23.4,1,0,Centre,0.0005196585234067207
C008686,31.43,Sante,Montreal,H2X,83227,8,27.7,0,1,Centre,0.9989287731768319
C007474,32.53,Arts et lettres,Montreal,H2X,79426,5,6.8,0,1,Centre,0.9989777534411833
C002639,27.43,Arts et lettres,Gaspesie-Iles-de-la-Madeleine,G5C,106234,11,177.5,1,0,Eloignee,0.5442095076226093
C005398,26.69,Sciences,Montreal,H3T,108412,11,38.5,1,0,Centre,0.112034152843225
C007982,26.69,Arts et lettres,Bas-Saint-Laurent,G0L,55445,8,180.9,1,0,Eloignee,0.017826366243283362
C007580,26.16,Sciences sociales,Capitale-Nationale,G3A,81296,4,22.6,0,0,Centre,0.001304540037810978
C003927,28.48,Arts et lettres,Montreal,H4L,48222,8,3.1,1,0,Centre,0.33184696460440066
C010163,25.02,Sciences sociales,Bas-Saint-Laurent,G0L,48009,18,148.8,0,0,Eloignee,0.05598746023310688
C010624,26.94,Genie,Montreal,H8N,84988,15,10.8,0,1,Centre,0.7298930897281941
C013394,28.17,Arts et lettres,Capitale-Nationale,G1V,48324,8,17.8,0,1,Centre,0.23170015068011057
C003141,32.85,Sciences,Capitale-Nationale,G3A,136535,8,18.3,1,1,Centre,0.9997259568475594
C008055,25.26,Arts et lettres,Montreal,H4L,63489,11,18.6,0,0,Centre,0.0034442795171366575
C011228,26.85,Genie,Capitale-Nationale,G1V,25513,5,21.2,1,0,Centre,0.004127460300234849
C013059,24.3,Sante,Montreal,H2X,63429,8,13.3,0,0,Centre,0.00013789726879889685
C002878,25.39,Arts et lettres,Bas-Saint-Laurent,G5N,60451,7,323.3,0,0,Eloignee,0.002385584348669995
C002671,30.48,Genie,Gaspesie-Iles-de-la-Madeleine,G0C,101237,13,131.6,0,1,Eloignee,0.9983098128583755
C002920,21.67,Arts et lettres,Montreal,H2X,45081,16,29.5,0,0,Centre,0.0023825519746992377
C006664,29.0,Sante,Montreal,H4L,48546,9,51.9,1,1,Centre,0.6979927270690766
C012261,27.97,Sante,Montreal,H4L,124761,12,14.2,0,1,Centre,0.7664927315500945
C012557,26.87,Sante,Cote-Nord,G0G,57514,14,180.2,1,0,Eloignee,0.5366552518220965
C008396,26.62,Sciences sociales,Cote-Nord,G5B,31852,19,100.9,0,0,Eloignee,0.2319721548614913
C008799,29.77,Sciences sociales,Gaspesie-Iles-de-la-Madeleine,G5C,74651,16,442.0,0,1,Eloignee,0.984262553944631
C007382,29.41,Genie,Montreal,H4L,57093,9,23.0,0,1,Centre,0.8252582949668447
C010718,32.15,Genie,Montreal,H3T,59848,8,25.2,0,1,Centre,0.9996246396055036
C005599,26.57,Sciences,Bas-Saint-Laurent,G0L,86741,8,221.2,0,0,Eloignee,0.1436572929482369
C012151,29.41,Arts et lettres,Cote-Nord,G4R,33781,15,152.7,1,1,Eloignee,0.8850344313280814
C004404,24.11,Arts et lettres,Gaspesie-Iles-de-la-Madeleine,G5C,27849,10,248.2,0,0,Eloignee,0.00031917686346094284
C002749,34.43,Sciences sociales,Montreal,H3T,53932,4,27.5,0,1,Centre,0.9996471301132972
C010302,31.88,Sciences sociales,Bas-Saint-Laurent,G5N,40233,13,218.4,1,1,Eloignee,0.9998629987184964
C002607,28.5,Sciences,Cote-Nord,G5B,75926,15,224.0,1,0,Eloignee,0.8187657998465889
C005605,25.01,Sciences sociales,Montreal,H4L,40576,10,23.2,0,0,Centre,0.004978210447342324
C012772,30.94,Genie,Capitale-Nationale,G1R,83831,9,21.6,0,1,Centre,0.9844124294829002
C008945,27.27,Genie,Capitale-Nationale,G1R,82163,12,4.6,0,0,Centre,0.3743065051541023
C013588,29.52,Genie,Montreal,H4L,59206,12,58.3,0,0,Centre,0.765764129876669
C010121,30.74,Sciences,Capitale-Nationale,G3A,163039,6,4.7,1,1,Centre,0.9967868753360042
C003921,29.8,Arts et lettres,Montreal,H4L,48409,14,2.4,0,1,Centre,0.9955439242806081
C005187,23.92,Sciences,Montreal,H2X,40678,7,1.9,0,0,Centre,7.4671100866511e-05
C007862,27.28,Sciences,Bas-Saint-Laurent,G0L,57715,3,116.7,1,0,Eloignee,0.15630424839641233
C001148,27.73,Genie,Bas-Saint-Laurent,G5L,61087,14,118.5,0,1,Eloignee,0.48879262443278604
C005594,31.14,Genie,Montreal,H8N,46702,14,18.1,1,1,Centre,0.9993612960834479
C003181,30.1,Arts et lettres,Montreal,H4L,69424,10,14.7,1,1,Centre,0.9848643833168004
C001414,28.9,Sciences sociales,Capitale-Nationale,G1V,75617,6,15.7,0,1,Centre,0.7506428838021155
C011472,19.91,Sciences sociales,Gaspesie-Iles-de-la-Madeleine,G4X,108769,6,203.7,1,0,Eloignee,0.0001789485608534152
C013140,26.33,Sante,Capitale-Nationale,G1V,89890,11,14.9,0,1,Centre,0.48518949089630137
C003738,27.01,Sciences sociales,Montreal,H8N,100506,10,19.1,0,0,Centre,0.4094607838246801
C005620,29.3,Genie,Cote-Nord,G4R,32221,13,207.8,1,0,Eloignee,0.9426821844520645
C011459,34.24,Genie,Montreal,H2X,59174,12,19.4,0,1,Centre,0.9998221103511726
C000956,25.71,Sciences sociales,Cote-Nord,G4R,55320,15,245.9,0,0,Eloignee,0.026535176936539596
C000421,27.44,Sciences sociales,Montreal,H1A,44620,12,19.5,0,0,Centre,0.2850868386921917
C006720,31.04,Sciences sociales,Capitale-Nationale,G2E,45231,7,14.0,0,1,Centre,0.9982088640117369
C012933,34.42,Sante,Bas-Saint-Laurent,G0L,46339,10,142.3,1,1,Eloignee,0.9999039296547729
C004830,25.26,Sciences sociales,Gaspesie-Iles-de-la-Madeleine,G4X,22107,20,141.5,1,0,Eloignee,0.21131139118943848
C004381,31.51,Sciences sociales,Montreal,H8N,74862,5,11.3,0,1,Centre,0.9805409684010582
C012067,23.58,Genie,Cote-Nord,G5B,65272,10,142.3,0,0,Eloignee,0.00010873913707401893
C008737,28.79,Sante,Cote-Nord,G5B,74536,11,245.9,0,1,Eloignee,0.7025044519943598
C001196,29.65,Sciences,Montreal,H1A,41637,6,10.7,0,1,Centre,0.867444590321503
C008247,27.07,Genie,Montreal,H2X,81263,4,11.8,0,0,Centre,0.04279243854463769
C010049,25.18,Sciences sociales,Cote-Nord,G4R,102171,11,152.4,0,0,Eloignee,0.021376530127615045
C006901,29.24,Genie,Gaspesie-Iles-de-la-Madeleine,G4X,74827,15,265.9,0,1,Eloignee,0.9646432358613947
C008761,29.33,Sciences,Bas-Saint-Laurent,G5L,39519,13,188.8,1,0,Eloignee,0.954695310295538
C000310,36.99,Sciences sociales,Capitale-Nationale,G2E,62011,11,20.4,1,1,Centre,0.9997886459085574
C012579,26.1,Sciences,Capitale-Nationale,G3A,71163,10,13.4,1,0,Centre,0.10460384549647501
C000181,27.46,Genie,Montreal,H2X,85663,11,14.7,0,1,Centre,0.5421564517238027
C004909,26.92,Sante,Bas-Saint-Laurent,G5L,26640,9,324.8,0,0,Eloignee,0.02175654728118492
C000627,28.55,Genie,Gaspesie-Iles-de-la-Madeleine,G0C,28913,17,250.5,1,1,Eloignee,0.5099586477392792
C006708,29.05,Sante,Montreal,H8N,56578,7,47.8,1,1,Centre,0.7278196354650615
C009897,25.14,Genie,Gaspesie-Iles-de-la-Madeleine,G4X,59262,7,78.7,0,0,Eloignee,0.006516616554701933
C008007,23.29,Genie,Cote-Nord,G4R,28364,17,211.9,1,0,Eloignee,0.0009101645480467915
C000647,26.98,Genie,Capitale-Nationale,G3A,65223,10,7.7,0,1,Centre,0.20824172776922883
C012327,33.01,Sante,Montreal,H8N,119624,3,6.1,0,1,Centre,0.9997363554731779
C010241,23.01,Arts et lettres,Capitale-Nationale,G3A,57961,9,15.9,1,0,Centre,0.00013277791283958215
C004690,22.09,Sciences sociales,Bas-Saint-Laurent,G0L,49881,16,279.9,0,0,Eloignee,0.0010646452378219697
C004876,23.04,Genie,Cote-Nord,G0G,59967,13,246.7,1,0,Eloignee,7.317746067192177e-05
C003807,26.33,Genie,Capitale-Nationale,G2E,111642,11,8.4,0,0,Centre,0.30640196016690396
C012835,26.51,Sciences,Capitale-Nationale,G1V,38697,12,12.3,0,0,Centre,0.0320198006504709
C009219,24.51,Arts et lettres,Gaspesie-Iles-de-la-Madeleine,G0C,52049,12,214.9,1,0,Eloignee,0.00015232290517561698
C005218,29.82,Sciences,Montreal,H2X,124108,11,6.9,0,1,Centre,0.9909442072982458
C000459,30.21,Sante,Montreal,H8N,103983,12,3.9,0,1,Centre,0.9974465834796085
C002865,27.62,Sciences sociales,Gaspesie-Iles-de-la-Madeleine,G4X,29804,19,186.5,1,0,Eloignee,0.12124566554313466
C006931,28.51,Genie,Montreal,H2X,82088,14,5.9,0,1,Centre,0.8718224533752911
C011647,28.38,Sciences sociales,Montreal,H3T,32052,15,4.6,0,1,Centre,0.8093893915708632
C000410,28.02,Sante,Montreal,H8N,77581,8,5.7,0,1,Centre,0.6801297757932379
C007694,24.95,Sciences sociales,Montreal,H2X,54894,8,2.2,0,0,Centre,0.0018127914771070084
C001247,26.39,Sciences,Cote-Nord,G0G,53826,16,154.1,0,0,Eloignee,0.4505727705542745
C012704,29.27,Sciences sociales,Montreal,H8N,36336,9,29.3,0,1,Centre,0.7687531843966746
C004597,31.84,Sciences,Capitale-Nationale,G1R,74351,7,9.3,0,1,Centre,0.9998076311970775
C010747,25.71,Arts et lettres,Capitale-Nationale,G3A,60658,11,3.3,1,0,Centre,0.00791507872122769
C005607,28.56,Sciences,Capitale-Nationale,G1R,85602,11,8.6,0,0,Centre,0.7546340256583118
C011939,31.63,Sciences,Capitale-Nationale,G1V,116188,6,44.7,0,1,Centre,0.9996337320018353
C011349,30.91,Sciences,Capitale-Nationale,G3A,52882,10,12.8,0,1,Centre,0.9821816088054083
C010424,31.17,Sciences,Capitale-Nationale,G3A,46973,9,20.0,0,1,Centre,0.9969341512349682
C007207,26.8,Sciences,Bas-Saint-Laurent,G5N,104771,21,207.7,0,1,Eloignee,0.8801009808440531
C006432,19.29,Arts et lettres,Bas-Saint-Laurent,G5N,62538,18,138.5,1,0,Eloignee,0.004171660104103508
C010261,26.94,Genie,Cote-Nord,G4R,22441,16,103.4,1,0,Eloignee,0.031192894687409364
C006451,27.23,Arts et lettres,Montreal,H4L,140190,17,7.3,0,1,Centre,0.9884313981368784
C005539,26.82,Sciences sociales,Cote-Nord,G4R,72515,11,198.2,1,1,Eloignee,0.3556498181301694
C002960,25.82,Sciences,Bas-Saint-Laurent,G5N,61879,13,145.5,1,0,Eloignee,0.0139730885420433
C012611,25.69,Sciences,Gaspesie-Iles-de-la-Madeleine,G5C,72967,11,367.5,1,0,Eloignee,0.0291067875737098
C009856,27.01,Arts et lettres,Bas-Saint-Laurent,G5L,51793,7,192.4,0,0,Eloignee,0.0792069754748796
C013917,25.14,Arts et lettres,Montreal,H1A,93238,11,14.5,0,0,Centre,0.01913324933800708
C005128,26.44,Arts et lettres,Cote-Nord,G4R,67598,15,617.6,1,0,Eloignee,0.21948974642322328
C009777,23.8,Genie,Montreal,H4L,62080,9,20.3,0,0,Centre,8.891869582547609e-05
C009564,25.72,Genie,Capitale-Nationale,G2E,32362,13,19.1,0,0,Centre,0.026267204436281923
C008527,23.53,Sante,Bas-Saint-Laurent,G5L,78759,13,201.4,1,0,Eloignee,0.00034055626532345136
C007907,33.96,Genie,Capitale-Nationale,G1V,62811,8,12.0,0,1,Centre,0.9997775211626679
C005990,29.17,Sciences sociales,Bas-Saint-Laurent,G5N,105948,13,254.6,0,0,Eloignee,0.95873157968181
C006170,25.87,Sante,Capitale-Nationale,G3A,93110,7,34.8,0,0,Centre,0.01543065113250053
C003323,23.6,Sciences sociales,Capitale-Nationale,G1V,76750,7,31.3,0,0,Centre,7.402000823161023e-05
C006174,30.66,Genie,Cote-Nord,G0G,69766,8,152.0,0,0,Eloignee,0.9867699388406365
C003814,31.99,Sciences sociales,Bas-Saint-Laurent,G0L,43932,19,200.1,1,1,Eloignee,0.9957008783786618
C012702,27.34,Sciences sociales,Bas-Saint-Laurent,G5L,28602,9,122.1,0,0,Eloignee,0.01544384645182803
C008021,25.21,Sante,Montreal,H8N,48088,8,2.3,1,0,Centre,0.0034702499670171763
C013242,25.7,Genie,Montreal,H1A,80136,10,20.2,0,0,Centre,0.028375031225625683
C011681,24.02,Sante,Capitale-Nationale,G1R,87931,5,33.4,0,0,Centre,0.002373094751734662
C009628,27.09,Sante,Cote-Nord,G5B,52487,12,235.6,1,0,Eloignee,0.2127790802617574
C001770,28.15,Sciences,Montreal,H1A,59923,7,6.0,0,0,Centre,0.24070373422214328
C006382,28.89,Sciences sociales,Montreal,H4L,75983,11,41.1,0,1,Centre,0.9053168363835961
C012838,27.47,Genie,Montreal,H8N,98930,7,24.1,1,0,Centre,0.13516782416174977
C009572,29.52,Sciences sociales,Cote-Nord,G5B,27888,16,65.2,1,0,Eloignee,0.8730495085177761
C000663,25.63,Sciences sociales,Cote-Nord,G5B,56951,10,129.6,0,0,Eloignee,0.013516796701728645
C004517,24.03,Genie,Montreal,H3T,109066,7,8.5,0,0,Centre,0.001604547656098579
C001715,24.87,Sante,Cote-Nord,G0G,48229,14,55.7,0,0,Eloignee,0.006110306184321124
C002909,32.01,Genie,Montreal,H1A,198960,7,4.0,0,1,Centre,0.9999183045317557
C005710,30.66,Genie,Montreal,H3T,41508,8,8.1,0,1,Centre,0.8270162649819834
C009723,24.77,Genie,Montreal,H1A,144753,7,26.1,0,0,Centre,0.0023619289858353223
C009758,30.15,Sciences sociales,Bas-Saint-Laurent,G5L,52533,9,211.9,0,0,Eloignee,0.9018729791087147
C007831,31.21,Genie,Capitale-Nationale,G1R,58276,6,48.0,0,1,Centre,0.992884483130448
C003604,27.62,Sciences,Bas-Saint-Laurent,G5N,25927,5,589.2,1,0,Eloignee,0.05919855081448691
C006598,26.12,Sante,Capitale-Nationale,G2E,179204,6,5.6,0,0,Centre,0.07532306668845841
C011123,23.46,Sante,Bas-Saint-Laurent,G5N,35026,8,562.6,0,0,Eloignee,0.00010754444394201595
C007649,31.75,Genie,Montreal,H4L,33493,9,26.6,0,1,Centre,0.9997773837638201
C005900,29.83,Genie,Capitale-Nationale,G2E,133223,8,1.2,0,1,Centre,0.998497261892621
C005609,31.93,Sciences sociales,Capitale-Nationale,G2E,52066,11,5.0,1,1,Centre,0.999706775829691
C009918,26.52,Genie,Gaspesie-Iles-de-la-Madeleine,G0C,44650,10,632.1,1,0,Eloignee,0.0178145644062257
C005776,25.47,Arts et lettres,Montreal,H1A,49618,3,16.7,0,0,Centre,0.0027988229826336327
C009109,28.16,Sciences,Montreal,H2X,93594,8,7.4,0,0,Centre,0.621576072476426
C011249,24.85,Sante,Montreal,H2X,29084,5,20.4,0,0,Centre,0.00018558430785856774
C001523,28.32,Sciences,Montreal,H4L,85028,4,21.7,0,1,Centre,0.6118909286798275
C008991,26.2,Genie,Cote-Nord,G4R,23647,13,342.4,1,0,Eloignee,0.055434180709892325
C008167,23.4,Sante,Cote-Nord,G4R,23782,17,243.0,0,0,Eloignee,0.0017354260517852035
C011975,28.54,Sante,Bas-Saint-Laurent,G5L,87081,15,124.3,0,1,Eloignee,0.8311859084451262
C013443,30.96,Arts et lettres,Montreal,H1A,52667,11,25.4,0,1,Centre,0.9977169530189376
C006467,25.81,Sciences,Montreal,H8N,115899,7,24.8,0,0,Centre,0.009875095867414918
C001538,37.39,Sante,Bas-Saint-Laurent,G0L,46212,18,135.6,1,1,Eloignee,0.9995048867626444
C001109,26.71,Sante,Gaspesie-Iles-de-la-Madeleine,G4X,49625,8,397.8,0,0,Eloignee,0.009897834611781144
C001385,31.56,Sciences sociales,Capitale-Nationale,G3A,77415,5,14.0,0,1,Centre,0.9996451979132316
C005973,29.76,Sciences sociales,Capitale-Nationale,G1V,57785,10,3.9,0,0,Centre,0.5384754291958027
C006422,33.33,Arts et lettres,Capitale-Nationale,G2E,93352,3,17.4,0,1,Centre,0.9993705550149886
C010243,28.48,Sciences sociales,Cote-Nord,G4R,41968,11,190.7,0,0,Eloignee,0.40518790318411296
C002913,27.16,Sciences sociales,Bas-Saint-Laurent,G5L,47070,13,293.6,1,0,Eloignee,0.19267453958036565
C006145,23.63,Sciences,Gaspesie-Iles-de-la-Madeleine,G0C,41302,6,240.9,1,0,Eloignee,8.025507947354771e-05
C009274,22.65,Sante,Montreal,H8N,95690,7,8.6,0,0,Centre,0.00019778900140586192
C003175,29.03,Sciences sociales,Capitale-Nationale,G3A,61864,9,9.5,0,0,Centre,0.6668364638438237
C000567,31.99,Sciences sociales,Montreal,H4L,72364,12,33.7,0,1,Centre,0.9997214503465295
C008525,26.21,Sciences,Montreal,H1A,53975,9,22.7,0,0,Centre,0.01429916628643848
C010079,26.89,Sciences,Bas-Saint-Laurent,G5L,59901,14,322.9,0,0,Eloignee,0.4590818090735375
C011845,31.09,Genie,Cote-Nord,G4R,43442,17,304.4,1,1,Eloignee,0.993771162885412
C011064,28.42,Sante,Cote-Nord,G0G,61569,11,346.1,1,0,Eloignee,0.5765523664711675
C006217,26.57,Arts et lettres,Cote-Nord,G5B,22062,12,226.8,0,0,Eloignee,0.023986689995013178
C006506,24.92,Arts et lettres,Bas-Saint-Laurent,G0L,65805,13,327.3,1,0,Eloignee,0.001947601070115927
C005081,31.58,Genie,Capitale-Nationale,G1R,66892,10,10.4,0,1,Centre,0.9998312108931308
C005815,31.76,Sante,Montreal,H3T,44498,1,19.0,0,1,Centre,0.998526404892427
C013314,30.22,Arts et lettres,Capitale-Nationale,G1R,44105,7,26.8,1,1,Centre,0.9760507787644507
C004015,28.4,Arts et lettres,Montreal,H8N,135394,18,20.1,0,1,Centre,0.9315780741557981
C010073,24.68,Sante,Gaspesie-Iles-de-la-Madeleine,G0C,30337,12,302.7,0,0,Eloignee,0.00021384561794276935
C007618,28.61,Arts et lettres,Montreal,H2X,53411,7,42.4,1,1,Centre,0.4475040432899345
C007331,29.42,Sciences,Gaspesie-Iles-de-la-Madeleine,G5C,55117,10,152.7,1,0,Eloignee,0.7283181634326532
C003564,32.73,Genie,Gaspesie-Iles-de-la-Madeleine,G0C,48356,14,90.0,0,1,Eloignee,0.9998816440021285
C002241,31.27,Arts et lettres,Gaspesie-Iles-de-la-Madeleine,G5C,33417,19,160.3,1,1,Eloignee,0.9952651476826737
C003556,22.62,Sciences sociales,Montreal,H2X,67920,7,8.2,0,0,Centre,8.710812638003549e-05
C002291,32.63,Arts et lettres,Montreal,H2X,27008,10,20.5,0,1,Centre,0.9907857581127386
C010676,29.94,Genie,Capitale-Nationale,G1V,74452,8,47.3,0,1,Centre,0.9787201651530304
C004108,22.7,Genie,Montreal,H3T,127149,14,14.9,1,0,Centre,0.0005617734469389369
C002099,21.89,Sciences,Gaspesie-Iles-de-la-Madeleine,G0C,42091,13,157.2,1,0,Eloignee,0.00020097042228658688
C000779,33.22,Sante,Gaspesie-Iles-de-la-Madeleine,G0C,60828,8,297.0,1,1,Eloignee,0.9998719699703009
C007361,27.56,Sante,Capitale-Nationale,G1V,53831,12,34.8,0,0,Centre,0.27712077561122467
C000322,24.83,Sciences sociales,Capitale-Nationale,G3A,55205,11,11.2,0,0,Centre,0.00017873531569738486
C011227,29.33,Sciences,Bas-Saint-Laurent,G5L,39441,12,147.1,0,1,Eloignee,0.7241812576540436
C004454,26.95,Sciences sociales,Gaspesie-Iles-de-la-Madeleine,G4X,37904,11,264.3,0,0,Eloignee,0.05377817381800098
C013933,23.52,Sante,Gaspesie-Iles-de-la-Madeleine,G5C,64843,15,404.2,1,0,Eloignee,0.00035198930198936324
C007453,31.46,Sciences,Montreal,H1A,26417,8,9.9,1,1,Centre,0.9948058496418957
C008838,26.19,Sante,Gaspesie-Iles-de-la-Madeleine,G4X,68309,17,323.7,0,0,Eloignee,0.8254666497078524
C005363,26.47,Sciences sociales,Gaspesie-Iles-de-la-Madeleine,G4X,48846,22,251.8,1,0,Eloignee,0.3606376199130997
C006005,30.04,Sante,Capitale-Nationale,G1V,92588,9,10.2,0,1,Centre,0.9840514168305077
C003497,25.25,Arts et lettres,Cote-Nord,G4R,62514,16,82.5,0,0,Eloignee,0.12162704926237443
C002321,29.37,Sante,Bas-Saint-Laurent,G5L,66818,10,281.4,1,1,Eloignee,0.8652003292731291
C002732,26.95,Arts et lettres,Cote-Nord,G4R,42611,16,128.0,0,0,Eloignee,0.137948672446821
C003020,31.74,Genie,Montreal,H2X,91266,14,17.5,0,1,Centre,0.9998940059588917
C005534,22.53,Sciences sociales,Cote-Nord,G0G,87728,12,143.3,0,0,Eloignee,0.000320253544743253
C011585,28.15,Sciences sociales,Capitale-Nationale,G2E,72901,10,10.2,0,1,Centre,0.8094366147906144
C013026,26.2,Genie,Capitale-Nationale,G3A,83745,9,8.4,0,0,Centre,0.04811616823506837
C007807,28.99,Sante,Bas-Saint-Laurent,G5N,58175,11,162.2,0,1,Eloignee,0.7613989051072739
C004790,28.81,Arts et lettres,Montreal,H2X,71343,12,6.7,0,1,Centre,0.8543341665610993
C000671,31.31,Arts et lettres,Bas-Saint-Laurent,G5N,38802,17,186.1,1,0,Eloignee,0.9956603548127958
C004646,22.9,Sciences,Montreal,H4L,60439,11,36.5,0,0,Centre,9.361541564275031e-05
C008677,22.77,Sante,Gaspesie-Iles-de-la-Madeleine,G0C,19638,14,108.3,1,0,Eloignee,0.00015258905607502498
C007976,28.47,Sciences,Bas-Saint-Laurent,G0L,35658,13,308.8,0,0,Eloignee,0.5904867477571392
C008365,21.32,Sciences sociales,Cote-Nord,G4R,39922,14,98.7,1,0,Eloignee,0.00011423243783625376
C000629,23.16,Arts et lettres,Bas-Saint-Laurent,G0L,81260,12,182.3,0,0,Eloignee,0.0003662746504840061
C000588,30.69,Sante,Montreal,H1A,99116,9,26.0,1,1,Centre,0.9981763664333932
C010593,28.37,Sante,Cote-Nord,G4R,51714,10,473.7,0,0,Eloignee,0.6485955554271594
C009919,26.05,Genie,Capitale-Nationale,G1V,35982,11,17.0,0,0,Centre,0.089805338158209
C008252,26.43,Arts et lettres,Montreal,H3T,66549,14,15.1,0,0,Centre,0.1421620492411822
C009535,25.05,Sciences,Montreal,H2X,93458,4,20.0,1,0,Centre,0.0018470685170626957
C009366,27.82,Genie,Capitale-Nationale,G1V,57688,8,13.6,1,0,Centre,0.21927813480424754
C007892,26.89,Sciences sociales,Gaspesie-Iles-de-la-Madeleine,G0C,54729,20,241.9,0,0,Eloignee,0.5511269748749057
C009511,29.06,Sante,Montreal,H2X,68167,9,5.1,0,1,Centre,0.8280387001979419
C010725,26.01,Sante,Montreal,H1A,57472,10,15.8,0,0,Centre,0.08723147637709867
C010411,25.48,Sante,Cote-Nord,G0G,81928,11,149.4,0,0,Eloignee,0.034294073345778886
C007594,24.51,Genie,Gaspesie-Iles-de-la-Madeleine,G5C,54734,17,301.5,0,0,Eloignee,0.005815069579671104
C007240,28.97,Arts et lettres,Capitale-Nationale,G2E,35506,8,12.3,1,1,Centre,0.47703048895128713
C010784,28.72,Arts et lettres,Capitale-Nationale,G1V,99983,6,42.2,0,0,Centre,0.619561275075252
C006559,23.61,Sciences sociales,Montreal,H1A,128961,11,28.7,0,0,Centre,0.0002452362845852322
C009231,28.95,Sante,Cote-Nord,G4R,69859,12,347.1,1,0,Eloignee,0.8663239009769591
C012808,27.89,Sciences,Gaspesie-Iles-de-la-Madeleine,G4X,47478,15,147.6,0,0,Eloignee,0.3950719016827269
C013455,22.21,Sciences sociales,Capitale-Nationale,G2E,93988,5,15.7,0,0,Centre,0.00012265382365350967
C008941,27.01,Arts et lettres,Gaspesie-Iles-de-la-Madeleine,G5C,62988,18,452.4,1,1,Eloignee,0.8092813994175084
C012521,30.1,Sciences,Capitale-Nationale,G1V,93627,11,12.7,0,1,Centre,0.9820773313297918
C013988,24.98,Arts et lettres,Bas-Saint-Laurent,G5L,43617,12,87.0,1,0,Eloignee,0.007833598785484354
C009826,27.15,Genie,Bas-Saint-Laurent,G5N,75521,8,376.1,1,0,Eloignee,0.2619360053476599
C002739,28.32,Sciences sociales,Cote-Nord,G0G,80526,16,431.2,0,1,Eloignee,0.896472105555645
C002401,29.83,Arts et lettres,Bas-Saint-Laurent,G5N,66498,21,126.4,1,1,Eloignee,0.9885211818064149
C004065,29.6,Arts et lettres,Gaspesie-Iles-de-la-Madeleine,G0C,40499,13,153.5,1,0,Eloignee,0.9842704295617304
C006867,28.13,Sciences sociales,Bas-Saint-Laurent,G5N,88784,14,121.2,0,1,Eloignee,0.8744970179556506
C001819,28.76,Genie,Bas-Saint-Laurent,G5L,55395,7,199.2,0,0,Eloignee,0.6023911981843233
C013200,29.52,Sante,Montreal,H2X,56863,15,22.4,0,1,Centre,0.9724504821066053
C011133,25.34,Genie,Gaspesie-Iles-de-la-Madeleine,G4X,88677,14,268.0,0,0,Eloignee,0.03201272854093763
C000381,26.59,Sciences sociales,Gaspesie-Iles-de-la-Madeleine,G5C,47396,12,291.5,0,0,Eloignee,0.06144060532788661
C013344,30.25,Genie,Montreal,H2X,48833,10,30.1,0,1,Centre,0.9192728426017154
C009632,25.56,Genie,Cote-Nord,G0G,79453,13,252.2,0,0,Eloignee,0.017882673626135517
C013511,30.53,Sciences,Montreal,H3T,113186,9,9.4,0,1,Centre,0.9974912894680933
C013381,23.18,Sciences sociales,Montreal,H2X,146701,8,7.1,1,0,Centre,0.0008187925298924546
C001881,29.01,Arts et lettres,Gaspesie-Iles-de-la-Madeleine,G4X,69646,12,128.9,0,0,Eloignee,0.8612922052627662
C000329,27.82,Sciences sociales,Cote-Nord,G0G,27087,14,85.4,1,0,Eloignee,0.041555518906423505
C003384,30.52,Sciences sociales,Montreal,H2X,87674,8,5.3,1,1,Centre,0.9910124584440709
C002763,24.36,Sciences,Montreal,H8N,65240,8,18.5,0,0,Centre,0.00014312969508954926
C007912,29.43,Genie,Montreal,H4L,119056,5,22.2,0,1,Centre,0.8208351050394976
C006716,23.05,Sciences sociales,Capitale-Nationale,G3A,105899,7,14.7,0,0,Centre,0.0002124186000018841
C013341,28.49,Sciences,Capitale-Nationale,G3A,73066,7,35.0,0,1,Centre,0.6574105146003764
C003868,28.56,Sciences,Montreal,H4L,42655,8,14.8,0,1,Centre,0.4469298960446792
C005417,21.3,Sciences sociales,Montreal,H2X,159142,15,43.3,0,0,Centre,0.0006160545968490814
C011728,32.9,Genie,Bas-Saint-Laurent,G5L,21999,17,251.5,0,1,Eloignee,0.9936414936810236
C001512,26.86,Genie,Montreal,H4L,87727,9,7.5,1,0,Centre,0.12987337284520145
C013495,23.53,Genie,Montreal,H1A,67399,10,24.9,0,0,Centre,0.00011019973574729479
C008125,29.19,Sciences,Capitale-Nationale,G1V,82077,9,30.2,1,1,Centre,0.7454453402730372
C012997,25.15,Genie,Capitale-Nationale,G2E,70783,5,18.0,0,0,Centre,0.001178419451954445
C009450,25.61,Genie,Montreal,H4L,62927,13,15.1,0,0,Centre,0.009206276898334278
C012437,32.22,Genie,Montreal,H4L,57590,4,6.5,1,1,Centre,0.9990519265526305
C003206,33.55,Sciences,Montreal,H2X,73503,5,7.2,0,1,Centre,0.9995379041183583
C009914,28.45,Sciences sociales,Gaspesie-Iles-de-la-Madeleine,G0C,27312,15,170.4,1,0,Eloignee,0.5503269970746424
C005034,28.37,Arts et lettres,Capitale-Nationale,G3A,40845,10,26.7,1,1,Centre,0.46444495605855474
C013139,29.71,Sciences sociales,Bas-Saint-Laurent,G0L,76097,14,129.9,1,1,Eloignee,0.983000128176842
C006222,32.79,Arts et lettres,Montreal,H2X,64414,7,16.1,0,1,Centre,0.9998485931594521
C012573,24.4,Sante,Capitale-Nationale,G3A,133806,6,17.2,0,0,Centre,0.0005196585234067207
C003713,26.94,Sciences sociales,Bas-Saint-Laurent,G0L,19859,22,317.6,0,0,Eloignee,0.1695670155922767
C007856,25.83,Arts et lettres,Capitale-Nationale,G3A,52345,5,24.2,0,0,Centre,0.0012222534219093713
C009222,23.38,Genie,Montreal,H2X,64033,9,13.1,0,0,Centre,8.118118200799505e-05
C007930,26.48,Sciences,Capitale-Nationale,G1R,63044,11,20.9,1,0,Centre,0.03021582979581148
C008073,22.76,Arts et lettres,Bas-Saint-Laurent,G0L,25426,10,226.5,1,0,Eloignee,0.00037966402029507903
C008535,29.68,Sante,Cote-Nord,G5B,35434,16,74.1,0,0,Eloignee,0.947928921612353
C006060,23.26,Sante,Bas-Saint-Laurent,G5N,71568,15,126.3,0,0,Eloignee,0.0004512066977459206
C003813,30.09,Sante,Bas-Saint-Laurent,G5L,54433,10,405.4,1,1,Eloignee,0.8763133394986202
C010009,29.52,Sante,Gaspesie-Iles-de-la-Madeleine,G0C,70888,16,213.3,0,1,Eloignee,0.9764993593179101
C011044,30.28,Genie,Bas-Saint-Laurent,G5N,68437,8,259.5,0,1,Eloignee,0.9665001679023342
C011144,24.7,Sante,Montreal,H1A,53508,15,16.8,0,0,Centre,0.0009001763705082453
C001378,32.88,Arts et lettres,Bas-Saint-Laurent,G5N,110971,22,139.2,0,1,Eloignee,0.9928777357061875
C001479,23.79,Genie,Cote-Nord,G4R,59220,19,136.0,0,0,Eloignee,0.002648243296048689
C007091,31.82,Arts et lettres,Capitale-Nationale,G2E,54331,13,7.6,0,1,Centre,0.9998146426470922
C012403,25.65,Sciences sociales,Montreal,H8N,43039,10,59.6,0,0,Centre,0.016890912041682114
C006493,27.5,Sciences sociales,Montreal,H2X,125718,9,17.2,1,0,Centre,0.5741506332273151
C003425,29.86,Sante,Gaspesie-Iles-de-la-Madeleine,G0C,67685,9,169.1,0,1,Eloignee,0.9872533583885327
C001455,24.5,Sante,Bas-Saint-Laurent,G5N,36241,14,105.0,1,0,Eloignee,0.0001839627791429646
C004350,23.96,Sciences,Cote-Nord,G5B,44725,12,310.7,1,0,Eloignee,0.001408185496236436
C010984,28.68,Arts et lettres,Capitale-Nationale,G1V,41453,12,8.6,0,1,Centre,0.7024798186061654
C008780,32.86,Genie,Capitale-Nationale,G1V,58071,6,6.3,0,1,Centre,0.9991567352399057
C011320,29.79,Sciences sociales,Montreal,H4L,77311,13,6.1,1,1,Centre,0.9942889052778918
C003888,28.83,Genie,Montreal,H3T,45708,6,23.4,0,0,Centre,0.2549684452254695
C004042,28.25,Sciences,Montreal,H3T,38140,5,18.0,0,0,Centre,0.19587895110221296
C013675,27.36,Sciences sociales,Cote-Nord,G0G,36692,14,261.2,0,0,Eloignee,0.04993077047157597
C004636,32.42,Sciences,Capitale-Nationale,G1V,64320,9,39.2,0,1,Centre,0.9997403130334523
C013980,25.59,Sante,Gaspesie-Iles-de-la-Madeleine,G5C,50508,16,282.7,1,0,Eloignee,0.21869399170253023
C000017,32.83,Sciences sociales,Cote-Nord,G4R,40475,16,182.8,1,1,Eloignee,0.9991981617223213
C010386,21.07,Sciences,Montreal,H8N,120202,3,14.1,0,0,Centre,0.00018718884084460762
C004072,25.34,Arts et lettres,Cote-Nord,G0G,39213,18,293.4,1,0,Eloignee,0.3563634242533843
C001118,27.47,Sciences sociales,Montreal,H2X,43365,7,34.1,0,0,Centre,0.039062859973358594
C007888,28.94,Sciences,Capitale-Nationale,G1R,111245,8,62.1,0,1,Centre,0.8218300458233531
C008089,26.19,Genie,Montreal,H3T,39222,12,14.1,0,1,Centre,0.3179294626807292
C000831,29.46,Sciences sociales,Cote-Nord,G4R,28055,8,122.6,0,0,Eloignee,0.5803729748337118
C010488,26.1,Arts et lettres,Capitale-Nationale,G3A,75762,4,26.5,0,0,Centre,0.007099918709993629
C011892,30.72,Genie,Montreal,H2X,47847,5,40.0,0,1,Centre,0.9598965519036108
C004174,28.21,Sciences sociales,Bas-Saint-Laurent,G5N,31122,17,84.9,1,1,Eloignee,0.6097730730990012
C005803,24.57,Sciences sociales,Cote-Nord,G0G,33584,16,264.4,0,0,Eloignee,0.0048745473602497735
C007370,25.64,Sante,Gaspesie-Iles-de-la-Madeleine,G0C,48133,5,291.0,0,0,Eloignee,0.0011171725658709046
C006061,27.7,Sante,Cote-Nord,G5B,46417,15,257.8,1,1,Eloignee,0.4900837437721064
C007478,25.75,Arts et lettres,Cote-Nord,G0G,74042,11,237.9,1,0,Eloignee,0.02435806889804098
C012915,32.91,Sciences,Capitale-Nationale,G2E,17200,5,35.1,0,1,Centre,0.9991883999483241
C000351,28.33,Sante,Capitale-Nationale,G1V,111167,5,10.5,1,0,Centre,0.3997510658932134
C003042,26.9,Genie,Gaspesie-Iles-de-la-Madeleine,G4X,60325,10,399.0,0,0,Eloignee,0.1466875317212436
C007706,30.0,Genie,Capitale-Nationale,G1V,131611,5,23.1,0,1,Centre,0.9907637257096843
C007156,32.05,Sciences,Capitale-Nationale,G1R,44405,7,2.3,0,1,Centre,0.9995257998808443
C000887,23.15,Sciences,Capitale-Nationale,G1V,132816,13,16.9,0,0,Centre,0.00033889011483474464
C006012,31.74,Sante,Capitale-Nationale,G1R,94838,11,14.9,0,1,Centre,0.9998269766381727
C006479,26.79,Sciences sociales,Montreal,H3T,58313,12,24.0,0,1,Centre,0.6441309406203805
C005812,27.77,Sciences sociales,Montreal,H2X,56654,6,27.9,0,0,Centre,0.1500947185665646
C002150,25.11,Sciences,Montreal,H3T,77505,16,25.1,0,1,Centre,0.3529855711458063
C012060,27.92,Arts et lettres,Cote-Nord,G0G,34520,16,77.0,1,0,Eloignee,0.09090404895721568
C009037,22.1,Sciences,Gaspesie-Iles-de-la-Madeleine,G0C,85584,18,466.3,1,0,Eloignee,0.008656595232481537
C012479,21.07,Sciences sociales,Gaspesie-Iles-de-la-Madeleine,G0C,103914,5,209.4,1,0,Eloignee,0.00012147329907633943
C007951,27.04,Arts et lettres,Montreal,H2X,46269,8,11.1,0,0,Centre,0.12252006209176561
C007629,27.44,Genie,Montreal,H1A,18383,12,17.3,0,1,Centre,0.02413493751967309
C005581,26.62,Sante,Montreal,H4L,40261,9,23.9,0,0,Centre,0.007622999496554673
C005956,27.36,Sante,Gaspesie-Iles-de-la-Madeleine,G4X,138914,8,479.5,0,0,Eloignee,0.8073947382845538
C004305,29.83,Genie,Capitale-Nationale,G2E,138056,11,8.1,0,1,Centre,0.9984607711643572
C010958,28.18,Sante,Capitale-Nationale,G1V,97984,6,16.2,0,1,Centre,0.6440472704004581
C008279,29.65,Sciences,Montreal,H8N,64545,13,36.9,0,1,Centre,0.9941875784861438
C004095,26.58,Sciences,Capitale-Nationale,G3A,46395,9,14.2,0,0,Centre,0.009919380399829645
C002521,28.86,Sciences,Montreal,H3T,59067,14,20.7,0,1,Centre,0.9563743622562213
C003966,26.06,Sante,Capitale-Nationale,G1V,102130,5,14.8,0,0,Centre,0.006350695343135298
C001950,26.19,Sciences sociales,Gaspesie-Iles-de-la-Madeleine,G0C,34346,10,228.6,1,0,Eloignee,0.12734185694855532
C000793,27.91,Genie,Montreal,H1A,64167,12,1.2,0,1,Centre,0.5521364656011962
C012631,27.69,Sante,Gaspesie-Iles-de-la-Madeleine,G4X,96010,11,260.1,0,0,Eloignee,0.5901084337708978
C006884,28.1,Sciences,Montreal,H1A,111986,6,51.0,0,1,Centre,0.6730996321831452
C000153,29.5,Arts et lettres,Cote-Nord,G5B,24150,15,218.5,1,0,Eloignee,0.8781115086619758
C009158,30.53,Genie,Montreal,H3T,90238,10,5.8,0,1,Centre,0.9982920143250636
C001101,26.14,Sciences sociales,Montreal,H8N,179596,16,20.0,0,1,Centre,0.860778171659939
C005227,25.55,Sante,Montreal,H3T,58875,6,25.9,0,0,Centre,0.003713277682670796
C005284,27.6,Sante,Gaspesie-Iles-de-la-Madeleine,G0C,47623,15,162.2,1,0,Eloignee,0.36914534168337476
C003063,29.64,Sciences sociales,Cote-Nord,G0G,28271,8,157.5,1,0,Eloignee,0.831474404370309
C001776,30.02,Arts et lettres,Gaspesie-Iles-de-la-Madeleine,G5C,64499,10,90.9,0,1,Eloignee,0.867948242425319
C012405,35.48,Sante,Capitale-Nationale,G2E,89226,7,6.8,0,1,Centre,0.9998550201809981
C008122,23.83,Sciences sociales,Cote-Nord,G4R,104111,10,280.9,0,0,Eloignee,0.00025641714592968413
C004228,29.79,Sciences,Capitale-Nationale,G3A,86643,4,4.9,0,1,Centre,0.9833942774419099
C009526,31.04,Genie,Montreal,H2X,88460,14,4.6,1,1,Centre,0.9966553575900693
C001696,25.81,Genie,Capitale-Nationale,G2E,91483,12,11.6,0,0,Centre,0.02621191677731169
C013370,26.45,Arts et lettres,Bas-Saint-Laurent,G0L,66415,15,118.9,0,0,Eloignee,0.19462240062039277
C012686,23.72,Sciences,Gaspesie-Iles-de-la-Madeleine,G0C,36785,13,178.5,1,0,Eloignee,0.0002134634129315026
C013637,26.47,Arts et lettres,Montreal,H8N,116010,17,5.8,0,1,Centre,0.9138581304713808
C013282,23.39,Genie,Montreal,H3T,119343,7,17.7,0,0,Centre,0.00017151069016582834
C008654,29.37,Arts et lettres,Gaspesie-Iles-de-la-Madeleine,G5C,58743,14,116.1,1,1,Eloignee,0.9763621497576859
C010418,33.7,Sciences sociales,Montreal,H3T,83525,8,18.9,1,1,Centre,0.9996947465419445
C002453,30.42,Arts et lettres,Gaspesie-Iles-de-la-Madeleine,G5C,24040,9,134.3,1,1,Eloignee,0.9762880243612089
C010715,29.09,Sciences,Montreal,H2X,180360,12,13.3,0,1,Centre,0.9880295748721827
C013268,26.69,Arts et lettres,Gaspesie-Iles-de-la-Madeleine,G0C,135754,13,116.6,1,0,Eloignee,0.65365377615476
C004964,30.26,Genie,Montreal,H3T,31455,9,25.2,1,1,Centre,0.9697595981276863
C013284,26.28,Sante,Gaspesie-Iles-de-la-Madeleine,G4X,58669,10,241.0,0,0,Eloignee,0.03373336893492916
C000716,18.01,Arts et lettres,Capitale-Nationale,G2E,53193,13,12.8,0,0,Centre,0.000156382744853519
C006128,26.48,Genie,Capitale-Nationale,G3A,93120,11,3.7,0,0,Centre,0.16831378785316986
C009622,29.87,Sante,Montreal,H2X,42350,9,6.3,0,0,Centre,0.950607899690309
C002614,28.05,Arts et lettres,Capitale-Nationale,G3A,76819,8,7.1,0,0,Centre,0.3538994904666673
C012162,26.09,Sante,Gaspesie-Iles-de-la-Madeleine,G0C,87799,15,135.0,1,0,Eloignee,0.5507750126379436
C008354,30.57,Arts et lettres,Bas-Saint-Laurent,G5N,34787,8,75.4,1,0,Eloignee,0.9856565414563102
C002086,25.36,Sante,Montreal,H8N,84348,15,11.5,0,0,Centre,0.1448952693520368
C011052,31.13,Sante,Bas-Saint-Laurent,G5L,76190,14,274.4,1,1,Eloignee,0.9986600585811184
C007482,32.55,Sciences,Capitale-Nationale,G3A,84271,11,6.7,1,1,Centre,0.9996404554123914
C006599,23.35,Sciences,Montreal,H1A,101913,14,1.9,0,0,Centre,0.00031328186167281475
C008456,30.4,Genie,Montreal,H4L,94588,11,24.0,0,1,Centre,0.9950187368878247
C011025,30.35,Sante,Montreal,H4L,108989,8,16.8,0,1,Centre,0.9967583708177034
C009333,25.59,Arts et lettres,Montreal,H1A,99248,11,26.8,0,0,Centre,0.015604566116352057
C001791,23.49,Arts et lettres,Cote-Nord,G5B,19508,15,423.7,0,0,Eloignee,0.0006828307805652861
C012183,30.37,Sante,Bas-Saint-Laurent,G0L,89146,12,171.5,1,1,Eloignee,0.9946984145501534
C005180,30.78,Sciences,Cote-Nord,G5B,62474,17,351.5,1,1,Eloignee,0.9773123663286828
C008164,24.95,Genie,Gaspesie-Iles-de-la-Madeleine,G5C,50698,8,213.3,0,1,Eloignee,0.005850395513683551
C010412,29.13,Sciences,Montreal,H4L,66047,10,12.2,0,1,Centre,0.859298571122608
C011284,26.09,Arts et lettres,Montreal,H8N,37747,5,13.3,0,0,Centre,0.004554102739216587
C010755,28.4,Genie,Montreal,H3T,35398,8,20.1,1,0,Centre,0.2828291722183897
C005176,26.04,Sante,Montreal,H4L,85413,8,37.2,0,0,Centre,0.019304619240022976
C001874,24.06,Sciences,Gaspesie-Iles-de-la-Madeleine,G4X,70783,7,522.0,0,0,Eloignee,0.00015594596194882675
C011311,25.62,Sciences,Capitale-Nationale,G3A,144455,7,28.1,0,0,Centre,0.05760349409581884
C012747,29.09,Sciences sociales,Gaspesie-Iles-de-la-Madeleine,G4X,61862,15,121.0,1,1,Eloignee,0.9482957861145048
C006965,29.1,Sciences,Montreal,H1A,66559,8,20.1,0,1,Centre,0.7337938145307262
C013810,30.39,Sciences,Bas-Saint-Laurent,G5L,67003,13,147.5,0,1,Eloignee,0.9966870649022832
C001296,25.68,Sciences,Montreal,H4L,92290,6,9.7,0,0,Centre,0.014942644782339688
C003698,26.85,Genie,Bas-Saint-Laurent,G0L,64046,6,330.8,1,0,Eloignee,0.010565090256488793
C003903,25.69,Sciences,Gaspesie-Iles-de-la-Madeleine,G5C,23999,12,163.4,0,0,Eloignee,0.033429220552180054
C000441,26.34,Genie,Bas-Saint-Laurent,G5N,68826,13,392.3,0,0,Eloignee,0.10710214187423195
C004577,26.61,Sciences sociales,Gaspesie-Iles-de-la-Madeleine,G4X,79177,8,201.0,0,0,Eloignee,0.07645307604943431
C000412,28.03,Sante,Capitale-Nationale,G1R,98175,11,11.8,0,1,Centre,0.7907988546415821
C003974,26.5,Genie,Capitale-Nationale,G1V,90425,15,33.8,0,1,Centre,0.5423546558864863
C005817,27.03,Sciences sociales,Montreal,H1A,50300,12,6.3,0,1,Centre,0.6019162715481032
C001849,21.2,Sciences sociales,Gaspesie-Iles-de-la-Madeleine,G0C,68979,15,76.4,1,0,Eloignee,0.00037563337847230157
C000306,27.93,Sciences,Gaspesie-Iles-de-la-Madeleine,G0C,52209,19,201.0,1,0,Eloignee,0.48591107064988603
C002093,22.92,Genie,Capitale-Nationale,G1R,34419,9,35.2,0,0,Centre,0.00012394849739269035
C006924,27.25,Sciences sociales,Montreal,H2X,77200,12,9.4,0,0,Centre,0.21380643351078388
C008193,31.42,Genie,Montreal,H2X,60047,7,10.6,0,1,Centre,0.9878780522604295
C008797,27.46,Sante,Gaspesie-Iles-de-la-Madeleine,G4X,131898,11,127.5,0,0,Eloignee,0.6266079368671058
C006264,30.17,Genie,Montreal,H1A,33490,10,11.6,0,0,Centre,0.5326624109921593
C009978,24.39,Sciences sociales,Montreal,H2X,62769,13,8.2,0,0,Centre,0.00015468217536347516
C011126,25.92,Sante,Gaspesie-Iles-de-la-Madeleine,G4X,66051,15,310.8,0,0,Eloignee,0.10208011681321918
C009841,27.1,Arts et lettres,Montreal,H8N,59215,4,18.4,1,0,Centre,0.088912777875507
C006774,27.35,Sciences,Gaspesie-Iles-de-la-Madeleine,G0C,132268,13,197.1,0,0,Eloignee,0.579025741735493
C005255,25.46,Arts et lettres,Gaspesie-Iles-de-la-Madeleine,G4X,57775,15,85.5,1,0,Eloignee,0.027470573558126064
C004087,21.57,Sciences,Capitale-Nationale,G1R,128993,7,15.6,0,0,Centre,0.00020570081834699676
C002305,25.99,Sciences,Bas-Saint-Laurent,G0L,79007,16,177.4,1,0,Eloignee,0.9020132217752849
C009314,30.28,Sciences,Montreal,H1A,72786,8,3.7,1,1,Centre,0.9424015239048504
C002592,26.26,Arts et lettres,Gaspesie-Iles-de-la-Madeleine,G5C,51451,13,428.5,1,0,Eloignee,0.3583635396790241
C012590,22.02,Genie,Gaspesie-Iles-de-la-Madeleine,G4X,96188,10,283.8,0,0,Eloignee,0.0001992212371745494
C001553,22.67,Genie,Bas-Saint-Laurent,G5N,63457,14,210.4,0,0,Eloignee,8.0708748743364e-05
C010690,23.89,Sciences sociales,Montreal,H3T,48628,4,19.2,0,0,Centre,0.0001097613441912036
C009166,27.49,Sante,Bas-Saint-Laurent,G5L,45309,12,146.3,1,0,Eloignee,0.19315082012174659
C007469,25.26,Arts et lettres,Bas-Saint-Laurent,G0L,46794,14,222.5,0,0,Eloignee,0.013268472094338247
C005390,27.64,Sciences,Montreal,H2X,49702,4,23.2,0,0,Centre,0.06942322930883929
C006525,28.34,Sciences sociales,Cote-Nord,G0G,39183,15,203.7,0,1,Eloignee,0.8155308841483695
C009577,28.27,Sciences sociales,Montreal,H3T,108144,10,16.4,0,1,Centre,0.8836109941515332
C010689,27.79,Sciences,Montreal,H3T,78698,8,21.6,0,0,Centre,0.3456353414072262
C009300,33.75,Sciences,Montreal,H1A,70883,5,18.1,0,1,Centre,0.9994947774231262
C005072,22.32,Genie,Bas-Saint-Laurent,G5L,43970,11,29.3,0,0,Eloignee,0.0002257488730688306
C011672,24.92,Sciences sociales,Capitale-Nationale,G1R,51318,11,26.8,1,0,Centre,0.006182721737213032
C010202,29.87,Sciences sociales,Capitale-Nationale,G1R,96364,11,36.1,0,1,Centre,0.9934704663358933
C004983,24.58,Sciences,Montreal,H2X,55829,8,29.9,0,0,Centre,0.00015677069926627802
C009011,23.55,Genie,Gaspesie-Iles-de-la-Madeleine,G5C,27637,14,259.5,1,0,Eloignee,9.899398715950364e-05
C002499,23.44,Genie,Montreal,H2X,89349,12,19.7,1,0,Centre,0.0002809108873149082
C000526,27.9,Sante,Gaspesie-Iles-de-la-Madeleine,G0C,39849,14,88.0,0,0,Eloignee,0.20675112749040112
C008670,28.83,Arts et lettres,Montreal,H2X,95994,13,53.6,1,1,Centre,0.9217773606223014
C006191,23.28,Sante,Bas-Saint-Laurent,G0L,56477,14,128.0,1,0,Eloignee,0.00011873512926075277
C012627,23.08,Genie,Bas-Saint-Laurent,G0L,31904,15,284.0,0,0,Eloignee,0.00035627234486793015
C001496,29.51,Sciences sociales,Capitale-Nationale,G2E,94447,15,22.0,0,1,Centre,0.9632616546117133
C007118,32.69,Arts et lettres,Montreal,H3T,51809,6,12.6,0,1,Centre,0.9996377751367209
C012937,27.06,Sciences sociales,Montreal,H1A,58304,8,27.3,1,0,Centre,0.1746750917967058
C000836,28.14,Genie,Capitale-Nationale,G1R,97573,11,15.6,0,1,Centre,0.8633534189217192
C007993,31.81,Sciences sociales,Montreal,H1A,78528,12,32.7,1,1,Centre,0.9997933130189212
C004959,27.12,Sciences,Montreal,H1A,64769,7,37.4,0,0,Centre,0.08307925966881903
C000256,25.96,Sciences sociales,Montreal,H8N,46099,6,12.8,1,0,Centre,0.0016498119438659864
C004560,29.28,Genie,Cote-Nord,G5B,106138,15,134.1,1,0,Eloignee,0.9914931914077203
C008441,32.98,Sciences,Capitale-Nationale,G1V,45628,13,30.9,0,1,Centre,0.9998747385366105
C003495,28.26,Genie,Montreal,H4L,66845,12,13.9,0,1,Centre,0.6722520945296866
C012964,31.89,Genie,Montreal,H1A,72313,5,27.9,1,1,Centre,0.9992539793637379
C005844,27.89,Sciences,Bas-Saint-Laurent,G5L,49469,12,110.5,0,1,Eloignee,0.43178230502664894
C010727,26.54,Genie,Montreal,H3T,81128,9,58.4,0,0,Centre,0.05511198306239026
C006085,25.51,Sciences sociales,Gaspesie-Iles-de-la-Madeleine,G5C,20262,10,147.0,1,0,Eloignee,0.01683915350023373
C007277,27.33,Arts et lettres,Cote-Nord,G4R,53284,10,152.3,1,0,Eloignee,0.08456301702523367
C009738,32.39,Sciences sociales,Bas-Saint-Laurent,G0L,37219,11,265.7,1,0,Eloignee,0.9996900210032468
C007093,24.94,Sante,Montreal,H4L,75620,13,2.9,1,0,Centre,0.013052772164610068
C003976,23.5,Genie,Gaspesie-Iles-de-la-Madeleine,G4X,65200,16,190.2,1,0,Eloignee,0.0016915578286590502
C003746,26.73,Sciences sociales,Montreal,H1A,126558,15,9.4,0,0,Centre,0.420866421206758
C005757,31.43,Genie,Montreal,H1A,86471,8,30.4,1,1,Centre,0.999328107038692
C004025,24.76,Sciences,Montreal,H3T,48650,7,1.6,0,0,Centre,0.00016431458059262702
C013867,25.67,Arts et lettres,Cote-Nord,G4R,34221,9,232.9,1,0,Eloignee,0.013315698114627753
C006421,23.96,Sciences,Montreal,H8N,94490,7,23.3,0,0,Centre,0.0021482144045040334
C005485,25.82,Sciences sociales,Bas-Saint-Laurent,G5L,28933,16,266.0,1,0,Eloignee,0.07886173247671442
C001925,23.74,Sante,Montreal,H1A,56936,7,5.6,0,0,Centre,9.19223887815481e-05
C008244,30.98,Arts et lettres,Montreal,H8N,59312,10,27.1,1,1,Centre,0.9963806046498278
C004462,27.92,Genie,Capitale-Nationale,G2E,60393,4,39.5,1,0,Centre,0.09331692150331136
C006004,31.26,Genie,Montreal,H2X,92852,7,9.3,0,1,Centre,0.9992531172182458
C010938,24.9,Arts et lettres,Cote-Nord,G5B,115918,15,140.5,1,0,Eloignee,0.05974767862173854
C002009,29.91,Arts et lettres,Cote-Nord,G5B,46880,14,156.5,0,1,Eloignee,0.9981729151274557
C008176,32.75,Sciences,Montreal,H2X,74463,10,28.8,0,1,Centre,0.9998172833385293
C000321,27.77,Genie,Cote-Nord,G4R,34928,18,258.0,0,0,Eloignee,0.10818480656548447
C013135,28.68,Sciences sociales,Montreal,H3T,69549,8,4.6,0,0,Centre,0.6183796115271574
C003463,30.56,Sciences,Capitale-Nationale,G2E,76856,7,9.0,1,1,Centre,0.9929320343990403
C003250,28.64,Sciences sociales,Montreal,H8N,80006,10,8.1,0,1,Centre,0.8426066003391988
C009573,25.78,Sciences,Montreal,H8N,130018,5,13.8,0,0,Centre,0.0017582998908737134
C012708,23.31,Sciences sociales,Bas-Saint-Laurent,G5N,53054,10,310.9,0,0,Eloignee,0.00015993224810515139
C012701,27.2,Sciences,Montreal,H1A,82258,12,27.3,0,0,Centre,0.4270317919922631
C004346,31.14,Genie,Montreal,H4L,75917,10,8.1,0,1,Centre,0.9991026872090639
C012310,28.6,Genie,Montreal,H4L,51363,10,18.7,0,0,Centre,0.42618869101683365
C000732,27.17,Genie,Cote-Nord,G5B,157776,10,162.9,0,1,Eloignee,0.8629715396157854
C000868,25.19,Genie,Montreal,H4L,71708,12,10.5,0,0,Centre,0.005021675209027081
C013088,25.02,Sciences,Gaspesie-Iles-de-la-Madeleine,G0C,42882,14,211.1,0,0,Eloignee,0.007269513795103006
C008291,30.63,Sciences,Bas-Saint-Laurent,G5N,53755,10,158.0,1,1,Eloignee,0.9791151894141116
C009963,28.29,Sciences,Montreal,H4L,65092,9,11.1,0,1,Centre,0.5815764476829169
C000378,33.62,Genie,Montreal,H3T,66196,9,14.1,0,1,Centre,0.9998515158182569
C010664,29.95,Genie,Montreal,H4L,54851,12,30.1,0,1,Centre,0.9829853172667519
C006200,27.38,Genie,Capitale-Nationale,G3A,83225,13,18.4,0,0,Centre,0.35865264217239123
C011517,23.34,Arts et lettres,Capitale-Nationale,G2E,51249,5,4.1,0,0,Centre,0.00015743172229507952
C003468,31.3,Sciences sociales,Montreal,H4L,157660,9,8.7,1,1,Centre,0.9997878775352942
C011308,26.1,Arts et lettres,Cote-Nord,G0G,78248,15,187.6,1,0,Eloignee,0.5779947171899659
C003539,33.99,Sciences,Gaspesie-Iles-de-la-Madeleine,G0C,38026,18,279.0,0,1,Eloignee,0.9988906760626042
C010479,30.32,Genie,Bas-Saint-Laurent,G0L,40922,9,217.6,1,1,Eloignee,0.9442909324220697
C000860,29.62,Genie,Gaspesie-Iles-de-la-Madeleine,G0C,123880,8,315.5,1,1,Eloignee,0.9805623135838791
C002696,29.46,Sciences sociales,Montreal,H8N,41613,10,4.6,0,1,Centre,0.6716018325922403
C003594,27.2,Arts et lettres,Montreal,H4L,90421,4,31.6,0,0,Centre,0.10000658654563332
C009205,31.39,Genie,Cote-Nord,G0G,125051,21,137.2,1,1,Eloignee,0.9953313939032411
C007915,25.32,Sciences,Montreal,H2X,67185,7,17.1,0,0,Centre,0.0023467954287778314
C006654,29.23,Sante,Montreal,H8N,84433,12,44.7,1,0,Centre,0.8528471370096151
C012203,28.46,Genie,Bas-Saint-Laurent,G0L,26649,13,155.4,0,0,Eloignee,0.21811775976864112
C010494,29.09,Genie,Montreal,H1A,69709,9,25.1,0,1,Centre,0.8227037780498611
C008387,26.7,Sante,Cote-Nord,G0G,39049,18,72.2,1,0,Eloignee,0.5151656488864407
C010906,29.83,Arts et lettres,Cote-Nord,G5B,25912,10,332.9,0,0,Eloignee,0.9629163477862704
C008410,24.73,Genie,Gaspesie-Iles-de-la-Madeleine,G4X,85737,14,203.6,1,0,Eloignee,0.0006655272194042456
C010462,31.29,Sciences,Capitale-Nationale,G2E,71322,5,5.1,0,1,Centre,0.9695980730028785
C012493,29.87,Sante,Montreal,H4L,77974,11,17.6,0,1,Centre,0.9966580954598134
C008329,25.15,Arts et lettres,Montreal,H3T,72997,9,37.3,1,0,Centre,0.008001497105921698
C004534,23.05,Sciences,Montreal,H2X,47057,8,12.4,0,0,Centre,9.679812288703558e-05
C005133,33.3,Sciences sociales,Bas-Saint-Laurent,G5N,53288,18,243.8,0,1,Eloignee,0.9974127081872901
C004781,33.33,Arts et lettres,Cote-Nord,G5B,88458,16,335.7,0,1,Eloignee,0.9816328171833462
C005327,30.35,Arts et lettres,Montreal,H4L,41587,7,22.7,1,1,Centre,0.9499907005411083
C000522,25.75,Arts et lettres,Capitale-Nationale,G1R,58451,6,26.8,1,0,Centre,0.0032040526680111063
C009616,25.31,Sante,Capitale-Nationale,G1V,60642,9,10.0,0,0,Centre,0.00688483314027373
C005989,29.42,Sciences,Gaspesie-Iles-de-la-Madeleine,G0C,62306,10,58.4,0,0,Eloignee,0.6630685011601044
C008806,30.41,Sante,Montreal,H2X,91624,6,15.2,0,1,Centre,0.9950114002474001
C006649,28.3,Sciences sociales,Gaspesie-Iles-de-la-Madeleine,G5C,44969,14,206.6,1,0,Eloignee,0.7109277302777047
C013600,29.47,Sciences,Montreal,H3T,195052,7,8.6,0,1,Centre,0.9937119297236107
C011874,27.29,Sciences,Capitale-Nationale,G2E,34673,5,19.9,1,0,Centre,0.05171135011128377
C007113,28.04,Sante,Bas-Saint-Laurent,G5N,37086,11,255.9,0,0,Eloignee,0.1688054004010597
C004363,22.41,Arts et lettres,Cote-Nord,G0G,33211,7,467.8,1,0,Eloignee,0.00019381779056836987
C011305,28.21,Genie,Montreal,H2X,55345,12,42.5,0,0,Centre,0.4047922609324101
C004330,32.37,Sciences sociales,Montreal,H4L,84257,11,24.3,0,1,Centre,0.9992857415062023
C001541,31.85,Arts et lettres,Bas-Saint-Laurent,G5L,47550,7,140.1,0,1,Eloignee,0.9989007987088648
C000314,26.92,Arts et lettres,Gaspesie-Iles-de-la-Madeleine,G0C,37279,11,66.3,1,0,Eloignee,0.09633464054743636
C006777,26.91,Sante,Cote-Nord,G4R,45681,9,260.9,0,0,Eloignee,0.01519592896078017
C008824,33.3,Sciences,Montreal,H3T,41602,10,9.5,0,1,Centre,0.9997411952300088
C003683,28.38,Sciences,Cote-Nord,G0G,97172,9,180.7,1,0,Eloignee,0.6057159518080999
C009310,31.18,Arts et lettres,Montreal,H8N,95453,10,19.2,1,1,Centre,0.9961237333858302
C006417,25.64,Arts et lettres,Gaspesie-Iles-de-la-Madeleine,G4X,40612,8,109.3,0,0,Eloignee,0.003385183920993513
C009070,27.43,Arts et lettres,Montreal,H8N,53115,8,8.7,1,0,Centre,0.07654744462005282
C007557,25.51,Genie,Montreal,H1A,57204,5,26.6,1,0,Centre,0.0014108711125231865
C009680,28.07,Sciences,Bas-Saint-Laurent,G5L,30709,18,257.9,1,0,Eloignee,0.49825418962413576
C010174,26.61,Sciences,Montreal,H4L,94111,8,3.7,1,0,Centre,0.1369709751849775
C006054,30.25,Arts et lettres,Bas-Saint-Laurent,G5N,102645,15,321.5,0,1,Eloignee,0.9976132088774174
C008930,27.72,Sante,Montreal,H4L,69251,8,15.2,0,1,Centre,0.4323659244283162
C012222,31.14,Sciences sociales,Montreal,H3T,44186,11,12.2,1,1,Centre,0.9996585424685944
C013430,33.54,Genie,Capitale-Nationale,G3A,61460,14,4.9,1,1,Centre,0.9998692895827882
C001123,27.3,Sante,Bas-Saint-Laurent,G0L,58991,10,103.0,1,0,Eloignee,0.1220063656569847
C006882,26.63,Sante,Montreal,H2X,66440,9,10.9,0,1,Centre,0.014980687459769628
C013346,28.61,Sciences sociales,Bas-Saint-Laurent,G0L,65117,8,372.9,0,0,Eloignee,0.6641829428990237
C012363,26.23,Arts et lettres,Gaspesie-Iles-de-la-Madeleine,G0C,58947,9,130.6,0,0,Eloignee,0.019415613687184172
C004746,28.88,Genie,Capitale-Nationale,G1V,44323,11,28.6,0,1,Centre,0.7249804689833769
C012229,25.17,Sciences sociales,Bas-Saint-Laurent,G0L,29459,12,67.4,1,0,Eloignee,0.019517151047472023
C001757,26.21,Sciences,Montreal,H3T,96222,5,4.9,0,0,Centre,0.0034187110295677415
C004998,26.47,Sciences sociales,Capitale-Nationale,G2E,105299,9,20.7,0,0,Centre,0.10807488428223617
C002407,30.13,Arts et lettres,Gaspesie-Iles-de-la-Madeleine,G4X,47724,12,95.8,0,0,Eloignee,0.9551254025344866
C007884,23.72,Genie,Capitale-Nationale,G1R,166371,10,24.6,0,0,Centre,0.0003744043120721567
C010714,28.28,Sciences,Montreal,H3T,89203,10,10.3,0,1,Centre,0.7898488073135839
C010701,24.55,Sciences,Montreal,H1A,65480,9,14.8,1,0,Centre,0.00014332592899846775
C004576,27.8,Genie,Montreal,H4L,208988,13,7.0,0,1,Centre,0.9573275639727664
C004097,20.05,Sciences sociales,Capitale-Nationale,G2E,69004,6,19.1,0,0,Centre,8.710812638003549e-05
C008575,25.98,Sciences sociales,Cote-Nord,G4R,78474,12,62.9,1,0,Eloignee,0.4289654382147485
C002215,25.76,Sciences sociales,Montreal,H3T,97687,8,52.6,0,0,Centre,0.009234494634761947
C012731,25.19,Sante,Montreal,H2X,50267,12,51.3,1,0,Centre,0.06218442856292762
C001382,24.75,Sciences,Montreal,H1A,25237,5,15.7,1,0,Centre,0.0002195511156241474
C009326,23.51,Arts et lettres,Montreal,H3T,93553,11,32.1,0,0,Centre,0.0025968363450522064
C007687,27.35,Sante,Bas-Saint-Laurent,G0L,52377,8,113.0,1,0,Eloignee,0.06876957069142459
C009642,27.97,Genie,Montreal,H4L,61271,11,17.1,0,1,Centre,0.4438866450412166
C004787,25.85,Arts et lettres,Gaspesie-Iles-de-la-Madeleine,G0C,114569,13,125.5,0,0,Eloignee,0.030680586883560186
C004779,24.55,Sciences,Gaspesie-Iles-de-la-Madeleine,G0C,42332,11,142.3,0,0,Eloignee,0.00021673992645067044
C012034,22.26,Genie,Gaspesie-Iles-de-la-Madeleine,G4X,46550,18,377.6,0,0,Eloignee,0.003964459950008017
C003210,30.81,Sante,Montreal,H3T,91892,11,2.7,0,1,Centre,0.998962001025343
C003349,25.02,Sante,Capitale-Nationale,G3A,85128,7,22.4,1,0,Centre,0.0037378953836484335
C009761,26.71,Sciences sociales,Gaspesie-Iles-de-la-Madeleine,G5C,80784,17,688.7,0,0,Eloignee,0.9084415542532516
C008305,28.24,Sciences sociales,Gaspesie-Iles-de-la-Madeleine,G5C,69047,10,185.2,0,0,Eloignee,0.6513086123675008
C006932,21.2,Genie,Montreal,H3T,88451,11,34.4,0,0,Centre,0.0002550527222592463
C001823,27.51,Sciences,Capitale-Nationale,G2E,58649,5,27.5,1,0,Centre,0.20121226780578938
C005686,25.74,Sciences sociales,Capitale-Nationale,G1R,56007,8,5.0,0,1,Centre,0.0032925822072279597
C005332,26.47,Sciences sociales,Montreal,H4L,44545,12,8.2,0,0,Centre,0.03590457751164494
C012644,24.89,Genie,Cote-Nord,G4R,44410,15,121.3,0,0,Eloignee,0.05362553476702584
C004908,31.57,Sciences sociales,Capitale-Nationale,G1V,62920,9,45.4,0,1,Centre,0.9997168548109181
C010144,28.6,Sciences sociales,Gaspesie-Iles-de-la-Madeleine,G4X,48023,13,250.9,0,1,Eloignee,0.8696987409143386
C001107,23.33,Sante,Cote-Nord,G0G,66558,18,133.2,1,0,Eloignee,0.0033719314950671157
C002629,27.91,Sciences sociales,Bas-Saint-Laurent,G5L,69386,11,193.1,0,0,Eloignee,0.49991072061125097
C004844,23.91,Genie,Gaspesie-Iles-de-la-Madeleine,G0C,68465,14,448.2,0,0,Eloignee,7.953219612385407e-05
C006187,25.92,Sciences,Bas-Saint-Laurent,G5L,22994,11,131.6,1,0,Eloignee,0.057674457153163126
C013688,29.11,Sciences,Cote-Nord,G5B,125444,13,309.0,1,1,Eloignee,0.9369560216727947
C001022,23.59,Sciences sociales,Gaspesie-Iles-de-la-Madeleine,G4X,29332,7,262.5,0,0,Eloignee,0.0001260618350986012
C009610,24.37,Genie,Montreal,H1A,43668,12,13.1,0,0,Centre,0.001110193341030391
C007939,26.61,Sciences sociales,Capitale-Nationale,G3A,163182,11,30.4,0,1,Centre,0.5488138602160864
C012052,30.01,Sciences,Montreal,H1A,69104,11,26.4,0,1,Centre,0.9903742595167995
C002590,26.22,Sciences sociales,Capitale-Nationale,G3A,100554,7,36.2,0,0,Centre,0.08202442106028081
C011151,27.69,Genie,Capitale-Nationale,G1V,130981,8,9.3,0,0,Centre,0.5502934984823972
C012307,27.89,Sciences,Montreal,H8N,27457,13,8.2,0,0,Centre,0.07217769856953153
C009243,29.22,Arts et lettres,Montreal,H2X,58570,10,25.8,0,0,Centre,0.6238682728465578
C010475,27.35,Sciences sociales,Montreal,H2X,75257,7,25.6,0,0,Centre,0.20974425590997692
C007564,25.66,Sante,Montreal,H3T,184998,11,20.7,0,0,Centre,0.08187287122093365
C008841,24.46,Genie,Capitale-Nationale,G1R,50260,12,18.4,1,0,Centre,0.0011994371805288098
C007116,23.88,Genie,Bas-Saint-Laurent,G5L,55794,5,146.4,1,0,Eloignee,7.164977079986265e-05
C008873,28.69,Arts et lettres,Gaspesie-Iles-de-la-Madeleine,G5C,50109,9,65.4,1,0,Eloignee,0.5052788189206657
C012826,28.37,Sciences sociales,Bas-Saint-Laurent,G0L,51249,9,201.4,1,0,Eloignee,0.6183400175904844
C009227,22.9,Arts et lettres,Gaspesie-Iles-de-la-Madeleine,G4X,45244,14,295.6,0,0,Eloignee,0.00019334004066029492
C012412,22.37,Genie,Bas-Saint-Laurent,G5N,74007,14,130.4,0,0,Eloignee,8.616732665705578e-05
C006425,30.07,Arts et lettres,Montreal,H4L,60701,11,17.1,0,1,Centre,0.9089201522418403
C005878,25.42,Genie,Bas-Saint-Laurent,G5L,31503,14,109.9,0,0,Eloignee,0.024674867710932535
C010880,28.64,Sciences,Montreal,H8N,154467,7,21.8,0,0,Centre,0.6780011816358761
C012608,31.67,Genie,Gaspesie-Iles-de-la-Madeleine,G0C,66213,15,212.6,0,1,Eloignee,0.9988448232115715
C003487,27.23,Sciences,Capitale-Nationale,G3A,57298,9,6.7,0,0,Centre,0.09046891969894921
C009106,33.64,Sciences,Bas-Saint-Laurent,G5N,59664,16,228.0,1,1,Eloignee,0.9983386642172268
C003953,25.53,Sciences,Capitale-Nationale,G3A,44919,7,5.9,0,0,Centre,0.001737370636115633
C007562,30.95,Sciences,Montreal,H4L,116584,10,26.0,0,1,Centre,0.9981134927720461
C011193,29.53,Sciences sociales,Montreal,H4L,119668,5,18.0,1,0,Centre,0.41824656481086625
C009461,29.62,Genie,Montreal,H4L,39061,11,14.2,0,0,Centre,0.5688255259936649
C013798,31.96,Sante,Bas-Saint-Laurent,G5L,132542,14,111.5,0,1,Eloignee,0.9998615933360129
C012452,26.57,Genie,Montreal,H1A,50767,1,11.0,0,0,Centre,0.0059384113864342355
C000737,25.21,Sante,Gaspesie-Iles-de-la-Madeleine,G0C,59829,12,70.0,1,0,Eloignee,0.011506707301972115
C011071,27.72,Sciences sociales,Bas-Saint-Laurent,G0L,47474,15,166.9,1,0,Eloignee,0.32790092289449135
C013732,27.6,Arts et lettres,Montreal,H1A,96192,7,8.8,0,0,Centre,0.5324556238771014
C013400,26.2,Genie,Bas-Saint-Laurent,G0L,39811,13,132.6,1,0,Eloignee,0.24010874966521223
C009268,22.22,Genie,Montreal,H1A,61760,8,9.9,0,0,Centre,8.889325078477679e-05
C007239,25.45,Sciences sociales,Montreal,H1A,62974,8,9.1,1,0,Centre,0.0018840388612801535
C006135,26.68,Sante,Cote-Nord,G4R,44437,10,270.9,1,0,Eloignee,0.02380210529983051
C001894,29.34,Sante,Montreal,H4L,65442,9,6.7,0,1,Centre,0.9042010055720282
C008048,30.23,Arts et lettres,Montreal,H1A,38977,14,40.3,1,1,Centre,0.9902828709320063
C005865,27.45,Sciences,Montreal,H8N,80776,6,29.3,1,0,Centre,0.08979091773588575
C011806,27.92,Genie,Cote-Nord,G4R,74550,8,302.7,0,0,Eloignee,0.5157049212335608
C007525,30.17,Arts et lettres,Gaspesie-Iles-de-la-Madeleine,G5C,16731,9,157.1,0,0,Eloignee,0.8440403680092236
C013006,25.17,Sante,Gaspesie-Iles-de-la-Madeleine,G5C,45460,12,176.9,1,0,Eloignee,0.03853977599365945
C004696,28.5,Sante,Montreal,H3T,43903,7,58.6,0,0,Centre,0.7503525150542694
C009447,22.72,Sciences sociales,Cote-Nord,G0G,47327,18,95.3,0,0,Eloignee,0.0012442843283198939
C010142,29.77,Sante,Bas-Saint-Laurent,G5L,17400,9,195.9,0,0,Eloignee,0.9489811489313951
C003213,24.16,Genie,Cote-Nord,G5B,145906,13,177.6,0,0,Eloignee,0.001634494572800996
C012943,28.46,Sciences,Montreal,H4L,81079,9,16.6,0,0,Centre,0.5580422187061934
C001891,30.16,Sante,Montreal,H8N,51419,9,26.7,0,1,Centre,0.9098568245161185
C006976,26.93,Sciences sociales,Cote-Nord,G4R,47969,20,89.6,0,1,Eloignee,0.2920266652206511
C013178,26.11,Arts et lettres,Capitale-Nationale,G3A,193767,6,33.2,0,0,Centre,0.11811682531834504
C003205,25.81,Genie,Montreal,H1A,49363,7,9.7,1,0,Centre,0.002133455073539617
C010437,23.43,Sciences,Gaspesie-Iles-de-la-Madeleine,G4X,130356,12,227.8,1,0,Eloignee,0.000222431846889045
C004567,30.53,Arts et lettres,Capitale-Nationale,G3A,72036,8,11.7,0,1,Centre,0.944123477709247
C004551,27.18,Sante,Montreal,H3T,64003,9,4.7,0,0,Centre,0.0803153829584291
C008347,32.0,Sciences,Bas-Saint-Laurent,G0L,58858,7,254.0,0,1,Eloignee,0.9998155071762314
C004818,29.82,Sciences sociales,Montreal,H4L,61437,15,37.3,1,1,Centre,0.9857685261137447
C000608,25.1,Genie,Montreal,H2X,92000,12,20.2,0,0,Centre,0.018605843359223016
C004948,29.65,Sante,Gaspesie-Iles-de-la-Madeleine,G4X,34521,11,84.6,1,0,Eloignee,0.9138865542076083
C008143,32.38,Sante,Montreal,H1A,73343,16,7.8,0,1,Centre,0.9979256788869073
C008915,27.71,Arts et lettres,Montreal,H1A,39376,10,34.4,0,0,Centre,0.09630099920272807
C013904,27.79,Arts et lettres,Cote-Nord,G0G,45139,17,243.1,1,0,Eloignee,0.4459788109089658
C001731,28.77,Genie,Capitale-Nationale,G3A,93067,8,22.2,0,1,Centre,0.7562869513610017
C007711,30.58,Sciences,Capitale-Nationale,G1R,126759,10,7.8,1,1,Centre,0.9928973276084965
C013357,31.9,Genie,Capitale-Nationale,G1V,40821,7,21.4,0,1,Centre,0.9992277778305477
C001671,22.55,Sciences sociales,Capitale-Nationale,G2E,123725,12,56.0,0,0,Centre,0.0002368178790014828
C001187,31.77,Genie,Montreal,H4L,49940,8,33.2,1,1,Centre,0.9996014308324556
C006453,29.33,Sciences sociales,Gaspesie-Iles-de-la-Madeleine,G4X,33049,18,355.6,0,0,Eloignee,0.9147522392031375
C007946,29.49,Genie,Bas-Saint-Laurent,G5N,62060,15,196.2,0,0,Eloignee,0.9885432122771035
C007458,30.8,Sante,Bas-Saint-Laurent,G0L,76044,10,201.4,0,1,Eloignee,0.9962020755523111
C009626,25.66,Arts et lettres,Montreal,H1A,92612,11,9.5,0,0,Centre,0.03520515636262327
C001808,27.74,Genie,Montreal,H1A,86739,6,27.7,1,0,Centre,0.13206361728418756
C001486,30.29,Genie,Montreal,H1A,72122,11,24.6,0,1,Centre,0.9826211891819988
C002197,26.45,Genie,Montreal,H3T,169770,12,13.0,0,1,Centre,0.8354190581443194
C010604,26.38,Sciences sociales,Bas-Saint-Laurent,G5L,48228,16,209.0,0,0,Eloignee,0.13903725032763892
C008604,25.67,Sante,Montreal,H4L,60471,17,24.3,0,1,Centre,0.7772221994842365
C001630,30.71,Arts et lettres,Bas-Saint-Laurent,G5N,33384,9,281.4,1,1,Eloignee,0.9895393548347481
C001058,25.46,Sciences,Bas-Saint-Laurent,G5L,105237,12,128.6,0,0,Eloignee,0.017155787083474417
C005177,29.29,Sante,Capitale-Nationale,G3A,145705,8,4.5,0,1,Centre,0.9756614421001144
C005651,25.91,Sante,Cote-Nord,G0G,47845,13,291.5,0,0,Eloignee,0.08039515432644602
C004648,30.21,Sante,Gaspesie-Iles-de-la-Madeleine,G0C,52745,9,97.4,0,0,Eloignee,0.8842709726101138
C007050,19.71,Arts et lettres,Montreal,H4L,75880,12,6.0,1,0,Centre,0.00024753424051774775
C011618,26.97,Genie,Montreal,H2X,47255,5,8.3,1,0,Centre,0.00970549614217251
C011722,23.89,Sante,Capitale-Nationale,G1V,52176,7,7.1,0,0,Centre,9.879707654210144e-05
C008707,30.42,Sciences sociales,Montreal,H2X,63711,8,22.1,0,1,Centre,0.8988577476803365
C008826,25.7,Genie,Capitale-Nationale,G1R,55005,9,9.6,1,0,Centre,0.004758238467794174
C001743,31.68,Sciences,Cote-Nord,G4R,50667,12,204.7,0,1,Eloignee,0.9998002481259513
C001983,26.26,Sciences sociales,Bas-Saint-Laurent,G0L,45331,11,264.8,0,0,Eloignee,0.1577619360753085
C007968,35.17,Arts et lettres,Montreal,H8N,80647,9,17.2,0,1,Centre,0.9998209704966124
C001170,27.89,Sciences,Bas-Saint-Laurent,G5L,29371,12,201.9,0,0,Eloignee,0.07449892510643555
C004194,30.69,Sante,Cote-Nord,G0G,72973,9,132.4,1,0,Eloignee,0.9861971235510271
C010109,32.02,Sciences sociales,Montreal,H4L,105232,9,16.3,0,1,Centre,0.9998158941939999
C013392,28.67,Arts et lettres,Cote-Nord,G5B,110700,8,260.5,0,0,Eloignee,0.8605049926116072
C013095,24.23,Sciences sociales,Gaspesie-Iles-de-la-Madeleine,G0C,67268,14,184.6,0,0,Eloignee,0.00014814725479461735
C005230,28.09,Genie,Montreal,H3T,94588,11,15.9,0,1,Centre,0.8422579026388819
C010293,26.68,Genie,Capitale-Nationale,G3A,97231,8,6.2,0,0,Centre,0.06062812485911267
C009757,29.38,Arts et lettres,Gaspesie-Iles-de-la-Madeleine,G5C,62126,19,153.3,1,1,Eloignee,0.979387482071071
C011417,30.19,Genie,Cote-Nord,G5B,41400,12,227.4,0,0,Eloignee,0.5826298657057227
C003379,25.78,Sciences,Montreal,H8N,79274,10,50.5,0,0,Centre,0.06485090321958907
C009915,26.39,Sciences sociales,Bas-Saint-Laurent,G5L,56328,15,478.7,0,0,Eloignee,0.21516174034439975
C011895,29.48,Genie,Montreal,H8N,81226,15,41.6,0,1,Centre,0.9934198300546617
C012946,31.53,Sante,Bas-Saint-Laurent,G5L,63853,8,252.3,1,1,Eloignee,0.9957870358923223
C008770,30.07,Arts et lettres,Gaspesie-Iles-de-la-Madeleine,G5C,32040,13,207.2,0,0,Eloignee,0.9738391531775495
C000541,22.47,Sante,Capitale-Nationale,G2E,84337,8,41.0,0,0,Centre,0.0001006533866771772
C011245,24.41,Arts et lettres,Cote-Nord,G0G,47261,12,215.1,0,0,Eloignee,0.0002137011293599802
C012181,25.37,Sante,Gaspesie-Iles-de-la-Madeleine,G0C,117856,12,198.0,0,0,Eloignee,0.15945996634751086
C004501,31.58,Sciences sociales,Capitale-Nationale,G1R,61846,10,43.7,0,1,Centre,0.999775405339258
C011836,32.5,Sante,Cote-Nord,G0G,64349,17,269.0,0,1,Eloignee,0.9952091269724701
C007030,29.9,Sciences,Capitale-Nationale,G1R,65522,9,32.0,0,1,Centre,0.98986807700111
C013161,29.47,Sciences,Cote-Nord,G4R,95265,19,518.1,0,1,Eloignee,0.9682457941503553
C000198,25.95,Genie,Montreal,H2X,35478,11,24.9,1,0,Centre,0.02361818096782817
C002426,25.0,Sciences,Montreal,H1A,91452,2,16.2,0,0,Centre,0.00205928534296558
C001588,18.4,Genie,Cote-Nord,G0G,58356,9,165.5,1,0,Eloignee,9.136676350077148e-05
C006383,27.58,Arts et lettres,Montreal,H8N,58965,7,4.5,0,0,Centre,0.29301406351384424
C011963,23.75,Arts et lettres,Cote-Nord,G0G,35714,15,180.4,0,0,Eloignee,0.0004361307075615441
C012415,34.55,Sciences sociales,Capitale-Nationale,G2E,60335,9,40.6,0,1,Centre,0.9997535974375364
C007106,24.91,Sante,Capitale-Nationale,G3A,74052,7,50.8,0,0,Centre,0.0023375540502188325
C012164,25.77,Sciences sociales,Gaspesie-Iles-de-la-Madeleine,G4X,39455,11,93.7,1,0,Eloignee,0.012492874658621391
C009370,26.93,Genie,Montreal,H3T,106436,10,3.9,0,0,Centre,0.3157406705123595
C005239,32.09,Sante,Bas-Saint-Laurent,G0L,38503,10,163.9,1,1,Eloignee,0.9998832307598335
C005936,25.05,Sciences,Cote-Nord,G5B,85596,15,377.0,0,0,Eloignee,0.024512015684244437
C005574,27.98,Sciences sociales,Bas-Saint-Laurent,G5L,25571,12,355.8,1,0,Eloignee,0.05972008995896963
C006146,33.78,Sciences,Montreal,H2X,58071,15,31.5,1,1,Centre,0.9982396979047097
C013043,27.65,Sciences sociales,Bas-Saint-Laurent,G5L,56700,12,247.3,0,0,Eloignee,0.5079687648989405
C013042,31.36,Sciences sociales,Cote-Nord,G5B,47274,11,90.6,1,0,Eloignee,0.999289027976694
C011188,23.89,Sciences,Montreal,H8N,163979,10,35.5,0,0,Centre,0.0003412179766921475
C011109,25.15,Sciences,Bas-Saint-Laurent,G5L,70899,9,322.2,0,0,Eloignee,0.003957057265922617
C008011,23.38,Sante,Gaspesie-Iles-de-la-Madeleine,G4X,30689,16,286.6,0,0,Eloignee,0.0013955097771534176
C010076,31.96,Sciences sociales,Montreal,H1A,70710,12,33.4,1,1,Centre,0.9997610149272034
C013908,28.21,Sante,Capitale-Nationale,G1R,160220,12,3.2,0,1,Centre,0.9513875235920203
C009325,26.85,Genie,Bas-Saint-Laurent,G5L,37559,18,160.8,1,0,Eloignee,0.19727852954570768
C005628,26.84,Arts et lettres,Montreal,H1A,47013,10,12.6,0,0,Centre,0.03314006644508473
C010780,27.41,Arts et lettres,Gaspesie-Iles-de-la-Madeleine,G0C,16972,12,174.1,1,0,Eloignee,0.046135681266604014
C002925,29.0,Sante,Cote-Nord,G0G,47904,11,141.0,0,0,Eloignee,0.7249142690835249
C006553,29.12,Genie,Cote-Nord,G0G,42060,17,53.2,0,0,Eloignee,0.8238603825717002
C011686,31.03,Sante,Cote-Nord,G0G,55941,13,110.0,1,1,Eloignee,0.9988832820986325
C006301,25.73,Genie,Montreal,H4L,81468,3,31.4,1,0,Centre,0.002403496328506663
C000863,31.58,Genie,Gaspesie-Iles-de-la-Madeleine,G0C,47100,13,169.4,1,1,Eloignee,0.9998378845145727
C010425,26.59,Sante,Cote-Nord,G5B,36284,11,181.3,1,0,Eloignee,0.02506753776236865
C012296,28.43,Sciences,Gaspesie-Iles-de-la-Madeleine,G4X,54677,7,362.6,0,0,Eloignee,0.561327333220417
C007876,30.45,Genie,Gaspesie-Iles-de-la-Madeleine,G0C,52995,17,91.8,0,1,Eloignee,0.9798226872034336
C003406,27.57,Genie,Gaspesie-Iles-de-la-Madeleine,G4X,57963,10,150.2,1,0,Eloignee,0.43924884552881927
C008093,26.0,Sciences sociales,Montreal,H3T,61544,10,18.2,0,1,Centre,0.3023554707513259
C009345,27.76,Genie,Montreal,H1A,34091,14,31.6,0,0,Centre,0.03742524242356699
C005378,28.08,Genie,Montreal,H2X,106376,9,59.6,1,1,Centre,0.475060236236164
C002227,28.77,Genie,Capitale-Nationale,G2E,78024,9,16.8,1,1,Centre,0.7331064226890667
C006158,30.81,Sciences sociales,Bas-Saint-Laurent,G5N,62000,13,182.0,1,1,Eloignee,0.9957469309096733
C009613,26.95,Arts et lettres,Bas-Saint-Laurent,G0L,49266,12,113.8,0,0,Eloignee,0.21840658920117043
C010895,24.57,Genie,Bas-Saint-Laurent,G0L,66542,20,450.5,1,0,Eloignee,0.007731025869635197
C012947,30.74,Sciences sociales,Montreal,H3T,30502,3,26.2,0,1,Centre,0.9033247258739112
C002845,28.85,Sante,Cote-Nord,G5B,52164,10,487.0,1,0,Eloignee,0.6838918114913842
C008126,25.6,Arts et lettres,Gaspesie-Iles-de-la-Madeleine,G5C,82600,14,197.9,0,0,Eloignee,0.13486728892155023
C004102,31.67,Sante,Capitale-Nationale,G1V,77791,12,5.2,1,1,Centre,0.9999256316978892
C003053,31.63,Sante,Cote-Nord,G0G,71827,16,183.1,1,1,Eloignee,0.9979256788869073
C001683,27.11,Sante,Gaspesie-Iles-de-la-Madeleine,G0C,33461,14,242.5,0,0,Eloignee,0.21525573894063726
C001055,29.05,Sciences sociales,Gaspesie-Iles-de-la-Madeleine,G0C,42704,12,245.6,1,0,Eloignee,0.6103269708875593
C006853,26.56,Sciences,Montreal,H4L,61219,5,2.0,1,0,Centre,0.011645149170642938
C002952,26.74,Sante,Capitale-Nationale,G1R,44976,10,12.6,0,0,Centre,0.04018160236643908
C002077,24.29,Sciences sociales,Montreal,H8N,56608,7,31.2,0,0,Centre,0.0001821622718609272
C011966,32.61,Sciences sociales,Montreal,H8N,124306,9,15.3,0,1,Centre,0.9984286594957037
C004801,24.24,Sante,Gaspesie-Iles-de-la-Madeleine,G0C,34928,16,286.0,0,0,Eloignee,0.0036636480544030552
C001772,29.34,Sciences sociales,Montreal,H8N,45830,14,46.7,0,1,Centre,0.9830179494381867
C004499,31.93,Sciences,Montreal,H2X,115210,3,70.9,0,1,Centre,0.9996310639789426
C000664,20.32,Arts et lettres,Montreal,H4L,61376,2,33.9,0,0,Centre,0.0002124719555369004
C012188,27.26,Sciences sociales,Montreal,H4L,71618,6,35.0,0,0,Centre,0.0906986023839656
C005246,24.92,Sciences,Montreal,H2X,44224,10,4.2,0,0,Centre,0.007683980177358495
C007724,27.59,Sciences,Cote-Nord,G5B,71710,10,103.7,0,0,Eloignee,0.39361693961280103
C013919,30.12,Sciences,Montreal,H1A,175615,8,36.7,0,1,Centre,0.9948122282674735
C010341,30.72,Arts et lettres,Montreal,H1A,85793,6,10.1,1,1,Centre,0.9876812264445161
C000550,30.38,Sciences sociales,Capitale-Nationale,G1R,121627,11,20.4,0,1,Centre,0.9927067995767586
C003982,27.89,Sante,Montreal,H3T,88131,7,14.2,0,1,Centre,0.3678926348236765
C007400,30.55,Sciences sociales,Montreal,H1A,44376,10,7.8,0,1,Centre,0.9772578819052407
C003756,31.04,Genie,Bas-Saint-Laurent,G0L,33548,7,163.8,0,1,Eloignee,0.9938389188580002
C004398,28.93,Sciences sociales,Capitale-Nationale,G1V,59894,2,15.0,1,0,Centre,0.4208908035920096
C009701,26.46,Genie,Bas-Saint-Laurent,G5L,146794,14,381.3,0,1,Eloignee,0.7090708459080407
C009430,31.33,Sciences,Capitale-Nationale,G1V,57366,8,12.7,0,1,Centre,0.9820348549480703
C010805,28.53,Sciences,Bas-Saint-Laurent,G0L,105950,14,212.4,0,0,Eloignee,0.8652499965125582
C004726,31.4,Sciences sociales,Bas-Saint-Laurent,G0L,36756,16,152.6,0,1,Eloignee,0.9931054465606746
C012711,30.78,Sciences,Montreal,H8N,109715,10,12.9,0,1,Centre,0.9987708285043093
C013423,26.5,Sciences,Montreal,H4L,91747,8,32.3,0,1,Centre,0.29558176828247895
C001194,26.89,Sciences sociales,Montreal,H4L,55226,11,22.1,0,0,Centre,0.1997695218041136
C003040,29.09,Sciences,Bas-Saint-Laurent,G0L,99157,14,193.5,0,1,Eloignee,0.9481499502531088
C000615,27.9,Sante,Montreal,H4L,45251,6,20.0,0,0,Centre,0.057990207550406916
C010407,27.26,Sciences sociales,Bas-Saint-Laurent,G0L,66587,8,178.6,0,0,Eloignee,0.08101876204575832
C005393,24.31,Sciences sociales,Montreal,H4L,50747,10,18.0,1,0,Centre,0.00021976642843585793
C012595,25.17,Arts et lettres,Cote-Nord,G5B,66412,16,143.4,1,0,Eloignee,0.13392371948909634
C002464,28.63,Genie,Capitale-Nationale,G1R,65988,5,35.8,1,0,Centre,0.4804964950146687
C007256,25.46,Sante,Capitale-Nationale,G3A,40405,5,3.9,0,0,Centre,0.0017235304450133762
C002489,29.22,Sciences,Capitale-Nationale,G1V,63945,11,8.8,1,1,Centre,0.7839789208054896
C006084,29.14,Genie,Montreal,H2X,41227,9,10.9,0,1,Centre,0.48564006695634554
C013901,26.92,Sante,Gaspesie-Iles-de-la-Madeleine,G5C,115741,11,226.0,1,0,Eloignee,0.3784984932737817
C013839,29.07,Genie,Bas-Saint-Laurent,G5N,31387,6,240.3,0,0,Eloignee,0.5964432351380949
C011688,28.32,Sciences sociales,Capitale-Nationale,G3A,74885,14,18.8,1,1,Centre,0.8149649384903845
C006968,22.08,Genie,Cote-Nord,G4R,25691,17,196.4,1,0,Eloignee,0.0009101645480467915
C010271,25.26,Genie,Montreal,H2X,68186,6,9.8,0,0,Centre,0.0016601293848092168
C005024,26.16,Genie,Capitale-Nationale,G1V,48692,6,53.0,0,0,Centre,0.004753503407712495
C001645,29.28,Sciences sociales,Montreal,H2X,65575,8,11.7,0,1,Centre,0.9180037821798485
C005089,27.9,Genie,Montreal,H2X,83290,12,23.1,0,1,Centre,0.5320680340102721
C000971,24.84,Sante,Montreal,H4L,63017,2,7.2,1,0,Centre,0.0002062665839954308
C003873,31.07,Sante,Montreal,H3T,75727,4,23.9,1,1,Centre,0.9976990401586658
C003839,28.31,Sciences,Bas-Saint-Laurent,G0L,95508,17,303.6,0,0,Eloignee,0.8791157753887855
C006141,27.53,Sciences,Capitale-Nationale,G3A,67607,9,31.6,0,0,Centre,0.2319380407375696
C013395,29.9,Sante,Gaspesie-Iles-de-la-Madeleine,G0C,121709,15,179.2,0,1,Eloignee,0.9972165970042686
C003575,29.96,Genie,Montreal,H2X,100970,15,20.6,1,1,Centre,0.9975210755950927
C000784,21.88,Sante,Gaspesie-Iles-de-la-Madeleine,G4X,27403,15,227.8,0,0,Eloignee,0.00046320889265877215
C012072,24.7,Genie,Montreal,H3T,130173,5,10.4,0,0,Centre,0.00026505341717396054
C000424,28.71,Sante,Montreal,H2X,43127,6,11.8,1,1,Centre,0.3757953117917676
C003565,22.22,Sciences sociales,Montreal,H8N,55121,10,12.0,0,0,Centre,0.00015993224810515139
C006076,19.7,Sante,Bas-Saint-Laurent,G5N,43552,9,67.7,0,0,Eloignee,8.037596383018163e-05
C011640,27.12,Sciences sociales,Bas-Saint-Laurent,G0L,42491,12,150.8,0,0,Eloignee,0.08836971641360672
C000617,27.13,Genie,Montreal,H8N,91586,10,33.9,0,0,Centre,0.39080591869767584
C005201,29.18,Sciences,Montreal,H4L,23091,11,37.8,1,1,Centre,0.6249305657171925
C000979,24.36,Arts et lettres,Bas-Saint-Laurent,G0L,39227,16,83.8,1,0,Eloignee,0.004861146265748887
C002454,25.08,Sciences sociales,Montreal,H1A,101135,16,2.9,0,0,Centre,0.11354687910672094
C012341,24.61,Sante,Montreal,H8N,54335,11,5.9,0,0,Centre,0.00015866558458547164
C004633,26.26,Arts et lettres,Bas-Saint-Laurent,G5L,26214,15,72.5,1,0,Eloignee,0.2114717202125993
C005662,33.53,Sciences,Montreal,H4L,91600,14,11.4,0,1,Centre,0.9996466356026049
C008178,29.09,Sciences,Montreal,H3T,83964,6,6.9,0,1,Centre,0.6559623651123888
C003432,27.04,Sante,Montreal,H1A,100516,5,6.9,0,0,Centre,0.14923501146072882
C009772,31.14,Genie,Montreal,H2X,77959,8,22.4,0,1,Centre,0.9992698366367871
C000447,26.73,Arts et lettres,Capitale-Nationale,G1V,105807,10,31.5,1,1,Centre,0.6042008577528416
C007130,30.37,Sciences sociales,Bas-Saint-Laurent,G5N,25637,15,199.3,1,0,Eloignee,0.9844569259567956
C013628,27.87,Arts et lettres,Bas-Saint-Laurent,G5L,57864,11,285.2,0,0,Eloignee,0.4594349458706236
C011196,34.16,Sante,Montreal,H1A,59686,10,8.5,1,1,Centre,0.9998182844005471
C010111,31.93,Sante,Capitale-Nationale,G1R,97380,9,26.7,0,1,Centre,0.9998275568532177
C006439,23.43,Sciences,Bas-Saint-Laurent,G5N,79995,15,425.0,1,0,Eloignee,0.0011109071394428056
C003056,26.52,Sciences,Montreal,H3T,57255,6,14.2,0,0,Centre,0.030684878572183032
C000602,26.94,Sciences,Montreal,H3T,51485,11,22.0,0,1,Centre,0.451438563450104
C009614,31.61,Sciences,Montreal,H8N,60976,10,26.5,0,1,Centre,0.9998159024141301
C003397,31.93,Sciences,Montreal,H2X,132722,8,55.6,0,1,Centre,0.9996646292364739
C007916,22.73,Arts et lettres,Capitale-Nationale,G1R,54207,8,17.1,0,0,Centre,0.00014431400937665368
C004062,24.11,Arts et lettres,Capitale-Nationale,G1R,87997,7,17.8,0,0,Centre,0.00038058222296868217
C003828,29.86,Arts et lettres,Gaspesie-Iles-de-la-Madeleine,G0C,48988,15,263.4,0,1,Eloignee,0.9976382333152863
C003520,25.42,Sciences sociales,Bas-Saint-Laurent,G0L,34206,15,90.9,1,0,Eloignee,0.10251814608097942
C005622,31.32,Genie,Montreal,H3T,67293,7,9.8,0,1,Centre,0.9987120727059766
C002013,21.47,Sciences sociales,Montreal,H3T,66457,8,14.9,1,0,Centre,8.710812638003549e-05
C008409,27.4,Sciences sociales,Montreal,H3T,56715,9,15.2,0,0,Centre,0.20433931827004417
C009281,30.19,Sciences,Montreal,H3T,119273,7,27.2,1,1,Centre,0.9729209626772015
C013001,22.51,Sciences,Montreal,H2X,76440,7,3.3,0,0,Centre,0.0001254508022391238
C006748,25.28,Sciences sociales,Montreal,H8N,96887,12,12.7,0,0,Centre,0.018858714342903676
C005636,22.3,Sciences sociales,Montreal,H3T,86765,10,30.9,0,0,Centre,0.0003159649670252512
C006104,25.3,Sciences,Montreal,H3T,102926,9,12.6,0,0,Centre,0.006656479355499329
C007179,24.85,Sciences,Montreal,H8N,117448,7,8.0,0,0,Centre,0.00025637895065324707
C002902,28.06,Sciences sociales,Capitale-Nationale,G1V,107727,11,27.2,0,1,Centre,0.7754133593357371
C005579,28.6,Genie,Capitale-Nationale,G2E,71469,6,23.8,0,1,Centre,0.6728775790116794
C000358,31.54,Sciences,Capitale-Nationale,G1V,194168,8,6.8,0,1,Centre,0.9994677150657771
C009417,22.23,Arts et lettres,Capitale-Nationale,G2E,54930,7,12.7,0,0,Centre,0.00014431400937665368
C011817,26.81,Sante,Bas-Saint-Laurent,G0L,38320,17,168.4,1,0,Eloignee,0.3577136765267668
C012896,29.89,Genie,Capitale-Nationale,G1V,48997,4,31.9,0,1,Centre,0.9279611228731305
C008878,31.06,Sciences,Gaspesie-Iles-de-la-Madeleine,G0C,18815,13,111.8,0,0,Eloignee,0.984772919987035
C007721,25.34,Arts et lettres,Capitale-Nationale,G3A,45690,12,45.4,1,0,Centre,0.022699099855993523
C002429,25.89,Genie,Gaspesie-Iles-de-la-Madeleine,G0C,35157,20,274.7,0,0,Eloignee,0.31297339884796915
C013924,26.88,Genie,Capitale-Nationale,G1R,26501,7,12.6,0,0,Centre,0.0073871255073295885
C007198,30.66,Sante,Montreal,H3T,24358,10,10.3,1,1,Centre,0.9849228431410008
C003046,27.03,Sciences,Montreal,H1A,111123,8,5.1,0,0,Centre,0.18825781009305284
C005359,26.66,Genie,Bas-Saint-Laurent,G5L,40892,17,161.8,1,0,Eloignee,0.37439129743789784
C009470,28.2,Genie,Capitale-Nationale,G3A,61146,9,21.9,0,0,Centre,0.3360185668126853
C012386,27.81,Sciences sociales,Montreal,H4L,132323,14,3.2,0,0,Centre,0.45930825465791686
C005635,27.16,Arts et lettres,Montreal,H1A,119993,10,28.2,0,1,Centre,0.36221947637325647
C007603,31.23,Arts et lettres,Montreal,H3T,62216,8,8.1,0,1,Centre,0.9981824567473288
C004297,28.19,Sciences,Bas-Saint-Laurent,G5L,33962,14,244.8,0,0,Eloignee,0.36590286777555364
C002778,28.41,Genie,Capitale-Nationale,G2E,68961,10,5.3,0,1,Centre,0.8296778534642635
C012404,27.82,Sciences sociales,Gaspesie-Iles-de-la-Madeleine,G0C,37652,14,101.0,1,0,Eloignee,0.060649538361676913
C005992,27.87,Arts et lettres,Capitale-Nationale,G1V,51850,8,22.7,0,0,Centre,0.08530930169350122
C010590,30.61,Arts et lettres,Montreal,H4L,42123,4,19.6,1,1,Centre,0.8614502729452259
C013307,31.86,Genie,Capitale-Nationale,G1V,92643,11,10.2,0,1,Centre,0.9998909022967709
C002815,27.29,Sciences sociales,Gaspesie-Iles-de-la-Madeleine,G5C,60761,16,209.9,0,0,Eloignee,0.648200902931627
C013194,28.97,Sciences sociales,Capitale-Nationale,G1R,39948,10,10.2,0,1,Centre,0.5997974412538771
C003893,23.27,Sciences sociales,Gaspesie-Iles-de-la-Madeleine,G4X,66444,17,256.9,1,0,Eloignee,0.002328549405717644
C002957,26.09,Sante,Montreal,H4L,48134,10,6.1,1,0,Centre,0.21161224146869542
C009940,27.4,Arts et lettres,Montreal,H8N,50811,5,0.3,0,0,Centre,0.02557930440170304
C007379,28.74,Sciences sociales,Bas-Saint-Laurent,G5N,42191,11,126.4,0,0,Eloignee,0.3504735906227164
C003026,25.94,Sante,Capitale-Nationale,G1V,91386,10,24.5,1,0,Centre,0.33657650202961936
C003071,27.59,Arts et lettres,Gaspesie-Iles-de-la-Madeleine,G5C,39754,17,159.9,0,0,Eloignee,0.28441909519767855
C005584,28.02,Sciences sociales,Cote-Nord,G0G,41535,9,397.5,0,0,Eloignee,0.11944314561103515
C000116,20.29,Sciences,Montreal,H8N,81459,8,7.2,0,0,Centre,9.512675104585352e-05
C004813,26.78,Genie,Montreal,H3T,124658,14,21.0,1,1,Centre,0.8715872286016769
C011798,24.34,Sciences sociales,Bas-Saint-Laurent,G0L,79748,10,234.7,0,0,Eloignee,0.0001747212190892273
C013425,30.12,Arts et lettres,Capitale-Nationale,G1V,53945,5,4.2,0,1,Centre,0.8705639334661596
C006798,30.04,Arts et lettres,Bas-Saint-Laurent,G5N,64521,14,51.5,1,1,Eloignee,0.983036990040266
C004444,32.49,Genie,Montreal,H4L,52619,7,5.6,0,1,Centre,0.9996770432630099
C009180,27.87,Arts et lettres,Gaspesie-Iles-de-la-Madeleine,G0C,39240,13,224.0,1,0,Eloignee,0.11189446172173782
C005333,23.38,Genie,Montreal,H8N,86866,6,14.0,0,0,Centre,0.00015789242873791661
C010728,27.38,Arts et lettres,Bas-Saint-Laurent,G5N,86226,11,101.7,1,0,Eloignee,0.6503199870525183
C011507,29.26,Sante,Gaspesie-Iles-de-la-Madeleine,G5C,61022,14,128.2,0,1,Eloignee,0.9906796254609539
C003062,29.14,Sciences,Bas-Saint-Laurent,G0L,39809,16,226.2,0,0,Eloignee,0.9061553417786642
C011480,24.62,Sciences,Bas-Saint-Laurent,G0L,54696,14,351.4,1,0,Eloignee,0.0001985162760989005
C001779,21.53,Genie,Capitale-Nationale,G1V,55300,8,8.5,0,0,Centre,9.453804397448709e-05
C010177,27.73,Sciences sociales,Montreal,H1A,81992,7,13.4,0,0,Centre,0.41096529473660376
C005404,26.23,Sciences,Cote-Nord,G4R,55729,19,351.4,1,0,Eloignee,0.7431134424662705
C012028,31.16,Arts et lettres,Capitale-Nationale,G2E,47997,4,5.1,1,1,Centre,0.9805443136642258
C001068,27.63,Genie,Gaspesie-Iles-de-la-Madeleine,G0C,30875,10,140.0,0,0,Eloignee,0.052557877954173014
C010636,28.33,Sciences,Montreal,H1A,70929,8,11.4,0,0,Centre,0.5620464062856596
C013916,31.61,Genie,Capitale-Nationale,G1V,86291,9,4.7,0,1,Centre,0.9995361365915367
C002025,23.5,Sante,Bas-Saint-Laurent,G5L,79315,16,264.2,1,0,Eloignee,0.007499718885689692
C013252,25.05,Sciences,Montreal,H8N,86672,8,11.4,1,0,Centre,0.0038184037304845866
C003544,26.83,Arts et lettres,Cote-Nord,G0G,79582,11,184.8,0,0,Eloignee,0.31784047907343826
C004037,32.71,Arts et lettres,Capitale-Nationale,G3A,61476,13,24.5,0,1,Centre,0.9998170089601509
C008643,25.66,Arts et lettres,Gaspesie-Iles-de-la-Madeleine,G5C,32813,8,210.8,1,0,Eloignee,0.006167915797045274
C010027,29.49,Arts et lettres,Capitale-Nationale,G1R,120345,3,26.7,0,1,Centre,0.7216959500427472
C002667,24.76,Arts et lettres,Capitale-Nationale,G1R,57951,8,5.3,0,0,Centre,0.00015720618779463692
C011699,30.24,Sciences sociales,Montreal,H1A,117292,10,46.6,0,1,Centre,0.9941282844740195
C000149,30.39,Arts et lettres,Montreal,H1A,52985,9,7.9,0,1,Centre,0.9070623126031445
C004342,29.08,Sciences,Capitale-Nationale,G2E,57903,5,47.9,0,1,Centre,0.6450788395656343
C011562,27.5,Arts et lettres,Cote-Nord,G5B,53227,8,267.3,0,0,Eloignee,0.08703066899004389
C009019,24.36,Arts et lettres,Montreal,H8N,122485,7,58.5,0,0,Centre,0.001603019252640253
C009001,30.61,Sciences sociales,Gaspesie-Iles-de-la-Madeleine,G4X,49635,18,247.6,0,1,Eloignee,0.9763356316522582
C003917,29.04,Sante,Bas-Saint-Laurent,G5N,70021,8,191.2,0,0,Eloignee,0.7765136561310559
C002638,25.37,Genie,Montreal,H1A,68966,4,12.1,0,0,Centre,0.001177998997959969
C007588,30.44,Sciences sociales,Bas-Saint-Laurent,G5N,62364,23,174.3,0,1,Eloignee,0.9692254835912365
C007933,26.61,Sante,Montreal,H1A,38518,8,9.3,1,0,Centre,0.006658541644335459
C003663,27.94,Sciences,Cote-Nord,G4R,36172,17,50.8,1,0,Eloignee,0.2129086076372235
C011828,30.05,Arts et lettres,Bas-Saint-Laurent,G5L,25389,12,156.1,0,0,Eloignee,0.7369722209749602
C001018,24.53,Sciences,Cote-Nord,G5B,41532,11,304.8,0,0,Eloignee,0.0002190562993862258
C000448,27.46,Sciences,Gaspesie-Iles-de-la-Madeleine,G0C,37954,15,170.2,0,0,Eloignee,0.05461717445590092
C001730,29.67,Sciences sociales,Capitale-Nationale,G3A,59859,7,15.2,0,1,Centre,0.8022820410966296
C002237,25.31,Sciences sociales,Capitale-Nationale,G2E,95522,11,13.9,1,0,Centre,0.013562762324062895
C006495,25.11,Arts et lettres,Capitale-Nationale,G1V,75115,14,21.0,0,0,Centre,0.00783153273556698
C007684,27.67,Sciences sociales,Montreal,H8N,73842,15,21.5,0,0,Centre,0.40578037798443367
C006509,24.51,Sante,Bas-Saint-Laurent,G5N,59122,9,51.3,0,0,Eloignee,0.0001505131905585943
C009463,32.92,Arts et lettres,Montreal,H2X,33014,8,51.0,0,1,Centre,0.9998213729233769
C010278,28.51,Arts et lettres,Montreal,H8N,62926,12,22.3,0,0,Centre,0.669728203048822
C005160,25.93,Arts et lettres,Capitale-Nationale,G2E,138604,8,19.8,0,0,Centre,0.2111450126424726
C009414,30.67,Arts et lettres,Bas-Saint-Laurent,G5N,48268,10,141.6,0,1,Eloignee,0.9303930642991628
C010813,31.86,Genie,Montreal,H4L,65586,11,52.9,0,1,Centre,0.999863192425991
C005274,27.03,Sciences,Montreal,H1A,29593,13,15.7,1,0,Centre,0.10520683518169315
C001994,28.69,Arts et lettres,Montreal,H4L,107085,8,13.8,1,1,Centre,0.8597754829910166
C002063,32.57,Arts et lettres,Capitale-Nationale,G1V,54375,12,3.3,1,1,Centre,0.9963009150854216
C005079,20.24,Sciences,Bas-Saint-Laurent,G5N,92345,13,201.2,1,0,Eloignee,0.0003372831713604718
C011542,32.77,Sante,Capitale-Nationale,G1R,32107,7,3.0,0,1,Centre,0.9998924366124138
C000626,27.62,Genie,Montreal,H2X,68366,4,9.5,0,1,Centre,0.5160884780955982
C013271,30.33,Sciences sociales,Cote-Nord,G0G,40192,18,349.3,0,1,Eloignee,0.9640965998240105
C007917,24.1,Arts et lettres,Montreal,H2X,150993,9,34.7,0,0,Centre,0.0024757819776241655
C003310,28.95,Genie,Capitale-Nationale,G3A,54081,8,41.1,0,1,Centre,0.6373513470428259
C000571,33.07,Sciences sociales,Gaspesie-Iles-de-la-Madeleine,G5C,82438,13,61.3,1,1,Eloignee,0.9988413619862183
C002804,28.3,Sciences sociales,Capitale-Nationale,G1V,154065,5,1.5,0,1,Centre,0.720718781377018
C001868,25.8,Arts et lettres,Bas-Saint-Laurent,G5N,33448,15,225.5,0,0,Eloignee,0.07945027377391921
C005944,25.69,Arts et lettres,Capitale-Nationale,G3A,54276,10,7.8,0,0,Centre,0.01102741285418749
C008504,20.47,Arts et lettres,Bas-Saint-Laurent,G5L,119431,8,270.6,0,0,Eloignee,0.0014536326174684336
C002759,25.84,Genie,Bas-Saint-Laurent,G5N,41631,7,296.8,0,0,Eloignee,0.0022608070100904694
C002501,25.5,Sante,Bas-Saint-Laurent,G0L,53913,13,104.4,0,0,Eloignee,0.012515640036421158
C003307,28.12,Genie,Montreal,H3T,71630,6,19.4,0,0,Centre,0.4536879152066432
C012144,25.42,Genie,Montreal,H8N,49765,12,16.2,1,0,Centre,0.026991482582064075
C011222,28.06,Genie,Cote-Nord,G0G,36371,10,248.5,0,0,Eloignee,0.08271070874494821
C007017,28.82,Sante,Montreal,H3T,91767,8,11.0,1,1,Centre,0.8639168032985696
C010175,25.86,Arts et lettres,Bas-Saint-Laurent,G5L,39178,6,169.9,0,0,Eloignee,0.001666698757257225
C001867,27.58,Sciences sociales,Gaspesie-Iles-de-la-Madeleine,G0C,31737,11,313.5,0,0,Eloignee,0.06483813060118208
C001082,23.93,Genie,Montreal,H8N,49866,7,30.0,0,0,Centre,0.005715540080141793
C009988,26.56,Genie,Capitale-Nationale,G2E,130619,15,12.1,0,0,Centre,0.4054701797849783
C005162,26.2,Sante,Bas-Saint-Laurent,G5N,76240,14,213.9,0,0,Eloignee,0.25811033651080173
C011036,30.86,Genie,Bas-Saint-Laurent,G5L,86091,11,169.7,1,0,Eloignee,0.9944916542319026
C005391,29.3,Genie,Montreal,H1A,43180,15,9.8,0,1,Centre,0.9432136637460408
C003240,21.38,Genie,Montreal,H8N,39877,8,34.6,0,0,Centre,0.0001514230902293872
C006483,27.84,Genie,Capitale-Nationale,G2E,83455,9,19.9,0,0,Centre,0.3349959385536321
C013697,29.12,Genie,Montreal,H1A,66097,8,13.3,0,0,Centre,0.7729258787299396
C004123,26.77,Sciences,Cote-Nord,G4R,69622,16,144.0,0,0,Eloignee,0.5487256049805304
C009824,24.73,Sciences sociales,Montreal,H8N,27774,13,15.3,0,0,Centre,0.00025736471303777335
C006954,29.87,Arts et lettres,Bas-Saint-Laurent,G5N,51228,19,189.6,1,1,Eloignee,0.9916786750708005
C011619,20.49,Sciences,Bas-Saint-Laurent,G5L,40061,9,288.8,1,0,Eloignee,7.521099660473578e-05
C010322,27.87,Sciences,Montreal,H2X,32853,11,9.9,1,0,Centre,0.1122439172450098
C009393,31.31,Arts et lettres,Capitale-Nationale,G2E,30699,10,20.0,0,1,Centre,0.9955645187110542
C007077,29.01,Genie,Montreal,H1A,144664,6,22.4,0,0,Centre,0.8983220654847272
C011535,31.74,Sciences sociales,Montreal,H8N,87034,3,23.6,0,1,Centre,0.9995950602409196
C008218,29.92,Sciences sociales,Montreal,H2X,45717,11,15.9,1,1,Centre,0.9898048571702649
C001670,29.28,Sciences,Montreal,H2X,42370,6,8.2,0,1,Centre,0.7825685432112313
C013033,30.12,Sciences,Capitale-Nationale,G1R,36986,7,50.1,0,1,Centre,0.9381716283439361
C012869,27.2,Sante,Cote-Nord,G0G,53445,14,165.4,0,0,Eloignee,0.3424132948003072
C012433,25.86,Genie,Montreal,H1A,88684,6,6.9,0,0,Centre,0.00789556509135914
C003826,25.43,Sciences sociales,Montreal,H2X,144896,8,5.1,1,1,Centre,0.5329544217683018
C013036,27.13,Arts et lettres,Montreal,H1A,78461,12,13.8,0,0,Centre,0.3899537630190466
C007010,25.37,Genie,Montreal,H3T,128445,16,42.3,1,0,Centre,0.6098555857481712
C003269,25.87,Arts et lettres,Montreal,H3T,85732,5,10.4,1,0,Centre,0.0040419714547514024
C010797,29.74,Sciences sociales,Montreal,H1A,87554,12,31.1,0,1,Centre,0.976160971469482
C003649,26.7,Sciences sociales,Cote-Nord,G0G,25534,14,218.6,0,0,Eloignee,0.028156364873366386
C008633,29.79,Sante,Cote-Nord,G4R,38398,13,415.4,1,1,Eloignee,0.9832504810968731
C004616,23.91,Sciences,Gaspesie-Iles-de-la-Madeleine,G5C,130585,10,322.2,1,0,Eloignee,0.00016955643686200768
C011495,30.17,Sciences sociales,Montreal,H4L,69445,11,17.2,0,1,Centre,0.9924419721848807
C011781,24.65,Sciences sociales,Bas-Saint-Laurent,G5L,30898,14,431.9,0,0,Eloignee,0.00012309045505252904
C009862,27.28,Sciences,Bas-Saint-Laurent,G5L,106400,19,210.9,0,0,Eloignee,0.9171100563745213
C001429,35.9,Sciences,Montreal,H1A,96263,9,7.4,0,1,Centre,0.9995924907446996
C002156,30.07,Arts et lettres,Cote-Nord,G0G,84270,7,160.0,0,1,Eloignee,0.9338878061320465
C006934,33.58,Genie,Montreal,H1A,37621,6,20.1,1,1,Centre,0.9996116071756019
C009581,30.8,Genie,Montreal,H1A,85053,8,7.6,0,1,Centre,0.9948391287268998
C005768,25.36,Sante,Bas-Saint-Laurent,G0L,23995,15,389.2,0,0,Eloignee,0.23950874304574138
C006677,28.16,Arts et lettres,Bas-Saint-Laurent,G0L,63435,17,301.5,0,0,Eloignee,0.8878676571356158
C013285,29.53,Sante,Capitale-Nationale,G1R,93323,8,33.5,1,1,Centre,0.8410158603585806
C001685,29.03,Sante,Capitale-Nationale,G1R,92386,15,8.2,0,1,Centre,0.9671079925702183
C001560,24.94,Sciences sociales,Montreal,H1A,53563,10,22.4,0,0,Centre,0.005743934549829324
C002730,30.45,Sciences,Montreal,H1A,83240,10,15.5,0,1,Centre,0.9893976420326197
C001566,30.46,Sciences,Cote-Nord,G4R,45702,10,195.6,0,1,Eloignee,0.9317705790145623
C004933,24.62,Genie,Bas-Saint-Laurent,G5N,36821,11,128.1,0,0,Eloignee,0.0009418465331689186
C009854,20.73,Sciences,Montreal,H8N,56021,7,13.0,1,0,Centre,8.766308210194828e-05
C013954,24.46,Sciences,Montreal,H3T,105574,7,10.8,1,0,Centre,0.00022026050589177986
C005316,26.78,Arts et lettres,Cote-Nord,G4R,32828,16,169.7,0,0,Eloignee,0.04991058755089715
C002286,25.83,Sciences sociales,Capitale-Nationale,G1V,68014,11,34.3,0,0,Centre,0.004355364387016497
C005172,27.23,Arts et lettres,Cote-Nord,G0G,43411,12,96.4,0,0,Eloignee,0.06961161994331785
C001037,26.54,Arts et lettres,Montreal,H8N,82505,6,18.8,0,0,Centre,0.08880638961475382
C001092,32.3,Genie,Montreal,H1A,95753,9,17.9,0,1,Centre,0.9998306358511404
C006394,27.1,Sciences sociales,Bas-Saint-Laurent,G0L,42996,14,224.3,0,0,Eloignee,0.12882320716506254
C012530,28.38,Sciences,Cote-Nord,G5B,72717,16,181.0,0,0,Eloignee,0.8546937131001532
C005737,29.18,Sciences sociales,Montreal,H2X,141498,4,29.5,0,1,Centre,0.9749482391853966
C002738,27.43,Genie,Capitale-Nationale,G1V,57977,7,22.1,0,1,Centre,0.4044921278678633
C011238,28.5,Sciences sociales,Capitale-Nationale,G1R,101421,7,9.2,0,1,Centre,0.7604221157207216
C002990,31.59,Sciences sociales,Bas-Saint-Laurent,G0L,79302,17,210.9,0,1,Eloignee,0.9880178728035416
C000518,31.5,Genie,Capitale-Nationale,G2E,81828,13,23.5,1,1,Centre,0.9974725583150401
C000395,23.11,Sciences sociales,Cote-Nord,G0G,74485,15,548.0,0,0,Eloignee,0.0004291845896066231
C013795,26.49,Sciences sociales,Montreal,H2X,39146,11,20.0,1,0,Centre,0.020597728966135265
C006450,27.03,Genie,Montreal,H4L,104266,13,14.5,1,1,Centre,0.7010008707975144
C005670,26.2,Arts et lettres,Capitale-Nationale,G1R,41045,8,12.7,1,0,Centre,0.0063712490176644895
C009260,33.59,Sciences,Gaspesie-Iles-de-la-Madeleine,G4X,34138,15,97.4,1,1,Eloignee,0.9992487044051377
C011649,29.04,Arts et lettres,Montreal,H8N,180975,11,12.0,1,1,Centre,0.9856363453866906
C013412,28.02,Genie,Bas-Saint-Laurent,G5L,18902,12,172.1,0,0,Eloignee,0.029251478154792655
C011675,26.56,Sciences sociales,Gaspesie-Iles-de-la-Madeleine,G4X,47492,15,325.1,0,0,Eloignee,0.06674565475893539
C003948,25.02,Sciences,Capitale-Nationale,G3A,104119,11,52.8,0,0,Centre,0.004959131497969649
C001789,22.82,Arts et lettres,Capitale-Nationale,G1V,51052,12,15.7,0,0,Centre,0.0001497613706973493
C004865,26.28,Sante,Capitale-Nationale,G2E,85388,7,17.8,0,0,Centre,0.14764823076033012
C009278,29.09,Arts et lettres,Bas-Saint-Laurent,G5N,61906,12,130.2,0,1,Eloignee,0.8354955024331244
C010730,31.91,Sciences sociales,Capitale-Nationale,G1V,64823,11,11.3,1,1,Centre,0.9998133007588745
C004313,27.07,Sciences,Montreal,H8N,89382,9,3.3,0,0,Centre,0.131805665010018
C013693,29.33,Sante,Bas-Saint-Laurent,G5L,27816,19,234.3,1,1,Eloignee,0.9546404274916854
C010884,31.08,Genie,Montreal,H8N,85770,12,16.7,1,1,Centre,0.9976672280279116
C000706,27.59,Sciences,Montreal,H3T,115372,7,23.2,0,0,Centre,0.5285778980461514
C006756,25.08,Sante,Gaspesie-Iles-de-la-Madeleine,G5C,41553,10,111.9,1,0,Eloignee,0.007660996398228781
C000755,24.93,Genie,Montreal,H1A,54335,10,10.2,0,0,Centre,0.0050339418731810935
C011366,30.45,Genie,Montreal,H4L,121536,10,9.1,1,1,Centre,0.9930227755916166
C002955,24.62,Sciences sociales,Montreal,H8N,94152,8,5.3,1,0,Centre,0.0002574892756001941
C007334,32.2,Sciences sociales,Montreal,H1A,82750,7,14.5,0,1,Centre,0.9997642596957764
C000473,22.68,Sante,Gaspesie-Iles-de-la-Madeleine,G0C,55180,13,77.7,0,0,Eloignee,9.737520876561464e-05
C006743,22.34,Genie,Capitale-Nationale,G1V,48842,12,13.2,0,0,Centre,0.0004162827543473675
C012346,27.03,Sante,Bas-Saint-Laurent,G0L,48354,10,360.3,0,0,Eloignee,0.20769780607660623
C013830,25.9,Genie,Capitale-Nationale,G2E,84951,5,19.6,0,0,Centre,0.00206762704938526
C011819,27.05,Sciences sociales,Capitale-Nationale,G1R,86356,14,12.3,0,1,Centre,0.712256769270195
C012814,27.99,Genie,Montreal,H4L,39731,9,36.1,1,0,Centre,0.10119847276882396
C008999,28.81,Arts et lettres,Capitale-Nationale,G3A,56718,5,15.4,0,1,Centre,0.5839521485780756
C012829,30.48,Sante,Cote-Nord,G4R,93766,10,137.6,0,1,Eloignee,0.9951794263726991
C007292,24.68,Sante,Bas-Saint-Laurent,G0L,55558,14,224.6,0,0,Eloignee,0.00016932063619828127
C013499,34.34,Sante,Montreal,H8N,79646,6,32.4,1,1,Centre,0.9998505910522202
C012353,32.09,Sante,Bas-Saint-Laurent,G0L,33957,15,85.7,1,1,Eloignee,0.9997065595933793
C009774,29.32,Genie,Capitale-Nationale,G1V,88104,7,21.1,0,1,Centre,0.9081231720141225
C000708,27.07,Genie,Montreal,H4L,69904,8,9.8,0,0,Centre,0.1419712309262043
C005595,32.38,Genie,Montreal,H4L,89362,3,20.7,0,1,Centre,0.9995009713397555
C001656,26.72,Sciences sociales,Montreal,H8N,54657,10,46.8,0,0,Centre,0.04673800367197084
C010359,28.9,Sciences sociales,Gaspesie-Iles-de-la-Madeleine,G5C,72072,15,152.0,0,0,Eloignee,0.9578882701304726
C013538,25.82,Sante,Montreal,H3T,56798,13,7.0,1,0,Centre,0.019625560241996517
C013115,28.59,Genie,Gaspesie-Iles-de-la-Madeleine,G4X,43534,13,684.1,0,0,Eloignee,0.5096076866420879
C006555,29.82,Sciences sociales,Montreal,H2X,33151,10,21.5,0,1,Centre,0.9042231191768986
C009352,29.49,Sciences,Gaspesie-Iles-de-la-Madeleine,G0C,91267,12,75.9,0,1,Eloignee,0.9296456833614443
C008129,29.89,Sciences,Cote-Nord,G5B,97029,11,181.6,1,1,Eloignee,0.9841603996507758
C006591,29.77,Sciences,Capitale-Nationale,G2E,61222,6,14.7,1,1,Centre,0.9350015551885698
C013650,29.45,Sciences,Gaspesie-Iles-de-la-Madeleine,G5C,77962,12,108.2,1,0,Eloignee,0.9490516173380208
C000897,26.61,Genie,Bas-Saint-Laurent,G5N,58196,16,215.0,0,0,Eloignee,0.794917346736407
C006703,30.55,Sante,Montreal,H4L,74440,9,23.1,1,0,Centre,0.9767830858651587
C000922,29.85,Genie,Bas-Saint-Laurent,G5L,46022,12,432.0,0,1,Eloignee,0.9419757407651017
C001204,30.4,Sciences,Cote-Nord,G0G,52127,10,110.8,0,1,Eloignee,0.9079758459467867
C010267,27.28,Genie,Montreal,H8N,71099,7,19.8,0,0,Centre,0.0959691067098055
C003271,24.48,Genie,Montreal,H4L,70046,11,18.9,0,0,Centre,0.0001683418918941318
C009216,21.4,Sciences,Montreal,H3T,32253,14,9.7,0,0,Centre,0.00021651792854124682
C009552,31.3,Sciences,Capitale-Nationale,G1V,75194,10,3.8,1,1,Centre,0.9990375903992094
C000491,27.13,Genie,Bas-Saint-Laurent,G5N,47038,17,514.9,1,0,Eloignee,0.4967466120636131
C001871,24.56,Genie,Montreal,H4L,91209,7,12.7,0,0,Centre,0.00032929830011257
C001582,25.94,Sciences,Montreal,H4L,51313,4,11.3,0,0,Centre,0.0021251847986542513
C009656,24.38,Sciences sociales,Montreal,H1A,36454,5,38.5,0,0,Centre,0.00012699084095643256
C012770,28.85,Sciences sociales,Montreal,H8N,42119,5,17.4,0,0,Centre,0.19541155085648698
C009876,27.56,Sciences sociales,Capitale-Nationale,G1V,70748,9,18.3,0,1,Centre,0.4617329623000678
C001966,26.19,Sciences sociales,Montreal,H2X,108252,9,8.3,0,0,Centre,0.3476557328198342
C011138,29.52,Sciences sociales,Gaspesie-Iles-de-la-Madeleine,G4X,42386,10,214.4,1,0,Eloignee,0.4778622427786617
C006574,28.31,Sciences,Bas-Saint-Laurent,G0L,61662,13,219.1,0,0,Eloignee,0.7006677967029364
C006511,29.3,Sante,Cote-Nord,G5B,68414,12,163.3,0,1,Eloignee,0.9552678892151729
C009508,30.33,Sciences sociales,Gaspesie-Iles-de-la-Madeleine,G5C,51551,10,230.7,0,1,Eloignee,0.9399870341556457
C002551,30.04,Sciences sociales,Capitale-Nationale,G1R,53303,13,12.9,0,1,Centre,0.988807573542525
C006661,27.33,Sciences sociales,Bas-Saint-Laurent,G5N,30981,11,292.8,0,0,Eloignee,0.038334584329908404
C009976,23.6,Sciences,Montreal,H2X,58462,14,17.3,0,0,Centre,0.00011396484680964447
C011719,27.99,Arts et lettres,Gaspesie-Iles-de-la-Madeleine,G0C,36028,12,216.5,0,0,Eloignee,0.06915236998286058
C004861,31.7,Sciences,Montreal,H3T,54687,10,32.7,0,1,Centre,0.9997822611301154
C009990,33.23,Sante,Capitale-Nationale,G1V,77106,5,31.8,0,1,Centre,0.9998498353516383
C004415,27.25,Genie,Montreal,H2X,53083,10,4.1,0,0,Centre,0.13440623920729047
C008778,26.46,Genie,Montreal,H4L,105357,5,7.1,0,0,Centre,0.004708150477859234
C000134,28.0,Sante,Bas-Saint-Laurent,G5N,52816,13,171.2,0,0,Eloignee,0.35849065658652224
C012688,29.77,Genie,Capitale-Nationale,G1R,187553,10,26.2,1,1,Centre,0.999045229471163
C009218,27.68,Sciences,Cote-Nord,G0G,53399,9,25.7,0,0,Eloignee,0.08672646929063092
C011066,25.05,Arts et lettres,Montreal,H1A,39848,10,22.8,0,0,Centre,0.01081536651109343
C009720,24.84,Genie,Cote-Nord,G5B,49248,19,118.4,0,0,Eloignee,0.03727159480293164
C002678,27.41,Sante,Capitale-Nationale,G3A,57181,9,15.3,1,0,Centre,0.18473978846026587
C010367,30.5,Genie,Montreal,H1A,102651,11,28.6,0,1,Centre,0.9988298376003565
C007339,25.61,Sciences,Capitale-Nationale,G1V,121137,6,34.4,0,0,Centre,0.006372885083265775
C012453,28.79,Sante,Cote-Nord,G0G,40638,12,209.1,0,0,Eloignee,0.7399118380678682
C011435,25.5,Sante,Bas-Saint-Laurent,G5L,94768,18,240.4,1,0,Eloignee,0.6856838830098493
C012868,25.98,Sciences,Capitale-Nationale,G1R,124464,10,7.1,0,0,Centre,0.1539979327442842
C001016,25.29,Sciences sociales,Gaspesie-Iles-de-la-Madeleine,G0C,87934,11,161.8,1,0,Eloignee,0.022446840175242348
C002302,32.33,Sciences,Capitale-Nationale,G1R,119107,7,23.9,0,1,Centre,0.9996355312326946
C008197,32.15,Sante,Montreal,H2X,60718,12,20.4,1,1,Centre,0.9998018095672278
C011565,34.55,Genie,Montreal,H1A,98947,3,11.0,1,1,Centre,0.9997189593898276
C009850,30.78,Sciences sociales,Montreal,H3T,43951,9,9.3,0,1,Centre,0.9894687087850134
C002923,27.37,Sante,Montreal,H3T,93407,6,3.4,1,0,Centre,0.17287582532853554
C008155,28.85,Sante,Cote-Nord,G0G,71294,15,280.0,1,0,Eloignee,0.9593869768105071
C003674,30.52,Sciences sociales,Bas-Saint-Laurent,G5N,74640,12,144.9,1,0,Eloignee,0.9483864738450158
C008644,28.21,Genie,Montreal,H2X,117589,8,16.0,1,1,Centre,0.5405387181980029
C013987,27.46,Sante,Montreal,H1A,55828,10,9.2,0,0,Centre,0.10914612235142479
C011958,24.96,Sciences,Capitale-Nationale,G1R,50602,10,28.3,0,0,Centre,0.00508828103511011
C007802,27.13,Arts et lettres,Montreal,H1A,89894,7,13.4,0,0,Centre,0.124463006623938
C002364,27.04,Arts et lettres,Montreal,H8N,65328,7,32.6,0,0,Centre,0.05785201946641214
C010919,26.59,Arts et lettres,Cote-Nord,G5B,53745,14,31.1,1,0,Eloignee,0.130663502711983
C001888,25.29,Sciences sociales,Montreal,H4L,28799,7,25.7,1,0,Centre,0.0036234907618010273
C009567,32.85,Sante,Montreal,H1A,91445,14,27.6,0,1,Centre,0.9998678126466806
C013669,27.5,Arts et lettres,Capitale-Nationale,G2E,71407,10,18.7,1,0,Centre,0.3200727034250937
C011251,28.29,Sante,Montreal,H2X,93065,13,20.8,0,0,Centre,0.7780619941182704
C007608,26.6,Sciences sociales,Capitale-Nationale,G2E,33969,10,18.1,0,0,Centre,0.009712928273240733
C004044,23.89,Sciences,Montreal,H3T,115289,5,34.0,0,0,Centre,0.00012147329907633943
C006983,26.98,Genie,Bas-Saint-Laurent,G5N,100625,7,511.4,0,0,Eloignee,0.26894170626950664
C007496,32.69,Arts et lettres,Montreal,H1A,49984,8,6.3,0,1,Centre,0.999846076370819
C009569,32.14,Sciences,Montreal,H3T,47380,19,18.9,0,1,Centre,0.9969658792197268
C003016,24.09,Sciences sociales,Bas-Saint-Laurent,G0L,96934,15,342.5,1,0,Eloignee,0.0009565051364082136
C010470,30.45,Sciences,Montreal,H3T,45494,5,10.4,0,0,Centre,0.9467861607435359
C001368,27.69,Sciences sociales,Gaspesie-Iles-de-la-Madeleine,G4X,59610,14,99.3,1,0,Eloignee,0.3755564798268757
C006577,22.44,Arts et lettres,Bas-Saint-Laurent,G5N,93761,10,189.3,1,0,Eloignee,0.002139590313710198
C011017,28.31,Arts et lettres,Montreal,H2X,56306,8,29.0,1,0,Centre,0.27205051788899
C012119,32.24,Sciences sociales,Montreal,H8N,38443,7,15.3,0,1,Centre,0.9996871349193063
C013176,24.72,Sciences sociales,Bas-Saint-Laurent,G5L,42533,9,211.2,1,0,Eloignee,0.0001740695963816461
C005130,27.73,Sante,Capitale-Nationale,G1V,85487,12,7.5,1,1,Centre,0.7258853710752728
C003431,30.21,Sciences,Montreal,H1A,44022,16,3.7,0,1,Centre,0.9903618428115307
C004556,25.3,Arts et lettres,Capitale-Nationale,G1V,64845,11,17.0,0,0,Centre,0.004543539324869965
C010955,26.16,Sciences sociales,Capitale-Nationale,G1V,48870,8,22.1,1,0,Centre,0.00930834736925818
C007390,27.41,Arts et lettres,Gaspesie-Iles-de-la-Madeleine,G0C,72516,15,234.8,1,0,Eloignee,0.5171303671691523
C012458,30.72,Genie,Cote-Nord,G4R,54710,9,130.6,0,1,Eloignee,0.9735637568220391
C007369,29.91,Sciences,Bas-Saint-Laurent,G0L,40394,12,367.8,1,1,Eloignee,0.9811808849582307
C003366,32.24,Sante,Capitale-Nationale,G2E,91833,9,27.1,0,1,Centre,0.9998679772159287
C009036,28.08,Sciences,Montreal,H3T,118602,12,29.5,1,1,Centre,0.6489307094499838
C006436,28.22,Sciences,Capitale-Nationale,G3A,113374,6,100.2,0,1,Centre,0.6967089841281261
C013762,31.93,Sciences,Bas-Saint-Laurent,G0L,48773,23,74.4,0,1,Eloignee,0.9956052996279227
C008898,31.09,Genie,Capitale-Nationale,G1V,42454,11,4.9,0,1,Centre,0.9940745475292768
C006755,27.9,Sciences sociales,Gaspesie-Iles-de-la-Madeleine,G4X,127632,12,603.9,1,1,Eloignee,0.5441530464289419
C004217,33.82,Sciences sociales,Capitale-Nationale,G1V,49485,15,17.2,1,1,Centre,0.9988094327557242
C003089,31.17,Sciences sociales,Montreal,H4L,48325,2,7.9,0,1,Centre,0.9818555789523917
C008273,23.79,Sciences sociales,Gaspesie-Iles-de-la-Madeleine,G0C,38904,8,208.4,1,0,Eloignee,7.459539390107727e-05
C010875,29.85,Sciences,Montreal,H4L,79771,13,14.0,0,1,Centre,0.9977599332330368
C013989,35.88,Sante,Montreal,H1A,79868,9,31.9,0,1,Centre,0.9999052350551701
C009061,28.79,Sante,Bas-Saint-Laurent,G0L,31420,14,335.4,0,0,Eloignee,0.877867199994616
C002698,28.04,Sciences,Bas-Saint-Laurent,G0L,31436,10,347.1,0,0,Eloignee,0.16550469684425115
C000242,24.26,Arts et lettres,Montreal,H4L,149165,12,26.1,0,0,Centre,0.0024757819776241655
C004341,29.1,Sciences,Gaspesie-Iles-de-la-Madeleine,G5C,96117,12,428.0,1,0,Eloignee,0.7756789859550134
C007746,30.18,Arts et lettres,Montreal,H8N,66305,8,7.7,1,1,Centre,0.9513462874585726
C011499,26.9,Sante,Gaspesie-Iles-de-la-Madeleine,G0C,48669,12,241.6,1,0,Eloignee,0.09823369038033264
C001711,32.43,Sante,Cote-Nord,G4R,65023,13,204.8,0,1,Eloignee,0.9998864803789695
C004564,29.12,Sciences sociales,Cote-Nord,G0G,75347,11,160.8,1,0,Eloignee,0.8836911066676234
C013198,25.16,Sciences sociales,Gaspesie-Iles-de-la-Madeleine,G5C,75569,23,241.8,1,0,Eloignee,0.5497125296439587
C007217,28.67,Sciences sociales,Capitale-Nationale,G3A,99367,8,3.5,0,0,Centre,0.6688993605662463
C008811,30.7,Sciences sociales,Capitale-Nationale,G2E,43032,6,9.1,0,1,Centre,0.987315399124948
C007454,34.57,Arts et lettres,Montreal,H3T,76349,6,28.3,1,1,Centre,0.9995631505671096
C010455,30.07,Sciences,Bas-Saint-Laurent,G0L,52674,11,372.7,0,0,Eloignee,0.9577723573580472
C007751,32.54,Sciences,Capitale-Nationale,G2E,73978,9,28.9,0,1,Centre,0.9997233763303147
C005823,28.0,Genie,Montreal,H8N,100164,7,11.4,0,0,Centre,0.5295534006120785
C001334,29.67,Genie,Gaspesie-Iles-de-la-Madeleine,G0C,28171,12,273.5,0,0,Eloignee,0.7156845892713953
C000586,24.66,Sciences sociales,Gaspesie-Iles-de-la-Madeleine,G5C,81492,12,123.1,0,0,Eloignee,0.0003914841202578457
C002737,25.33,Sante,Montreal,H4L,44266,11,9.3,0,0,Centre,0.06237547618260101
C005447,28.98,Sciences,Montreal,H4L,51369,1,2.4,1,1,Centre,0.5111601235829348
C013744,27.99,Genie,Montreal,H3T,78277,10,23.9,1,1,Centre,0.72824932662184
C011045,30.76,Sante,Montreal,H3T,91724,9,5.6,0,1,Centre,0.9978223025368205
C006028,23.76,Arts et lettres,Capitale-Nationale,G2E,104095,8,20.2,1,0,Centre,0.0019186216699225505
C011005,26.23,Arts et lettres,Bas-Saint-Laurent,G0L,55171,17,152.6,0,0,Eloignee,0.6623421926339838
C004323,30.06,Arts et lettres,Bas-Saint-Laurent,G0L,60454,8,163.3,1,1,Eloignee,0.6142093357527598
C004920,25.61,Arts et lettres,Montreal,H2X,51977,10,22.3,0,0,Centre,0.016526571125830388
C013021,31.77,Sciences sociales,Gaspesie-Iles-de-la-Madeleine,G5C,44395,9,213.6,1,1,Eloignee,0.9997056441585846
C001585,26.07,Genie,Cote-Nord,G5B,125961,12,158.0,0,1,Eloignee,0.25109084379981816
C009784,20.21,Arts et lettres,Montreal,H4L,36036,5,50.8,0,0,Centre,0.00013366761379915825
C000059,29.98,Sante,Capitale-Nationale,G3A,116023,8,36.3,0,1,Centre,0.9923945101642013
C012907,21.02,Sante,Capitale-Nationale,G1V,94774,8,40.2,0,0,Centre,0.0001886419148399699
C003000,35.45,Sciences,Gaspesie-Iles-de-la-Madeleine,G0C,46875,10,146.6,1,1,Eloignee,0.9998439219425401
C013138,26.91,Sciences sociales,Capitale-Nationale,G1R,82839,8,61.3,1,0,Centre,0.1024965222919722
C013579,28.66,Sciences,Cote-Nord,G4R,31250,17,170.0,0,0,Eloignee,0.925655038098325
C010169,25.69,Arts et lettres,Gaspesie-Iles-de-la-Madeleine,G4X,22013,10,101.0,0,0,Eloignee,0.03160856899484486
C004973,31.54,Sciences,Bas-Saint-Laurent,G5L,80845,12,167.1,0,1,Eloignee,0.999138971059216
C003305,27.54,Arts et lettres,Bas-Saint-Laurent,G0L,56871,12,467.6,0,0,Eloignee,0.48294092814516565
C007963,30.04,Sciences sociales,Montreal,H1A,35170,7,11.7,0,0,Centre,0.655393318413937
C012160,31.68,Sciences sociales,Capitale-Nationale,G3A,134386,9,32.7,1,1,Centre,0.9998722305981675
C004718,26.21,Genie,Capitale-Nationale,G1V,69046,7,7.3,0,0,Centre,0.005996729163354585
C011410,30.63,Sciences,Gaspesie-Iles-de-la-Madeleine,G0C,24750,12,76.3,1,0,Eloignee,0.9435635605695416
C012371,26.77,Sciences,Montreal,H4L,30372,11,28.4,1,0,Centre,0.020132804602245348
C005889,32.24,Arts et lettres,Montreal,H8N,38302,6,20.5,0,1,Centre,0.9992454941529979
C006910,31.75,Sante,Montreal,H8N,46561,9,7.4,0,1,Centre,0.9997251215762346
C001799,29.54,Genie,Montreal,H4L,76882,7,16.4,0,1,Centre,0.968202910772566
C006563,26.06,Genie,Capitale-Nationale,G1R,109075,8,7.6,0,0,Centre,0.046935634812560786
C003309,24.1,Sante,Bas-Saint-Laurent,G5L,69389,15,161.7,1,0,Eloignee,0.0005782645306794003
C000120,27.88,Sciences,Gaspesie-Iles-de-la-Madeleine,G4X,35776,9,340.5,0,0,Eloignee,0.08504986607307753
C013323,34.13,Sante,Montreal,H1A,63019,10,16.1,0,1,Centre,0.9998487635137119
C002402,28.55,Sciences sociales,Bas-Saint-Laurent,G5L,58634,12,67.9,0,0,Eloignee,0.7937635960530891
C012439,29.26,Genie,Montreal,H3T,63408,10,8.5,1,0,Centre,0.893348098612215
C011204,25.23,Sciences sociales,Montreal,H8N,113948,10,18.2,0,0,Centre,0.02574564603217525
C006527,22.73,Arts et lettres,Gaspesie-Iles-de-la-Madeleine,G5C,38756,12,195.7,1,0,Eloignee,0.0002635863980080742
C005907,34.64,Sciences sociales,Montreal,H3T,92034,7,13.8,0,1,Centre,0.9998300051993105
C012602,28.56,Arts et lettres,Capitale-Nationale,G2E,70364,4,9.9,0,1,Centre,0.5706351360510081
C013091,27.52,Sciences sociales,Cote-Nord,G5B,62301,16,152.2,0,0,Eloignee,0.4971902925015172
C003579,25.3,Sciences sociales,Montreal,H3T,67032,11,24.9,0,0,Centre,0.004543539324869965
C011889,28.97,Sante,Capitale-Nationale,G3A,45003,9,34.1,0,1,Centre,0.7726961999581926
C000536,25.88,Genie,Capitale-Nationale,G2E,77156,9,20.7,0,0,Centre,0.00679685152510145
C003496,29.85,Sciences,Montreal,H4L,24218,15,32.6,0,1,Centre,0.992417831645427
C011850,26.78,Genie,Gaspesie-Iles-de-la-Madeleine,G5C,37585,16,221.9,1,0,Eloignee,0.06467583407042099
C004310,23.0,Sante,Montreal,H2X,82462,4,15.2,0,0,Centre,0.00010216510177949353
C000851,32.43,Sciences sociales,Montreal,H2X,37143,8,34.6,1,1,Centre,0.9997410285315571
C012539,25.88,Arts et lettres,Gaspesie-Iles-de-la-Madeleine,G4X,156006,13,227.8,0,1,Eloignee,0.041056210973306057
C012861,28.17,Sciences sociales,Capitale-Nationale,G2E,91977,4,12.4,0,0,Centre,0.46187823907233316
C005639,23.74,Sciences,Capitale-Nationale,G1V,62758,9,9.3,0,0,Centre,8.722756020672095e-05
C012513,29.14,Arts et lettres,Capitale-Nationale,G1V,40618,8,19.7,0,1,Centre,0.5448187196698322
C012877,23.12,Sciences sociales,Bas-Saint-Laurent,G5L,78433,7,179.0,1,0,Eloignee,0.0001224153626251142
C006459,30.34,Genie,Montreal,H1A,40536,11,38.6,0,1,Centre,0.699960214773902
C000519,28.72,Arts et lettres,Cote-Nord,G0G,25675,15,360.6,0,0,Eloignee,0.5781023821522044
C008564,30.35,Genie,Montreal,H2X,99587,9,11.6,0,1,Centre,0.9947470491824284
C006207,26.01,Arts et lettres,Montreal,H4L,110694,6,18.3,0,0,Centre,0.02582746644927592
C008868,33.81,Sante,Capitale-Nationale,G2E,59569,5,6.9,1,1,Centre,0.9998500013506809
C009838,26.95,Arts et lettres,Capitale-Nationale,G2E,49592,18,5.9,0,0,Centre,0.47783711291713354
C008341,23.74,Genie,Capitale-Nationale,G3A,78454,10,11.3,1,0,Centre,0.00018516285304462555
C003279,22.01,Sciences,Gaspesie-Iles-de-la-Madeleine,G0C,88647,8,342.2,0,0,Eloignee,0.00015211489354742706
C005588,26.19,Arts et lettres,Cote-Nord,G4R,43873,14,235.3,1,0,Eloignee,0.4103502395961005
C000803,25.71,Sciences sociales,Montreal,H3T,38204,9,4.7,0,0,Centre,0.0038664753540314065
C012798,27.79,Sciences sociales,Montreal,H1A,70046,16,43.1,1,1,Centre,0.5580740721796449
C008751,28.68,Arts et lettres,Montreal,H3T,48656,15,30.2,0,1,Centre,0.9401619719385196
C001606,31.27,Genie,Bas-Saint-Laurent,G5N,38326,8,516.9,0,1,Eloignee,0.9957799659819654
C009203,21.76,Sciences,Montreal,H3T,53442,8,24.1,0,0,Centre,9.541049324568819e-05
C011761,26.0,Sciences sociales,Gaspesie-Iles-de-la-Madeleine,G5C,27897,13,153.0,0,0,Eloignee,0.14944956572015777
C006344,27.21,Arts et lettres,Capitale-Nationale,G3A,63739,11,14.4,1,0,Centre,0.19454860363121906
C011875,30.42,Sciences,Montreal,H4L,79347,13,30.3,1,1,Centre,0.9965753474054797
C000203,27.23,Sciences sociales,Montreal,H3T,84326,5,33.5,1,0,Centre,0.06263830235412479
C002386,28.9,Sciences,Capitale-Nationale,G2E,34794,9,18.1,0,0,Centre,0.3863959190933207
C005209,31.48,Sante,Capitale-Nationale,G1V,29648,12,11.2,0,1,Centre,0.9892905081949872
C005273,26.81,Genie,Bas-Saint-Laurent,G0L,49327,16,183.7,0,0,Eloignee,0.1527673430359141
C001081,24.43,Sante,Montreal,H3T,77289,13,13.0,1,1,Centre,0.00021331128794008477
C009843,23.17,Arts et lettres,Montreal,H8N,109607,8,31.8,1,0,Centre,0.0019186216699225505
C006298,28.9,Sciences,Gaspesie-Iles-de-la-Madeleine,G5C,72700,21,138.7,0,1,Eloignee,0.9803317075499508
C008825,29.1,Sciences sociales,Montreal,H2X,48389,6,28.9,1,0,Centre,0.31729523824132383
C012938,24.53,Arts et lettres,Capitale-Nationale,G2E,60792,8,19.1,0,0,Centre,0.00015720618779463692
C008585,24.88,Sciences,Capitale-Nationale,G2E,34771,10,20.6,1,0,Centre,0.011087685451604596
C011556,25.84,Sciences,Capitale-Nationale,G1V,101535,9,16.4,0,0,Centre,0.014718935577428536
C008939,28.41,Sciences,Bas-Saint-Laurent,G5N,34809,16,224.4,0,0,Eloignee,0.6465806606780027
C013952,28.28,Sciences sociales,Gaspesie-Iles-de-la-Madeleine,G0C,73825,17,308.4,0,0,Eloignee,0.9382404151353592
C010061,27.54,Sante,Montreal,H2X,100446,5,29.2,0,1,Centre,0.5227791150074269
C012006,31.69,Genie,Bas-Saint-Laurent,G0L,38371,9,151.0,0,1,Eloignee,0.9997696059668469
C002997,27.49,Arts et lettres,Capitale-Nationale,G1R,54001,12,25.9,1,0,Centre,0.27503290281135695
C000060,30.1,Sciences,Bas-Saint-Laurent,G0L,72651,11,408.7,0,0,Eloignee,0.9782119889392535
C006767,23.86,Arts et lettres,Capitale-Nationale,G1V,103732,7,22.3,0,0,Centre,0.0016002590215947344
C004887,23.18,Sciences sociales,Gaspesie-Iles-de-la-Madeleine,G4X,58238,11,404.9,0,0,Eloignee,0.00010877907250063868
C012793,28.11,Sciences,Gaspesie-Iles-de-la-Madeleine,G5C,67951,16,317.4,0,1,Eloignee,0.7689380898154954
C000802,27.46,Sante,Cote-Nord,G5B,48058,17,188.3,0,0,Eloignee,0.4566284744949582
C007612,26.92,Arts et lettres,Cote-Nord,G5B,108775,14,97.0,1,0,Eloignee,0.6204503098932029
C000129,25.72,Genie,Gaspesie-Iles-de-la-Madeleine,G0C,55132,14,93.4,0,0,Eloignee,0.007373934380073616
C003905,32.5,Sciences,Capitale-Nationale,G1R,64676,10,41.3,0,1,Centre,0.9998586165668693
C000096,25.94,Sciences sociales,Montreal,H1A,94089,10,9.9,0,1,Centre,0.4189257012229886
C000495,29.15,Arts et lettres,Bas-Saint-Laurent,G5N,75720,12,207.3,1,1,Eloignee,0.9025307880090612
C011263,25.29,Arts et lettres,Bas-Saint-Laurent,G5N,40479,19,104.3,1,0,Eloignee,0.3677730658946985
C006970,29.79,Arts et lettres,Gaspesie-Iles-de-la-Madeleine,G4X,52660,10,286.4,0,0,Eloignee,0.9239421532155817
C012848,26.04,Sante,Gaspesie-Iles-de-la-Madeleine,G4X,34290,10,309.4,0,0,Eloignee,0.11884409273399547
C002467,24.84,Sante,Montreal,H2X,62450,7,15.5,0,0,Centre,0.00015103967087381915
C004678,29.44,Arts et lettres,Bas-Saint-Laurent,G0L,47265,8,106.3,1,1,Eloignee,0.7204187078806907
C005641,29.13,Sciences,Gaspesie-Iles-de-la-Madeleine,G4X,88893,13,151.5,1,1,Eloignee,0.9517389826827175
C006231,30.47,Genie,Montreal,H1A,75259,11,47.7,0,1,Centre,0.9948209981869883
C011406,29.16,Arts et lettres,Montreal,H4L,30641,10,6.3,0,0,Centre,0.3911119688441258
C010098,27.81,Sciences,Capitale-Nationale,G1R,39169,9,57.7,0,0,Centre,0.11500790486783735
C007545,26.9,Sciences,Capitale-Nationale,G3A,141698,9,15.7,1,1,Centre,0.5092212990532996
C007842,30.57,Sante,Capitale-Nationale,G1V,62530,10,41.4,1,1,Centre,0.9804390161566833
C003223,26.47,Sante,Gaspesie-Iles-de-la-Madeleine,G0C,70311,13,158.8,0,0,Eloignee,0.09336622823751459
C013966,28.22,Sante,Montreal,H4L,44374,7,3.3,0,1,Centre,0.7073099477490883
C009119,25.06,Sciences,Montreal,H1A,55639,10,4.1,0,0,Centre,0.0023352352507291013
C008875,33.56,Sciences,Capitale-Nationale,G1R,68818,13,19.5,0,1,Centre,0.9998652406983485
C005448,21.0,Arts et lettres,Montreal,H4L,90409,7,12.0,0,0,Centre,0.0016169946890612324
C002372,30.2,Genie,Gaspesie-Iles-de-la-Madeleine,G0C,45478,15,231.9,0,1,Eloignee,0.9667789954399567
C011483,26.63,Sciences sociales,Gaspesie-Iles-de-la-Madeleine,G4X,45793,11,198.0,0,1,Eloignee,0.03167936940450858
C010697,32.1,Sante,Montreal,H3T,132908,15,12.0,1,1,Centre,0.9989551595261265
C008789,22.07,Arts et lettres,Capitale-Nationale,G3A,73159,11,6.5,0,0,Centre,0.0001433783368682943
C004619,26.27,Sciences,Capitale-Nationale,G3A,81597,11,18.1,0,1,Centre,0.3853055098500448
C003292,29.58,Sante,Montreal,H2X,49617,5,10.0,1,1,Centre,0.9357708697263594
C008852,32.64,Genie,Capitale-Nationale,G3A,42525,14,27.7,0,1,Centre,0.9987339571651666
C013635,24.33,Sciences sociales,Montreal,H2X,50639,10,26.7,0,0,Centre,0.00027792231922507324
C008394,28.12,Arts et lettres,Capitale-Nationale,G1V,42637,10,5.3,0,0,Centre,0.14781234821579062
C007270,26.81,Genie,Montreal,H4L,137855,6,45.7,1,0,Centre,0.12312639976833645
C010118,30.4,Sciences,Capitale-Nationale,G3A,66013,3,27.6,0,1,Centre,0.9361117770414557
C011345,28.98,Arts et lettres,Capitale-Nationale,G3A,130921,9,3.6,0,1,Centre,0.9303622556162372
C006367,35.67,Sciences sociales,Montreal,H1A,157969,5,8.8,1,1,Centre,0.9998712848845693
C010285,29.41,Genie,Montreal,H8N,82411,7,20.1,0,1,Centre,0.9265759205306007
C000450,25.76,Arts et lettres,Bas-Saint-Laurent,G0L,23366,19,38.1,0,0,Eloignee,0.5042372058193623
C011872,27.42,Sciences sociales,Bas-Saint-Laurent,G0L,60727,13,347.1,0,0,Eloignee,0.42506470188929374
C009140,27.87,Genie,Capitale-Nationale,G1V,43876,6,10.0,0,0,Centre,0.07512668932341801
C012220,26.64,Sante,Gaspesie-Iles-de-la-Madeleine,G0C,14219,12,126.4,0,0,Eloignee,0.028314201320082635
C001234,33.06,Sciences sociales,Gaspesie-Iles-de-la-Madeleine,G5C,97497,15,291.4,1,1,Eloignee,0.9970288127982264
C011683,23.99,Sciences sociales,Gaspesie-Iles-de-la-Madeleine,G0C,33011,12,234.4,1,0,Eloignee,0.002814278314270292
C001651,24.25,Sciences,Cote-Nord,G0G,33832,17,101.5,1,0,Eloignee,0.007199741248023724
C003401,25.15,Sciences sociales,Bas-Saint-Laurent,G5N,48205,11,321.6,0,0,Eloignee,0.009322726737180815
C009633,28.42,Sante,Montreal,H8N,66069,11,18.7,1,1,Centre,0.8164413425128292
C003695,28.77,Sante,Gaspesie-Iles-de-la-Madeleine,G5C,22160,22,126.3,1,0,Eloignee,0.9041712841320311
C002547,23.63,Sciences,Gaspesie-Iles-de-la-Madeleine,G4X,23088,9,138.9,1,0,Eloignee,0.00013516820674364628
C006018,28.6,Genie,Capitale-Nationale,G1R,81780,7,19.0,0,1,Centre,0.533640505976126
C010986,26.34,Sciences,Montreal,H4L,156228,6,44.8,0,0,Centre,0.1386974435944268
C001069,28.73,Sciences,Montreal,H3T,138318,9,27.6,0,1,Centre,0.8902382942978511
C010350,27.37,Genie,Bas-Saint-Laurent,G5N,75839,20,197.1,0,1,Eloignee,0.8985255594984751
C000180,32.0,Sante,Cote-Nord,G5B,94195,12,185.4,0,1,Eloignee,0.9998675329842254
C006356,31.86,Sante,Capitale-Nationale,G1R,63864,7,17.6,0,1,Centre,0.9997945344188655
C009515,32.89,Sciences,Montreal,H1A,36061,15,2.3,0,1,Centre,0.9993138358317959
C002827,30.23,Genie,Capitale-Nationale,G1R,106588,9,8.5,0,1,Centre,0.9971776681608694
C012555,24.11,Sciences sociales,Cote-Nord,G0G,34127,14,232.6,1,0,Eloignee,0.00024121860674107193
C004727,32.51,Sciences sociales,Capitale-Nationale,G1R,87415,13,10.0,0,1,Centre,0.9986340796449812
C013333,25.38,Sciences sociales,Montreal,H2X,120900,6,11.6,1,0,Centre,0.03528472741199951
C007655,26.17,Sciences sociales,Montreal,H3T,108446,9,24.5,0,1,Centre,0.3476557328198342
C003189,25.1,Sante,Gaspesie-Iles-de-la-Madeleine,G0C,40937,10,212.5,1,0,Eloignee,0.03707775513998566
C006405,30.52,Sciences sociales,Capitale-Nationale,G3A,47138,8,10.9,1,1,Centre,0.9929602949953811
C008372,28.94,Arts et lettres,Montreal,H8N,85781,18,6.9,0,1,Centre,0.9829816280623672
C000741,17.72,Sciences,Cote-Nord,G4R,74797,13,250.1,1,0,Eloignee,0.00018557972670513122
C000978,33.05,Genie,Cote-Nord,G0G,33786,14,57.6,1,1,Eloignee,0.9998372553304117
C002382,24.99,Sciences sociales,Cote-Nord,G5B,33164,7,368.7,1,0,Eloignee,0.0029125685046252586
C002236,32.17,Sciences,Capitale-Nationale,G2E,60706,10,24.3,1,1,Centre,0.9998085745074718
C009685,24.95,Sciences sociales,Bas-Saint-Laurent,G5N,59932,14,245.0,0,0,Eloignee,0.00350156723219824
C010859,27.97,Sante,Montreal,H3T,34175,6,32.5,0,1,Centre,0.28902486637350944
C007626,22.8,Sante,Montreal,H2X,54572,8,42.5,0,0,Centre,9.19223887815481e-05
C010348,28.23,Sciences sociales,Capitale-Nationale,G2E,46496,7,8.8,0,1,Centre,0.5021420840234782
C013565,32.37,Genie,Montreal,H1A,66824,8,21.1,0,1,Centre,0.9998387930384666
C000645,27.45,Arts et lettres,Cote-Nord,G0G,88726,18,43.3,0,1,Eloignee,0.9501511567776004
C004333,26.53,Arts et lettres,Bas-Saint-Laurent,G5N,28007,16,271.6,1,0,Eloignee,0.07991090452000611
C001128,31.54,Arts et lettres,Capitale-Nationale,G3A,85976,12,32.3,1,1,Centre,0.9973628872129444
C010981,30.53,Genie,Cote-Nord,G4R,72972,12,251.9,0,1,Eloignee,0.9746759851039495
C012729,21.6,Sciences sociales,Capitale-Nationale,G1V,61119,12,58.6,1,0,Centre,8.601375374971482e-05
C012844,25.72,Sciences sociales,Montreal,H2X,44682,8,10.2,0,0,Centre,0.0021313085979789747
C013995,28.93,Sante,Montreal,H3T,75291,10,7.4,0,1,Centre,0.8598258220896432
C000235,21.62,Sciences,Bas-Saint-Laurent,G5N,71650,13,138.9,1,0,Eloignee,0.00018229062480648969
C008213,29.11,Sciences,Gaspesie-Iles-de-la-Madeleine,G5C,50544,16,201.2,1,0,Eloignee,0.9663633316281496
C006761,28.09,Sante,Gaspesie-Iles-de-la-Madeleine,G0C,57082,13,353.6,1,0,Eloignee,0.6420860271289567
C000389,28.46,Arts et lettres,Capitale-Nationale,G3A,60603,16,16.5,0,1,Centre,0.876560229574956
C007004,30.34,Genie,Montreal,H8N,51878,9,21.2,0,1,Centre,0.9086174680663252
C001384,29.9,Sante,Cote-Nord,G4R,56227,13,199.4,0,1,Eloignee,0.9952807996440435
C004504,26.62,Sante,Capitale-Nationale,G3A,57813,11,32.1,1,0,Centre,0.166053248039209
C008046,25.16,Sante,Montreal,H8N,49168,7,31.1,1,0,Centre,0.003721961267397857
C012049,21.62,Genie,Gaspesie-Iles-de-la-Madeleine,G5C,101544,10,390.7,1,0,Eloignee,0.0002811270560675078
C009449,26.84,Sante,Montreal,H1A,89788,7,18.2,0,0,Centre,0.09131116384892611
C008719,27.01,Sciences,Cote-Nord,G0G,98370,18,226.3,0,1,Eloignee,0.9215453716006784
C011421,29.26,Arts et lettres,Montreal,H1A,50437,10,0.7,1,1,Centre,0.9041510795443587
C009686,27.65,Sante,Cote-Nord,G4R,106566,14,423.0,1,1,Eloignee,0.5604666721558202
C002463,31.87,Sante,Gaspesie-Iles-de-la-Madeleine,G4X,102063,16,138.8,0,1,Eloignee,0.9965675985307973
C005702,29.41,Sciences,Capitale-Nationale,G1V,33688,7,19.8,0,1,Centre,0.6095420720368816
C000267,32.04,Genie,Montreal,H3T,58478,9,54.5,1,1,Centre,0.9998141086989984
C003156,27.43,Arts et lettres,Gaspesie-Iles-de-la-Madeleine,G0C,50193,12,161.5,1,0,Eloignee,0.4476567160113698
C002192,27.33,Arts et lettres,Gaspesie-Iles-de-la-Madeleine,G4X,52591,11,92.9,1,0,Eloignee,0.1981701190463117
C003477,24.36,Sante,Bas-Saint-Laurent,G0L,40794,13,138.7,0,0,Eloignee,0.00022616333597444725
C004940,25.89,Genie,Gaspesie-Iles-de-la-Madeleine,G5C,52056,14,538.7,1,0,Eloignee,0.05601566143412309
C009621,28.3,Genie,Montreal,H1A,38250,9,5.0,1,0,Centre,0.1521895837734521
C012970,21.14,Genie,Capitale-Nationale,G1R,46439,6,39.0,0,0,Centre,0.00029111808015501586
C010554,30.97,Genie,Montreal,H4L,103698,7,3.3,0,1,Centre,0.9992452768223284
C000998,26.82,Sciences,Capitale-Nationale,G2E,66030,9,7.8,0,0,Centre,0.028382663814248095
C003811,25.09,Genie,Montreal,H8N,44532,10,23.6,0,0,Centre,0.030480431810662623
C006409,31.16,Genie,Montreal,H2X,80568,11,16.3,0,1,Centre,0.999042894395544
C007233,30.69,Sciences,Montreal,H8N,108752,12,40.8,1,1,Centre,0.9987469927260958
C006499,27.64,Sciences,Capitale-Nationale,G1V,43980,10,4.5,0,0,Centre,0.14632028664562297
C010870,27.15,Sante,Bas-Saint-Laurent,G5L,70228,11,317.2,1,0,Eloignee,0.21445229273524472
C013070,33.83,Genie,Montreal,H8N,57958,5,4.4,1,1,Centre,0.9994034985476521
C012347,27.18,Sciences,Capitale-Nationale,G2E,114619,9,7.1,0,0,Centre,0.21965223359866765
C010931,27.63,Sciences,Bas-Saint-Laurent,G5L,31064,11,290.8,1,0,Eloignee,0.07460486430232038
C011253,27.67,Sciences sociales,Capitale-Nationale,G3A,71669,6,19.6,0,0,Centre,0.26643921146959393
C002765,30.23,Sciences sociales,Gaspesie-Iles-de-la-Madeleine,G4X,24940,13,203.4,0,0,Eloignee,0.9705168598734545
C008047,25.26,Sciences sociales,Capitale-Nationale,G3A,66116,8,7.1,0,0,Centre,0.0019338125027842188
C004578,26.54,Genie,Cote-Nord,G4R,54445,16,99.0,0,0,Eloignee,0.5241177797013467
C009247,22.44,Genie,Montreal,H4L,79227,11,8.4,0,0,Centre,0.0001085113269960677
C000249,30.86,Arts et lettres,Cote-Nord,G4R,53516,11,184.4,0,1,Eloignee,0.995317527050565
C006254,27.38,Arts et lettres,Cote-Nord,G5B,91805,15,210.3,0,0,Eloignee,0.8332842262395268
C011807,25.11,Sciences sociales,Bas-Saint-Laurent,G5L,66731,12,134.8,1,0,Eloignee,0.003277765857371596
C013445,35.18,Genie,Bas-Saint-Laurent,G5N,74094,8,96.9,1,1,Eloignee,0.9998004459804958
C011093,22.79,Sciences,Montreal,H3T,59790,12,5.5,0,0,Centre,9.361541564275031e-05
C011852,25.81,Sante,Bas-Saint-Laurent,G5L,62985,12,140.4,1,0,Eloignee,0.008619961279132303
C005197,29.02,Genie,Cote-Nord,G4R,51851,16,117.5,0,0,Eloignee,0.9559849782548466
C009046,23.92,Genie,Montreal,H2X,85274,9,23.9,0,0,Centre,0.00017299675176937488
C010474,26.09,Sciences,Capitale-Nationale,G3A,47703,8,41.3,0,0,Centre,0.023867185525645967
C012569,26.36,Sciences sociales,Montreal,H8N,100688,7,3.2,1,1,Centre,0.5097615180527207
C010542,28.18,Arts et lettres,Cote-Nord,G0G,42387,9,236.1,1,0,Eloignee,0.18237295223777886
C000996,30.32,Genie,Montreal,H3T,55751,11,25.5,0,1,Centre,0.9594097535323004
C003915,29.56,Arts et lettres,Capitale-Nationale,G2E,66878,14,27.4,0,1,Centre,0.9944136341491266
C009241,27.96,Sciences,Montreal,H1A,99776,6,22.7,1,0,Centre,0.10223517604189576
C005564,27.07,Sciences sociales,Gaspesie-Iles-de-la-Madeleine,G0C,106158,7,148.6,0,0,Eloignee,0.19258955633664832
C003900,26.63,Sciences,Montreal,H2X,74780,9,38.2,0,0,Centre,0.1620904471364761
C000434,32.11,Arts et lettres,Montreal,H1A,38608,9,29.0,0,1,Centre,0.9997935413919279
C008552,29.52,Genie,Montreal,H1A,86910,14,18.3,0,1,Centre,0.9815736880119192
C002536,27.09,Sante,Capitale-Nationale,G3A,81009,8,19.5,0,0,Centre,0.07992899039632664
C009433,26.09,Sante,Montreal,H3T,55682,3,13.9,0,0,Centre,0.008196709742216967
C009257,34.75,Sciences,Capitale-Nationale,G1R,38398,6,13.5,1,1,Centre,0.999741321675138
C012929,31.52,Genie,Capitale-Nationale,G3A,99667,12,20.9,1,1,Centre,0.9993748970810036
C000853,32.45,Genie,Montreal,H2X,130979,11,13.4,1,1,Centre,0.9998908523580684
C008100,26.45,Sciences sociales,Montreal,H2X,88287,6,18.8,0,0,Centre,0.08295154967243898
C002988,30.23,Sciences sociales,Montreal,H3T,59699,6,31.8,0,1,Centre,0.622506830146272
C003970,27.63,Genie,Bas-Saint-Laurent,G5N,69288,15,175.8,0,0,Eloignee,0.5418784981772691
C012397,31.19,Arts et lettres,Capitale-Nationale,G1V,58819,9,9.1,0,1,Centre,0.9980431351666753
C000286,26.68,Sciences,Gaspesie-Iles-de-la-Madeleine,G5C,55471,14,196.8,1,1,Eloignee,0.14177951108389555
C002876,26.49,Sciences,Cote-Nord,G0G,51205,15,206.6,0,0,Eloignee,0.16702855739714306
C007589,32.86,Genie,Gaspesie-Iles-de-la-Madeleine,G0C,62365,22,319.1,0,1,Eloignee,0.9977695059694994
C007660,26.24,Sciences sociales,Bas-Saint-Laurent,G5N,49417,12,212.3,0,0,Eloignee,0.15769416967257466
C003996,28.83,Sciences sociales,Cote-Nord,G0G,33084,10,99.7,0,0,Eloignee,0.3849626746742246
C012700,25.74,Sante,Montreal,H2X,68238,8,17.4,0,0,Centre,0.002168761583240181
C010643,28.28,Arts et lettres,Gaspesie-Iles-de-la-Madeleine,G4X,41799,23,235.1,0,0,Eloignee,0.7560195392358509
C000088,23.35,Sciences,Capitale-Nationale,G1R,89802,3,30.4,0,0,Centre,0.00013774940511173268
C003188,22.12,Arts et lettres,Gaspesie-Iles-de-la-Madeleine,G5C,54500,13,90.2,0,0,Eloignee,0.000156382744853519
C003135,26.73,Arts et lettres,Bas-Saint-Laurent,G5N,111518,7,121.2,0,0,Eloignee,0.2012608967146592
C011778,24.99,Sciences,Montreal,H1A,160981,17,30.5,1,0,Centre,0.7557985749134355
C004142,30.18,Sante,Cote-Nord,G4R,49869,15,374.9,0,1,Eloignee,0.9950868992988766
C005048,24.33,Genie,Montreal,H1A,43861,12,15.7,0,0,Centre,0.001110193341030391
C005765,27.47,Sciences sociales,Bas-Saint-Laurent,G5N,68166,14,95.0,0,0,Eloignee,0.3854972978989476
C002111,26.12,Sante,Gaspesie-Iles-de-la-Madeleine,G4X,104358,14,293.7,1,0,Eloignee,0.6268657537003114
C001197,29.0,Sante,Montreal,H1A,103482,8,18.4,1,1,Centre,0.8719339837106183
C011733,31.39,Sante,Montreal,H2X,56581,12,50.1,0,1,Centre,0.9977040313365535
C011233,33.18,Sante,Capitale-Nationale,G3A,157777,7,20.7,1,1,Centre,0.9999111650736985
C000270,29.95,Sante,Montreal,H3T,55653,12,6.4,1,1,Centre,0.9842737980212509
C002034,29.26,Sciences,Bas-Saint-Laurent,G0L,55050,13,503.6,0,1,Eloignee,0.984806589294222
C013959,24.08,Genie,Capitale-Nationale,G2E,113806,10,19.9,0,0,Centre,0.0002730763164043396
C000435,29.71,Genie,Capitale-Nationale,G3A,40168,19,36.0,0,1,Centre,0.9673974562561581
C002572,26.86,Genie,Montreal,H2X,72463,10,16.8,0,0,Centre,0.22394812989769458
C002141,21.48,Sante,Capitale-Nationale,G1R,87366,14,5.7,0,0,Centre,0.00034135131263675773
C006625,24.67,Sante,Gaspesie-Iles-de-la-Madeleine,G4X,30352,16,217.3,1,0,Eloignee,0.0039392538104514865
C002257,26.86,Sante,Bas-Saint-Laurent,G0L,79525,16,88.7,1,0,Eloignee,0.7741797210185443
C001372,30.0,Sciences sociales,Capitale-Nationale,G2E,39905,7,21.8,0,1,Centre,0.8256672955471596
C010332,26.46,Sciences,Montreal,H1A,31717,6,36.4,0,0,Centre,0.002176389917048745
C003464,29.06,Sciences,Montreal,H8N,118734,12,12.5,0,1,Centre,0.8779081289685806
C013312,24.84,Sante,Capitale-Nationale,G1R,104376,11,19.8,0,0,Centre,0.0010036744619165007
C012009,32.83,Genie,Bas-Saint-Laurent,G5L,64392,18,234.3,0,1,Eloignee,0.9977695059694994
C003044,24.64,Sante,Cote-Nord,G4R,85187,13,83.2,0,0,Eloignee,0.000403594118146158
C001337,32.04,Genie,Montreal,H8N,56708,11,42.6,0,1,Centre,0.9998240609362468
C005693,21.64,Sante,Bas-Saint-Laurent,G5N,54451,13,234.0,1,0,Eloignee,0.00011219790185123804
C003285,27.12,Sciences sociales,Gaspesie-Iles-de-la-Madeleine,G4X,31493,13,293.5,0,0,Eloignee,0.06733010604851557
C008292,25.47,Arts et lettres,Montreal,H1A,67542,8,28.4,1,0,Centre,0.0019323094161427137
C009324,26.16,Sciences,Gaspesie-Iles-de-la-Madeleine,G0C,44871,10,149.4,0,0,Eloignee,0.20542855254545797
C002899,23.49,Sante,Bas-Saint-Laurent,G5L,33446,13,163.4,1,0,Eloignee,0.0003695390786514036
C013698,25.62,Genie,Gaspesie-Iles-de-la-Madeleine,G0C,47487,14,313.6,0,0,Eloignee,0.021085498072013535
C005484,23.05,Genie,Montreal,H2X,77538,9,20.4,0,0,Centre,0.00010641253543043249
C008476,31.87,Arts et lettres,Bas-Saint-Laurent,G5N,64956,15,261.5,1,1,Eloignee,0.9974627658147172
C012505,31.06,Sciences,Montreal,H1A,46892,7,19.8,0,1,Centre,0.9958996402722753
C008723,29.95,Sante,Montreal,H3T,58090,6,9.1,0,1,Centre,0.9297754923380799
C012401,28.92,Sciences,Montreal,H8N,31471,13,15.1,0,1,Centre,0.8301753197733766
C000523,23.4,Sciences sociales,Bas-Saint-Laurent,G5N,25630,13,129.1,0,0,Eloignee,0.00022124687836215455
C011042,26.56,Genie,Bas-Saint-Laurent,G5L,65379,18,274.4,1,0,Eloignee,0.780692592659912
C011986,33.05,Genie,Cote-Nord,G4R,53578,13,90.4,0,1,Eloignee,0.9998832902573142
C008864,26.07,Arts et lettres,Montreal,H2X,109856,14,4.4,0,0,Centre,0.1390006918257283
C005207,27.32,Genie,Bas-Saint-Laurent,G5L,34715,11,56.4,0,0,Eloignee,0.040138334845455835
C000945,27.99,Sante,Montreal,H4L,122609,5,18.4,0,0,Centre,0.16183866347716538
C007329,27.11,Sciences,Montreal,H3T,71716,10,43.4,1,1,Centre,0.22247750371943617
C003316,27.59,Arts et lettres,Bas-Saint-Laurent,G5L,30432,12,17.6,1,0,Eloignee,0.033944934289769094
C012959,28.57,Sciences sociales,Montreal,H8N,140920,12,35.4,0,1,Centre,0.9323938832103804
C007266,25.09,Sante,Montreal,H3T,48409,6,10.0,1,0,Centre,0.00125787963635745
C006789,22.01,Genie,Montreal,H3T,89107,8,6.0,0,0,Centre,0.00011349593589717551
C010862,34.18,Sciences,Montreal,H8N,89434,12,10.7,1,1,Centre,0.9997114169310454
C003620,29.26,Sciences,Montreal,H8N,65594,12,33.3,0,0,Centre,0.9461475715575832
C013612,22.44,Sante,Bas-Saint-Laurent,G5L,70129,9,260.3,1,0,Eloignee,9.112002556486444e-05
C000796,31.79,Arts et lettres,Montreal,H4L,193748,13,14.2,0,1,Centre,0.9997493242924952
C002246,27.21,Arts et lettres,Bas-Saint-Laurent,G5N,81163,8,230.5,1,0,Eloignee,0.16443436574251874
C002981,28.29,Sciences,Montreal,H4L,60611,2,24.4,0,1,Centre,0.33203986905407795
C013304,28.47,Genie,Gaspesie-Iles-de-la-Madeleine,G5C,84477,17,116.5,1,1,Eloignee,0.9338369010728389
C003242,25.4,Sciences,Bas-Saint-Laurent,G5N,72163,14,554.3,0,0,Eloignee,0.011857740830689887
C008453,32.54,Arts et lettres,Montreal,H2X,128566,6,2.5,0,1,Centre,0.9994014705873968
C003796,25.91,Sciences,Montreal,H1A,87661,9,17.7,0,1,Centre,0.5626347852889901
C006680,29.79,Arts et lettres,Montreal,H1A,124049,5,24.2,0,1,Centre,0.9725709277469541
C000295,27.82,Genie,Montreal,H8N,55069,6,53.1,0,0,Centre,0.10808611307995315
C004483,28.44,Sciences sociales,Capitale-Nationale,G2E,24568,6,1.1,0,0,Centre,0.2418318288428674
C010450,34.83,Sciences,Montreal,H8N,63312,10,10.8,0,1,Centre,0.9998249383016148
C001417,28.86,Sante,Cote-Nord,G0G,50466,12,169.4,1,1,Eloignee,0.8876460948237945
C000589,28.7,Genie,Capitale-Nationale,G3A,72404,18,25.4,0,1,Centre,0.9819382793540397
C010905,29.42,Arts et lettres,Montreal,H8N,77185,3,8.9,0,1,Centre,0.7179208493709297
C012146,26.97,Arts et lettres,Bas-Saint-Laurent,G0L,92317,6,94.6,1,0,Eloignee,0.2800969079925366
C007894,28.03,Arts et lettres,Bas-Saint-Laurent,G5N,71698,16,218.8,0,1,Eloignee,0.5220745803892108
C006623,26.51,Sante,Montreal,H1A,65576,9,38.1,0,0,Centre,0.01438050531510646
C009962,28.05,Sciences,Montreal,H3T,99176,6,14.6,1,0,Centre,0.12730113866578086
C013018,30.48,Genie,Montreal,H2X,57472,8,18.7,0,1,Centre,0.8881491198115431
C011000,30.26,Arts et lettres,Capitale-Nationale,G1R,99160,9,25.5,0,1,Centre,0.9926838857815684
C007411,28.72,Arts et lettres,Montreal,H1A,28090,6,45.1,0,0,Centre,0.21698872702476668
C003411,25.55,Sciences sociales,Montreal,H3T,29627,12,16.1,1,0,Centre,0.008354252957514016
C013944,27.86,Genie,Capitale-Nationale,G1V,70384,8,4.1,1,1,Centre,0.58254025042534
C004817,28.04,Arts et lettres,Bas-Saint-Laurent,G5L,54582,18,285.2,0,0,Eloignee,0.6019850533187805
C011509,28.22,Sciences sociales,Gaspesie-Iles-de-la-Madeleine,G4X,66512,4,178.8,0,0,Eloignee,0.425575138402298
C003791,27.28,Sciences sociales,Montreal,H2X,58632,14,21.8,0,1,Centre,0.6790701472029993
C001294,26.45,Sciences,Bas-Saint-Laurent,G0L,27178,15,286.8,0,0,Eloignee,0.18053146544509682
C013808,27.77,Sante,Bas-Saint-Laurent,G0L,69684,14,266.4,0,0,Eloignee,0.44083170962439644
C010402,28.21,Sante,Bas-Saint-Laurent,G5N,80432,10,146.5,1,0,Eloignee,0.7747452186273072
C012945,27.78,Arts et lettres,Gaspesie-Iles-de-la-Madeleine,G0C,56355,13,207.9,0,0,Eloignee,0.30875291416604467
C007167,30.93,Genie,Montreal,H8N,60035,6,20.4,1,1,Centre,0.9901439758105964
C006325,26.31,Sante,Gaspesie-Iles-de-la-Madeleine,G0C,59170,9,36.5,1,0,Eloignee,0.031139954393842595
C010433,29.6,Sante,Montreal,H8N,117127,6,20.6,1,1,Centre,0.9257965471274715
C001943,33.41,Genie,Montreal,H1A,45336,9,35.3,1,1,Centre,0.9995921439720608
C006959,30.91,Sciences sociales,Montreal,H3T,47064,6,31.7,0,1,Centre,0.9607534172086634
C000086,34.87,Sciences,Cote-Nord,G4R,43820,15,223.3,0,1,Eloignee,0.9994136401835357
C009168,33.57,Genie,Cote-Nord,G0G,30199,14,170.4,0,1,Eloignee,0.9996304500540872
C007059,22.78,Genie,Gaspesie-Iles-de-la-Madeleine,G5C,71294,24,437.4,0,0,Eloignee,0.002845757606940518
C005951,30.4,Sante,Montreal,H8N,42233,7,22.6,0,1,Centre,0.9154708695829545
C006478,31.28,Sante,Montreal,H1A,78914,5,8.6,0,1,Centre,0.9978999764319476
C013849,27.15,Arts et lettres,Capitale-Nationale,G1V,34366,8,37.6,1,0,Centre,0.05453960746298475
C000313,27.04,Arts et lettres,Capitale-Nationale,G1R,68507,8,18.2,0,0,Centre,0.06381740824814885
C000137,27.37,Genie,Montreal,H1A,58820,5,12.8,1,0,Centre,0.12016251080773127
C012783,30.14,Sciences sociales,Bas-Saint-Laurent,G5N,73559,10,426.0,1,1,Eloignee,0.9519287789487368
C013280,26.29,Sciences,Montreal,H8N,55186,8,43.0,0,0,Centre,0.015188828483458377
C012399,23.36,Sciences sociales,Montreal,H1A,25750,8,19.7,1,0,Centre,0.00013406191951567957
C004216,31.02,Arts et lettres,Gaspesie-Iles-de-la-Madeleine,G5C,41323,11,123.3,0,0,Eloignee,0.9898219150013082
C002238,21.36,Sciences,Capitale-Nationale,G2E,78926,9,7.6,0,0,Centre,8.567521497417691e-05
C007389,23.35,Sciences,Gaspesie-Iles-de-la-Madeleine,G4X,43030,8,262.9,0,0,Eloignee,8.31464185966147e-05
C003545,27.48,Sciences sociales,Montreal,H1A,88843,10,22.3,0,0,Centre,0.46334687342792613
C011741,21.7,Sciences,Montreal,H2X,58435,14,15.2,1,0,Centre,0.00013131252364567122
C005109,23.41,Sciences sociales,Capitale-Nationale,G3A,69513,12,11.5,0,0,Centre,9.312289390023982e-05
C003682,29.8,Sciences sociales,Gaspesie-Iles-de-la-Madeleine,G0C,37791,16,573.2,0,1,Eloignee,0.9636051404096957
C008052,26.8,Arts et lettres,Cote-Nord,G0G,65748,14,144.1,0,0,Eloignee,0.18163977739681236
C000622,30.21,Sante,Montreal,H1A,95201,12,29.4,1,1,Centre,0.9888613515197094
C002231,31.4,Arts et lettres,Capitale-Nationale,G3A,293879,7,23.2,0,1,Centre,0.999788054682269
C006274,28.51,Sciences sociales,Montreal,H1A,77019,13,28.7,0,0,Centre,0.6656105876318164
C009452,26.91,Arts et lettres,Bas-Saint-Laurent,G5L,147554,19,111.2,1,0,Eloignee,0.9855813403179621
C012095,25.84,Sante,Capitale-Nationale,G3A,61829,12,12.6,0,0,Centre,0.0097181819115397
C008517,25.75,Sciences sociales,Montreal,H4L,52442,8,16.7,1,0,Centre,0.002458839765936935
C008500,25.26,Sante,Gaspesie-Iles-de-la-Madeleine,G4X,28987,17,258.8,1,0,Eloignee,0.29280568860432443
C006728,18.42,Sciences,Bas-Saint-Laurent,G5L,52145,12,121.1,0,0,Eloignee,0.0001006167086841999
C006957,25.39,Sciences,Montreal,H1A,79588,9,31.7,1,1,Centre,0.015142779484175627
C000496,28.58,Sante,Cote-Nord,G5B,55417,8,174.7,1,0,Eloignee,0.6474616407404798
C010810,26.42,Sciences sociales,Montreal,H3T,54568,5,10.6,0,0,Centre,0.006922655457243255
C011299,28.67,Sciences sociales,Montreal,H2X,104913,8,9.9,0,1,Centre,0.8365351247582494
C000534,25.94,Sciences,Montreal,H2X,69145,11,6.6,0,0,Centre,0.010566802720083372
C002854,29.19,Genie,Capitale-Nationale,G2E,132113,6,8.5,0,1,Centre,0.9594207929074446
C013625,30.2,Sciences,Montreal,H8N,44818,5,16.9,1,1,Centre,0.9715866568492217
C013596,31.81,Genie,Montreal,H8N,108414,7,10.0,1,1,Centre,0.9998877550825264
C006470,30.09,Genie,Montreal,H3T,122042,9,37.3,1,1,Centre,0.9845062315112841
C007274,25.46,Sciences,Cote-Nord,G4R,118806,8,164.7,1,0,Eloignee,0.014389229620163826
C012018,31.06,Sciences,Montreal,H4L,77513,13,18.4,0,1,Centre,0.9987276701156291
C002112,31.09,Genie,Montreal,H4L,189702,8,12.5,0,1,Centre,0.9998334065508804
C001024,30.72,Genie,Cote-Nord,G0G,54801,14,375.6,0,1,Eloignee,0.9977803744396798
C000771,25.97,Sciences,Capitale-Nationale,G3A,114849,13,10.5,0,1,Centre,0.30068856332066873
C010908,30.66,Genie,Capitale-Nationale,G1V,50109,8,45.6,0,1,Centre,0.9388843784968888
C006843,26.11,Sciences sociales,Montreal,H2X,56662,3,14.1,0,0,Centre,0.01508261584311078
C012125,27.94,Genie,Montreal,H2X,49191,13,35.2,1,1,Centre,0.34118452359449053
C003185,31.82,Arts et lettres,Capitale-Nationale,G1V,49409,10,20.6,0,1,Centre,0.9997425704771574
C008313,29.08,Sante,Capitale-Nationale,G1R,66060,17,5.6,1,1,Centre,0.9736124073604144
C012276,24.95,Sciences sociales,Cote-Nord,G0G,68878,9,227.7,0,0,Eloignee,0.0014858604409768198
C008255,25.81,Sciences,Gaspesie-Iles-de-la-Madeleine,G0C,43879,14,176.9,0,0,Eloignee,0.02615972715744647
C006292,34.99,Sciences sociales,Capitale-Nationale,G1R,24736,13,19.3,0,1,Centre,0.9994217179268476
C009536,26.19,Arts et lettres,Montreal,H2X,143623,6,18.6,0,0,Centre,0.17728045880874363
C002921,25.96,Genie,Capitale-Nationale,G2E,105559,5,45.1,0,0,Centre,0.0028829013634279295
C012726,23.75,Genie,Montreal,H4L,116229,11,15.3,0,0,Centre,0.00022472237505981064
C005470,27.7,Sante,Montreal,H3T,94057,16,23.6,0,1,Centre,0.823631895075185
C001718,33.37,Sante,Montreal,H2X,241830,10,7.5,0,1,Centre,0.9999166556445395
C002946,29.08,Sciences sociales,Montreal,H2X,38142,8,19.6,0,0,Centre,0.3355187506392726
C008477,28.3,Genie,Capitale-Nationale,G2E,24724,14,8.0,1,0,Centre,0.0759011058700022
C002649,29.05,Genie,Capitale-Nationale,G3A,52837,8,45.5,0,1,Centre,0.6760092635329301
C012629,27.54,Arts et lettres,Capitale-Nationale,G1V,60508,12,5.0,1,1,Centre,0.4563300825886407
C000344,31.39,Sciences,Cote-Nord,G5B,73478,10,476.8,1,1,Eloignee,0.998587168835784
C007103,27.31,Sante,Capitale-Nationale,G2E,54009,6,8.6,0,0,Centre,0.05450937983481362
C012716,34.09,Sciences,Montreal,H8N,59021,14,10.6,0,1,Centre,0.999891355265087
C010724,23.78,Genie,Montreal,H8N,33398,13,16.3,0,0,Centre,0.00020758521182992308
C002814,28.2,Sante,Bas-Saint-Laurent,G5N,39974,15,132.0,1,0,Eloignee,0.6415055553579113
C013841,31.36,Sciences sociales,Capitale-Nationale,G3A,86025,3,28.7,0,1,Centre,0.9949959359254278
C001961,26.25,Arts et lettres,Capitale-Nationale,G1R,44537,6,10.0,0,0,Centre,0.0043387913747028415
C012656,28.17,Sciences,Montreal,H1A,105552,9,11.2,0,0,Centre,0.503248934726557
C006556,29.1,Sante,Montreal,H8N,120745,11,42.6,0,1,Centre,0.7115061481864454
C010617,24.04,Arts et lettres,Gaspesie-Iles-de-la-Madeleine,G0C,57381,11,147.0,0,0,Eloignee,0.00015424864942525094
C011197,25.93,Sante,Montreal,H1A,157150,9,38.7,0,0,Centre,0.1121163049623037
C002078,28.22,Sciences sociales,Gaspesie-Iles-de-la-Madeleine,G4X,90929,6,109.1,1,0,Eloignee,0.25811887965063945
C002124,31.17,Sciences,Montreal,H8N,51327,10,17.3,0,0,Centre,0.9981431067253485
C013736,29.37,Arts et lettres,Montreal,H3T,79966,7,13.1,0,0,Centre,0.7521343588368496
C002133,27.57,Sciences,Montreal,H1A,94891,3,11.7,0,1,Centre,0.5708677679484009
C010122,28.94,Arts et lettres,Gaspesie-Iles-de-la-Madeleine,G0C,35128,10,287.3,0,0,Eloignee,0.29395444683530686
C008659,28.05,Arts et lettres,Gaspesie-Iles-de-la-Madeleine,G5C,99874,14,161.0,0,0,Eloignee,0.7210865379691194
C011422,30.32,Genie,Capitale-Nationale,G1R,123541,5,11.4,0,1,Centre,0.9861867819976577
C000015,26.6,Sciences sociales,Bas-Saint-Laurent,G5L,40220,16,143.8,1,0,Eloignee,0.13010146881431256
C007795,29.01,Sante,Montreal,H3T,114649,8,42.2,0,1,Centre,0.842095652404637
C001864,27.83,Sciences sociales,Montreal,H4L,149175,8,10.6,1,1,Centre,0.797655226073618
C004510,31.34,Arts et lettres,Gaspesie-Iles-de-la-Madeleine,G0C,56045,8,147.3,0,1,Eloignee,0.9966981867112812
C010729,28.97,Sciences sociales,Capitale-Nationale,G1R,66702,10,18.3,0,1,Centre,0.8475560753561538
C007960,27.4,Arts et lettres,Montreal,H2X,82989,6,20.4,0,1,Centre,0.4468020907452659
C008484,26.2,Sante,Montreal,H1A,59827,4,6.1,0,0,Centre,0.0020106215189761604
C004401,24.77,Sante,Cote-Nord,G0G,79346,21,114.3,0,0,Eloignee,0.04518148684285781
C003066,24.99,Sciences,Montreal,H8N,131422,9,13.1,0,0,Centre,0.005155006844241083
C005016,24.42,Sciences,Montreal,H1A,72276,10,44.9,0,0,Centre,0.00015897745763816386
C003678,30.89,Sante,Capitale-Nationale,G2E,39396,4,30.5,0,1,Centre,0.9193458645801237
C005502,30.58,Genie,Montreal,H4L,31472,7,40.1,1,1,Centre,0.9916624736589346
C010661,26.74,Sante,Cote-Nord,G4R,47319,19,264.2,0,0,Eloignee,0.548336599312066
C009786,28.22,Genie,Montreal,H8N,109286,12,32.3,0,1,Centre,0.8888249945985969
C008870,23.88,Sante,Montreal,H4L,90002,13,8.8,0,0,Centre,0.00031437971961774375
C010266,24.86,Sciences sociales,Montreal,H3T,53153,13,11.9,0,0,Centre,0.00015468217536347516
C008566,27.44,Sciences sociales,Cote-Nord,G4R,78079,17,243.2,0,0,Eloignee,0.8223796435825237
C007772,27.26,Sante,Montreal,H8N,40628,12,36.6,0,0,Centre,0.10643491856476776
C002794,24.76,Sante,Montreal,H1A,150884,7,56.5,1,0,Centre,0.0031283304481626393
C010745,23.51,Genie,Capitale-Nationale,G1V,95980,12,19.0,0,0,Centre,0.00022134788649138282
C005126,32.12,Sciences sociales,Montreal,H1A,54697,11,3.9,0,1,Centre,0.9997823568847737
C000609,27.16,Sante,Montreal,H3T,61637,6,6.7,0,0,Centre,0.08372969076080101
C000105,29.13,Sciences sociales,Capitale-Nationale,G3A,69268,9,21.2,0,1,Centre,0.7566680052355222
C007657,30.29,Arts et lettres,Gaspesie-Iles-de-la-Madeleine,G0C,66821,9,335.4,0,0,Eloignee,0.9750330378284529
C013905,28.21,Sciences sociales,Montreal,H3T,40297,10,23.2,1,0,Centre,0.2571724772738722
C004205,25.71,Sciences sociales,Bas-Saint-Laurent,G0L,55666,12,157.3,1,0,Eloignee,0.005863387836030272
C008967,26.57,Genie,Montreal,H1A,59440,8,15.1,1,0,Centre,0.047434862163837764
C011925,27.65,Arts et lettres,Montreal,H4L,44269,6,52.3,1,0,Centre,0.08004340146368456
C009151,30.18,Sciences,Montreal,H8N,177419,6,17.6,0,1,Centre,0.9954322354204936
C002826,26.51,Sante,Montreal,H1A,84461,11,15.1,0,1,Centre,0.25362690418112094
C009506,29.46,Genie,Montreal,H4L,61474,7,6.5,0,1,Centre,0.737583408105021
C004519,24.52,Sante,Gaspesie-Iles-de-la-Madeleine,G0C,25739,12,205.7,0,0,Eloignee,0.0002458784727823423
C003908,26.41,Sciences sociales,Montreal,H1A,140532,11,11.6,0,1,Centre,0.8039938776747475
C000987,28.2,Sciences sociales,Montreal,H4L,45246,10,11.1,0,0,Centre,0.511593806847539
C000416,25.43,Genie,Montreal,H1A,45480,11,11.4,0,0,Centre,0.017857607399582927
C010439,28.55,Sciences,Montreal,H1A,53688,10,22.8,0,1,Centre,0.579327209753166
C010246,33.39,Sante,Gaspesie-Iles-de-la-Madeleine,G4X,104533,12,126.8,0,1,Eloignee,0.9998838383862536
C006569,27.89,Sante,Gaspesie-Iles-de-la-Madeleine,G4X,85078,12,110.1,1,0,Eloignee,0.6504069714807432
C004017,22.44,Sciences sociales,Gaspesie-Iles-de-la-Madeleine,G4X,35380,11,158.2,0,0,Eloignee,0.0001351282927597902
C011625,29.31,Sciences sociales,Montreal,H3T,94883,8,6.7,1,1,Centre,0.9387852827175674
C008499,22.37,Genie,Cote-Nord,G0G,65389,13,88.4,0,0,Eloignee,8.671443219082756e-05
C002578,28.5,Sciences,Gaspesie-Iles-de-la-Madeleine,G0C,64453,14,350.6,1,0,Eloignee,0.8645602076441732
C007150,28.92,Sante,Montreal,H4L,55597,11,44.8,0,1,Centre,0.7613989051072739
C005267,30.2,Sciences,Montreal,H3T,109231,10,24.6,0,1,Centre,0.9942485919532383
C011541,35.08,Sante,Capitale-Nationale,G1V,75755,5,21.7,0,1,Centre,0.9999056164961598
C006888,22.95,Sciences sociales,Capitale-Nationale,G1R,86903,16,10.1,0,0,Centre,0.00852379364214702
C010497,30.7,Sciences sociales,Cote-Nord,G5B,64695,10,428.6,1,1,Eloignee,0.9959189789508207
C001624,31.71,Genie,Cote-Nord,G0G,47995,13,90.4,0,1,Eloignee,0.9998856414120626
C000374,30.19,Sciences sociales,Montreal,H3T,41865,9,10.9,0,0,Centre,0.5763837735535622
C006328,24.84,Genie,Capitale-Nationale,G1V,38583,7,2.8,0,0,Centre,0.0005880647336913036
C002963,24.42,Genie,Capitale-Nationale,G2E,56877,9,8.8,1,0,Centre,0.00014827742533358881
C012036,30.5,Sante,Montreal,H8N,95784,15,21.0,0,1,Centre,0.9963351544229134
C005241,25.36,Sante,Bas-Saint-Laurent,G5L,40645,16,290.1,0,0,Eloignee,0.34815841961137656
C012025,31.23,Sciences sociales,Montreal,H4L,72927,13,15.5,0,1,Centre,0.9968496223455242
C012210,24.88,Sciences,Gaspesie-Iles-de-la-Madeleine,G0C,88547,12,250.5,1,0,Eloignee,0.007116456868325131
C001111,27.17,Genie,Capitale-Nationale,G3A,43315,9,11.3,1,0,Centre,0.05139383523185812
C003083,22.29,Sante,Cote-Nord,G0G,56076,10,217.6,0,0,Eloignee,9.160195521995676e-05
C011378,31.1,Sante,Montreal,H3T,92373,12,14.5,0,1,Centre,0.9994903816383524
C010033,26.85,Sciences sociales,Montreal,H8N,62795,6,26.3,0,0,Centre,0.013845879656560776
C008660,24.12,Sciences,Montreal,H1A,56210,5,15.6,0,0,Centre,0.00014984175098940971
C005461,29.13,Arts et lettres,Capitale-Nationale,G3A,163409,9,2.7,0,1,Centre,0.9808691481142336
C011915,30.86,Arts et lettres,Gaspesie-Iles-de-la-Madeleine,G5C,44883,11,438.2,0,1,Eloignee,0.9931408208146105
C010790,25.71,Sante,Gaspesie-Iles-de-la-Madeleine,G0C,110237,12,59.8,0,0,Eloignee,0.044416222717722956
C000427,30.07,Sciences sociales,Montreal,H1A,38735,5,19.9,0,1,Centre,0.8006796405039154
C013652,29.02,Sante,Montreal,H8N,94796,9,31.1,0,1,Centre,0.8389844530192497
C006393,30.86,Sante,Gaspesie-Iles-de-la-Madeleine,G5C,73428,14,195.1,0,1,Eloignee,0.9959000711098248
C004472,27.15,Sciences sociales,Montreal,H2X,31849,7,23.0,0,0,Centre,0.0346245655600691
C008802,26.32,Arts et lettres,Gaspesie-Iles-de-la-Madeleine,G0C,86069,19,142.6,0,1,Eloignee,0.9664180625252969
C008805,22.17,Arts et lettres,Cote-Nord,G4R,55848,12,141.3,0,0,Eloignee,0.00014159897871627528
C010758,24.97,Sciences,Montreal,H2X,65846,5,9.4,0,0,Centre,0.0006462894110238247
C010040,26.36,Arts et lettres,Montreal,H2X,81480,14,9.9,0,1,Centre,0.5944244760687591
C009655,27.91,Sante,Capitale-Nationale,G3A,47117,8,35.5,1,0,Centre,0.15214117773190372
C012694,24.44,Arts et lettres,Bas-Saint-Laurent,G0L,26751,18,419.2,1,0,Eloignee,0.005746286892630191
C005932,32.17,Genie,Montreal,H1A,74282,10,18.5,0,1,Centre,0.9998117676037055
C006558,22.79,Arts et lettres,Cote-Nord,G4R,55399,16,80.5,1,0,Eloignee,0.0033477457678394618
C005921,31.44,Sciences sociales,Montreal,H2X,112205,11,14.0,0,1,Centre,0.9994685343369307
C000328,29.05,Genie,Gaspesie-Iles-de-la-Madeleine,G5C,51409,12,171.5,0,1,Eloignee,0.8527460476572872
C013148,21.9,Sciences sociales,Gaspesie-Iles-de-la-Madeleine,G4X,84003,13,157.4,1,0,Eloignee,0.0003463649254172928
C007798,26.73,Genie,Cote-Nord,G4R,91353,9,349.2,0,0,Eloignee,0.16152500708169404
C006770,29.27,Sciences,Capitale-Nationale,G1V,87396,2,2.7,0,1,Centre,0.8473226853305748
C013587,27.36,Sciences,Montreal,H3T,61700,13,19.9,1,0,Centre,0.3580810238114534
C012189,35.66,Genie,Montreal,H3T,19793,9,30.1,0,1,Centre,0.9993449205274153
C002189,24.76,Genie,Montreal,H8N,125444,4,6.6,1,0,Centre,0.00031980997013188325
C003009,29.98,Sciences,Cote-Nord,G5B,40734,12,176.0,0,1,Eloignee,0.9310648963857523
C012320,20.98,Arts et lettres,Cote-Nord,G5B,62548,24,196.7,1,0,Eloignee,0.004171660104103508
C006651,28.9,Arts et lettres,Capitale-Nationale,G1R,42087,9,16.0,1,0,Centre,0.3932719244446823
C013281,28.31,Sante,Capitale-Nationale,G2E,63483,7,13.5,0,0,Centre,0.36900017360532733
C010300,26.7,Sciences,Montreal,H3T,48365,12,4.9,0,0,Centre,0.036621079162549725
C006192,26.86,Arts et lettres,Montreal,H3T,141465,14,5.8,0,1,Centre,0.9394341682302937
C007481,28.1,Sciences,Montreal,H4L,84314,8,17.7,0,1,Centre,0.4662425732879185
C010992,24.39,Genie,Cote-Nord,G5B,24931,19,235.5,0,0,Eloignee,0.005980228480866998
C008572,28.1,Arts et lettres,Capitale-Nationale,G1R,196099,11,6.0,1,1,Centre,0.9504445423107449
C007169,28.81,Sciences sociales,Capitale-Nationale,G1V,132241,12,6.3,0,1,Centre,0.906816581967937
C011339,27.9,Sciences sociales,Capitale-Nationale,G2E,32139,11,17.1,0,0,Centre,0.09289512234883256
C013613,29.22,Sciences sociales,Gaspesie-Iles-de-la-Madeleine,G0C,71132,8,260.4,1,1,Eloignee,0.7177401117902044
C002071,25.14,Arts et lettres,Montreal,H2X,47545,16,36.3,1,0,Centre,0.08727498385117367
C011441,24.32,Genie,Capitale-Nationale,G1V,60562,12,15.4,0,0,Centre,0.00017822697605272703
C002146,29.94,Sciences,Montreal,H3T,38597,11,30.1,0,1,Centre,0.9610783486908508
C011713,29.31,Sciences,Capitale-Nationale,G3A,48311,8,44.7,1,1,Centre,0.8096205052696561
C007139,33.27,Genie,Capitale-Nationale,G1R,52774,10,48.4,0,1,Centre,0.9997203054016918
C007028,23.59,Genie,Montreal,H4L,88906,14,19.3,0,0,Centre,0.0002015672955684297
C012170,29.84,Sciences,Montreal,H8N,37095,6,22.8,0,1,Centre,0.9736149586013773
C005083,26.85,Sante,Bas-Saint-Laurent,G5N,23089,8,133.3,0,0,Eloignee,0.013976998284986998
C009839,34.23,Sciences,Montreal,H3T,66986,6,42.8,0,1,Centre,0.9997141895507474
C005045,30.44,Genie,Capitale-Nationale,G1R,182173,9,7.8,0,1,Centre,0.9993875542529496
C004075,30.23,Genie,Gaspesie-Iles-de-la-Madeleine,G5C,75820,13,105.7,1,1,Eloignee,0.994599444151552
C005976,29.27,Sciences sociales,Montreal,H3T,99783,16,16.7,0,1,Centre,0.9882518580702702
C004482,26.54,Sciences,Capitale-Nationale,G3A,78397,14,23.9,1,1,Centre,0.70165985003609
C005360,33.53,Sciences,Montreal,H3T,72669,8,15.3,0,1,Centre,0.9997529012458514
C000142,26.81,Genie,Montreal,H3T,93410,6,11.7,0,0,Centre,0.05206738877727991
C001875,24.06,Sante,Montreal,H4L,110087,5,16.9,1,0,Centre,0.00025034811102615757
C012531,23.8,Sante,Montreal,H2X,74821,10,48.0,0,0,Centre,9.276427288501926e-05
C011068,28.03,Sciences,Montreal,H3T,70618,13,18.9,0,0,Centre,0.42477510459639184
C012221,31.33,Sciences,Montreal,H2X,87838,13,9.1,0,1,Centre,0.997626968012939
C007805,25.45,Sciences,Gaspesie-Iles-de-la-Madeleine,G5C,51360,10,223.1,0,0,Eloignee,0.02183607724060253
C002149,23.11,Genie,Capitale-Nationale,G1V,91513,3,21.5,1,0,Centre,9.553480714272215e-05
C003077,27.71,Sante,Montreal,H4L,99012,6,15.7,0,1,Centre,0.5813049834769033
C004055,28.63,Arts et lettres,Gaspesie-Iles-de-la-Madeleine,G4X,122200,16,108.9,0,1,Eloignee,0.8629412155225772
C012657,30.29,Arts et lettres,Montreal,H1A,49597,9,6.7,0,1,Centre,0.9043806172044986
C002557,28.45,Sciences,Gaspesie-Iles-de-la-Madeleine,G4X,55330,12,108.6,0,0,Eloignee,0.7896976479598007
C010599,26.89,Sante,Cote-Nord,G5B,22712,9,170.9,0,0,Eloignee,0.012741306976254552
C010406,25.71,Arts et lettres,Bas-Saint-Laurent,G0L,44634,12,208.0,1,0,Eloignee,0.02745511868558672
C004651,26.24,Genie,Capitale-Nationale,G3A,75029,8,17.7,0,0,Centre,0.0316574669150578
C001012,25.1,Sciences sociales,Bas-Saint-Laurent,G5L,67734,14,182.7,0,0,Eloignee,0.004462835884944768
C010434,29.99,Sante,Montreal,H1A,122859,10,20.1,0,1,Centre,0.992189789691908
C003197,29.8,Genie,Cote-Nord,G0G,45089,12,130.9,0,0,Eloignee,0.8971649211021874
C011539,30.44,Sciences,Gaspesie-Iles-de-la-Madeleine,G0C,83291,5,123.5,0,0,Eloignee,0.990709374389651
C004447,30.78,Sciences,Capitale-Nationale,G2E,70187,3,6.7,0,1,Centre,0.9472226797098584
C011505,27.28,Arts et lettres,Capitale-Nationale,G2E,90511,5,11.3,0,0,Centre,0.09628462702449381
C007424,20.03,Sante,Cote-Nord,G5B,63802,9,252.5,0,0,Eloignee,8.363096946535707e-05
C008520,29.0,Arts et lettres,Gaspesie-Iles-de-la-Madeleine,G5C,40211,10,365.5,1,0,Eloignee,0.5103509233975317
C011703,31.36,Sante,Gaspesie-Iles-de-la-Madeleine,G5C,70606,13,66.2,1,1,Eloignee,0.9992498646748553
C002906,26.1,Sciences,Montreal,H8N,91787,12,1.1,0,0,Centre,0.15463874575871434
C005530,28.94,Sciences sociales,Bas-Saint-Laurent,G5L,38325,11,235.1,0,0,Eloignee,0.3621891901005101
C012282,29.65,Arts et lettres,Cote-Nord,G0G,37034,12,137.3,0,0,Eloignee,0.815346392504261
C001460,26.57,Sciences sociales,Gaspesie-Iles-de-la-Madeleine,G0C,30877,15,269.0,0,0,Eloignee,0.04121917229734262
C011927,27.01,Sciences,Cote-Nord,G4R,35630,12,568.6,1,0,Eloignee,0.08201666664449789
C009147,27.75,Genie,Bas-Saint-Laurent,G5N,68998,21,119.6,1,0,Eloignee,0.8659354013707677
C003528,30.31,Sciences sociales,Cote-Nord,G5B,34301,11,356.7,0,0,Eloignee,0.7838832685482271
C002056,23.93,Arts et lettres,Montreal,H1A,49433,10,7.5,0,0,Centre,0.004846820591651114
C011994,27.72,Sciences,Capitale-Nationale,G1R,86397,12,6.9,0,0,Centre,0.7669764230268875
C007570,30.46,Sante,Montreal,H8N,40619,13,34.5,1,1,Centre,0.9960095063530804
C010105,23.44,Sciences,Gaspesie-Iles-de-la-Madeleine,G5C,70009,8,319.0,1,0,Eloignee,9.490852828461176e-05
C000858,30.12,Genie,Bas-Saint-Laurent,G5L,62255,6,239.8,0,1,Eloignee,0.803323876756588
C005782,27.08,Sciences,Gaspesie-Iles-de-la-Madeleine,G4X,51822,14,386.8,1,0,Eloignee,0.3827326772062655
C006828,27.96,Sante,Montreal,H8N,139568,8,29.8,0,1,Centre,0.8007574759555203
C009625,26.67,Sante,Capitale-Nationale,G1R,90277,10,25.3,0,0,Centre,0.27631373291259537
C001336,27.13,Arts et lettres,Capitale-Nationale,G1R,86423,7,40.7,0,1,Centre,0.12036941038401772
C009110,22.16,Arts et lettres,Montreal,H8N,64659,5,7.7,0,0,Centre,0.00013415539824843315
C012941,28.73,Sciences sociales,Capitale-Nationale,G1R,84548,11,2.9,0,1,Centre,0.8868176083327921
C009159,31.47,Arts et lettres,Bas-Saint-Laurent,G0L,144037,11,62.9,1,1,Eloignee,0.9991928560766121
C009338,29.18,Sciences sociales,Montreal,H1A,60193,10,9.5,0,1,Centre,0.6585666153894739
C000564,26.94,Genie,Montreal,H3T,50432,8,5.6,0,0,Centre,0.0614372037299113
C000360,30.15,Arts et lettres,Montreal,H8N,64093,5,5.4,0,1,Centre,0.6794909421898173
C012358,30.07,Sante,Montreal,H4L,121993,12,17.6,1,1,Centre,0.9871579177357472
C000029,27.71,Arts et lettres,Capitale-Nationale,G1V,66289,9,9.9,0,0,Centre,0.378258083387051
C006549,32.64,Arts et lettres,Cote-Nord,G5B,57325,16,413.4,1,1,Eloignee,0.9413549522669155
C009719,28.36,Sciences,Capitale-Nationale,G2E,60064,9,36.2,0,0,Centre,0.5143964909411383
C010798,24.8,Sciences,Capitale-Nationale,G3A,91741,9,17.6,0,0,Centre,0.00043312232188207094
C006341,29.79,Arts et lettres,Capitale-Nationale,G1R,41692,9,11.5,0,1,Centre,0.9397847823766446
C005845,27.79,Genie,Gaspesie-Iles-de-la-Madeleine,G4X,29197,13,233.6,0,0,Eloignee,0.024444576268008205
C000163,24.23,Arts et lettres,Cote-Nord,G4R,68291,11,348.8,0,0,Eloignee,0.00014082706409976182
C001015,25.48,Sante,Montreal,H2X,105017,8,85.1,1,0,Centre,0.020082712847504743
C010638,33.49,Genie,Montreal,H4L,55606,10,21.8,0,1,Centre,0.9997203054016918
C008577,28.1,Sciences sociales,Montreal,H2X,66850,5,51.9,1,1,Centre,0.2970995190465789
C009931,26.09,Arts et lettres,Montreal,H8N,55271,7,27.0,0,0,Centre,0.018245253860038363
C010229,34.44,Sciences sociales,Montreal,H1A,36396,6,39.3,0,1,Centre,0.9994414921530311
C004910,31.65,Sciences,Montreal,H3T,84793,7,13.2,0,1,Centre,0.9998759300328399
C004946,28.47,Sciences,Capitale-Nationale,G2E,63145,8,18.1,0,1,Centre,0.5653218861126561
C002430,23.44,Sante,Capitale-Nationale,G1V,158077,5,35.9,0,0,Centre,0.0005946609115414839
C007674,30.77,Sciences sociales,Bas-Saint-Laurent,G0L,53755,15,207.9,1,1,Eloignee,0.9963962692917325
C007358,30.37,Sciences,Montreal,H2X,60792,12,23.0,0,1,Centre,0.9051154392630765
C002803,26.83,Sante,Cote-Nord,G0G,66990,6,167.3,0,0,Eloignee,0.013740832197511406
C013634,33.89,Genie,Montreal,H4L,72726,9,8.6,0,1,Centre,0.9997614828802416
C007366,24.08,Genie,Montreal,H8N,32290,8,16.1,0,0,Centre,0.00039325812483069814
C008809,29.81,Arts et lettres,Bas-Saint-Laurent,G5N,44043,11,242.4,1,1,Eloignee,0.9848994265792997
C002284,29.48,Sciences,Montreal,H3T,134000,10,9.3,0,1,Centre,0.9861217726678034
C002942,26.92,Sciences,Montreal,H1A,101117,3,4.0,1,0,Centre,0.05624965583661916
C000876,25.36,Sciences sociales,Gaspesie-Iles-de-la-Madeleine,G4X,102465,17,186.5,0,0,Eloignee,0.6324299943683439
C011087,26.4,Sciences,Bas-Saint-Laurent,G5L,56393,15,135.3,0,0,Eloignee,0.19649266838944532
C002868,22.29,Sciences sociales,Capitale-Nationale,G3A,76984,9,14.8,0,0,Centre,7.390289858935268e-05
C006712,26.81,Genie,Capitale-Nationale,G1V,139560,11,15.1,0,1,Centre,0.8006879762484729
C003365,31.77,Sciences,Montreal,H2X,53766,3,20.5,0,1,Centre,0.9991273817337012
C000302,32.67,Genie,Capitale-Nationale,G1R,53688,10,16.5,0,1,Centre,0.9997203054016918
C011256,35.34,Sciences sociales,Bas-Saint-Laurent,G5N,34893,7,300.4,0,1,Eloignee,0.9997505205418497
C005545,29.41,Sciences sociales,Montreal,H8N,26709,17,18.9,1,1,Centre,0.929212688966195
C001490,27.96,Sciences sociales,Cote-Nord,G4R,30326,9,159.9,1,0,Eloignee,0.04857526417422424
C006953,33.39,Sciences,Capitale-Nationale,G1V,67716,11,13.0,0,1,Centre,0.9998487580415456
C009422,23.97,Sciences,Montreal,H4L,22321,10,36.0,0,0,Centre,0.003198418761023949
C006580,27.7,Genie,Montreal,H2X,58318,11,3.2,0,0,Centre,0.5261901523807088
C009357,29.97,Sante,Cote-Nord,G4R,87842,15,140.5,1,1,Eloignee,0.9887062516847182
C002702,28.31,Genie,Montreal,H3T,51395,14,19.7,0,1,Centre,0.6406906792167442
C012192,32.87,Sciences sociales,Capitale-Nationale,G1V,80098,8,19.2,0,1,Centre,0.9996531055015242
C012633,34.83,Genie,Montreal,H4L,115405,12,3.7,1,1,Centre,0.9998074844841249
C006632,28.41,Arts et lettres,Montreal,H8N,50532,12,7.2,0,1,Centre,0.7859265671275203
C009085,27.25,Sciences sociales,Gaspesie-Iles-de-la-Madeleine,G4X,57554,8,95.5,0,0,Eloignee,0.1653907685033744
C002890,29.18,Genie,Montreal,H2X,73011,7,25.7,0,1,Centre,0.7498288720651664
C002548,25.84,Sciences,Capitale-Nationale,G1V,83938,10,19.0,0,0,Centre,0.07329909504126392
C010431,25.17,Genie,Capitale-Nationale,G1V,59216,14,20.3,0,0,Centre,0.004952291506363139
C004828,21.1,Sciences sociales,Cote-Nord,G5B,28485,17,302.1,0,0,Eloignee,0.0010145573447844652
C002160,29.24,Sante,Gaspesie-Iles-de-la-Madeleine,G0C,73310,16,224.2,0,1,Eloignee,0.9706762328070604
C012722,31.08,Genie,Bas-Saint-Laurent,G5L,94518,14,356.1,1,1,Eloignee,0.9991213369233853
C011428,23.96,Arts et lettres,Bas-Saint-Laurent,G5L,70741,18,590.7,1,0,Eloignee,0.1726667996201322
C003930,28.04,Sante,Montreal,H4L,55297,8,26.9,0,0,Centre,0.12342038949668477
C005664,29.17,Sciences sociales,Gaspesie-Iles-de-la-Madeleine,G4X,55142,10,101.8,0,1,Eloignee,0.6364865464928513
C011275,34.12,Genie,Bas-Saint-Laurent,G0L,89089,13,229.5,0,1,Eloignee,0.9998587033201515
C001504,22.39,Genie,Montreal,H8N,49613,10,19.0,0,0,Centre,0.0009157386993076725
C011250,36.53,Arts et lettres,Montreal,H1A,59702,8,19.6,1,1,Centre,0.9998363858422281
C008182,27.26,Sante,Montreal,H4L,74400,3,26.1,1,0,Centre,0.30063435530676064
C001215,24.42,Sciences,Capitale-Nationale,G1R,45410,5,16.7,1,0,Centre,0.00011842724146559727
C005780,31.49,Genie,Capitale-Nationale,G3A,56715,9,42.8,1,1,Centre,0.9980251787134332
C009623,27.28,Sante,Montreal,H2X,53583,7,9.6,0,0,Centre,0.08737384525137883
C001061,26.52,Genie,Montreal,H8N,44568,6,13.9,0,0,Centre,0.00500975195014786
C006670,26.52,Sante,Capitale-Nationale,G1V,29099,8,31.0,1,0,Centre,0.004239535275547642
C012037,31.99,Sante,Cote-Nord,G0G,88059,17,358.3,0,1,Eloignee,0.9820326886207633
C004869,23.53,Sciences sociales,Cote-Nord,G5B,134473,17,191.6,1,0,Eloignee,0.00849939961406041
C010131,25.52,Sante,Capitale-Nationale,G1V,78269,12,17.2,0,0,Centre,0.038886878482570816
C013926,34.38,Sante,Capitale-Nationale,G1R,55172,4,12.8,1,1,Centre,0.9998212831625863
C005275,24.17,Genie,Montreal,H1A,75870,6,6.4,0,0,Centre,0.00018151710765610464
C004839,28.58,Sciences sociales,Montreal,H4L,37032,9,10.1,0,0,Centre,0.23054347936008862
C005848,26.91,Sciences,Montreal,H8N,109494,7,16.2,0,0,Centre,0.10715514814657176
C003176,27.33,Sciences,Montreal,H8N,44567,6,12.5,0,0,Centre,0.05064559169181128
C005181,31.78,Sciences,Cote-Nord,G4R,135350,16,278.0,0,1,Eloignee,0.9941425235512126
C004150,26.67,Genie,Capitale-Nationale,G1V,55675,8,12.7,1,0,Centre,0.022524395981945434
C007583,30.71,Arts et lettres,Montreal,H1A,32937,13,24.3,1,1,Centre,0.9956240244421755
C003892,31.37,Sante,Montreal,H8N,80898,15,29.8,0,1,Centre,0.9992052590881934
C005457,31.55,Genie,Cote-Nord,G4R,43260,16,389.4,0,1,Eloignee,0.9925767586459544
C013191,30.46,Arts et lettres,Capitale-Nationale,G1V,65331,12,26.4,1,1,Centre,0.9856792740922773
C007759,29.42,Sciences sociales,Gaspesie-Iles-de-la-Madeleine,G4X,40444,12,228.7,1,1,Eloignee,0.7707044643452664
C004803,20.11,Genie,Montreal,H8N,59334,3,32.4,0,0,Centre,0.00014675493800899418
C003013,24.86,Sciences,Montreal,H2X,56024,15,13.3,1,0,Centre,0.0011181230336803835
C011829,29.5,Genie,Montreal,H4L,71673,7,24.3,0,1,Centre,0.7471402233434996
C010490,29.77,Genie,Capitale-Nationale,G1R,47844,10,26.7,0,1,Centre,0.9391418532168462
C007998,29.14,Sciences,Capitale-Nationale,G1R,104374,5,34.4,0,0,Centre,0.43245694565919757
C009039,25.67,Arts et lettres,Bas-Saint-Laurent,G5L,56367,13,214.7,1,0,Eloignee,0.014021502142325582
C011143,26.53,Arts et lettres,Cote-Nord,G4R,43445,20,348.0,0,0,Eloignee,0.48383320588702455
C010221,28.68,Sante,Montreal,H8N,92316,10,44.2,0,1,Centre,0.9182503465719842
C008949,29.99,Arts et lettres,Capitale-Nationale,G1R,55828,6,12.5,0,1,Centre,0.8430480127094915
C005008,27.5,Sante,Capitale-Nationale,G2E,51696,8,0.5,0,0,Centre,0.11089669547623394
C004894,29.87,Sante,Montreal,H8N,75276,12,58.2,0,1,Centre,0.9926976742571019
C011668,28.07,Sante,Bas-Saint-Laurent,G5L,35034,14,293.9,1,0,Eloignee,0.4342857971322299
C001552,29.66,Sciences,Gaspesie-Iles-de-la-Madeleine,G0C,95097,11,218.9,0,1,Eloignee,0.9446035483622137
C013599,28.73,Genie,Capitale-Nationale,G1R,181905,5,6.9,0,1,Centre,0.9190028455666943
C000013,31.01,Genie,Gaspesie-Iles-de-la-Madeleine,G5C,31184,14,496.5,1,1,Eloignee,0.9965292481065312
C004579,32.41,Genie,Bas-Saint-Laurent,G0L,55722,13,161.6,1,1,Eloignee,0.9998926785167956
C012836,29.94,Sciences sociales,Montreal,H4L,32658,10,16.1,0,1,Centre,0.9617844648158439
C008708,23.43,Sante,Gaspesie-Iles-de-la-Madeleine,G0C,47863,16,171.8,1,0,Eloignee,0.0009835898195474143
C003852,28.1,Sciences,Cote-Nord,G0G,78119,15,244.1,0,1,Eloignee,0.8113577908942875
C006362,25.16,Sciences,Montreal,H3T,79134,7,16.2,0,0,Centre,0.004352778377508551
C011309,26.5,Sciences,Montreal,H8N,51540,9,21.4,1,0,Centre,0.01430538878484578
C008773,30.39,Genie,Capitale-Nationale,G1V,52999,14,33.8,0,1,Centre,0.996140333033112
C012884,29.52,Genie,Cote-Nord,G5B,52990,19,282.0,1,1,Eloignee,0.9741946135172275
C006183,27.29,Sante,Gaspesie-Iles-de-la-Madeleine,G0C,50884,9,145.8,1,0,Eloignee,0.0635081392444318
C001462,29.95,Sante,Bas-Saint-Laurent,G5N,60846,9,78.7,0,1,Eloignee,0.9613773113836952
C001307,27.68,Genie,Montreal,H8N,87543,6,22.9,0,1,Centre,0.5784830361428976
C009244,28.6,Sciences sociales,Montreal,H8N,80604,12,2.4,0,1,Centre,0.8652908880928698
C010268,28.06,Sciences,Montreal,H3T,54119,5,2.4,0,0,Centre,0.1115650500560392
C013704,25.23,Arts et lettres,Capitale-Nationale,G1R,60550,6,21.3,0,0,Centre,0.0021988464950423894
C000414,26.64,Sciences,Cote-Nord,G4R,69239,10,539.4,0,0,Eloignee,0.027908341515057847
C000370,19.9,Sciences sociales,Montreal,H1A,48688,7,15.3,0,0,Centre,0.00011620000936124662
C005493,28.84,Genie,Bas-Saint-Laurent,G0L,43009,13,277.4,1,0,Eloignee,0.709362267041572
C001383,29.42,Genie,Capitale-Nationale,G1R,88488,7,4.3,0,1,Centre,0.8854073941792163
C004026,26.57,Arts et lettres,Montreal,H8N,34948,13,11.0,0,0,Centre,0.051436543752576114
C000080,28.95,Genie,Gaspesie-Iles-de-la-Madeleine,G5C,58321,11,174.2,0,0,Eloignee,0.7081948692683855
C004893,29.29,Sciences sociales,Montreal,H3T,75051,4,18.3,0,1,Centre,0.9194220606316764
C008088,30.14,Genie,Montreal,H4L,87708,5,26.1,0,1,Centre,0.9843362866701854
C002433,25.25,Sciences sociales,Cote-Nord,G4R,45969,19,325.9,0,0,Eloignee,0.24460545862065702
C005519,29.55,Sante,Montreal,H1A,113560,10,8.2,1,1,Centre,0.9715131725556507
C010983,34.87,Sciences,Montreal,H1A,179988,6,48.3,1,1,Centre,0.9996515431935776
C013877,27.58,Genie,Gaspesie-Iles-de-la-Madeleine,G5C,43191,8,412.6,1,0,Eloignee,0.07210375673385257
C012674,30.4,Sante,Gaspesie-Iles-de-la-Madeleine,G4X,57442,13,117.8,0,1,Eloignee,0.993434564927002
C008772,27.5,Genie,Montreal,H2X,86691,9,20.4,1,1,Centre,0.3859045749625755
C003500,24.82,Sciences,Montreal,H2X,40919,14,4.9,0,0,Centre,0.0002819474495789069
C005549,31.09,Sciences sociales,Montreal,H1A,64846,5,11.3,0,1,Centre,0.9884390021377876
C013533,23.3,Arts et lettres,Bas-Saint-Laurent,G0L,47177,11,133.2,0,0,Eloignee,0.00019617681800793277
C004424,29.49,Sante,Capitale-Nationale,G1V,68398,9,31.9,0,1,Centre,0.9365110967010061
C002280,26.81,Sciences,Montreal,H4L,32143,14,16.7,0,0,Centre,0.036358006969515445
C012890,26.99,Arts et lettres,Cote-Nord,G0G,59459,14,212.7,0,0,Eloignee,0.5016266511528755
C004141,35.15,Arts et lettres,Montreal,H2X,109921,8,9.7,0,1,Centre,0.999825212381632
C000415,22.17,Sciences sociales,Bas-Saint-Laurent,G5N,29130,17,89.5,0,0,Eloignee,0.0010145573447844652
C008574,26.58,Genie,Montreal,H4L,71232,3,34.6,0,0,Centre,0.014907083778991841
C003163,31.87,Arts et lettres,Cote-Nord,G0G,32844,8,304.6,0,1,Eloignee,0.9997354108441787
C004131,31.54,Sciences sociales,Gaspesie-Iles-de-la-Madeleine,G4X,63115,13,158.2,0,1,Eloignee,0.999327770142712
C006537,24.91,Sciences,Montreal,H3T,41312,10,12.1,0,0,Centre,0.005220639997993994
C001834,26.26,Sciences,Montreal,H4L,91426,8,8.4,1,1,Centre,0.4840898465212131
C003668,24.27,Arts et lettres,Montreal,H4L,52886,15,5.8,0,0,Centre,0.00043654300208646345
C013932,27.71,Sante,Bas-Saint-Laurent,G5N,74098,15,142.9,0,0,Eloignee,0.40824063842942077
C012284,29.77,Genie,Gaspesie-Iles-de-la-Madeleine,G4X,57017,18,151.5,1,1,Eloignee,0.9855637935047546
C011385,30.81,Sante,Montreal,H4L,53457,12,3.7,0,1,Centre,0.9922129016105136
C013580,27.0,Sciences sociales,Capitale-Nationale,G1V,100046,6,43.1,0,1,Centre,0.2880283972489927
C013224,31.53,Sciences sociales,Bas-Saint-Laurent,G0L,38964,15,271.9,0,1,Eloignee,0.9976064237466475
C005678,26.43,Genie,Montreal,H4L,97057,9,8.6,0,0,Centre,0.15536281894388737
C009059,28.95,Genie,Bas-Saint-Laurent,G5L,46354,11,244.8,0,0,Eloignee,0.6974312492132756
C000946,25.92,Sciences sociales,Gaspesie-Iles-de-la-Madeleine,G4X,38145,15,278.9,0,0,Eloignee,0.06260715173128002
C004724,25.03,Sante,Gaspesie-Iles-de-la-Madeleine,G4X,26147,10,398.1,1,0,Eloignee,0.009571473980664205
C011170,26.81,Genie,Capitale-Nationale,G3A,71608,3,2.9,1,0,Centre,0.03966372609441868
C010587,24.26,Sante,Cote-Nord,G0G,37308,12,69.4,1,0,Eloignee,0.00014824302199014646
C006107,31.35,Arts et lettres,Bas-Saint-Laurent,G5N,27150,13,136.5,0,1,Eloignee,0.994530580521359
C007585,26.71,Sciences,Gaspesie-Iles-de-la-Madeleine,G4X,61833,11,181.2,0,0,Eloignee,0.19545247297351248
C007425,26.46,Sciences sociales,Montreal,H4L,86256,9,14.3,0,0,Centre,0.13154583061260494
C010909,25.08,Sciences,Cote-Nord,G4R,106131,17,95.2,1,0,Eloignee,0.3510881375380472
C003030,26.81,Sciences sociales,Montreal,H1A,46950,10,8.4,0,0,Centre,0.031228307762618163
C010482,31.57,Genie,Capitale-Nationale,G2E,53499,4,12.3,0,1,Centre,0.9985527336105228
C008307,27.91,Sante,Capitale-Nationale,G1R,50112,5,1.0,0,0,Centre,0.03900230903077374
C010802,25.64,Sante,Montreal,H1A,57544,12,10.1,1,0,Centre,0.010631681679230048
C005928,24.92,Sante,Bas-Saint-Laurent,G5L,50451,13,212.4,1,0,Eloignee,0.020811188837399713
C009805,28.19,Genie,Cote-Nord,G5B,102436,17,362.1,1,1,Eloignee,0.950796794387229
C000797,25.64,Sciences,Cote-Nord,G5B,31631,12,155.5,0,0,Eloignee,0.012575002534352566
C005330,24.55,Arts et lettres,Gaspesie-Iles-de-la-Madeleine,G0C,53045,13,50.5,0,0,Eloignee,0.00017035289056169733
C013310,27.42,Sciences sociales,Montreal,H2X,66665,14,4.9,0,0,Centre,0.40086191464102
C013008,28.31,Sante,Capitale-Nationale,G3A,88738,8,53.4,0,0,Centre,0.4748348766199949
C012298,25.16,Sciences,Capitale-Nationale,G1V,93081,12,41.8,1,0,Centre,0.017180153699513975
C007500,27.52,Sante,Capitale-Nationale,G1V,116504,9,8.3,0,0,Centre,0.36322187579882487
C000565,32.64,Sciences,Gaspesie-Iles-de-la-Madeleine,G4X,118705,17,212.5,0,1,Eloignee,0.8687199751535875
C007057,28.85,Arts et lettres,Gaspesie-Iles-de-la-Madeleine,G0C,53378,11,328.6,1,0,Eloignee,0.6924344420350397
C003058,30.74,Genie,Montreal,H3T,128363,7,8.8,0,1,Centre,0.9986261879987542
C008650,26.94,Sciences sociales,Montreal,H3T,97876,10,9.0,0,0,Centre,0.30548635784033695
C006097,26.83,Sante,Cote-Nord,G0G,29638,13,306.5,0,0,Eloignee,0.03272585512803666
C000557,25.97,Genie,Montreal,H4L,139469,5,3.5,0,0,Centre,0.019659970716540985
C008280,33.73,Arts et lettres,Bas-Saint-Laurent,G0L,27414,12,396.3,0,1,Eloignee,0.9988635641644661
C013756,33.98,Genie,Montreal,H4L,53677,11,6.1,1,1,Centre,0.9998122385780065
C002289,25.88,Genie,Montreal,H8N,114155,5,6.3,1,0,Centre,0.0023890940087275157
C000984,28.85,Arts et lettres,Montreal,H2X,77308,5,40.7,0,1,Centre,0.5786679129123192
C006585,24.97,Arts et lettres,Cote-Nord,G5B,31696,14,441.0,0,0,Eloignee,0.010434412365425243
C013687,30.48,Sciences,Montreal,H1A,76029,8,24.5,1,1,Centre,0.9951825986505537
C006805,29.07,Sante,Montreal,H4L,68487,9,13.4,0,0,Centre,0.8224414567644194
C007890,25.56,Sante,Capitale-Nationale,G1V,70205,8,34.8,0,0,Centre,0.003134645471921916
C013763,25.99,Sciences,Montreal,H8N,54649,5,12.6,1,0,Centre,0.0014623600791340567
C001734,27.04,Genie,Capitale-Nationale,G2E,107750,5,25.1,0,0,Centre,0.08812280091851121
C005245,33.16,Genie,Montreal,H1A,55102,8,12.3,0,1,Centre,0.999721830876871
C008910,31.22,Sciences sociales,Montreal,H8N,51971,9,7.8,0,1,Centre,0.9986220782692053
C007535,28.59,Sciences sociales,Montreal,H8N,58697,8,37.1,0,0,Centre,0.5854204754166932
C005905,24.8,Sciences,Montreal,H2X,125957,11,8.9,1,0,Centre,0.0002753019503916285
C000011,23.58,Sciences sociales,Montreal,H3T,94420,5,23.0,0,0,Centre,0.00012265382365350967
C012528,30.81,Sciences sociales,Gaspesie-Iles-de-la-Madeleine,G0C,74138,15,228.2,0,1,Eloignee,0.9573835998229148
C009250,24.39,Sciences,Bas-Saint-Laurent,G0L,109158,14,228.4,1,0,Eloignee,0.00035560132832719945
C013886,28.54,Sciences sociales,Montreal,H8N,55119,11,29.6,0,1,Centre,0.6388652395658063
C003276,29.11,Sciences sociales,Cote-Nord,G5B,41409,18,119.6,0,0,Eloignee,0.9381567083430467
C004343,28.85,Sciences sociales,Cote-Nord,G4R,59211,8,434.3,0,0,Eloignee,0.5506864693143183
C004750,24.8,Sciences sociales,Capitale-Nationale,G3A,120350,13,24.6,0,0,Centre,0.00031656086687312826
C004898,22.77,Genie,Montreal,H8N,38018,8,11.3,1,0,Centre,9.880557455894616e-05
C007096,28.9,Genie,Montreal,H2X,144290,8,19.6,0,1,Centre,0.8521496802712457
C000604,27.78,Arts et lettres,Cote-Nord,G5B,19110,13,303.0,1,0,Eloignee,0.0519125077827925
C006693,29.11,Sciences sociales,Montreal,H4L,97307,9,21.7,1,1,Centre,0.7599015375478363
C009498,20.4,Sante,Bas-Saint-Laurent,G5N,66237,13,89.9,0,0,Eloignee,9.737520876561464e-05
C013085,26.85,Sante,Gaspesie-Iles-de-la-Madeleine,G5C,61934,9,248.8,0,0,Eloignee,0.04546690198573701
C001778,26.59,Arts et lettres,Cote-Nord,G5B,37056,17,139.1,0,0,Eloignee,0.3490244321773643
C008309,26.03,Genie,Montreal,H8N,47999,8,9.8,1,0,Centre,0.014630351609239022
C007247,22.85,Sciences,Gaspesie-Iles-de-la-Madeleine,G0C,51351,14,378.6,0,0,Eloignee,0.00011800013716751341
C005945,29.47,Sciences sociales,Cote-Nord,G4R,110879,13,266.4,0,1,Eloignee,0.9889105450508904
C004929,30.39,Sciences sociales,Montreal,H8N,138024,6,17.3,0,1,Centre,0.9967400432631912
C009739,26.17,Sciences,Cote-Nord,G0G,39240,8,207.0,0,0,Eloignee,0.006737923868732465
C010082,27.52,Sciences sociales,Gaspesie-Iles-de-la-Madeleine,G5C,112199,13,272.9,0,1,Eloignee,0.44646026920360693
C011890,28.79,Sciences sociales,Montreal,H4L,71623,8,15.0,1,0,Centre,0.5108674582656529
C003602,27.19,Sante,Cote-Nord,G5B,90849,11,195.4,0,0,Eloignee,0.4019471953241206
C007709,29.86,Genie,Montreal,H8N,69086,11,32.4,0,1,Centre,0.9955644143140939
C005354,31.37,Sciences,Montreal,H2X,66123,11,29.7,0,1,Centre,0.9992193758106291
C000375,28.04,Sciences sociales,Gaspesie-Iles-de-la-Madeleine,G4X,45179,8,78.2,0,1,Eloignee,0.25536380627703315
C002490,23.25,Genie,Bas-Saint-Laurent,G0L,115964,12,234.3,0,0,Eloignee,0.0002555752413377155
C000635,26.1,Sciences sociales,Gaspesie-Iles-de-la-Madeleine,G4X,59318,15,391.3,0,0,Eloignee,0.38995423991411354
C010723,23.39,Sciences,Capitale-Nationale,G2E,39581,6,20.5,1,0,Centre,8.025507947354771e-05
C010095,21.46,Arts et lettres,Gaspesie-Iles-de-la-Madeleine,G0C,55030,10,172.2,0,0,Eloignee,0.00014451186677140479
C004955,29.12,Sciences,Montreal,H3T,29905,9,14.0,0,1,Centre,0.6956047468871634
C009629,30.09,Sante,Capitale-Nationale,G2E,63001,12,16.1,1,0,Centre,0.6286682374783189
C010444,24.61,Sante,Montreal,H8N,63300,10,11.3,0,0,Centre,0.00013741659277461408
C009486,30.58,Arts et lettres,Montreal,H1A,151054,14,27.1,0,1,Centre,0.9974596251495015
C013083,31.42,Sciences sociales,Capitale-Nationale,G2E,82268,12,4.6,0,1,Centre,0.9943537959500953
C000833,23.83,Arts et lettres,Cote-Nord,G4R,62095,15,238.7,0,0,Eloignee,0.000435548941243927
C013502,30.13,Genie,Montreal,H3T,103189,9,16.4,1,1,Centre,0.9909292070803323
C001298,24.85,Sciences sociales,Montreal,H3T,36048,5,3.4,1,0,Centre,0.00015300534687217755
C006136,31.98,Sciences,Montreal,H2X,123425,8,13.9,0,1,Centre,0.9995669409889819
C011751,31.39,Sante,Montreal,H4L,91855,8,13.1,0,1,Centre,0.9993283304300727
C003311,30.23,Sciences,Gaspesie-Iles-de-la-Madeleine,G4X,95479,6,311.5,0,1,Eloignee,0.9717665785774972
C004128,33.0,Arts et lettres,Capitale-Nationale,G3A,33410,8,27.7,0,1,Centre,0.9998213729233769
C009660,29.01,Arts et lettres,Bas-Saint-Laurent,G5L,41835,16,248.6,0,0,Eloignee,0.7984417945143769
C012000,26.76,Genie,Gaspesie-Iles-de-la-Madeleine,G0C,29991,4,104.7,1,0,Eloignee,0.004712146294104952
C005094,29.19,Sciences sociales,Bas-Saint-Laurent,G5N,75402,13,176.1,1,1,Eloignee,0.9453898821225744
C005675,26.51,Sciences,Montreal,H8N,112164,10,19.7,0,0,Centre,0.09793659032077293
C009973,23.49,Genie,Cote-Nord,G4R,55928,20,182.1,0,0,Eloignee,0.0021258560367469316
C012995,29.12,Sante,Bas-Saint-Laurent,G0L,68682,6,299.3,1,0,Eloignee,0.5977520957264881
C001514,30.15,Sciences sociales,Montreal,H8N,79329,12,19.0,0,1,Centre,0.9950340459702399
C004460,28.07,Sante,Gaspesie-Iles-de-la-Madeleine,G5C,37737,13,165.2,1,1,Eloignee,0.3344617663447361
C007407,26.79,Arts et lettres,Capitale-Nationale,G3A,70263,10,16.9,0,0,Centre,0.1529931144193596
C003956,28.18,Sciences,Bas-Saint-Laurent,G0L,66636,7,151.5,1,0,Eloignee,0.28201870023942155
C003382,28.16,Arts et lettres,Gaspesie-Iles-de-la-Madeleine,G5C,42482,13,95.6,0,0,Eloignee,0.48759696675307423
C007809,25.94,Sante,Gaspesie-Iles-de-la-Madeleine,G0C,56041,17,94.8,1,0,Eloignee,0.7528796937129599
C010410,31.52,Sciences,Capitale-Nationale,G3A,66778,11,37.3,1,1,Centre,0.9987318433200131
C012234,23.7,Sciences sociales,Gaspesie-Iles-de-la-Madeleine,G0C,68642,21,230.0,1,0,Eloignee,0.0035395882833822202
C000202,27.43,Sciences sociales,Cote-Nord,G4R,16912,13,285.0,0,0,Eloignee,0.03776944445585562
C000872,26.21,Sciences sociales,Montreal,H8N,45486,11,41.3,0,0,Centre,0.0980549405986384
C009330,28.98,Sciences,Cote-Nord,G0G,36599,15,149.1,0,0,Eloignee,0.6210226330815172
C001163,28.12,Genie,Montreal,H2X,73735,5,31.4,0,0,Centre,0.550287533122968
C003763,24.28,Genie,Cote-Nord,G4R,62180,17,250.8,1,0,Eloignee,0.004741082463116225
C004774,30.65,Genie,Bas-Saint-Laurent,G0L,46099,18,196.2,0,1,Eloignee,0.9490911059750173
C009499,27.32,Sante,Montreal,H8N,51722,9,1.5,0,0,Centre,0.06601089353245909
C002374,26.77,Sciences sociales,Gaspesie-Iles-de-la-Madeleine,G0C,56299,10,204.4,0,0,Eloignee,0.07722764219725557
C012864,29.62,Sciences sociales,Bas-Saint-Laurent,G0L,39048,17,176.4,0,1,Eloignee,0.9762850167742584
C001563,28.66,Sciences,Gaspesie-Iles-de-la-Madeleine,G5C,80343,14,332.2,0,1,Eloignee,0.9569163611038465
C001963,29.35,Sciences,Capitale-Nationale,G2E,44029,5,7.3,0,1,Centre,0.8228132332648613
C009239,28.81,Sante,Montreal,H8N,90157,8,2.2,0,1,Centre,0.8320791370947931
C002157,25.53,Sciences sociales,Capitale-Nationale,G2E,58883,5,30.3,0,0,Centre,0.0024947763218091906
C004001,24.95,Sciences sociales,Gaspesie-Iles-de-la-Madeleine,G0C,61367,11,369.9,0,0,Eloignee,0.0025760741481912243
C002122,32.25,Sciences,Montreal,H3T,50494,4,5.0,0,1,Centre,0.9990689135211499
C003273,25.75,Sciences sociales,Cote-Nord,G0G,80914,13,333.9,0,0,Eloignee,0.11438122980196733
C003255,32.46,Genie,Capitale-Nationale,G3A,72993,6,9.5,1,1,Centre,0.9995642056089898
C007835,29.32,Arts et lettres,Bas-Saint-Laurent,G5L,54950,10,277.8,0,0,Eloignee,0.6850908339023739
C009877,28.85,Sciences sociales,Bas-Saint-Laurent,G0L,25441,9,225.5,1,1,Eloignee,0.4056135856570196
C000182,29.26,Arts et lettres,Gaspesie-Iles-de-la-Madeleine,G0C,36852,14,506.2,0,0,Eloignee,0.9117223407718736
C012616,28.73,Arts et lettres,Montreal,H3T,39438,10,19.7,0,1,Centre,0.43621787227875686
C009000,28.8,Genie,Capitale-Nationale,G1R,69270,3,9.8,0,1,Centre,0.5202742688271152
C002685,28.99,Sante,Montreal,H2X,130595,10,14.3,1,1,Centre,0.92963217720453
C001704,21.55,Sante,Bas-Saint-Laurent,G5L,44647,11,175.5,1,0,Eloignee,0.0001088046826000872
C002787,29.21,Genie,Bas-Saint-Laurent,G5N,58969,8,145.6,0,0,Eloignee,0.6402914672950625
C006963,26.25,Arts et lettres,Gaspesie-Iles-de-la-Madeleine,G4X,49022,13,217.5,1,0,Eloignee,0.23208103281645268
C009290,25.24,Sciences sociales,Montreal,H1A,34624,7,4.1,0,0,Centre,0.0018620373355804551
C002708,27.39,Sciences sociales,Montreal,H2X,108964,10,18.2,0,1,Centre,0.3553146213273921
C013569,25.82,Sciences sociales,Gaspesie-Iles-de-la-Madeleine,G0C,52534,17,303.1,1,0,Eloignee,0.35958145987157947
C005739,26.08,Genie,Bas-Saint-Laurent,G5N,28640,6,180.9,0,0,Eloignee,0.0055598497634564426
C008483,28.79,Sciences sociales,Gaspesie-Iles-de-la-Madeleine,G5C,64395,13,88.5,1,0,Eloignee,0.8349146241112937
C005469,26.22,Sante,Montreal,H8N,165464,6,12.8,1,0,Centre,0.10614183789858146
C005528,29.74,Sciences sociales,Gaspesie-Iles-de-la-Madeleine,G5C,64846,18,154.4,0,1,Eloignee,0.9888152349996141
C001013,26.39,Sciences,Montreal,H8N,68752,16,21.1,0,1,Centre,0.5304382641789119
C011854,31.7,Genie,Capitale-Nationale,G1V,124861,9,10.8,0,1,Centre,0.9998427216505753
C009603,25.5,Arts et lettres,Montreal,H2X,41154,6,9.6,0,0,Centre,0.0011233955972749692
C009744,29.13,Sante,Bas-Saint-Laurent,G0L,66776,18,507.1,0,1,Eloignee,0.9773539027739823
C000001,28.92,Genie,Montreal,H4L,125442,8,23.4,0,0,Centre,0.4105178273343261
C010405,27.2,Sante,Montreal,H2X,131285,7,15.6,0,1,Centre,0.3835650784643716
C002978,22.15,Arts et lettres,Bas-Saint-Laurent,G5L,36361,11,141.8,0,0,Eloignee,0.00022427991160455638
C002264,26.59,Sciences sociales,Montreal,H2X,53185,9,13.5,0,0,Centre,0.017492693356713846
C005828,28.47,Sciences,Capitale-Nationale,G2E,61929,9,14.1,0,1,Centre,0.6128574083547359
C011818,30.8,Sciences,Montreal,H4L,80161,9,42.6,1,1,Centre,0.9901349276272362
C006808,31.3,Sciences sociales,Bas-Saint-Laurent,G0L,72360,16,218.8,0,1,Eloignee,0.9800649168455665
C010808,24.3,Genie,Gaspesie-Iles-de-la-Madeleine,G4X,25878,11,183.3,1,0,Eloignee,0.00023800984705406197
C005279,28.45,Sante,Capitale-Nationale,G2E,64505,8,12.6,0,1,Centre,0.7108727605375977
C009658,30.68,Sciences sociales,Montreal,H2X,92911,5,20.6,0,1,Centre,0.9960999333109776
C007899,26.81,Genie,Montreal,H4L,66077,6,5.2,0,0,Centre,0.02557671363453899
C006447,26.92,Sciences,Bas-Saint-Laurent,G5N,58716,15,214.7,1,0,Eloignee,0.5476122304650693
C006619,25.71,Sciences sociales,Montreal,H2X,120342,18,5.2,0,1,Centre,0.8379731137468712
C000870,32.72,Sante,Cote-Nord,G0G,41215,19,407.6,1,1,Eloignee,0.9995247784353279
C006515,27.07,Sciences sociales,Bas-Saint-Laurent,G0L,67634,13,118.2,0,0,Eloignee,0.2538603912375189
C003506,21.82,Sante,Montreal,H2X,26953,8,39.8,1,0,Centre,0.000129160943230374
C008304,28.95,Sciences,Capitale-Nationale,G1V,55954,10,10.5,0,0,Centre,0.6230191306892572
C006893,27.67,Sciences,Montreal,H8N,77455,11,19.2,0,1,Centre,0.4732381966995662
C003749,28.29,Sciences,Montreal,H4L,55766,7,13.1,0,1,Centre,0.38021520340368736
C004021,23.69,Sciences sociales,Cote-Nord,G0G,103384,12,66.8,0,0,Eloignee,0.00024746530086751785
C001098,26.59,Sante,Montreal,H1A,84795,9,4.9,0,0,Centre,0.08849531787355072
C005565,21.93,Sante,Cote-Nord,G0G,35050,10,229.3,1,0,Eloignee,0.00019213380233710532
C013869,25.47,Arts et lettres,Cote-Nord,G0G,59083,15,273.5,0,0,Eloignee,0.014086803503090904
C003916,34.46,Genie,Montreal,H1A,57069,7,25.5,0,1,Centre,0.9996045809152382
C006137,29.01,Sciences,Bas-Saint-Laurent,G5N,44495,15,102.6,0,0,Eloignee,0.9677080698247259
C012349,38.14,Arts et lettres,Capitale-Nationale,G2E,34968,8,35.4,0,1,Centre,0.9998153239746886
C013379,29.21,Arts et lettres,Montreal,H8N,42978,4,3.6,0,0,Centre,0.15749622361298304
C005964,27.66,Sciences sociales,Capitale-Nationale,G1V,84932,7,2.1,1,0,Centre,0.1626021448696604
C004965,29.74,Sante,Capitale-Nationale,G2E,69721,11,3.1,0,1,Centre,0.9663602391676428
C011099,33.1,Genie,Montreal,H1A,45225,11,27.0,0,1,Centre,0.9997616668949183
C006464,28.15,Sciences sociales,Capitale-Nationale,G1R,51068,12,11.0,0,1,Centre,0.6109554860856721
C011358,23.76,Sciences sociales,Capitale-Nationale,G3A,47341,17,10.4,0,0,Centre,0.0010845503250518334
C001182,28.94,Sciences sociales,Montreal,H1A,71823,8,21.7,0,1,Centre,0.7209062446490482
C002875,25.63,Sciences sociales,Gaspesie-Iles-de-la-Madeleine,G5C,41476,16,224.1,0,0,Eloignee,0.1278714811513598
C008384,26.64,Sciences sociales,Cote-Nord,G0G,44652,14,224.1,0,0,Eloignee,0.06882750367957606
C012873,31.38,Sciences sociales,Cote-Nord,G5B,42123,14,179.0,0,1,Eloignee,0.9981827715037185
C013831,25.5,Sciences,Bas-Saint-Laurent,G5L,56794,10,137.6,0,0,Eloignee,0.0035516307781949907
C002929,30.18,Genie,Montreal,H2X,76384,13,26.0,0,1,Centre,0.9964404277475464
C005304,22.91,Arts et lettres,Capitale-Nationale,G1V,48607,10,32.5,0,0,Centre,0.0003832254554734566
C010565,26.31,Sante,Capitale-Nationale,G2E,78193,8,31.6,0,0,Centre,0.15681481178153558
C003301,28.59,Arts et lettres,Montreal,H2X,76785,9,12.0,0,1,Centre,0.45730903679081336
C000229,28.3,Genie,Montreal,H8N,87962,6,13.1,1,0,Centre,0.12130305800762067
C009874,26.48,Sciences,Bas-Saint-Laurent,G5L,37826,12,203.7,0,0,Eloignee,0.024318471796257825
C013695,32.59,Arts et lettres,Montreal,H8N,88134,17,5.5,0,0,Centre,0.16766148986710525
C013757,26.4,Sante,Montreal,H1A,54193,11,10.0,0,0,Centre,0.06393240392847017
C011528,24.19,Genie,Montreal,H8N,91085,10,2.2,0,0,Centre,0.0005192780285626548
C001007,30.35,Sciences sociales,Montreal,H3T,80368,12,60.1,1,1,Centre,0.9830639216665152
C010130,27.75,Sante,Montreal,H3T,124560,9,5.6,1,1,Centre,0.6294227732174453
C012601,24.73,Sciences,Montreal,H2X,61654,9,0.4,0,0,Centre,0.0001569856323506952
C003508,25.15,Sciences sociales,Capitale-Nationale,G3A,43962,6,37.5,1,0,Centre,0.0014385343623993176
C000110,30.22,Sciences,Montreal,H2X,48392,7,38.7,0,1,Centre,0.904432234975346
C002723,25.12,Arts et lettres,Montreal,H3T,85640,12,16.1,0,0,Centre,0.03581904257732354
C013351,29.03,Sante,Capitale-Nationale,G2E,72372,9,24.0,0,1,Centre,0.8453237296559941
C001025,24.94,Sciences sociales,Montreal,H1A,62699,12,19.0,0,0,Centre,0.001338033687512031
C003608,29.82,Sciences,Capitale-Nationale,G1R,42263,5,15.9,0,1,Centre,0.8854970939076707
C010171,27.53,Sciences,Bas-Saint-Laurent,G5N,47824,15,316.5,1,0,Eloignee,0.1831122617331035
C010168,24.71,Genie,Gaspesie-Iles-de-la-Madeleine,G4X,71247,13,117.9,1,0,Eloignee,0.00016151315016205676
C012177,25.32,Sciences sociales,Montreal,H8N,44460,9,49.3,0,0,Centre,0.005741524980637086
C009141,30.5,Sciences,Gaspesie-Iles-de-la-Madeleine,G5C,83234,16,133.2,0,1,Eloignee,0.9903662233298505
C013308,26.29,Arts et lettres,Capitale-Nationale,G1R,31209,6,18.3,0,0,Centre,0.005177384690748425
C004126,29.43,Arts et lettres,Bas-Saint-Laurent,G0L,55284,19,171.8,0,1,Eloignee,0.9781624047814039
C001242,24.13,Arts et lettres,Montreal,H3T,102672,9,35.7,0,0,Centre,0.0013050380992616867
C008386,25.04,Sciences,Capitale-Nationale,G2E,66416,6,12.2,1,0,Centre,0.0008948496479953147
C010962,32.98,Genie,Gaspesie-Iles-de-la-Madeleine,G5C,21888,15,133.6,0,1,Eloignee,0.9965761041508528
C003351,26.69,Sciences,Cote-Nord,G0G,44782,11,264.1,0,0,Eloignee,0.043239302577266055
C000238,27.68,Sciences,Gaspesie-Iles-de-la-Madeleine,G5C,57391,12,271.0,0,1,Eloignee,0.41862422342624406
C005115,28.38,Sciences sociales,Gaspesie-Iles-de-la-Madeleine,G5C,32168,16,260.7,0,0,Eloignee,0.7773342507914537
C013316,29.27,Sciences sociales,Gaspesie-Iles-de-la-Madeleine,G0C,58074,15,221.3,1,1,Eloignee,0.9847495080419116
C006865,24.26,Genie,Montreal,H8N,54704,5,5.1,0,0,Centre,0.00020646974703857136
C002568,23.15,Sciences,Gaspesie-Iles-de-la-Madeleine,G0C,56843,16,71.3,1,0,Eloignee,0.002991490009627682
C013595,32.84,Genie,Montreal,H4L,110914,17,26.6,0,1,Centre,0.9969818764119641
C006579,27.35,Arts et lettres,Bas-Saint-Laurent,G5L,69786,16,159.3,1,0,Eloignee,0.7148158250895328
C004191,23.24,Genie,Cote-Nord,G4R,64293,9,309.7,1,0,Eloignee,5.621556771698305e-05
C010075,29.56,Sciences,Montreal,H8N,40510,9,12.2,0,1,Centre,0.9353226801128726
C003231,29.95,Genie,Montreal,H3T,88037,9,20.8,1,1,Centre,0.9930529059907726
C005633,25.69,Arts et lettres,Bas-Saint-Laurent,G0L,52405,16,73.8,1,0,Eloignee,0.1121105448899348
C005679,24.12,Sante,Montreal,H2X,51199,4,5.1,0,0,Centre,0.00015675197215409594
C005998,27.26,Genie,Bas-Saint-Laurent,G5L,57603,16,45.2,1,0,Eloignee,0.734542579009773
C013227,26.46,Genie,Montreal,H1A,45043,5,11.5,0,0,Centre,0.0018333851660124524
C007088,29.61,Sciences sociales,Cote-Nord,G5B,55818,11,166.6,1,0,Eloignee,0.9169715357973968
C012230,27.43,Sciences sociales,Montreal,H1A,88029,12,5.4,0,1,Centre,0.6357684507205184
C004209,26.3,Sciences sociales,Cote-Nord,G0G,80860,10,119.6,1,0,Eloignee,0.24469289859202945
C011215,30.14,Arts et lettres,Montreal,H2X,37863,13,22.5,0,1,Centre,0.9715266185113133
C000307,34.0,Sciences sociales,Montreal,H3T,72546,13,37.2,0,1,Centre,0.9997401109655332
C010438,27.62,Sciences,Montreal,H1A,64791,9,4.3,1,0,Centre,0.4207138543845988
C001259,28.57,Sciences,Gaspesie-Iles-de-la-Madeleine,G0C,96955,16,456.7,0,0,Eloignee,0.8179933870290523
C000528,26.92,Sciences sociales,Gaspesie-Iles-de-la-Madeleine,G4X,20798,11,306.5,1,0,Eloignee,0.03944462273368804
C001348,24.73,Genie,Montreal,H1A,98011,14,4.5,1,0,Centre,0.0003392412460826603
C013368,28.58,Genie,Bas-Saint-Laurent,G5L,38299,16,76.9,1,0,Eloignee,0.45736625647814955
C006248,31.57,Genie,Bas-Saint-Laurent,G5L,21641,10,162.6,1,1,Eloignee,0.9991813290168309
C004918,25.01,Arts et lettres,Gaspesie-Iles-de-la-Madeleine,G5C,55627,10,205.7,0,0,Eloignee,0.0033899366285478883
C013448,30.18,Sante,Montreal,H4L,183398,11,33.8,0,1,Centre,0.9989183273401087
C012795,26.25,Sante,Capitale-Nationale,G2E,107847,9,8.6,0,0,Centre,0.12790347953499445
C005437,30.58,Arts et lettres,Montreal,H2X,107785,9,15.4,0,1,Centre,0.9985259007919757
C010750,29.21,Sciences,Gaspesie-Iles-de-la-Madeleine,G0C,48623,8,333.3,0,0,Eloignee,0.5066833907724438
C012651,28.73,Arts et lettres,Capitale-Nationale,G2E,76234,13,12.2,1,1,Centre,0.9242844997007751
C005897,29.49,Sciences sociales,Gaspesie-Iles-de-la-Madeleine,G5C,22915,8,321.7,1,0,Eloignee,0.6779918814264679
C001000,28.43,Sciences sociales,Capitale-Nationale,G3A,41922,9,17.2,0,0,Centre,0.35764937129762336
C006086,27.1,Genie,Montreal,H1A,67422,11,34.9,0,0,Centre,0.2200284515328049
C002074,25.61,Sciences,Montreal,H3T,92613,10,16.8,1,0,Centre,0.03295427390520304
C013858,27.51,Sante,Capitale-Nationale,G3A,127133,10,19.7,0,1,Centre,0.6594353760546537
C004468,25.6,Sciences sociales,Capitale-Nationale,G2E,207842,14,9.3,1,0,Centre,0.09502997149196697
C010686,27.11,Sante,Capitale-Nationale,G1V,39371,7,33.6,0,0,Centre,0.06994118393918639
C005726,24.76,Sante,Montreal,H3T,73068,8,8.3,0,0,Centre,0.00015295606566195403
C000369,31.06,Sante,Montreal,H2X,153484,13,6.4,0,1,Centre,0.9989986990389222
C004684,30.45,Genie,Gaspesie-Iles-de-la-Madeleine,G0C,40940,12,290.2,1,1,Eloignee,0.9272398652062327
C002858,29.35,Sciences,Capitale-Nationale,G3A,63155,6,43.4,0,0,Centre,0.665807620108436
C011013,29.62,Arts et lettres,Montreal,H8N,71736,9,3.1,0,1,Centre,0.9597619279031749
C005712,28.51,Genie,Montreal,H8N,99534,11,10.5,0,1,Centre,0.858059254616956
C002675,28.03,Genie,Bas-Saint-Laurent,G5L,161579,16,142.6,0,1,Eloignee,0.9514765963096546
C013647,29.42,Genie,Capitale-Nationale,G3A,64010,6,3.3,0,1,Centre,0.7888073012953615
C007959,30.12,Arts et lettres,Gaspesie-Iles-de-la-Madeleine,G4X,55820,11,123.5,1,0,Eloignee,0.964701106789396
C008412,29.97,Sciences sociales,Capitale-Nationale,G1R,47530,6,23.8,0,1,Centre,0.8488001331607582
C011756,24.89,Sciences,Montreal,H1A,111609,8,26.4,1,0,Centre,0.005380372982328191
C004272,22.82,Sciences,Bas-Saint-Laurent,G0L,69474,8,244.3,0,0,Eloignee,9.490852828461176e-05
C001150,29.02,Sciences,Capitale-Nationale,G2E,85248,10,20.4,0,1,Centre,0.8618362467148638
C003488,29.56,Arts et lettres,Montreal,H3T,84783,5,21.4,0,1,Centre,0.9646022572319095
C006886,22.49,Arts et lettres,Gaspesie-Iles-de-la-Madeleine,G4X,88612,17,85.2,0,0,Eloignee,0.0836106681779391
C005369,26.13,Sante,Bas-Saint-Laurent,G5L,25375,17,492.9,0,0,Eloignee,0.5764085727558087
C002581,24.01,Sante,Montreal,H3T,71023,10,9.2,0,0,Centre,0.00115285154090739
C010782,28.48,Sante,Montreal,H8N,33192,6,9.2,0,1,Centre,0.6073308095853484
C013590,34.86,Genie,Montreal,H3T,44617,7,14.9,0,1,Centre,0.9992666706183273
C000666,27.24,Genie,Montreal,H4L,137268,6,19.3,1,1,Centre,0.42939615240449724
C006785,25.58,Arts et lettres,Bas-Saint-Laurent,G0L,58830,8,190.1,1,0,Eloignee,0.0034163139389925155
C003605,26.37,Sante,Cote-Nord,G5B,77485,11,248.3,1,0,Eloignee,0.44831764841455424
C005959,30.36,Sante,Bas-Saint-Laurent,G0L,89216,15,77.5,1,1,Eloignee,0.9950632297505559
C005870,30.62,Genie,Montreal,H8N,67685,10,46.4,0,1,Centre,0.990087159058583
C012114,25.37,Genie,Montreal,H3T,78800,8,15.5,0,0,Centre,0.004022830250129754
C011053,24.24,Arts et lettres,Capitale-Nationale,G1R,81816,8,39.5,0,0,Centre,0.00020311871309814947
C012799,22.52,Genie,Gaspesie-Iles-de-la-Madeleine,G5C,47689,20,207.3,0,0,Eloignee,0.003368394696465758
C004238,26.31,Sciences sociales,Montreal,H3T,61368,12,37.9,0,0,Centre,0.3059931935401342
C010872,30.45,Genie,Bas-Saint-Laurent,G5N,54512,13,154.0,0,1,Eloignee,0.9956550843661686
C002351,21.19,Arts et lettres,Montreal,H4L,93647,4,7.8,0,0,Centre,0.0009642294951971988
C002554,26.87,Genie,Capitale-Nationale,G3A,83669,7,14.6,1,0,Centre,0.06200604218939056
C002358,25.78,Sciences sociales,Montreal,H8N,145696,6,8.7,1,0,Centre,0.16279402614235133
C011848,29.02,Sciences,Montreal,H3T,35030,8,6.2,0,1,Centre,0.5173610060003012
C013941,22.66,Sciences,Montreal,H1A,93682,7,6.6,0,0,Centre,0.0002497686467779582
C000401,26.65,Sciences,Capitale-Nationale,G2E,63434,8,16.0,0,0,Centre,0.023052363634472946
C007647,28.22,Sciences,Montreal,H1A,59511,8,8.4,0,0,Centre,0.35770356367411205
C001258,29.16,Sciences sociales,Montreal,H4L,69336,10,17.0,1,1,Centre,0.8512094602836646
C002055,31.0,Sante,Montreal,H2X,97226,3,40.5,0,1,Centre,0.9937598499107991
C005871,25.78,Sante,Montreal,H3T,43923,12,1.5,0,0,Centre,0.023463922152517237
C008695,28.46,Sciences sociales,Cote-Nord,G4R,41204,11,113.8,0,1,Eloignee,0.5430969137132992
C006279,24.97,Arts et lettres,Bas-Saint-Laurent,G5L,25834,11,365.3,0,0,Eloignee,0.00649609747159247
C007330,28.86,Sciences sociales,Montreal,H8N,61642,8,1.9,0,0,Centre,0.5506864693143183
C010496,30.53,Genie,Capitale-Nationale,G2E,46905,4,9.7,0,1,Centre,0.91289927324428
C008834,28.06,Genie,Cote-Nord,G0G,43987,10,31.1,0,0,Eloignee,0.18417125931936806
C013882,26.99,Sante,Cote-Nord,G4R,48696,13,199.9,1,0,Eloignee,0.33786934263015755
C003321,28.39,Sante,Montreal,H3T,96661,13,19.3,0,1,Centre,0.8336595759584896
C011579,30.41,Genie,Montreal,H4L,39573,12,11.0,0,0,Centre,0.5234936102131451
C011615,26.53,Genie,Capitale-Nationale,G2E,108941,6,18.4,0,0,Centre,0.02501121965637351
C003513,24.17,Sciences sociales,Montreal,H8N,41194,9,6.0,0,0,Centre,0.00018869069426992956
C012939,30.97,Sante,Montreal,H4L,49962,6,15.3,0,1,Centre,0.9955152142819927
C007090,26.08,Sciences sociales,Bas-Saint-Laurent,G5N,53930,13,122.4,1,0,Eloignee,0.18353345896188733
C012106,29.3,Sciences,Capitale-Nationale,G2E,77428,10,14.2,0,1,Centre,0.9727719007551787
C006377,24.55,Sciences,Montreal,H1A,41439,13,38.2,0,0,Centre,0.0003325626286996166
C008282,26.35,Sciences sociales,Bas-Saint-Laurent,G5L,76451,11,182.4,0,0,Eloignee,0.4520167420857224
C004309,22.84,Sciences,Montreal,H2X,66591,7,39.5,0,0,Centre,8.710812638003549e-05
C013456,26.42,Sante,Bas-Saint-Laurent,G0L,53073,11,151.4,0,0,Eloignee,0.04683829717857986
C003644,35.17,Sciences sociales,Cote-Nord,G4R,53159,7,325.6,1,1,Eloignee,0.9998512326170018
C003494,26.3,Sante,Montreal,H3T,108408,14,14.4,0,1,Centre,0.4341042799241494
C001139,25.84,Genie,Montreal,H1A,89957,7,15.8,1,0,Centre,0.0047088774433002
C006547,27.82,Genie,Montreal,H3T,121615,9,29.7,0,1,Centre,0.5101394491944982
C008630,26.12,Genie,Montreal,H3T,39221,6,1.8,0,0,Centre,0.004779926209809231
C011882,23.7,Sciences sociales,Cote-Nord,G4R,73770,14,216.5,0,0,Eloignee,0.0001396834176034067
C013887,27.26,Genie,Bas-Saint-Laurent,G5N,79660,12,604.6,0,0,Eloignee,0.35347350140024686
C012029,33.27,Sciences,Montreal,H1A,56756,14,39.6,0,1,Centre,0.9998604277589254
C007788,27.11,Sciences sociales,Cote-Nord,G0G,49686,18,455.0,0,0,Eloignee,0.6074069880661732
C012264,32.23,Sante,Montreal,H2X,30750,8,38.4,0,1,Centre,0.9998786290150075
C011616,29.68,Sciences,Capitale-Nationale,G1V,44696,8,19.6,0,1,Centre,0.8783703622000439
C010712,29.83,Sciences,Capitale-Nationale,G1R,170537,10,4.6,0,1,Centre,0.9985330596044942
C001472,22.27,Arts et lettres,Capitale-Nationale,G1R,63844,11,34.6,0,0,Centre,0.00012927793257460027
C008729,29.18,Arts et lettres,Gaspesie-Iles-de-la-Madeleine,G5C,26536,9,240.2,0,1,Eloignee,0.33857829516420923
C007994,28.96,Genie,Montreal,H3T,100504,13,49.2,1,1,Centre,0.9682918885066167
C007716,30.44,Sante,Capitale-Nationale,G1V,105654,9,27.5,0,1,Centre,0.9977601570253174
C009150,27.86,Sciences,Gaspesie-Iles-de-la-Madeleine,G5C,32554,15,357.4,0,0,Eloignee,0.09994013914877906
C000691,25.57,Arts et lettres,Bas-Saint-Laurent,G5N,54160,10,184.4,0,0,Eloignee,0.008329548140691374
C009355,30.24,Sante,Montreal,H3T,67246,9,35.1,0,1,Centre,0.9825416661578452
C001214,29.03,Sciences,Gaspesie-Iles-de-la-Madeleine,G0C,45400,10,61.6,0,0,Eloignee,0.7371040725296216
C013492,27.42,Arts et lettres,Capitale-Nationale,G2E,86246,8,29.2,0,0,Centre,0.3858964518958633
C001914,23.41,Sante,Montreal,H1A,103945,7,13.0,0,0,Centre,0.00022196716953167063
C013842,26.5,Sciences,Gaspesie-Iles-de-la-Madeleine,G4X,25012,9,139.4,0,0,Eloignee,0.012083474984711089
C001975,29.04,Sciences,Capitale-Nationale,G1R,64497,10,13.4,0,1,Centre,0.8510226386290004
C011582,23.89,Sciences,Gaspesie-Iles-de-la-Madeleine,G5C,37175,7,367.1,0,0,Eloignee,9.41529527107665e-05
C006908,26.84,Sciences,Gaspesie-Iles-de-la-Madeleine,G0C,17225,9,186.2,0,0,Eloignee,0.02281302402097399
C002630,25.34,Arts et lettres,Bas-Saint-Laurent,G5N,28867,10,237.6,0,0,Eloignee,0.026632707941352564
C011198,25.78,Genie,Montreal,H8N,86875,6,27.9,0,0,Centre,0.027907348808902534
C001325,29.45,Sciences sociales,Capitale-Nationale,G3A,97644,14,24.9,1,1,Centre,0.9794590069403092
C002505,25.26,Sciences,Cote-Nord,G0G,41399,11,349.9,0,0,Eloignee,0.017130918184744336
C011901,23.23,Sciences,Cote-Nord,G4R,121424,12,355.4,1,0,Eloignee,0.00021479609775409056
C010396,25.64,Arts et lettres,Cote-Nord,G4R,35516,12,160.9,1,0,Eloignee,0.028181681162116685
C008931,29.47,Genie,Montreal,H8N,69536,10,17.9,0,1,Centre,0.9251328744389108
C010344,23.66,Arts et lettres,Cote-Nord,G4R,76241,16,424.8,0,0,Eloignee,0.006368477326801386
C008697,27.58,Sciences sociales,Gaspesie-Iles-de-la-Madeleine,G0C,37520,12,213.0,0,0,Eloignee,0.052767560454025926
C012664,25.6,Sante,Montreal,H3T,164458,9,10.3,0,0,Centre,0.03851210758820778
C000740,27.37,Sciences sociales,Montreal,H2X,80145,14,22.6,1,1,Centre,0.5790733429056152
C009145,30.14,Arts et lettres,Gaspesie-Iles-de-la-Madeleine,G5C,42176,8,571.6,0,1,Eloignee,0.7895423398975404
C003740,30.46,Sciences,Bas-Saint-Laurent,G0L,21752,11,173.4,1,0,Eloignee,0.9517458383341145
C001990,28.04,Sciences,Montreal,H2X,158831,7,4.7,0,1,Centre,0.6806177299653738
C003928,30.49,Sciences sociales,Montreal,H2X,50843,8,31.7,1,1,Centre,0.9824463303705834
C013610,26.56,Sante,Montreal,H3T,112169,5,38.4,1,0,Centre,0.010389097619301041
C009198,30.61,Sante,Montreal,H8N,77896,2,24.8,1,1,Centre,0.982411086279118
C002278,26.92,Sante,Capitale-Nationale,G1V,66387,8,9.5,0,0,Centre,0.03061988679180649
C002471,23.6,Genie,Montreal,H4L,64719,11,22.7,1,0,Centre,6.104867849806946e-05
C008147,22.91,Sante,Montreal,H2X,68494,8,5.2,0,0,Centre,8.392352199565475e-05
C004229,26.02,Sciences,Gaspesie-Iles-de-la-Madeleine,G5C,79218,14,226.5,0,0,Eloignee,0.43955441449385485
C008308,28.66,Sciences,Capitale-Nationale,G3A,53250,6,10.4,0,0,Centre,0.5674189112662509
C000587,27.28,Sciences,Gaspesie-Iles-de-la-Madeleine,G5C,53031,22,451.8,1,0,Eloignee,0.6286301807108079
C010791,25.64,Sante,Capitale-Nationale,G2E,125071,8,16.2,1,0,Centre,0.024040058823672262
C003902,24.79,Arts et lettres,Montreal,H4L,52728,10,8.4,0,0,Centre,0.00015611096342668453
C004014,27.61,Sciences sociales,Gaspesie-Iles-de-la-Madeleine,G5C,42099,14,412.3,1,1,Eloignee,0.0849534776753112
C002423,26.76,Sciences sociales,Montreal,H2X,76330,10,23.8,0,0,Centre,0.40879116961563133
C010328,27.36,Sciences,Montreal,H1A,99204,16,45.2,0,1,Centre,0.7893683418381525
C007279,26.3,Sciences sociales,Montreal,H3T,90419,9,46.5,1,0,Centre,0.17207213191142245
C002075,29.65,Genie,Cote-Nord,G4R,39612,10,184.2,0,1,Eloignee,0.724873221893303
C013472,29.4,Arts et lettres,Montreal,H8N,119828,12,30.3,1,1,Centre,0.94408367805717
C011530,28.18,Arts et lettres,Montreal,H4L,91241,12,16.8,1,1,Centre,0.9048748103748544
C005468,26.82,Genie,Capitale-Nationale,G3A,30389,13,11.3,0,0,Centre,0.014182785717589751
C012123,29.9,Sciences,Montreal,H8N,99921,8,16.8,1,1,Centre,0.9920838160026967
C001915,29.05,Sciences sociales,Montreal,H3T,61122,7,27.5,0,1,Centre,0.618555021675842
C006684,26.66,Genie,Cote-Nord,G5B,66811,17,197.7,1,0,Eloignee,0.7633980703218217
C004485,27.86,Sciences,Capitale-Nationale,G1V,115177,8,21.7,0,1,Centre,0.47375562012038613
C010848,29.54,Genie,Cote-Nord,G0G,31944,16,90.8,1,0,Eloignee,0.9449270785982756
C009547,25.65,Sciences,Montreal,H3T,55772,8,22.4,0,0,Centre,0.0032639487479893875
C002226,30.89,Sante,Gaspesie-Iles-de-la-Madeleine,G4X,36895,10,314.2,1,1,Eloignee,0.9933320274931614
C013254,25.45,Sciences,Montreal,H2X,39474,9,7.0,0,0,Centre,0.004074541237233497
C009868,25.21,Sciences,Montreal,H3T,67203,10,5.9,0,0,Centre,0.003679513798153519
C009435,28.14,Genie,Montreal,H3T,82161,7,6.0,0,1,Centre,0.46665134446819984
C012739,28.48,Sciences,Capitale-Nationale,G1V,59378,6,35.2,0,0,Centre,0.5214940387985177
C005695,28.34,Sciences sociales,Capitale-Nationale,G3A,98222,10,41.2,1,1,Centre,0.8245891454309768
C010920,36.2,Sante,Montreal,H1A,82476,7,12.9,0,1,Centre,0.9998870880945695
C002801,24.81,Sante,Cote-Nord,G4R,74107,14,345.4,0,0,Eloignee,0.000280939793241977
C009030,26.94,Sante,Gaspesie-Iles-de-la-Madeleine,G0C,74130,18,648.3,1,0,Eloignee,0.8796450236336748
C006368,27.91,Sciences,Montreal,H3T,69438,7,12.8,0,0,Centre,0.1935483236703265
C011750,28.07,Sciences,Montreal,H3T,64616,7,3.5,1,0,Centre,0.2140003862847783
C003865,29.58,Sciences sociales,Montreal,H4L,62534,12,3.2,1,1,Centre,0.9435469402732961
C003709,27.99,Sciences,Gaspesie-Iles-de-la-Madeleine,G0C,41348,16,99.6,0,0,Eloignee,0.21141904394316596
C002392,30.11,Sante,Capitale-Nationale,G1V,64701,6,36.2,1,1,Centre,0.9435464014834565
C011101,27.28,Genie,Montreal,H1A,72246,7,24.4,1,0,Centre,0.13367082335251632
C005705,31.83,Arts et lettres,Bas-Saint-Laurent,G0L,27481,6,454.8,1,1,Eloignee,0.9981627301333795
C008269,25.94,Genie,Montreal,H3T,64996,10,47.3,1,0,Centre,0.008410646193858496
C003773,35.73,Sciences sociales,Montreal,H3T,40351,10,19.2,0,1,Centre,0.9996685180138016
C001132,28.42,Sciences,Gaspesie-Iles-de-la-Madeleine,G0C,51388,13,186.9,1,0,Eloignee,0.874705327558109
C004740,20.95,Sciences sociales,Gaspesie-Iles-de-la-Madeleine,G4X,77477,14,126.9,0,0,Eloignee,0.00020075929550789504
C004775,30.93,Sante,Capitale-Nationale,G1V,100925,3,18.2,0,1,Centre,0.997108568847277
C004796,24.92,Sciences,Cote-Nord,G0G,69330,11,135.9,0,0,Eloignee,0.0011427275087122295
C006669,29.24,Genie,Montreal,H8N,45037,12,21.9,0,0,Centre,0.5800173773072592
C004823,31.31,Sciences sociales,Montreal,H1A,44092,5,45.8,0,1,Centre,0.8113962687052505
C003568,28.75,Sciences sociales,Capitale-Nationale,G3A,42194,14,43.1,1,1,Centre,0.707486996020158
C000186,24.02,Sciences sociales,Capitale-Nationale,G1R,61317,10,42.1,0,0,Centre,0.0020218432554693832
C007800,33.08,Sante,Montreal,H8N,47927,6,5.1,1,1,Centre,0.9991067888998123
C012804,28.22,Sciences,Montreal,H3T,51051,8,16.8,1,0,Centre,0.26359942178848367
C010427,28.07,Sante,Capitale-Nationale,G2E,67183,8,39.3,0,0,Centre,0.3926473186220538
C013154,30.5,Sciences sociales,Montreal,H8N,100888,8,53.8,0,1,Centre,0.9980796051183041
C005189,30.79,Arts et lettres,Montreal,H4L,28388,9,44.2,0,1,Centre,0.8848233468115321
C001274,25.36,Arts et lettres,Cote-Nord,G5B,84120,12,295.3,1,0,Eloignee,0.047834106616166966
C005029,26.57,Sciences,Capitale-Nationale,G1R,72253,8,4.5,0,0,Centre,0.06595203677449758
C003964,30.51,Sciences sociales,Montreal,H2X,48925,11,20.5,0,1,Centre,0.9830842587005059
C002635,30.84,Sciences,Gaspesie-Iles-de-la-Madeleine,G0C,24755,15,193.2,1,1,Eloignee,0.9732856048669404
C003736,26.43,Sciences,Montreal,H4L,54276,11,9.6,1,0,Centre,0.0644319613382711
C007351,30.49,Genie,Bas-Saint-Laurent,G5L,40585,15,289.4,1,1,Eloignee,0.9873133636921693
C011746,31.11,Arts et lettres,Montreal,H4L,75466,5,24.3,0,1,Centre,0.9905812707273043
C004512,25.72,Sciences,Capitale-Nationale,G1V,32344,8,13.8,0,0,Centre,0.004622969021361382
C005151,29.77,Genie,Bas-Saint-Laurent,G5L,47891,21,297.6,1,1,Eloignee,0.9851000648417979
C006143,27.92,Sante,Bas-Saint-Laurent,G5N,71234,19,412.7,1,0,Eloignee,0.7388870287058065
C010746,28.36,Sciences sociales,Cote-Nord,G5B,123056,18,302.1,1,0,Eloignee,0.9606064542819259
C003125,29.59,Sante,Montreal,H4L,53354,17,7.0,1,1,Centre,0.9897024982816521
C011573,26.53,Genie,Montreal,H3T,65466,8,28.4,0,1,Centre,0.02645792645629459
C005418,26.36,Sciences sociales,Capitale-Nationale,G3A,29654,8,9.8,1,0,Centre,0.004220153439244017
C006070,28.94,Arts et lettres,Gaspesie-Iles-de-la-Madeleine,G5C,36379,15,162.6,1,1,Eloignee,0.6451426234803781
C010911,28.28,Sante,Capitale-Nationale,G1V,70835,7,14.8,1,0,Centre,0.3105859639895527
C008017,24.59,Arts et lettres,Montreal,H2X,52008,10,29.6,1,0,Centre,0.00015545636502299818
C006926,23.7,Genie,Capitale-Nationale,G1R,81568,14,39.5,0,0,Centre,0.00013179152845738004
C003244,28.43,Sciences sociales,Cote-Nord,G4R,34466,16,258.3,0,0,Eloignee,0.5715320611231591
C010387,27.12,Arts et lettres,Bas-Saint-Laurent,G5N,34127,13,182.7,1,0,Eloignee,0.10008508215029525
C007897,31.16,Sante,Gaspesie-Iles-de-la-Madeleine,G5C,96596,13,366.1,0,1,Eloignee,0.9993128091836663
C012402,31.62,Sciences,Montreal,H8N,97292,9,18.5,1,1,Centre,0.9996542975743435
C000277,30.96,Sciences,Gaspesie-Iles-de-la-Madeleine,G4X,49997,15,80.7,1,1,Eloignee,0.9985053758498619
C001737,30.96,Arts et lettres,Bas-Saint-Laurent,G5L,57882,11,225.6,0,1,Eloignee,0.9951651473919396
C005118,35.44,Sante,Montreal,H4L,101255,11,20.1,0,1,Centre,0.9998451915537586
C001404,29.61,Arts et lettres,Cote-Nord,G4R,64760,14,291.7,1,1,Eloignee,0.9906144612865442
C012076,28.55,Sante,Montreal,H2X,105813,9,19.0,0,1,Centre,0.8803400751284624
C008228,28.79,Arts et lettres,Montreal,H1A,49734,6,31.5,1,0,Centre,0.20994151833364386
C013667,30.2,Arts et lettres,Montreal,H3T,36457,10,12.0,0,1,Centre,0.8161360191818391
C003399,26.84,Sciences sociales,Capitale-Nationale,G1V,172833,10,23.2,0,0,Centre,0.40225849923213447
C008646,37.26,Genie,Bas-Saint-Laurent,G5L,49959,11,260.0,1,1,Eloignee,0.9998046614070429
C001846,26.16,Arts et lettres,Cote-Nord,G4R,69410,10,278.9,0,0,Eloignee,0.05940613791690377
C008449,30.69,Arts et lettres,Bas-Saint-Laurent,G5N,87765,11,134.4,1,1,Eloignee,0.9945233127929533
C005681,26.65,Sciences sociales,Capitale-Nationale,G3A,59687,8,44.6,1,0,Centre,0.036137481202153765
C005053,26.22,Sante,Montreal,H8N,109074,11,25.0,0,0,Centre,0.10074592088903458
C012238,26.43,Sciences,Gaspesie-Iles-de-la-Madeleine,G0C,61861,8,487.1,0,0,Eloignee,0.02477006146149096
C008616,33.33,Sciences,Gaspesie-Iles-de-la-Madeleine,G5C,76981,13,206.4,0,1,Eloignee,0.9996972012793168
C011049,24.69,Sciences,Montreal,H1A,72438,8,25.8,1,0,Centre,0.0001587597979273093
C006178,28.9,Sante,Montreal,H3T,65423,6,9.2,0,0,Centre,0.6516995055772917
C012749,28.92,Genie,Montreal,H2X,136502,9,57.3,0,1,Centre,0.9573826767608654
C002550,26.45,Sante,Capitale-Nationale,G1V,75296,13,10.6,0,0,Centre,0.27639988266495297
C007571,27.63,Genie,Montreal,H3T,27432,7,23.6,0,0,Centre,0.03832218645461548
C008861,22.62,Arts et lettres,Gaspesie-Iles-de-la-Madeleine,G5C,56825,10,109.6,0,0,Eloignee,0.00014451186677140479
C012301,19.24,Genie,Bas-Saint-Laurent,G5N,50572,12,241.8,1,0,Eloignee,0.0001397276832062469
C005297,25.69,Sciences sociales,Bas-Saint-Laurent,G5L,41758,6,182.0,1,0,Eloignee,0.0012827981113416106
C008411,22.33,Sciences sociales,Montreal,H2X,47495,8,50.3,1,0,Centre,8.893804508831811e-05
C010415,26.57,Genie,Montreal,H1A,67937,7,32.4,1,0,Centre,0.028534242818531907
C013278,24.53,Sciences,Montreal,H1A,33231,8,15.4,1,0,Centre,0.00041143863323699157
C006845,21.76,Arts et lettres,Bas-Saint-Laurent,G0L,55068,19,108.0,1,0,Eloignee,0.003839524978282009
C000207,33.66,Genie,Montreal,H1A,119042,5,29.5,0,1,Centre,0.9996959561357426
C009258,24.09,Genie,Montreal,H2X,65630,12,33.7,0,0,Centre,0.00015822226513005907
C010420,29.97,Genie,Montreal,H1A,55311,5,22.2,0,1,Centre,0.8275825376082645
C000862,26.56,Sciences sociales,Capitale-Nationale,G2E,74938,8,24.1,0,0,Centre,0.2040753523777583
C001587,22.1,Sciences,Cote-Nord,G4R,32334,18,423.5,1,0,Eloignee,0.0016361692124652143
C010183,29.9,Sciences,Gaspesie-Iles-de-la-Madeleine,G5C,66742,16,66.9,1,1,Eloignee,0.9950789443773359
C010378,26.13,Genie,Montreal,H1A,30528,9,10.7,0,0,Centre,0.017161299892741674
C009970,27.66,Arts et lettres,Montreal,H8N,74449,13,21.3,0,1,Centre,0.5235392105900436
C003730,31.24,Arts et lettres,Montreal,H8N,83012,4,6.0,0,1,Centre,0.9942119711972742
C000028,35.43,Genie,Capitale-Nationale,G2E,62223,7,27.8,1,1,Centre,0.9997943802464853
C013573,34.34,Arts et lettres,Montreal,H1A,38582,7,12.4,0,1,Centre,0.9998514547880213
C009212,35.1,Arts et lettres,Bas-Saint-Laurent,G5N,55501,13,249.9,1,1,Eloignee,0.9998333452859163
C012525,24.45,Sciences,Bas-Saint-Laurent,G5N,78673,14,279.4,1,0,Eloignee,0.0007052401447209604
C003111,29.89,Sciences,Cote-Nord,G4R,128325,20,200.5,0,1,Eloignee,0.9949775275522146
C007056,27.02,Genie,Capitale-Nationale,G3A,73866,6,6.6,0,0,Centre,0.15895031718596897
C010035,24.63,Sciences,Montreal,H4L,79368,9,6.4,0,0,Centre,0.00016708128437135548
C000977,31.03,Arts et lettres,Montreal,H1A,84887,7,17.6,0,1,Centre,0.9962418116942379
C006336,27.56,Sciences,Montreal,H2X,59724,7,27.5,1,0,Centre,0.19747036943237775
C007249,24.82,Genie,Gaspesie-Iles-de-la-Madeleine,G5C,38534,16,227.0,1,0,Eloignee,0.02120945963897202
C009602,28.17,Sciences,Capitale-Nationale,G3A,49302,5,29.9,1,1,Centre,0.23160209795188258
C008002,31.74,Sciences,Montreal,H3T,47448,5,27.5,1,1,Centre,0.9957650847626158
C002661,28.1,Sciences,Montreal,H3T,41765,5,10.1,0,0,Centre,0.12789696608745604
C001690,22.03,Sciences sociales,Bas-Saint-Laurent,G5N,174695,9,94.3,0,0,Eloignee,0.0003232034386002558
C007510,29.89,Arts et lettres,Cote-Nord,G5B,42287,15,151.3,0,1,Eloignee,0.994705214071337
C001114,30.94,Sciences,Capitale-Nationale,G3A,70416,11,17.1,0,1,Centre,0.9983177413750637
C005638,24.72,Genie,Capitale-Nationale,G3A,78202,9,11.6,0,0,Centre,0.0001591212610406503
C007430,29.14,Sciences sociales,Bas-Saint-Laurent,G0L,53631,15,299.6,1,1,Eloignee,0.9522004714806517
C011022,33.76,Sciences,Gaspesie-Iles-de-la-Madeleine,G5C,56093,20,130.9,1,1,Eloignee,0.9975046849771948
C006611,28.16,Sante,Montreal,H3T,54971,8,22.8,0,0,Centre,0.2273572562312776
C004831,27.31,Sciences,Gaspesie-Iles-de-la-Madeleine,G4X,60624,7,204.1,1,0,Eloignee,0.08396161422263737
C000976,29.4,Genie,Capitale-Nationale,G3A,53784,13,37.3,0,1,Centre,0.9868824808057038
C009531,26.18,Arts et lettres,Gaspesie-Iles-de-la-Madeleine,G4X,54523,19,142.9,0,0,Eloignee,0.7569548838310446
C012421,28.18,Genie,Cote-Nord,G5B,21393,10,153.3,0,0,Eloignee,0.056829140561324154
C005058,24.34,Sciences,Montreal,H2X,84700,10,37.8,1,0,Centre,0.00033002920482610483
C002669,30.88,Genie,Gaspesie-Iles-de-la-Madeleine,G4X,68031,17,211.4,0,1,Eloignee,0.9916739673942663
C011212,26.11,Genie,Capitale-Nationale,G2E,128398,8,33.8,0,0,Centre,0.031061016564586545
C007624,31.64,Arts et lettres,Gaspesie-Iles-de-la-Madeleine,G0C,39314,13,116.3,0,1,Eloignee,0.9997742903570679
C002480,28.0,Genie,Cote-Nord,G0G,58993,16,174.2,0,0,Eloignee,0.3697804287215938
C004652,32.43,Sciences sociales,Gaspesie-Iles-de-la-Madeleine,G4X,95718,16,231.6,1,1,Eloignee,0.9917722480516963
C002720,27.01,Arts et lettres,Cote-Nord,G5B,20439,18,207.7,1,0,Eloignee,0.2519893441615045
C006668,25.27,Sciences,Montreal,H4L,88133,8,14.4,0,0,Centre,0.00888697184094293
C005100,26.63,Arts et lettres,Cote-Nord,G0G,58707,14,274.4,1,0,Eloignee,0.5789322023538902
C013356,24.31,Arts et lettres,Bas-Saint-Laurent,G0L,50831,15,276.9,1,0,Eloignee,0.0004908308538507638
C009592,20.08,Arts et lettres,Montreal,H3T,97047,10,12.2,1,0,Centre,0.001374600495736772
C007539,28.05,Genie,Montreal,H3T,54495,6,5.7,0,0,Centre,0.17200719085922755
C000659,28.38,Sante,Gaspesie-Iles-de-la-Madeleine,G0C,38823,6,101.3,1,0,Eloignee,0.4288072842513256
C012856,24.52,Genie,Montreal,H2X,49687,7,6.7,1,0,Centre,0.0006242983974377507
C011442,22.63,Sante,Gaspesie-Iles-de-la-Madeleine,G4X,113580,9,125.5,0,0,Eloignee,0.00027475547548095296
C005646,26.17,Sciences,Gaspesie-Iles-de-la-Madeleine,G4X,31280,11,301.6,0,0,Eloignee,0.04985900536187755
C009599,31.79,Sciences,Bas-Saint-Laurent,G5N,42528,11,250.4,1,1,Eloignee,0.9997590793846508
C001309,24.42,Sciences sociales,Cote-Nord,G0G,102267,9,68.1,1,0,Eloignee,0.00041323167449827875
C013000,27.67,Genie,Gaspesie-Iles-de-la-Madeleine,G0C,39788,13,314.3,1,0,Eloignee,0.08181005110126911
C012042,23.98,Sciences sociales,Cote-Nord,G5B,39365,9,231.2,1,0,Eloignee,0.0013000373897910482
C011511,25.21,Sciences,Montreal,H4L,68776,10,20.6,1,0,Centre,0.003962206390459259
C013137,27.71,Sciences sociales,Cote-Nord,G0G,39092,19,349.0,0,0,Eloignee,0.2976141642768627
C013547,26.92,Genie,Montreal,H8N,54336,11,16.5,0,1,Centre,0.35916575157481634
C005556,30.11,Sciences,Cote-Nord,G0G,59736,12,114.6,0,1,Eloignee,0.9611904057695921
C007038,24.06,Sciences,Gaspesie-Iles-de-la-Madeleine,G0C,70141,13,208.0,0,0,Eloignee,0.0002599460575396219
C009301,33.78,Sciences sociales,Bas-Saint-Laurent,G5N,20677,12,261.6,0,0,Eloignee,0.9992232002289814
C009272,26.53,Sante,Montreal,H3T,49281,12,14.5,0,0,Centre,0.03628825273164876
C000066,31.75,Sciences,Montreal,H4L,75353,16,43.1,0,1,Centre,0.9955342046524545
C008989,30.15,Sciences,Capitale-Nationale,G1R,111510,11,6.0,0,0,Centre,0.9971372526655292
C012591,32.26,Genie,Montreal,H2X,173363,5,2.4,0,1,Centre,0.9998351305723067
C013024,29.35,Sciences sociales,Montreal,H1A,86371,10,36.4,0,1,Centre,0.9151426882963697
C011162,28.41,Sante,Gaspesie-Iles-de-la-Madeleine,G0C,48709,15,182.8,1,0,Eloignee,0.9084355095263911
C007918,27.69,Arts et lettres,Capitale-Nationale,G2E,40256,9,67.7,0,0,Centre,0.09450963620092531
C011690,32.56,Sciences sociales,Capitale-Nationale,G1R,59901,8,16.5,1,1,Centre,0.9998644590314324
C001332,27.33,Sante,Montreal,H2X,91435,7,4.6,0,0,Centre,0.24091765044331118
C011537,20.79,Sciences,Bas-Saint-Laurent,G5N,43089,12,79.0,1,0,Eloignee,0.00012608320801465488
C004883,23.77,Sciences sociales,Gaspesie-Iles-de-la-Madeleine,G4X,129235,16,166.4,0,0,Eloignee,0.006001755600276221
C013320,26.52,Sciences sociales,Gaspesie-Iles-de-la-Madeleine,G5C,64724,16,117.6,0,0,Eloignee,0.42315272066204745
C004638,24.1,Genie,Montreal,H4L,19526,10,5.9,0,0,Centre,0.0004957542460233385
C010262,29.35,Sciences,Cote-Nord,G0G,70434,8,178.1,0,1,Eloignee,0.8360948546596474
C005028,23.86,Sante,Gaspesie-Iles-de-la-Madeleine,G5C,65306,18,211.4,1,0,Eloignee,0.0033719314950671157
C009590,28.72,Sciences sociales,Cote-Nord,G5B,31482,7,262.3,1,0,Eloignee,0.5895713177782751
C000354,25.06,Genie,Capitale-Nationale,G1R,70359,16,20.0,0,0,Centre,0.05350736744578868
C011451,25.24,Genie,Bas-Saint-Laurent,G5N,28805,7,290.3,0,0,Eloignee,0.0039055260538383373
C010683,26.79,Arts et lettres,Bas-Saint-Laurent,G5N,54007,14,240.6,1,0,Eloignee,0.18715878533857513
C000241,29.99,Genie,Montreal,H3T,58416,9,9.0,0,1,Centre,0.9350635350050127
C012139,30.11,Sciences,Capitale-Nationale,G1R,81928,10,27.7,0,1,Centre,0.9912760628051104
C013223,23.63,Sciences,Capitale-Nationale,G1V,61075,10,41.8,0,0,Centre,9.554130934795551e-05
C003459,38.21,Sciences sociales,Montreal,H8N,86138,7,2.5,1,1,Centre,0.9997980118032583
C009816,23.21,Genie,Montreal,H3T,114874,12,15.3,1,0,Centre,0.00033745834855434213
C010399,24.97,Sciences,Montreal,H8N,88957,5,25.3,0,0,Centre,0.001889893334181226
C013570,35.76,Arts et lettres,Capitale-Nationale,G2E,48750,6,35.8,1,1,Centre,0.9996074177830645
C007620,34.16,Arts et lettres,Montreal,H2X,37051,4,36.2,0,1,Centre,0.9991560389600894
C008194,21.96,Genie,Montreal,H4L,58445,11,49.4,1,0,Centre,9.922168429867915e-05
C011588,33.88,Genie,Montreal,H3T,65504,7,19.0,0,1,Centre,0.9998515158182569
C006335,27.83,Arts et lettres,Capitale-Nationale,G2E,81822,6,24.2,0,0,Centre,0.29625893054657454
C010325,27.28,Sciences sociales,Montreal,H4L,78226,13,27.1,0,1,Centre,0.46973728214388005
C013816,26.02,Sciences,Capitale-Nationale,G1V,102036,10,19.1,0,0,Centre,0.17841045751541465
C010761,25.39,Arts et lettres,Montreal,H8N,76647,8,33.5,0,0,Centre,0.0022278642706077983
C006337,30.83,Arts et lettres,Montreal,H2X,113495,4,22.9,1,1,Centre,0.9934003782264411
C012019,28.17,Sciences,Montreal,H1A,37329,5,12.1,0,0,Centre,0.1638893910923748
C003008,26.09,Sciences,Capitale-Nationale,G1R,56783,3,7.2,1,1,Centre,0.012542824286619621
C001509,31.99,Sciences sociales,Gaspesie-Iles-de-la-Madeleine,G5C,51840,11,157.3,1,0,Eloignee,0.999706775829691
C001576,31.39,Sciences,Montreal,H8N,75952,7,17.9,0,1,Centre,0.9993571348316662
C012837,27.33,Arts et lettres,Capitale-Nationale,G3A,102840,13,19.3,0,1,Centre,0.668317787043985
C008623,28.53,Sciences,Montreal,H3T,71353,11,43.0,1,1,Centre,0.7289221001738593
C003348,31.11,Arts et lettres,Montreal,H1A,78802,8,45.5,0,1,Centre,0.9979399975507695
C008225,31.25,Genie,Capitale-Nationale,G3A,89229,7,12.1,1,1,Centre,0.9992310083727022
C009348,29.61,Sciences sociales,Capitale-Nationale,G3A,89422,6,18.6,0,1,Centre,0.928860780164316
C002203,31.29,Sciences,Montreal,H3T,92571,7,11.5,0,1,Centre,0.9991182580403047
C010809,28.32,Sante,Capitale-Nationale,G1R,49819,6,36.6,0,0,Centre,0.30838244565963574
C000282,31.49,Sciences sociales,Montreal,H8N,42034,6,24.7,0,0,Centre,0.2981874922475447
C006607,27.87,Sciences,Montreal,H8N,72234,6,21.0,0,0,Centre,0.13897351569571212
C005464,30.97,Genie,Bas-Saint-Laurent,G5N,24454,13,99.7,0,0,Eloignee,0.9700647176563486
C003665,25.83,Sciences,Cote-Nord,G5B,45491,13,184.0,1,0,Eloignee,0.015862346106208323
C009893,28.78,Sciences,Montreal,H3T,128469,6,12.3,0,1,Centre,0.7696681720217975
C002907,28.56,Sciences,Montreal,H4L,138734,10,26.5,0,1,Centre,0.8755147464501645
C013068,27.28,Sante,Gaspesie-Iles-de-la-Madeleine,G0C,33584,14,135.0,0,0,Eloignee,0.16746871350501896
C008054,25.82,Sciences sociales,Montreal,H2X,70862,11,25.4,0,0,Centre,0.010770878356184316
C000010,31.85,Sciences,Capitale-Nationale,G2E,83881,9,25.9,0,1,Centre,0.9991162373022151
C009994,26.86,Sciences sociales,Gaspesie-Iles-de-la-Madeleine,G0C,36279,11,195.0,1,0,Eloignee,0.040497136401933316
C012379,30.4,Arts et lettres,Montreal,H1A,119333,5,21.8,0,1,Centre,0.9867736322395287
C002549,31.53,Sciences,Montreal,H3T,41962,12,20.8,0,1,Centre,0.9788057456223316
C013527,34.77,Genie,Bas-Saint-Laurent,G5L,33226,12,87.1,0,1,Eloignee,0.9997563983386218
C011795,28.32,Genie,Montreal,H8N,31574,8,20.8,0,1,Centre,0.40149333726004144
C003931,24.87,Genie,Montreal,H3T,88411,8,24.6,0,0,Centre,0.0031540780054164683
C008494,26.12,Sciences sociales,Montreal,H2X,55957,7,20.4,0,0,Centre,0.010249082141368552
C001691,27.49,Genie,Montreal,H2X,77645,6,14.0,1,0,Centre,0.13859168481045622
C004423,27.1,Sciences,Montreal,H4L,90735,9,37.3,0,0,Centre,0.131805665010018
C010390,27.36,Sciences,Gaspesie-Iles-de-la-Madeleine,G0C,93235,12,204.2,1,0,Eloignee,0.5904556877653858
C004669,31.26,Sciences sociales,Capitale-Nationale,G2E,112758,10,15.5,0,1,Centre,0.9993816094809742
C007166,24.39,Sciences,Gaspesie-Iles-de-la-Madeleine,G5C,96661,14,104.6,0,0,Eloignee,0.0003459193058798324
C002589,21.47,Genie,Gaspesie-Iles-de-la-Madeleine,G0C,100689,14,145.2,0,0,Eloignee,0.00025542903452753784
C004656,27.53,Sciences,Montreal,H2X,38169,5,43.9,0,0,Centre,0.03638634326896204
C012090,21.31,Genie,Montreal,H1A,47795,10,69.7,0,0,Centre,0.0008510034019061709
C012625,32.05,Genie,Montreal,H2X,91407,9,4.7,0,1,Centre,0.9998703345958866
C010903,29.71,Sciences,Montreal,H8N,97406,14,9.1,0,1,Centre,0.9695075659686992
C013992,30.6,Arts et lettres,Cote-Nord,G4R,36179,10,214.3,1,1,Eloignee,0.9724872935618091
C005299,28.61,Sciences sociales,Gaspesie-Iles-de-la-Madeleine,G0C,40610,11,145.1,0,0,Eloignee,0.45322650410925835
C009539,33.29,Sciences,Montreal,H8N,57223,8,13.1,0,1,Centre,0.999628823618436
C012054,23.46,Sciences,Gaspesie-Iles-de-la-Madeleine,G5C,47376,11,349.9,0,0,Eloignee,0.00010837751876702488
C007319,24.55,Arts et lettres,Capitale-Nationale,G2E,24268,7,10.7,0,0,Centre,0.0002336959468355817
C005665,26.14,Sante,Montreal,H4L,49753,9,13.6,0,0,Centre,0.041356069632287586
C007958,29.03,Sciences,Montreal,H2X,39384,5,21.8,0,0,Centre,0.4884629949916143
C008306,30.99,Genie,Gaspesie-Iles-de-la-Madeleine,G0C,37638,14,314.0,0,1,Eloignee,0.9908027514120203
C006283,28.38,Sciences sociales,Montreal,H2X,59207,7,16.3,0,1,Centre,0.579582417244762
C002872,26.33,Sciences sociales,Montreal,H4L,126163,14,27.0,0,1,Centre,0.47135463549384204
C007643,30.18,Sciences sociales,Cote-Nord,G4R,67915,12,461.4,0,0,Eloignee,0.9887536423641486
C013262,29.32,Sciences sociales,Gaspesie-Iles-de-la-Madeleine,G4X,23933,13,86.4,0,1,Eloignee,0.889476964205471
C003954,25.08,Sciences sociales,Montreal,H1A,143933,5,22.1,0,0,Centre,0.18906977285953674
C012597,31.94,Genie,Bas-Saint-Laurent,G5L,91578,8,547.9,1,1,Eloignee,0.9998711988140432
C010598,26.1,Genie,Capitale-Nationale,G3A,60100,8,34.9,1,0,Centre,0.012335046415947933
C012920,31.06,Arts et lettres,Capitale-Nationale,G3A,57836,11,12.8,0,1,Centre,0.9951651473919396
C004611,30.87,Sciences sociales,Gaspesie-Iles-de-la-Madeleine,G4X,65878,13,243.1,0,1,Eloignee,0.9975992976444349
C005747,35.04,Genie,Montreal,H4L,72013,10,19.1,0,1,Centre,0.9997576296223961
C004588,26.33,Genie,Bas-Saint-Laurent,G5N,122051,14,200.0,0,0,Eloignee,0.6313452287177724
C004819,26.13,Arts et lettres,Bas-Saint-Laurent,G5L,37185,9,202.2,0,0,Eloignee,0.027462860430873027
C008275,27.44,Sante,Cote-Nord,G5B,82680,7,384.7,1,0,Eloignee,0.22718377937207707
C010677,32.15,Sante,Cote-Nord,G0G,53019,15,323.3,1,1,Eloignee,0.9992673694180507
C003809,29.07,Sante,Gaspesie-Iles-de-la-Madeleine,G0C,56547,9,98.5,0,0,Eloignee,0.7284634452079082
C004365,26.74,Sciences sociales,Montreal,H8N,93535,9,20.2,0,0,Centre,0.13572389297865237
C010619,30.16,Sciences sociales,Montreal,H3T,49123,6,52.7,1,1,Centre,0.9230206743746399
C007703,24.75,Sciences,Montreal,H4L,109941,14,24.0,1,0,Centre,0.00035560132832719945
C011793,23.28,Genie,Capitale-Nationale,G3A,35252,5,2.9,0,0,Centre,0.00012870538068843383
C011014,28.56,Sciences,Montreal,H2X,52979,3,2.1,0,1,Centre,0.5890123852147932
C004820,29.75,Genie,Bas-Saint-Laurent,G5N,56253,5,232.3,0,1,Eloignee,0.7208941604258804
C008886,27.17,Sciences sociales,Montreal,H2X,58292,7,10.2,0,1,Centre,0.3107880995452472
C001210,24.44,Sante,Capitale-Nationale,G2E,74236,6,9.7,0,0,Centre,0.00015295606566195403
C008961,26.1,Sciences sociales,Gaspesie-Iles-de-la-Madeleine,G0C,71095,7,67.2,0,0,Eloignee,0.02950912956371918
C013363,32.49,Sante,Capitale-Nationale,G1R,46619,7,8.6,1,1,Centre,0.9996510002932341
C011782,30.22,Arts et lettres,Montreal,H3T,64120,12,9.1,0,1,Centre,0.9566835318459923
C010039,29.12,Genie,Capitale-Nationale,G2E,32961,10,13.7,0,1,Centre,0.4376920616129423
C011572,29.81,Genie,Montreal,H3T,36653,4,10.5,1,1,Centre,0.8818700160059931
C008581,28.18,Arts et lettres,Gaspesie-Iles-de-la-Madeleine,G5C,42696,15,157.9,0,0,Eloignee,0.5151321708830583
C001564,25.28,Arts et lettres,Montreal,H3T,87722,13,5.3,0,0,Centre,0.10410745349985155
C001392,27.87,Sciences,Gaspesie-Iles-de-la-Madeleine,G4X,24256,12,60.6,1,0,Eloignee,0.09307404481562077
C008522,31.61,Sciences,Capitale-Nationale,G3A,84774,12,19.5,0,1,Centre,0.9996386132539679
C013788,28.39,Arts et lettres,Cote-Nord,G5B,17834,10,49.9,0,0,Eloignee,0.19439340058878152
C001084,29.07,Sciences sociales,Montreal,H3T,78588,8,39.5,1,0,Centre,0.562276205675946
C012145,24.75,Genie,Capitale-Nationale,G3A,43332,10,3.3,0,0,Centre,0.0018775887158662748
C008689,27.09,Sciences sociales,Capitale-Nationale,G3A,33638,10,26.9,0,0,Centre,0.05636532560745823
C005268,22.35,Genie,Montreal,H8N,57022,6,7.3,0,0,Centre,0.000133110355160812
C010164,27.01,Arts et lettres,Capitale-Nationale,G1V,28869,14,9.2,1,0,Centre,0.0455725986011957
C000746,30.95,Arts et lettres,Capitale-Nationale,G2E,31631,5,16.1,0,1,Centre,0.9789855493247541
C005161,26.36,Sciences sociales,Gaspesie-Iles-de-la-Madeleine,G5C,74499,15,92.2,0,0,Eloignee,0.5020586112815083
C000705,25.08,Arts et lettres,Gaspesie-Iles-de-la-Madeleine,G0C,52108,7,161.5,1,0,Eloignee,0.0018720384531755846
C010959,31.09,Arts et lettres,Montreal,H8N,125739,4,40.1,0,1,Centre,0.9954185143795146
C013270,25.52,Sciences,Montreal,H2X,52764,11,1.8,0,0,Centre,0.004277781483338852
C003861,31.19,Arts et lettres,Capitale-Nationale,G3A,46371,12,15.7,1,1,Centre,0.9992919922460152
C002866,23.26,Sciences sociales,Montreal,H4L,153857,10,9.4,0,0,Centre,0.0003232034386002558
C010511,25.14,Sciences sociales,Capitale-Nationale,G1R,34555,15,6.7,0,0,Centre,0.026666220229586816
C002242,22.55,Sciences,Gaspesie-Iles-de-la-Madeleine,G4X,77836,12,78.5,0,0,Eloignee,0.0001781529865405486
C005703,28.1,Arts et lettres,Montreal,H3T,35760,12,20.1,0,0,Centre,0.14565622802257483
C010814,20.32,Genie,Montreal,H2X,64406,7,10.1,1,0,Centre,5.619948050197409e-05
C001542,26.34,Sciences,Cote-Nord,G0G,53875,9,400.6,0,0,Eloignee,0.012321971664339255
C000285,26.8,Sciences,Montreal,H3T,77439,12,11.0,1,0,Centre,0.5277829401367501
C013123,23.61,Genie,Capitale-Nationale,G3A,41058,7,22.0,0,0,Centre,0.00012772042296124657
C007001,30.74,Sciences sociales,Capitale-Nationale,G1V,60387,9,50.1,1,1,Centre,0.9871873713250551
C007729,28.85,Genie,Gaspesie-Iles-de-la-Madeleine,G0C,54929,7,165.4,1,0,Eloignee,0.5748516574951301
C011176,27.32,Sciences sociales,Montreal,H4L,80661,11,17.7,0,0,Centre,0.18929765306439708
C002633,27.94,Genie,Capitale-Nationale,G1R,182661,5,21.8,1,1,Centre,0.2734382387191753
C010307,29.86,Sciences sociales,Montreal,H4L,129251,6,12.0,1,1,Centre,0.9953988047733902
C004093,24.83,Sante,Capitale-Nationale,G3A,93641,9,16.8,0,0,Centre,0.0005593653207535549
C007099,28.4,Sciences sociales,Montreal,H4L,69810,8,20.7,0,0,Centre,0.6255969196395674
C004264,30.74,Arts et lettres,Montreal,H4L,82820,9,26.7,0,1,Centre,0.9863068767550672
C012741,24.02,Sciences sociales,Gaspesie-Iles-de-la-Madeleine,G0C,34191,7,157.3,1,0,Eloignee,0.0021681781485783803
C002008,28.82,Sciences sociales,Bas-Saint-Laurent,G5N,98414,18,168.6,0,0,Eloignee,0.9727030086079195
C001962,26.7,Arts et lettres,Montreal,H3T,82418,6,56.5,0,0,Centre,0.08620993368361433
C000128,27.82,Sante,Montreal,H1A,89314,12,13.0,0,1,Centre,0.6521651542590784
C010534,26.91,Sciences,Bas-Saint-Laurent,G5L,50487,14,100.3,1,0,Eloignee,0.1563080469629723
C003057,26.41,Genie,Montreal,H1A,80127,10,35.7,0,0,Centre,0.22789062511847588
C001491,25.67,Sante,Montreal,H4L,28677,11,4.9,0,0,Centre,0.024681914544707965
C008830,28.99,Genie,Montreal,H4L,61973,7,11.1,0,1,Centre,0.6395815771451759
C006923,28.25,Sante,Montreal,H4L,39030,7,31.5,0,0,Centre,0.2550989875820961
C007758,23.13,Genie,Capitale-Nationale,G1V,88022,10,53.7,0,0,Centre,0.00030158793205898525
C009004,26.94,Genie,Cote-Nord,G5B,42100,18,248.8,0,0,Eloignee,0.38497030842014546
C004073,26.14,Arts et lettres,Bas-Saint-Laurent,G5L,55080,15,105.5,0,0,Eloignee,0.18482213778134995
C005459,24.0,Sante,Bas-Saint-Laurent,G5L,54565,11,188.2,0,0,Eloignee,0.0012216486124331774
C004914,27.33,Genie,Capitale-Nationale,G1V,38879,12,27.8,0,0,Centre,0.04493723797546919
C005392,27.6,Sante,Capitale-Nationale,G1V,104980,10,12.1,1,0,Centre,0.4269650094431164
C013353,28.78,Sante,Montreal,H4L,66659,3,12.3,0,0,Centre,0.48000223407836007
C004752,34.57,Genie,Gaspesie-Iles-de-la-Madeleine,G0C,33637,14,225.4,1,1,Eloignee,0.9998372553304117
C012367,29.86,Arts et lettres,Montreal,H2X,48242,9,11.2,0,1,Centre,0.9628365770312307
C007861,26.98,Sciences,Cote-Nord,G0G,43275,11,202.3,0,1,Eloignee,0.09192899093820983
C007083,24.77,Genie,Gaspesie-Iles-de-la-Madeleine,G4X,79176,15,227.6,1,0,Eloignee,0.002328275016991084
C003685,24.12,Sante,Montreal,H4L,97575,12,13.5,1,0,Centre,0.0008984681507935407
C006123,26.79,Sciences,Bas-Saint-Laurent,G5N,56625,15,221.4,0,0,Eloignee,0.5539463832231605
C002883,28.8,Sciences,Montreal,H3T,74027,10,10.9,1,0,Centre,0.5816173667734764
C007371,28.52,Genie,Montreal,H1A,34714,7,39.9,0,0,Centre,0.15170672619377223
C007691,25.48,Genie,Capitale-Nationale,G1R,63980,9,36.2,0,0,Centre,0.0035275827864581742
C013982,32.36,Sciences sociales,Bas-Saint-Laurent,G5L,36421,17,167.6,1,1,Eloignee,0.9950000149323189
C001801,30.18,Sciences sociales,Bas-Saint-Laurent,G5N,73302,12,32.1,1,1,Eloignee,0.9375958875260304
C009663,21.62,Sante,Montreal,H3T,135664,9,5.5,1,0,Centre,0.00036278145965683636
C004484,34.2,Arts et lettres,Montreal,H2X,119758,5,14.2,0,1,Centre,0.9996581355976288
C011359,28.44,Sciences,Bas-Saint-Laurent,G0L,59134,8,428.2,0,0,Eloignee,0.5234247541242179
C013077,27.68,Sante,Montreal,H1A,30983,11,10.4,0,0,Centre,0.11941878031607074
C012356,27.9,Arts et lettres,Gaspesie-Iles-de-la-Madeleine,G0C,48638,13,74.6,0,0,Eloignee,0.4276810236068656
C001122,25.84,Sciences sociales,Montreal,H3T,147732,8,25.6,0,0,Centre,0.06873547084524247
C009591,29.01,Sciences,Gaspesie-Iles-de-la-Madeleine,G5C,54682,21,377.6,1,1,Eloignee,0.9696996564209025
C002733,30.38,Sciences,Montreal,H2X,103759,13,6.8,1,1,Centre,0.996769469945724
C009815,27.76,Genie,Montreal,H8N,94260,4,3.0,0,1,Centre,0.5352120576971753
C007072,22.47,Sante,Bas-Saint-Laurent,G0L,28905,16,124.9,1,0,Eloignee,0.001277615001346435
C012267,29.96,Sante,Capitale-Nationale,G3A,56614,7,25.7,1,1,Centre,0.8621076963578531
C010125,28.49,Sciences,Montreal,H8N,92427,8,16.1,0,1,Centre,0.7274834278911868
C013355,29.62,Genie,Capitale-Nationale,G2E,102253,10,56.4,0,1,Centre,0.9822112866143313
C009446,31.1,Sciences sociales,Montreal,H2X,70771,11,8.4,1,0,Centre,0.9988082431727542
C008790,25.63,Genie,Montreal,H1A,26351,10,34.4,1,0,Centre,0.015950110598919053
C013617,25.39,Genie,Montreal,H4L,69746,10,29.3,0,0,Centre,0.007491473169540552
C005038,25.38,Genie,Capitale-Nationale,G2E,65592,6,22.4,0,0,Centre,0.001962580037565997
C005743,26.19,Genie,Cote-Nord,G5B,48084,15,153.3,1,0,Eloignee,0.3652153523045169
C012216,26.55,Sciences,Bas-Saint-Laurent,G5N,46767,15,315.6,0,0,Eloignee,0.07556116959642133
C010377,22.35,Sciences sociales,Montreal,H2X,102482,12,3.4,1,0,Centre,0.0003111659890615915
C000199,28.44,Sciences,Montreal,H2X,64256,6,56.7,1,1,Centre,0.5425055399795857
C007735,27.48,Sciences sociales,Montreal,H4L,66392,7,7.8,0,0,Centre,0.14804808866762287
C010944,27.14,Sciences sociales,Montreal,H4L,118170,5,6.7,0,0,Centre,0.1038203298022716
C003562,30.14,Genie,Montreal,H4L,73335,5,2.5,1,1,Centre,0.8823665832223528
C005850,28.13,Genie,Montreal,H4L,68726,5,63.0,0,0,Centre,0.43175433572503724
C001569,26.76,Sante,Gaspesie-Iles-de-la-Madeleine,G4X,45152,17,149.9,0,0,Eloignee,0.388109702715287
C005750,30.54,Sciences,Montreal,H8N,102452,8,35.4,0,1,Centre,0.997652288664094
C003098,30.01,Sciences sociales,Cote-Nord,G4R,70184,17,334.7,1,1,Eloignee,0.9707605724658144
C003973,28.23,Arts et lettres,Bas-Saint-Laurent,G0L,55408,9,96.5,0,0,Eloignee,0.23824383148339728
C013945,27.54,Sante,Montreal,H8N,41185,13,9.9,0,1,Centre,0.3057021448533476
C004966,27.91,Sciences,Montreal,H1A,78717,13,16.1,0,1,Centre,0.4646310096560126
C007253,25.58,Sciences,Montreal,H1A,94222,12,22.7,1,0,Centre,0.013228359597993568
C013785,26.84,Arts et lettres,Cote-Nord,G0G,35165,14,486.9,1,0,Eloignee,0.06737820580359656
C012048,28.6,Arts et lettres,Capitale-Nationale,G2E,77238,14,12.7,0,0,Centre,0.6300603630016032
C000711,27.83,Arts et lettres,Bas-Saint-Laurent,G0L,24578,21,364.7,0,0,Eloignee,0.1412541145431782
C000231,26.47,Sante,Montreal,H2X,49301,5,36.7,1,0,Centre,0.0030262803430268696
C004010,22.18,Sciences,Montreal,H2X,100459,7,5.1,0,0,Centre,0.00019863930602167205
C012900,22.61,Sciences sociales,Bas-Saint-Laurent,G5L,42446,10,65.9,0,0,Eloignee,0.00012240234494973338
C010607,26.18,Genie,Montreal,H4L,37922,9,3.1,0,0,Centre,0.029593460098205814
C003485,27.35,Sciences sociales,Capitale-Nationale,G2E,88956,10,0.9,0,1,Centre,0.35334102032637543
C010376,23.88,Sciences sociales,Gaspesie-Iles-de-la-Madeleine,G0C,65771,16,110.1,0,0,Eloignee,0.002328549405717644
C012228,24.85,Arts et lettres,Gaspesie-Iles-de-la-Madeleine,G4X,56776,16,55.3,1,0,Eloignee,0.01365235810398505
C004224,32.45,Sciences sociales,Montreal,H8N,32738,9,38.0,1,1,Centre,0.9997278098097461
C010021,24.6,Sciences sociales,Montreal,H4L,130492,7,5.9,0,0,Centre,0.0003896051615512545
C000828,22.97,Sante,Montreal,H8N,85061,10,8.9,0,0,Centre,0.00019344009707359896
C007708,26.78,Genie,Montreal,H4L,113007,2,20.5,1,0,Centre,0.0358621846410605
C013682,30.93,Arts et lettres,Gaspesie-Iles-de-la-Madeleine,G4X,22575,10,279.5,0,1,Eloignee,0.9740315106608695
C005480,25.99,Sciences,Capitale-Nationale,G3A,57878,10,17.5,0,0,Centre,0.013616733748301878
C001420,28.58,Sciences,Montreal,H3T,167799,14,16.1,0,1,Centre,0.9601503102026286
C013999,35.45,Sciences,Gaspesie-Iles-de-la-Madeleine,G4X,85151,15,128.8,0,1,Eloignee,0.9938031458929368
C012338,29.67,Sante,Montreal,H1A,36973,9,20.8,0,1,Centre,0.9320429876557983
C001438,26.3,Sciences sociales,Montreal,H1A,61676,9,31.0,1,0,Centre,0.025515893979273008
C011771,24.76,Genie,Montreal,H1A,84673,12,17.9,1,0,Centre,0.0005007652709639856
C007954,26.37,Sciences sociales,Gaspesie-Iles-de-la-Madeleine,G0C,36488,12,228.8,0,0,Eloignee,0.0494281328312915
C010829,28.22,Genie,Bas-Saint-Laurent,G5N,34326,19,171.7,1,0,Eloignee,0.3421174256501299
C005822,28.67,Sciences,Capitale-Nationale,G1R,56593,6,40.0,1,1,Centre,0.502515715935927
C003375,26.16,Sante,Montreal,H8N,89095,8,4.9,0,0,Centre,0.029774551635609315
C003999,23.22,Sciences sociales,Bas-Saint-Laurent,G5N,58375,9,70.8,0,0,Eloignee,0.00015993224810515139
C003117,28.94,Sciences,Cote-Nord,G0G,29725,9,176.8,0,0,Eloignee,0.6792880202439372
C012760,26.75,Sciences,Cote-Nord,G0G,44268,6,312.1,1,0,Eloignee,0.01037428243537038
C010137,26.62,Genie,Montreal,H8N,29689,9,26.5,0,0,Centre,0.004365452135846637
C003449,29.85,Arts et lettres,Montreal,H4L,104075,9,17.1,0,1,Centre,0.9966034349647355
C003646,28.47,Genie,Bas-Saint-Laurent,G5N,56872,13,182.3,0,1,Eloignee,0.8227052887318829
C007395,31.46,Sciences sociales,Gaspesie-Iles-de-la-Madeleine,G4X,33000,12,145.9,1,1,Eloignee,0.9979837151244245
C012733,29.2,Sciences sociales,Gaspesie-Iles-de-la-Madeleine,G5C,49841,15,183.9,0,0,Eloignee,0.9651969512502591
C009669,27.41,Sciences sociales,Montreal,H3T,126312,11,26.7,1,1,Centre,0.6763126797085496
C003014,31.42,Sante,Montreal,H2X,114882,6,42.1,0,1,Centre,0.9995533965573433
C008501,31.49,Sciences sociales,Montreal,H2X,49830,6,64.8,1,1,Centre,0.9840197239591842
C000057,28.95,Genie,Montreal,H3T,38950,6,18.8,0,0,Centre,0.30338304807912675
C001441,28.26,Sciences,Cote-Nord,G4R,47956,12,185.3,1,0,Eloignee,0.45120377203263146
C004653,30.36,Arts et lettres,Montreal,H8N,75442,8,10.6,0,1,Centre,0.9786700801632874
C007456,23.79,Arts et lettres,Capitale-Nationale,G1V,45684,10,22.3,0,0,Centre,0.0003866120235489147
C011555,27.23,Genie,Gaspesie-Iles-de-la-Madeleine,G5C,81002,18,62.5,1,1,Eloignee,0.9465202617487914
C005136,30.83,Sante,Montreal,H3T,70675,13,15.2,0,1,Centre,0.9981329608903801
C002543,31.83,Arts et lettres,Montreal,H4L,52528,9,34.2,0,1,Centre,0.9995866554118563
C000174,27.16,Genie,Montreal,H2X,39944,12,10.0,0,0,Centre,0.09630568608490524
C009808,27.04,Sciences,Montreal,H2X,94125,11,25.6,1,1,Centre,0.5596953761492262
C009335,29.1,Sciences sociales,Montreal,H1A,51095,16,21.4,1,1,Centre,0.9483268836207411
C005751,22.41,Arts et lettres,Capitale-Nationale,G1R,89831,6,2.9,0,0,Centre,0.001041257943426616
C010505,24.05,Genie,Gaspesie-Iles-de-la-Madeleine,G4X,15353,10,120.3,1,0,Eloignee,0.0004548177690997656
C010279,27.61,Genie,Capitale-Nationale,G3A,47870,5,4.3,0,0,Centre,0.03776490091951386
C010002,27.0,Sciences sociales,Montreal,H3T,82432,8,17.3,0,1,Centre,0.15797499267459703
C005673,26.45,Arts et lettres,Capitale-Nationale,G2E,106845,9,44.2,0,1,Centre,0.4463468780858294
C012157,29.31,Sciences sociales,Capitale-Nationale,G2E,79806,13,20.5,0,1,Centre,0.9906262745118721
C010280,25.12,Genie,Bas-Saint-Laurent,G5L,68536,16,180.9,0,0,Eloignee,0.12354170871841509
C005269,24.71,Sciences sociales,Cote-Nord,G4R,82470,11,97.1,1,0,Eloignee,0.0003454106650996599
C013494,31.59,Genie,Montreal,H1A,102282,8,12.7,0,1,Centre,0.999886380854556
C003590,27.17,Arts et lettres,Bas-Saint-Laurent,G5N,39900,15,275.5,0,0,Eloignee,0.20637034269207843
C000543,25.91,Sciences sociales,Cote-Nord,G5B,43634,6,73.7,0,0,Eloignee,0.0018031466750160672
C013940,30.33,Genie,Montreal,H4L,146682,7,15.9,1,1,Centre,0.9951782263603324
C006766,32.66,Sciences,Montreal,H1A,37772,7,16.5,1,1,Centre,0.9990859665313884
C001633,30.12,Genie,Capitale-Nationale,G1R,87563,13,10.2,0,1,Centre,0.9951365885024586
C009066,30.09,Arts et lettres,Capitale-Nationale,G1V,26705,6,15.8,0,1,Centre,0.8341735999255177
C011508,24.68,Sciences sociales,Capitale-Nationale,G1V,49430,4,22.5,1,0,Centre,0.00018034917618037203
C009191,30.44,Sciences,Cote-Nord,G4R,85466,14,295.4,0,1,Eloignee,0.9974507218914501
C010368,27.58,Genie,Capitale-Nationale,G1R,95865,12,29.9,0,1,Centre,0.5872466094976769
C005637,31.22,Sante,Montreal,H3T,99752,9,11.5,0,1,Centre,0.9994020753083038
C000331,26.96,Genie,Gaspesie-Iles-de-la-Madeleine,G5C,27588,19,43.4,1,0,Eloignee,0.11515030718669801
C013614,24.47,Sciences sociales,Montreal,H2X,70078,11,24.7,0,0,Centre,0.00015299370062414096
C001958,30.23,Genie,Capitale-Nationale,G1V,54467,12,3.9,0,1,Centre,0.9554904296452494
C008727,20.87,Sciences,Bas-Saint-Laurent,G0L,51934,18,240.0,0,0,Eloignee,0.0019387369811443421
C008169,23.76,Genie,Cote-Nord,G0G,55785,17,236.7,0,0,Eloignee,0.0018545047616180406
C008196,26.87,Sciences,Cote-Nord,G4R,101250,20,380.1,0,0,Eloignee,0.9000938544705571
C006133,30.9,Sciences,Montreal,H2X,50315,5,19.4,0,1,Centre,0.8729639219493165
C004040,30.18,Sante,Gaspesie-Iles-de-la-Madeleine,G4X,107851,12,183.6,1,1,Eloignee,0.9967043114834531
C006330,21.86,Sante,Capitale-Nationale,G2E,112318,11,5.0,0,0,Centre,0.0004473804386712755
C008774,29.5,Arts et lettres,Cote-Nord,G0G,35291,13,210.2,1,0,Eloignee,0.8554298559334191
C011758,29.88,Sciences,Capitale-Nationale,G2E,52862,6,24.6,0,1,Centre,0.9549700669733927
C003291,31.29,Sante,Cote-Nord,G5B,117162,20,191.9,0,1,Eloignee,0.9960010345684495
C011547,32.11,Sciences sociales,Gaspesie-Iles-de-la-Madeleine,G5C,60930,12,202.2,0,1,Eloignee,0.9997906653354488
C000680,27.98,Sciences,Capitale-Nationale,G2E,41851,5,14.5,0,0,Centre,0.060748451179902845
C005734,30.53,Sciences,Montreal,H4L,35808,11,11.2,0,0,Centre,0.823836592939847
C000544,29.08,Sante,Bas-Saint-Laurent,G5N,61103,12,282.2,0,0,Eloignee,0.8684160366918882
C010513,21.39,Sciences sociales,Capitale-Nationale,G1R,131096,8,9.7,0,0,Centre,0.0001858287816409964
C013237,28.42,Arts et lettres,Cote-Nord,G5B,32328,13,115.5,0,0,Eloignee,0.722406938966361
C005514,25.46,Arts et lettres,Cote-Nord,G5B,30215,4,204.1,0,0,Eloignee,0.0009740922289687313
C006427,29.03,Sciences,Montreal,H1A,46934,11,48.3,0,1,Centre,0.8345651375976983
C001702,29.35,Genie,Bas-Saint-Laurent,G5L,63758,7,500.9,0,1,Eloignee,0.7160523698883963
C008298,29.56,Sciences sociales,Bas-Saint-Laurent,G5N,69213,12,227.2,1,1,Eloignee,0.9813694849814861
C006402,32.59,Sciences sociales,Gaspesie-Iles-de-la-Madeleine,G5C,86115,14,110.7,1,1,Eloignee,0.9926730799582046
C008529,30.42,Genie,Cote-Nord,G5B,45161,18,183.1,0,1,Eloignee,0.8982236722751631
C007475,30.49,Sante,Montreal,H2X,44229,6,32.1,1,1,Centre,0.9943769596295764
C004778,29.79,Genie,Montreal,H3T,98177,12,56.0,0,1,Centre,0.9921867713794358
C009479,30.09,Sciences sociales,Capitale-Nationale,G1V,172553,6,9.2,0,1,Centre,0.9929425883375131
C001275,29.49,Sciences sociales,Montreal,H2X,84673,9,17.1,0,1,Centre,0.9353921436843298
C006462,30.16,Sciences sociales,Gaspesie-Iles-de-la-Madeleine,G5C,54049,13,114.5,0,0,Eloignee,0.9922218067003564
C000233,26.77,Sciences,Gaspesie-Iles-de-la-Madeleine,G5C,81376,16,180.8,1,1,Eloignee,0.80526906590991
C000484,24.06,Genie,Gaspesie-Iles-de-la-Madeleine,G0C,84845,8,140.6,0,0,Eloignee,0.00014508020805418956
C013998,34.01,Sciences,Bas-Saint-Laurent,G5N,59140,14,224.5,0,1,Eloignee,0.999891355265087
C007460,26.31,Sante,Bas-Saint-Laurent,G0L,111500,11,253.9,1,0,Eloignee,0.3087615871769226
C010952,25.42,Arts et lettres,Capitale-Nationale,G1R,84701,5,11.1,0,0,Centre,0.0016424519806425145
C006830,32.73,Sante,Gaspesie-Iles-de-la-Madeleine,G5C,43702,16,213.5,1,1,Eloignee,0.9996721613617462
C007165,26.12,Arts et lettres,Gaspesie-Iles-de-la-Madeleine,G0C,31767,13,203.2,0,0,Eloignee,0.19111328882233392
C012971,22.52,Genie,Montreal,H2X,63624,11,26.1,1,0,Centre,6.278399828219198e-05
C006166,24.15,Arts et lettres,Cote-Nord,G4R,37115,21,219.4,0,0,Eloignee,0.005682900015662843
C000076,27.81,Sciences sociales,Gaspesie-Iles-de-la-Madeleine,G5C,35736,13,110.5,1,0,Eloignee,0.09739774670545735
C005282,28.73,Sante,Capitale-Nationale,G3A,77592,8,21.3,0,1,Centre,0.8467933686992449
C000257,28.79,Sciences,Gaspesie-Iles-de-la-Madeleine,G0C,52336,25,93.7,0,1,Eloignee,0.9539027768071214
C006881,31.22,Sciences sociales,Montreal,H8N,133147,10,20.5,0,1,Centre,0.9997016253394169
C010936,25.52,Sante,Cote-Nord,G4R,97805,16,415.7,0,0,Eloignee,0.4711937757856294
C003935,25.42,Genie,Cote-Nord,G4R,62418,13,182.0,0,0,Eloignee,0.007994170060540649
C011079,28.48,Sciences,Bas-Saint-Laurent,G5N,36655,13,177.5,0,0,Eloignee,0.6129691657687819
C002782,27.83,Genie,Montreal,H1A,144843,6,43.7,0,1,Centre,0.8162039626798492
C008103,27.92,Arts et lettres,Montreal,H1A,75345,1,29.8,0,0,Centre,0.24909520160657192
C008401,29.51,Genie,Gaspesie-Iles-de-la-Madeleine,G5C,29353,18,78.4,0,1,Eloignee,0.8132930854262841
C003263,30.8,Sciences sociales,Gaspesie-Iles-de-la-Madeleine,G4X,86871,16,285.2,0,1,Eloignee,0.9708890780572696
C003934,26.73,Sciences,Montreal,H1A,44391,6,7.9,0,0,Centre,0.011280875324812116
C010902,28.94,Arts et lettres,Cote-Nord,G4R,20324,15,192.7,0,0,Eloignee,0.5942339160453117
C006624,25.05,Genie,Montreal,H3T,101074,10,6.7,0,0,Centre,0.0035035972761967185
C011888,24.15,Sciences sociales,Montreal,H2X,52114,10,3.0,0,0,Centre,0.0002824255714418486
C005527,26.04,Sciences sociales,Cote-Nord,G0G,122202,10,223.1,1,0,Eloignee,0.30740038197631986
C007937,20.63,Sciences sociales,Montreal,H3T,59260,8,7.9,1,0,Centre,8.766308210194828e-05
C010964,27.99,Sciences,Montreal,H4L,82986,10,7.0,1,1,Centre,0.8044009731224233
C008227,26.62,Genie,Bas-Saint-Laurent,G5L,37728,16,83.7,0,0,Eloignee,0.10793671451098488
C012225,25.03,Sante,Montreal,H1A,93875,4,21.0,0,0,Centre,0.0030308314257480513
C001854,22.71,Sciences sociales,Capitale-Nationale,G1V,29594,15,25.4,0,0,Centre,0.0002653843936344396
C008498,26.35,Sciences,Montreal,H2X,36915,6,45.4,0,0,Centre,0.006099129409723877
C011168,23.73,Genie,Montreal,H8N,48163,6,4.8,0,0,Centre,0.0002953127432648207
C000768,25.31,Sciences sociales,Montreal,H4L,64025,6,26.1,0,0,Centre,0.0017912200581206971
C000715,28.37,Sante,Montreal,H4L,132803,10,14.2,0,1,Centre,0.8528698694981184
C005510,31.4,Genie,Montreal,H8N,192732,9,16.7,1,1,Centre,0.9998544598718568
C001742,25.69,Sciences,Bas-Saint-Laurent,G0L,34470,8,269.6,0,0,Eloignee,0.001559606993673879
C001764,30.96,Sciences,Montreal,H4L,213631,6,30.2,1,1,Centre,0.9978938233191202
C010180,26.41,Sante,Montreal,H3T,45019,11,6.4,0,0,Centre,0.0647525454814923
C006122,26.59,Sante,Cote-Nord,G4R,47565,8,150.8,1,0,Eloignee,0.010084574303866748
C004059,28.86,Arts et lettres,Bas-Saint-Laurent,G5L,79990,10,376.5,1,0,Eloignee,0.8812605256704305
C003541,27.17,Sante,Montreal,H4L,85740,11,21.8,0,0,Centre,0.43765995092457166
C003164,33.59,Sante,Gaspesie-Iles-de-la-Madeleine,G4X,36522,6,157.4,1,1,Eloignee,0.999811022759225
C005454,29.62,Sciences,Gaspesie-Iles-de-la-Madeleine,G0C,40231,16,179.4,0,1,Eloignee,0.9848753335773214
C010702,25.08,Genie,Cote-Nord,G5B,84684,12,184.0,0,0,Eloignee,0.010737453274679787
C008512,22.77,Genie,Gaspesie-Iles-de-la-Madeleine,G0C,51851,10,272.5,1,0,Eloignee,0.00015584173141751226
C007241,23.55,Sante,Bas-Saint-Laurent,G5L,51042,14,108.2,0,0,Eloignee,0.00010056109448461173
C009124,33.51,Sciences sociales,Cote-Nord,G4R,53509,15,150.9,1,1,Eloignee,0.99831940150627
C004916,28.12,Sciences sociales,Bas-Saint-Laurent,G5L,95624,9,354.0,0,1,Eloignee,0.6486878711423878
C013834,28.51,Sciences sociales,Bas-Saint-Laurent,G5N,41143,9,152.8,1,0,Eloignee,0.500916629051752
C005107,26.56,Sciences,Cote-Nord,G5B,87415,11,83.8,0,0,Eloignee,0.36692024668596485
C004730,28.86,Sante,Gaspesie-Iles-de-la-Madeleine,G5C,75006,12,93.0,0,0,Eloignee,0.8872274224220348
C012249,34.09,Sciences,Capitale-Nationale,G2E,136976,7,12.6,1,1,Centre,0.9997259568475594
C001484,25.38,Sciences sociales,Capitale-Nationale,G1V,83675,8,6.0,1,0,Centre,0.004166664597113618
C002750,27.78,Sante,Montreal,H8N,78800,8,52.9,0,1,Centre,0.43636531347636204
C005975,27.42,Genie,Bas-Saint-Laurent,G0L,66617,9,161.0,0,0,Eloignee,0.31049400798023546
C013458,27.05,Sante,Montreal,H2X,78618,13,23.0,0,0,Centre,0.32840864001721004
C011497,26.03,Sciences sociales,Montreal,H8N,32156,8,5.3,0,0,Centre,0.010447674078876222
C012035,24.8,Genie,Bas-Saint-Laurent,G5L,57753,16,165.7,1,0,Eloignee,0.013244930354814225
C002125,28.74,Genie,Montreal,H8N,90941,13,31.6,1,1,Centre,0.9531697156604982
C003281,31.82,Sciences sociales,Montreal,H3T,45833,5,12.0,0,1,Centre,0.9899421399175625
C011033,25.81,Sante,Montreal,H8N,283482,13,43.8,0,0,Centre,0.08868037958170139
C011679,24.43,Sciences sociales,Bas-Saint-Laurent,G0L,29485,14,200.1,1,0,Eloignee,0.00014924030661759807
C010503,31.13,Arts et lettres,Gaspesie-Iles-de-la-Madeleine,G0C,127096,10,388.3,0,1,Eloignee,0.9992711689596999
C013354,27.64,Sante,Gaspesie-Iles-de-la-Madeleine,G5C,81492,17,103.5,0,1,Eloignee,0.8855022513930785
C005982,23.07,Arts et lettres,Montreal,H2X,84540,13,8.0,1,0,Centre,0.000739940599725229
C010272,24.51,Arts et lettres,Bas-Saint-Laurent,G5N,64941,11,134.7,1,0,Eloignee,0.00014082706409976182
C007449,25.91,Sciences,Montreal,H4L,48577,12,25.2,0,0,Centre,0.02729178705173075
C006319,29.53,Sante,Gaspesie-Iles-de-la-Madeleine,G5C,132293,9,206.1,0,0,Eloignee,0.9757469983698819
C003510,26.35,Sciences sociales,Bas-Saint-Laurent,G5N,51409,11,564.7,0,0,Eloignee,0.22122426687212812
C003548,24.75,Genie,Montreal,H8N,87471,5,4.9,1,0,Centre,0.00028526692324330435
C005606,27.59,Sciences,Capitale-Nationale,G2E,79998,9,18.1,1,0,Centre,0.25460938709236036
C006724,27.72,Sciences sociales,Montreal,H1A,45517,6,40.6,0,0,Centre,0.04959632401591343
C013335,28.24,Sciences sociales,Montreal,H4L,73365,10,18.5,0,1,Centre,0.8183485963851773
C006276,30.84,Sante,Montreal,H8N,104671,13,12.4,0,1,Centre,0.9994500322628348
C001813,31.44,Genie,Cote-Nord,G0G,64401,7,329.7,1,1,Eloignee,0.9943455218379815
C001020,29.78,Genie,Gaspesie-Iles-de-la-Madeleine,G0C,62116,6,199.1,1,1,Eloignee,0.9427354082458268
C009069,25.56,Sciences,Montreal,H1A,53895,4,57.6,1,0,Centre,0.0011108881288737207
C004057,23.07,Sante,Cote-Nord,G0G,44573,8,96.9,1,0,Eloignee,7.925389744037353e-05
C003121,31.5,Sciences sociales,Montreal,H2X,93129,9,33.5,0,1,Centre,0.998717182129639
C003484,21.11,Sante,Montreal,H2X,39592,7,6.1,0,0,Centre,7.194115161022238e-05
C008658,24.52,Sciences sociales,Gaspesie-Iles-de-la-Madeleine,G0C,108249,14,402.5,0,0,Eloignee,0.0003421230532118763
C012720,22.89,Genie,Cote-Nord,G0G,34388,9,94.5,0,0,Eloignee,0.00012394849739269035
C000810,26.79,Arts et lettres,Capitale-Nationale,G1R,165765,10,28.5,1,1,Centre,0.7716848780412554
C008757,24.42,Sciences sociales,Montreal,H3T,62438,7,55.1,1,0,Centre,0.00014404150628328282
C012825,26.83,Arts et lettres,Montreal,H3T,76288,7,26.8,0,0,Centre,0.32171629764845383
C000337,29.05,Genie,Capitale-Nationale,G2E,102655,11,16.4,0,1,Centre,0.9403905856692715
C002688,23.05,Sciences sociales,Capitale-Nationale,G1V,59827,8,11.8,0,0,Centre,0.00011086488131060399
C004187,27.36,Sciences sociales,Capitale-Nationale,G1V,68709,4,13.2,1,0,Centre,0.07624052082817614
C009270,26.04,Genie,Montreal,H8N,51050,7,39.2,0,0,Centre,0.021551149793294592
C010793,30.88,Genie,Montreal,H3T,153524,5,21.7,1,1,Centre,0.9950296171351987
C011436,30.24,Sciences,Bas-Saint-Laurent,G5N,58298,11,110.5,0,1,Eloignee,0.9598231930152392
C011526,25.48,Sciences,Montreal,H2X,27642,8,33.6,1,0,Centre,0.005879175618307797
C006793,25.46,Sciences,Montreal,H2X,28895,8,16.1,0,0,Centre,0.010159343378217134
C005692,26.66,Sciences sociales,Bas-Saint-Laurent,G5L,59303,15,262.7,1,0,Eloignee,0.5219343538025755
C003911,29.46,Sciences,Montreal,H1A,138564,10,9.0,1,1,Centre,0.9840523262220826
C008181,26.6,Genie,Bas-Saint-Laurent,G5L,77775,16,254.1,0,0,Eloignee,0.7475695371925822
C010839,22.28,Arts et lettres,Montreal,H8N,66880,8,13.1,1,0,Centre,0.0001317567495970523
C011822,29.94,Genie,Montreal,H3T,112185,11,57.8,0,1,Centre,0.9978803063941782
C012462,28.69,Sciences,Montreal,H2X,50085,14,22.4,1,1,Centre,0.9428916434518061
C010753,24.85,Sante,Capitale-Nationale,G1V,106524,4,14.1,1,0,Centre,0.00032088618497355523
C011470,26.32,Arts et lettres,Capitale-Nationale,G3A,42076,11,16.5,0,0,Centre,0.07408739908563623
C002582,28.78,Sante,Cote-Nord,G5B,95443,10,195.8,0,0,Eloignee,0.750221227037018
C011978,30.04,Sciences sociales,Capitale-Nationale,G1R,104113,8,22.9,1,1,Centre,0.9909197256587859
C005515,25.7,Sciences,Capitale-Nationale,G3A,29711,7,33.6,0,0,Centre,0.005320860463075569
C007173,28.84,Sciences,Capitale-Nationale,G1R,88516,6,31.5,0,0,Centre,0.6527123458039187
C008827,27.05,Sciences,Cote-Nord,G5B,69620,6,315.1,0,0,Eloignee,0.07649040694643687
C000616,27.52,Sante,Cote-Nord,G0G,35742,8,336.1,1,0,Eloignee,0.13160901194920452
C004761,26.63,Genie,Gaspesie-Iles-de-la-Madeleine,G0C,48202,14,180.6,1,0,Eloignee,0.06653543607351443
C011737,28.83,Sciences sociales,Montreal,H4L,108788,8,15.5,0,0,Centre,0.8698243746939675
C012175,32.56,Sciences sociales,Gaspesie-Iles-de-la-Madeleine,G5C,34590,8,262.1,0,1,Eloignee,0.9995699772620938
C006051,23.47,Sciences sociales,Gaspesie-Iles-de-la-Madeleine,G0C,54363,17,91.9,0,0,Eloignee,0.0018612504559811672
C005586,28.15,Sante,Montreal,H4L,67469,11,19.8,0,0,Centre,0.6157814038740286
C012791,27.48,Genie,Montreal,H4L,48504,4,18.3,0,0,Centre,0.05041080132909085
C008315,28.27,Sciences,Montreal,H1A,52070,5,8.0,0,1,Centre,0.3354076871302893
C002640,27.83,Sciences,Capitale-Nationale,G3A,62446,6,70.9,0,0,Centre,0.13064030849191335
C002035,22.26,Sciences sociales,Capitale-Nationale,G1V,51990,7,34.8,1,0,Centre,9.42192550288345e-05
C007373,28.13,Arts et lettres,Montreal,H1A,52324,15,30.7,0,0,Centre,0.71849683655034
C009120,27.5,Genie,Montreal,H1A,62580,9,24.5,0,0,Centre,0.29720370990092937
C001938,26.43,Arts et lettres,Gaspesie-Iles-de-la-Madeleine,G0C,33702,10,216.0,1,0,Eloignee,0.014411638892496005
C002707,24.92,Genie,Gaspesie-Iles-de-la-Madeleine,G5C,33795,10,248.5,1,0,Eloignee,0.04049108284627207
C000641,30.38,Sciences sociales,Montreal,H3T,77340,8,13.8,0,1,Centre,0.9901542856028412
C011409,27.31,Arts et lettres,Montreal,H1A,38138,9,27.8,0,0,Centre,0.03326411121294325
C001570,28.93,Arts et lettres,Montreal,H2X,70943,11,26.4,0,1,Centre,0.8705196073093364
C007747,24.81,Sciences sociales,Montreal,H4L,108701,7,12.3,0,0,Centre,0.00027416245398896247
C012414,29.24,Sciences sociales,Gaspesie-Iles-de-la-Madeleine,G4X,67991,9,237.4,0,0,Eloignee,0.7566680052355222
C012636,33.8,Arts et lettres,Montreal,H8N,71605,10,8.9,0,1,Centre,0.9997112797438352
C000272,25.5,Sciences sociales,Montreal,H2X,77540,8,4.8,1,0,Centre,0.005386793369503583
C008042,30.08,Genie,Bas-Saint-Laurent,G5N,88573,13,117.4,0,1,Eloignee,0.9899157774795804
C010777,30.33,Sante,Montreal,H1A,79260,7,19.4,0,1,Centre,0.991300904310126
C000252,28.72,Sciences sociales,Bas-Saint-Laurent,G5N,42649,11,194.9,1,0,Eloignee,0.3717546579054001
C000558,25.65,Genie,Capitale-Nationale,G2E,73142,4,8.0,0,0,Centre,0.001370989738089095
C008675,28.68,Sante,Capitale-Nationale,G3A,50656,11,24.8,0,1,Centre,0.7223738097691712
C004942,30.1,Sante,Cote-Nord,G0G,45140,13,386.5,0,1,Eloignee,0.9896072087792946
C000217,26.74,Genie,Bas-Saint-Laurent,G5N,41567,19,142.5,1,0,Eloignee,0.4227730226268731
C001316,28.56,Sciences,Montreal,H3T,96754,6,32.3,1,0,Centre,0.4054709382921354
C000012,27.38,Sciences,Gaspesie-Iles-de-la-Madeleine,G4X,18572,14,398.1,0,0,Eloignee,0.07993893170270715
C001463,27.07,Arts et lettres,Montreal,H1A,152262,10,18.1,0,1,Centre,0.8435882972171916
C012660,25.78,Sciences,Montreal,H3T,84932,8,53.2,1,0,Centre,0.011552312378939592
C011314,27.53,Sciences,Montreal,H1A,64922,8,8.1,0,0,Centre,0.26355466735811994
C012182,31.29,Sciences,Cote-Nord,G0G,77748,9,251.5,1,0,Eloignee,0.9993044330177572
C002176,31.39,Sante,Gaspesie-Iles-de-la-Madeleine,G5C,37098,10,341.8,1,1,Eloignee,0.9989766066102967
C009821,28.95,Sciences sociales,Montreal,H3T,55476,11,6.6,1,0,Centre,0.6804555425698633
C009814,26.79,Arts et lettres,Montreal,H2X,60982,2,9.9,0,0,Centre,0.029291167400811113
C013813,26.86,Sciences sociales,Montreal,H3T,98341,10,8.7,0,0,Centre,0.2375827671369294
C013399,28.44,Arts et lettres,Gaspesie-Iles-de-la-Madeleine,G4X,34467,10,469.8,1,0,Eloignee,0.359057848354971
C012767,30.3,Sciences sociales,Cote-Nord,G0G,86060,18,107.1,0,1,Eloignee,0.9764894922511484
C010557,26.02,Arts et lettres,Gaspesie-Iles-de-la-Madeleine,G0C,40329,10,481.8,1,0,Eloignee,0.25958771557290383
C008072,29.2,Arts et lettres,Gaspesie-Iles-de-la-Madeleine,G5C,69885,14,288.9,1,1,Eloignee,0.9603260042493417
C006397,34.75,Sante,Capitale-Nationale,G3A,61562,13,13.5,0,1,Centre,0.9999104714583237
C007374,29.66,Genie,Bas-Saint-Laurent,G5N,39047,18,376.2,1,1,Eloignee,0.9661676731629046
C008547,26.72,Genie,Capitale-Nationale,G1R,72343,10,7.1,0,0,Centre,0.10301671669446504
C013715,24.72,Sciences,Bas-Saint-Laurent,G5L,104536,14,251.6,0,0,Eloignee,0.00040151900006967574
C012984,25.48,Genie,Montreal,H1A,59023,6,30.2,1,0,Centre,0.0030874070783756917
C005601,26.14,Sciences,Bas-Saint-Laurent,G5L,51213,14,401.4,0,0,Eloignee,0.21844368459379454
C005618,28.87,Genie,Montreal,H3T,72864,6,13.1,1,1,Centre,0.5903565030908202
C008003,31.33,Sante,Capitale-Nationale,G3A,50430,17,25.8,0,1,Centre,0.9962909259925914
C007468,27.33,Sciences sociales,Montreal,H4L,51498,9,18.4,0,0,Centre,0.10280820276115994
C012737,31.25,Sciences sociales,Cote-Nord,G4R,54967,8,75.8,0,1,Eloignee,0.9976696190158048
C001882,29.91,Sciences,Montreal,H1A,92561,4,34.9,0,1,Centre,0.9770316988525537
C007697,27.65,Genie,Gaspesie-Iles-de-la-Madeleine,G4X,85451,6,228.8,0,0,Eloignee,0.5784830361428976
C011599,30.01,Sante,Gaspesie-Iles-de-la-Madeleine,G4X,31439,16,203.4,0,1,Eloignee,0.9638034990638554
C007157,29.32,Sciences,Montreal,H3T,32901,8,16.3,0,1,Centre,0.6727418630239959
C013703,26.6,Sante,Capitale-Nationale,G3A,69386,7,40.3,0,0,Centre,0.022340610330493976
C002811,26.71,Arts et lettres,Montreal,H1A,57158,12,19.6,1,0,Centre,0.3510843653979656
C012860,30.75,Sciences sociales,Montreal,H3T,43754,12,2.6,1,1,Centre,0.9969652710704384
C008240,28.72,Arts et lettres,Capitale-Nationale,G1V,65034,8,21.3,1,0,Centre,0.6308527667991998
C003357,33.07,Genie,Capitale-Nationale,G3A,62574,11,21.3,0,1,Centre,0.9998562520820445
C011549,32.76,Sciences,Capitale-Nationale,G3A,148879,7,32.4,1,1,Centre,0.9996392656781019
C007827,26.37,Arts et lettres,Montreal,H8N,97287,14,9.5,0,1,Centre,0.6167031164144104
C012108,22.84,Sciences sociales,Montreal,H8N,67169,6,20.1,1,0,Centre,8.710812638003549e-05
C000239,30.03,Sciences,Capitale-Nationale,G1R,71199,9,44.6,0,1,Centre,0.96552041457953
C008488,21.02,Sante,Bas-Saint-Laurent,G0L,33773,13,294.2,0,0,Eloignee,0.0003840201786134889
C002295,33.04,Arts et lettres,Capitale-Nationale,G3A,49915,10,15.3,0,1,Centre,0.9998330988997169
C004659,23.11,Genie,Gaspesie-Iles-de-la-Madeleine,G0C,45658,20,316.0,1,0,Eloignee,0.0012327133001583891
C008560,24.14,Sciences sociales,Bas-Saint-Laurent,G5L,42494,17,286.7,0,0,Eloignee,0.0037380426054704685
C009444,24.53,Arts et lettres,Bas-Saint-Laurent,G5L,49733,13,108.8,0,0,Eloignee,0.00027349693679067387
C009248,26.77,Sciences sociales,Montreal,H4L,60958,7,8.4,0,0,Centre,0.06277513098210348
C000293,26.48,Genie,Montreal,H4L,147138,8,5.2,1,0,Centre,0.21531014661174042
C008380,32.73,Genie,Montreal,H8N,74609,7,17.9,0,1,Centre,0.9997614828802416
C013143,33.33,Sciences sociales,Capitale-Nationale,G3A,111418,8,5.3,0,1,Centre,0.9998754017612677
C007611,23.67,Sciences sociales,Capitale-Nationale,G3A,23638,7,17.6,1,0,Centre,0.00013406191951567957
C006536,28.02,Arts et lettres,Bas-Saint-Laurent,G5N,54989,14,229.3,1,0,Eloignee,0.29253888467402817
C000464,24.19,Genie,Bas-Saint-Laurent,G5L,50652,20,585.2,0,0,Eloignee,0.009056520237948519
C008767,27.81,Sciences sociales,Capitale-Nationale,G3A,47267,9,9.9,0,0,Centre,0.14718874868990942
C011587,32.28,Arts et lettres,Montreal,H4L,129253,11,20.3,0,1,Centre,0.999730131721395
C004637,25.08,Arts et lettres,Gaspesie-Iles-de-la-Madeleine,G0C,30060,13,239.9,1,0,Eloignee,0.005074180146934702
C010949,32.3,Sciences,Capitale-Nationale,G3A,76753,9,23.2,0,1,Centre,0.9996760718924169
C007063,27.21,Sciences sociales,Montreal,H8N,68457,9,8.2,1,0,Centre,0.07076026032451477
C004049,28.57,Sciences sociales,Gaspesie-Iles-de-la-Madeleine,G0C,40863,20,168.5,1,0,Eloignee,0.9317671519619126
C010915,31.04,Arts et lettres,Capitale-Nationale,G1R,80887,11,21.3,0,1,Centre,0.9973260852863713
C006879,27.9,Sante,Montreal,H2X,56320,7,7.1,0,0,Centre,0.08545899896677564
C007394,36.01,Genie,Montreal,H3T,56560,12,5.5,0,1,Centre,0.9998206174663263
C003031,28.44,Sciences,Bas-Saint-Laurent,G0L,62582,18,244.7,0,0,Eloignee,0.9609657271944624
C010748,29.06,Sante,Capitale-Nationale,G1R,35353,9,18.1,0,1,Centre,0.5300106978663652
C010523,29.41,Sante,Gaspesie-Iles-de-la-Madeleine,G4X,48644,11,182.7,0,1,Eloignee,0.8816768605393929
C009392,27.99,Sciences,Capitale-Nationale,G2E,129766,4,24.3,0,0,Centre,0.24679045461343954
C004473,29.05,Sciences sociales,Bas-Saint-Laurent,G0L,22337,8,201.2,0,0,Eloignee,0.45137567826337416
C011868,32.35,Sante,Bas-Saint-Laurent,G5L,50589,12,202.7,0,1,Eloignee,0.999840095152135
C004118,23.81,Sciences sociales,Capitale-Nationale,G1R,51514,17,27.3,0,0,Centre,0.0012959313661908792
C004505,25.35,Genie,Montreal,H1A,95249,7,26.3,0,0,Centre,0.003820404159762813
C005683,25.69,Genie,Capitale-Nationale,G1V,115055,9,40.1,0,0,Centre,0.008483574217317994
C008876,25.19,Genie,Gaspesie-Iles-de-la-Madeleine,G0C,45739,12,356.8,0,0,Eloignee,0.024950162948387086
C010188,25.25,Genie,Gaspesie-Iles-de-la-Madeleine,G4X,56828,13,143.9,1,0,Eloignee,0.005514241822462662
C008736,29.72,Sciences,Montreal,H4L,149870,9,2.6,0,1,Centre,0.9481946461509027
C001313,28.6,Genie,Montreal,H4L,95549,4,28.4,0,1,Centre,0.7065773840277446
C002465,24.12,Sciences,Montreal,H2X,67128,6,16.4,0,0,Centre,0.00014312969508954926
C008146,22.52,Genie,Bas-Saint-Laurent,G5L,83638,11,108.9,0,0,Eloignee,0.00016030474848500718
C002761,25.51,Sante,Montreal,H1A,73046,10,18.2,0,0,Centre,0.010472630406630016
C005827,29.78,Arts et lettres,Montreal,H4L,30035,9,17.7,0,1,Centre,0.9681189559885764
C008569,32.79,Sciences,Capitale-Nationale,G1V,40187,10,17.6,0,1,Centre,0.9997703931258548
C011102,24.31,Sante,Montreal,H1A,74551,5,26.0,0,0,Centre,0.00017506167665120407
C009399,34.99,Sante,Cote-Nord,G5B,50781,11,211.0,0,1,Eloignee,0.9998669470872432
C007978,28.4,Sciences,Montreal,H4L,42219,8,7.1,0,1,Centre,0.47786924818556437
C003195,24.6,Genie,Montreal,H4L,90604,4,25.3,0,0,Centre,0.00023057349595996052
C003801,27.99,Arts et lettres,Montreal,H4L,19847,13,7.8,1,0,Centre,0.06112708937584858
C000885,24.11,Genie,Cote-Nord,G4R,46027,12,239.2,0,0,Eloignee,0.0006104932264940581
C013283,30.3,Sciences,Montreal,H1A,51448,11,9.8,0,1,Centre,0.9769480177759475
C003636,30.33,Genie,Montreal,H4L,51471,16,11.7,0,1,Centre,0.9879445254462353
C005438,28.93,Genie,Gaspesie-Iles-de-la-Madeleine,G5C,51014,17,163.3,1,0,Eloignee,0.9607109267667735
C003661,26.24,Genie,Montreal,H2X,51288,6,13.7,0,0,Centre,0.004312433950840972
C008445,23.61,Genie,Capitale-Nationale,G1R,92112,5,6.9,0,0,Centre,0.00010185871823012456
C001977,29.58,Sciences,Montreal,H4L,212033,13,11.8,0,1,Centre,0.9973525848043308
C002602,31.31,Sciences,Montreal,H3T,81274,6,18.1,0,1,Centre,0.9972442667702207
C002523,26.01,Sciences sociales,Gaspesie-Iles-de-la-Madeleine,G4X,41347,6,310.2,1,0,Eloignee,0.005125110755039848
C007285,32.28,Arts et lettres,Bas-Saint-Laurent,G5L,106511,13,83.5,0,1,Eloignee,0.999645537872991
C000075,31.28,Sante,Montreal,H3T,126934,3,32.3,0,1,Centre,0.995588587901464
C005755,31.84,Sciences sociales,Montreal,H8N,66554,4,6.1,0,1,Centre,0.999426593849319
C003684,28.83,Arts et lettres,Capitale-Nationale,G1V,51908,13,19.7,1,1,Centre,0.9558464338995677
C010203,22.91,Genie,Capitale-Nationale,G1V,46898,5,33.0,0,0,Centre,0.0002622968372827054
C003972,30.17,Sciences,Montreal,H3T,114302,12,45.5,0,1,Centre,0.9957975930769922
C006603,26.32,Sante,Gaspesie-Iles-de-la-Madeleine,G0C,44719,11,173.2,1,0,Eloignee,0.0726193343481009
C004901,26.06,Sante,Bas-Saint-Laurent,G5L,103876,13,147.1,1,0,Eloignee,0.6147706456983262
C009223,27.28,Sciences,Montreal,H4L,38392,9,21.1,0,0,Centre,0.04186631033981903
C011912,29.43,Sciences,Montreal,H3T,55117,10,44.1,1,1,Centre,0.7283181634326532
C002717,28.26,Sante,Montreal,H3T,82212,12,46.5,0,0,Centre,0.7164222096859397
C009759,24.33,Sciences sociales,Capitale-Nationale,G1V,70747,8,69.5,0,0,Centre,0.00015594596194882675
C007964,27.43,Sciences,Capitale-Nationale,G1V,67768,8,16.1,0,0,Centre,0.17905500857758275
C011847,24.49,Sciences sociales,Capitale-Nationale,G2E,90427,14,14.9,1,0,Centre,0.00046394302389747463
C007190,27.39,Sante,Montreal,H1A,97112,11,4.2,0,1,Centre,0.47603494106289046
C006560,32.63,Sante,Montreal,H2X,64111,6,9.9,0,1,Centre,0.9979798594813115
C001995,24.85,Genie,Montreal,H8N,135650,8,47.6,0,0,Centre,0.0003363445305177062
C009242,25.06,Arts et lettres,Montreal,H1A,38627,9,36.2,0,0,Centre,0.0022647228331341175
C005389,29.59,Genie,Montreal,H2X,86585,13,4.5,0,1,Centre,0.995830402045299
C006534,25.09,Arts et lettres,Gaspesie-Iles-de-la-Madeleine,G0C,103658,14,127.1,1,0,Eloignee,0.018122929164038185
C007906,26.09,Sciences,Cote-Nord,G4R,30012,11,308.4,0,0,Eloignee,0.09203056356300572
C013253,26.37,Sciences sociales,Montreal,H3T,100648,7,14.3,0,0,Centre,0.34064535721893763
C004799,31.82,Genie,Montreal,H3T,63699,10,13.2,0,1,Centre,0.9997651163365917
C013485,24.74,Genie,Gaspesie-Iles-de-la-Madeleine,G5C,105933,13,288.0,0,0,Eloignee,0.0003676490787169142
C000154,27.72,Sciences sociales,Gaspesie-Iles-de-la-Madeleine,G5C,34502,15,394.7,0,0,Eloignee,0.06624353297503421
C009551,26.03,Arts et lettres,Cote-Nord,G5B,85492,9,159.5,1,0,Eloignee,0.29638660962344215
C013627,26.2,Sciences sociales,Bas-Saint-Laurent,G5L,43011,9,146.4,1,0,Eloignee,0.022150436342346962
C006094,23.96,Sante,Montreal,H3T,71083,13,11.3,1,0,Centre,0.002318226822242893
C012565,31.03,Sciences sociales,Montreal,H2X,53650,12,15.1,0,1,Centre,0.9980837722269701
C007314,27.87,Genie,Cote-Nord,G0G,66646,8,313.7,1,0,Eloignee,0.41357208104755966
C001060,24.34,Sciences sociales,Gaspesie-Iles-de-la-Madeleine,G0C,37959,8,255.8,0,0,Eloignee,0.00012651541793117473
C002283,23.51,Sciences sociales,Cote-Nord,G4R,23463,25,234.3,1,0,Eloignee,0.0013286169900561685
C004811,32.05,Arts et lettres,Montreal,H8N,138347,3,31.6,1,1,Centre,0.9987842440860366
C004945,32.53,Genie,Capitale-Nationale,G2E,115215,13,19.3,0,1,Centre,0.9998436331070887
C006205,26.62,Genie,Cote-Nord,G5B,41150,19,121.2,1,0,Eloignee,0.4379587742053419
C002438,25.9,Arts et lettres,Montreal,H4L,40679,7,50.4,0,0,Centre,0.002806721418574157
C008672,30.29,Genie,Capitale-Nationale,G1V,62106,8,9.6,0,0,Centre,0.4906036916461998
C006442,31.2,Sante,Montreal,H4L,76218,8,2.0,1,1,Centre,0.999290517216566
C009206,29.38,Genie,Capitale-Nationale,G1V,40392,8,10.7,0,1,Centre,0.6190554951478471
C001494,26.93,Sciences sociales,Capitale-Nationale,G2E,61145,11,14.3,0,1,Centre,0.4060312340223526
C001890,30.67,Genie,Bas-Saint-Laurent,G5L,43249,7,62.8,1,0,Eloignee,0.9828745306261886
C002583,19.6,Sciences sociales,Capitale-Nationale,G1R,72924,10,5.4,1,0,Centre,9.646826774710248e-05
C008448,29.61,Sante,Bas-Saint-Laurent,G0L,38274,17,194.2,1,1,Eloignee,0.9668808487770256
C005220,21.96,Sciences sociales,Bas-Saint-Laurent,G5N,121960,10,214.7,0,0,Eloignee,0.00022712382393938054
C013094,31.55,Sciences,Cote-Nord,G5B,69766,13,225.8,1,1,Eloignee,0.9991450038466623
C005886,26.75,Sante,Cote-Nord,G4R,81367,8,287.4,0,0,Eloignee,0.05106104766479335
C000445,25.29,Sante,Gaspesie-Iles-de-la-Madeleine,G5C,57825,14,390.2,0,0,Eloignee,0.02253237053141816
C010226,27.57,Sciences,Capitale-Nationale,G1V,88563,9,11.8,0,1,Centre,0.5215101932233881
C006568,26.05,Genie,Gaspesie-Iles-de-la-Madeleine,G4X,93661,11,466.7,0,0,Eloignee,0.15590093076954759
C007202,27.26,Sciences,Capitale-Nationale,G2E,68879,9,18.9,0,0,Centre,0.0689142293513163
C006093,33.42,Sciences sociales,Capitale-Nationale,G2E,85068,7,52.4,0,1,Centre,0.9997583394074334
C003557,27.0,Sciences sociales,Montreal,H4L,90562,9,11.4,1,0,Centre,0.13376221540147154
C010849,26.94,Arts et lettres,Montreal,H1A,36397,12,17.6,0,0,Centre,0.07095296374269659
C003090,24.66,Sciences,Montreal,H3T,68990,8,5.8,0,0,Centre,0.00014312969508954926
C010821,26.16,Sante,Cote-Nord,G4R,40937,12,231.6,0,0,Eloignee,0.2352554009224
C007257,27.91,Sciences sociales,Montreal,H8N,91452,14,4.9,0,0,Centre,0.6073878842026837
C009807,31.27,Arts et lettres,Gaspesie-Iles-de-la-Madeleine,G4X,40705,15,254.5,0,1,Eloignee,0.9986340088640848
C002709,27.76,Genie,Montreal,H1A,66366,12,40.0,0,1,Centre,0.557546902246062
C001272,26.46,Sciences,Gaspesie-Iles-de-la-Madeleine,G5C,35846,14,42.2,0,0,Eloignee,0.035672553388545566
C010288,24.13,Sante,Capitale-Nationale,G1R,64025,10,15.7,0,0,Centre,0.00013741659277461408
C012875,31.12,Arts et lettres,Montreal,H1A,66989,6,19.6,1,1,Centre,0.9950641670694765
C000324,26.75,Genie,Capitale-Nationale,G3A,93556,10,14.6,1,0,Centre,0.422936399600429
C011373,31.86,Sciences sociales,Montreal,H8N,62381,9,16.5,1,1,Centre,0.9998076245797156
C006250,27.76,Arts et lettres,Montreal,H4L,74682,8,12.3,0,1,Centre,0.5226083515475489
C007874,28.67,Sciences,Montreal,H2X,58757,9,10.0,0,1,Centre,0.5681852272004426
C006075,28.11,Sciences sociales,Montreal,H4L,60814,7,17.0,0,0,Centre,0.3046959863512592
C009748,25.13,Sciences,Montreal,H3T,38010,12,9.2,0,0,Centre,0.0192933607643849
C000988,29.83,Sciences,Montreal,H2X,51861,11,3.5,0,1,Centre,0.9863201398771927
C001145,29.69,Genie,Gaspesie-Iles-de-la-Madeleine,G4X,64908,17,218.5,1,1,Eloignee,0.9879031826888034
C009462,32.37,Sciences sociales,Capitale-Nationale,G1R,34293,12,6.1,0,1,Centre,0.999397185868019
C006108,29.12,Sante,Cote-Nord,G5B,108251,12,276.9,0,1,Eloignee,0.9262710628313638
C002116,28.57,Sciences,Montreal,H4L,77076,7,9.2,1,0,Centre,0.3431491427600727
C013778,22.04,Genie,Bas-Saint-Laurent,G5N,68176,5,227.9,0,0,Eloignee,9.439065469956471e-05
C000722,26.79,Arts et lettres,Cote-Nord,G0G,34196,12,210.5,0,0,Eloignee,0.04854449370348443
C002014,30.02,Sciences,Cote-Nord,G0G,86774,11,35.6,1,1,Eloignee,0.9934179927000825
C004956,31.72,Sciences sociales,Montreal,H2X,49033,7,18.7,0,1,Centre,0.9996666163548821
C012384,24.07,Genie,Montreal,H2X,50172,5,14.3,0,0,Centre,0.0011599621598241314
C000480,30.07,Genie,Montreal,H2X,45598,7,30.6,1,0,Centre,0.45486849446057276
C001647,28.14,Sciences sociales,Capitale-Nationale,G3A,190686,19,24.5,0,1,Centre,0.9713782524378827
C005732,30.45,Sante,Capitale-Nationale,G3A,137808,12,18.4,0,1,Centre,0.9979755570512351
C012719,26.62,Sciences,Cote-Nord,G5B,26006,15,191.9,0,0,Eloignee,0.11278411079733444
C008725,29.18,Genie,Montreal,H2X,98553,14,21.9,0,1,Centre,0.9743494853691754
C006424,21.88,Sante,Bas-Saint-Laurent,G5L,37784,12,172.8,1,0,Eloignee,0.00010037356342998322
C013441,28.5,Arts et lettres,Montreal,H2X,22132,9,17.5,0,0,Centre,0.2403270836900828
C005129,25.54,Genie,Capitale-Nationale,G1V,67993,8,15.3,0,0,Centre,0.002572511706240235
C006181,35.0,Sante,Montreal,H8N,52068,9,40.6,1,1,Centre,0.9998256647857776
C004590,26.48,Genie,Capitale-Nationale,G2E,189933,5,13.9,0,0,Centre,0.006887898419554096
C012332,30.54,Genie,Montreal,H4L,79883,12,11.1,0,1,Centre,0.994812205436742
C007801,24.66,Sciences sociales,Montreal,H1A,75097,6,29.5,1,0,Centre,0.0001587597979273093
C012055,34.07,Arts et lettres,Cote-Nord,G4R,47802,17,263.0,0,1,Eloignee,0.9979481625596521
C001785,26.98,Genie,Gaspesie-Iles-de-la-Madeleine,G4X,68169,11,130.2,1,0,Eloignee,0.2482463547961146
C006980,31.38,Sciences sociales,Montreal,H8N,45392,8,34.6,1,1,Centre,0.99715328558254
C002029,20.82,Sciences,Gaspesie-Iles-de-la-Madeleine,G4X,41218,11,175.5,1,0,Eloignee,0.00012311360845975879
C004957,21.69,Sciences sociales,Bas-Saint-Laurent,G0L,39739,9,310.6,0,0,Eloignee,0.00012025210955956086
C005294,32.33,Sciences,Montreal,H8N,133674,14,34.3,0,1,Centre,0.9997147774815932
C004389,30.9,Sciences sociales,Capitale-Nationale,G1R,68546,6,12.5,0,0,Centre,0.9825246436978605
C002115,29.33,Genie,Montreal,H1A,90809,10,20.0,0,1,Centre,0.9525564003558991
C004375,25.05,Sante,Cote-Nord,G0G,44879,12,53.0,0,0,Eloignee,0.009708946239207225
C002057,22.53,Genie,Montreal,H2X,61639,16,50.2,0,0,Centre,0.002120323506359048
C000472,26.63,Sciences sociales,Cote-Nord,G5B,83549,9,245.1,1,0,Eloignee,0.06954844530125076
C005467,30.06,Sciences sociales,Cote-Nord,G4R,31304,16,169.8,1,0,Eloignee,0.9430735920189175
C003421,26.96,Genie,Montreal,H4L,37346,7,22.0,0,0,Centre,0.014616856499589994
C007419,28.13,Genie,Capitale-Nationale,G2E,27922,12,36.6,0,0,Centre,0.04307225156594568
C001267,26.68,Sante,Montreal,H3T,100436,8,24.4,0,0,Centre,0.09503735356093478
C011047,28.08,Sciences,Montreal,H8N,74140,10,12.7,1,1,Centre,0.6950730793163
C006700,27.4,Sciences sociales,Capitale-Nationale,G3A,68356,13,5.1,0,0,Centre,0.39092291051327105
C010369,31.5,Sciences,Montreal,H8N,60462,16,16.8,0,1,Centre,0.9934384653121446
C013574,28.7,Sciences,Montreal,H1A,103060,12,32.8,0,1,Centre,0.8505918942290572
C001200,24.21,Genie,Capitale-Nationale,G2E,111812,14,13.9,0,0,Centre,0.00039502309773919856
C000485,29.18,Sciences,Gaspesie-Iles-de-la-Madeleine,G4X,26366,15,208.1,0,1,Eloignee,0.8109815529240589
C007071,27.62,Genie,Montreal,H4L,76973,14,15.4,0,0,Centre,0.24454444455319646
C001735,23.81,Sciences sociales,Gaspesie-Iles-de-la-Madeleine,G5C,30967,21,307.1,1,0,Eloignee,0.0008741081901891643
C006961,24.49,Arts et lettres,Bas-Saint-Laurent,G5N,53760,13,82.2,1,0,Eloignee,0.00019628224466332643
C013895,29.64,Sciences,Montreal,H1A,63485,9,33.5,1,0,Centre,0.7788922823859602
C010485,28.81,Arts et lettres,Bas-Saint-Laurent,G5N,92894,17,189.2,0,0,Eloignee,0.9717327354415635
C011076,28.27,Sante,Montreal,H1A,54731,7,21.3,0,1,Centre,0.38585088874109286
C000275,29.41,Genie,Montreal,H1A,120377,10,14.0,1,1,Centre,0.9289818356172685
C009950,24.56,Arts et lettres,Montreal,H1A,54378,8,8.0,1,0,Centre,0.00014444163988422583
C007075,29.21,Genie,Montreal,H2X,111609,10,15.7,0,0,Centre,0.9024263058426446
C006705,30.83,Sciences sociales,Cote-Nord,G5B,53352,11,330.2,1,1,Eloignee,0.9952341777114287
C009138,30.58,Sciences,Capitale-Nationale,G1R,40804,17,19.2,0,1,Centre,0.9589396761236811
C009938,28.43,Sciences sociales,Montreal,H3T,45202,6,4.1,1,0,Centre,0.34920049717451324
C008068,29.95,Sante,Montreal,H3T,77306,9,15.6,0,1,Centre,0.9820675873869292
C011624,28.45,Sciences,Montreal,H2X,90553,9,2.4,0,1,Centre,0.7379882740729158
C008900,24.35,Sante,Bas-Saint-Laurent,G0L,88402,16,160.8,0,0,Eloignee,0.037197994289954774
C010815,26.62,Genie,Montreal,H4L,50499,9,4.3,1,0,Centre,0.015733808394514343
C008464,29.71,Sante,Gaspesie-Iles-de-la-Madeleine,G0C,44502,10,289.5,0,0,Eloignee,0.9002769303291887
C000396,27.61,Genie,Montreal,H4L,53148,12,26.5,1,0,Centre,0.29525882144989013
C004318,25.26,Sante,Gaspesie-Iles-de-la-Madeleine,G5C,62016,14,463.7,0,0,Eloignee,0.02014209283287928
C006655,30.65,Sante,Montreal,H8N,88842,5,23.6,1,1,Centre,0.9961278078255847
C005463,26.27,Sciences,Gaspesie-Iles-de-la-Madeleine,G0C,96643,12,110.3,0,0,Eloignee,0.3518689809305823
C007405,25.58,Genie,Capitale-Nationale,G2E,75104,4,8.8,0,0,Centre,0.0016821372066039971
C002653,26.93,Sante,Capitale-Nationale,G1R,111435,8,13.2,0,0,Centre,0.14549312068522058
C002575,27.25,Sante,Montreal,H2X,55640,9,9.0,0,0,Centre,0.07960704928743553
C005834,29.95,Sciences sociales,Gaspesie-Iles-de-la-Madeleine,G0C,76828,10,185.3,1,1,Eloignee,0.9853681307476194
C000630,23.57,Arts et lettres,Gaspesie-Iles-de-la-Madeleine,G0C,132233,11,142.2,1,0,Eloignee,0.0026203261892479694
C009256,30.06,Sciences sociales,Bas-Saint-Laurent,G5N,41395,22,442.4,0,0,Eloignee,0.9453471148765313
C009312,28.78,Sante,Capitale-Nationale,G3A,56504,8,38.7,1,0,Centre,0.5527176242037164
C003879,25.71,Sante,Montreal,H8N,67892,10,18.0,1,0,Centre,0.00718439011293288
C003169,29.91,Genie,Montreal,H2X,74156,10,13.0,0,1,Centre,0.9860006942229624
C009908,24.71,Sciences sociales,Montreal,H4L,73560,15,7.8,0,0,Centre,0.0012643294483699202
C007878,29.52,Sante,Gaspesie-Iles-de-la-Madeleine,G4X,124810,16,264.4,1,1,Eloignee,0.9765730296927897
C002933,26.81,Sciences sociales,Cote-Nord,G4R,54379,9,280.4,1,0,Eloignee,0.0532624464282825
C005283,27.9,Genie,Capitale-Nationale,G1V,77886,8,32.0,0,1,Centre,0.5550693272279885
C000840,27.83,Arts et lettres,Cote-Nord,G4R,21476,16,317.4,0,1,Eloignee,0.03972786239624076
C000170,35.74,Genie,Montreal,H4L,72287,16,13.7,1,1,Centre,0.9976979297528332
C008906,33.04,Genie,Montreal,H8N,70410,9,28.3,1,1,Centre,0.9998394186503896
C003936,27.07,Sciences sociales,Cote-Nord,G4R,48794,26,76.2,0,0,Eloignee,0.6385194942073465
C000380,24.68,Genie,Montreal,H4L,40233,9,5.0,1,0,Centre,0.0005439189142583404
C012440,26.74,Sciences,Gaspesie-Iles-de-la-Madeleine,G0C,38614,13,342.0,1,0,Eloignee,0.06109515593882173
C011498,32.18,Sciences,Bas-Saint-Laurent,G5N,47127,11,184.4,0,1,Eloignee,0.9998533118743228
C006832,27.76,Genie,Montreal,H4L,44395,14,11.8,1,0,Centre,0.24959491618723786
C000713,24.87,Sciences,Bas-Saint-Laurent,G5L,52751,11,187.6,0,0,Eloignee,0.0027735513293609985
C008029,26.61,Sciences,Montreal,H4L,83838,11,17.9,1,0,Centre,0.26001790322919593
C008848,27.31,Sante,Capitale-Nationale,G1R,107799,11,13.2,1,0,Centre,0.3249325969089643
C001595,26.39,Genie,Montreal,H1A,102031,12,74.0,0,0,Centre,0.5243237044856962
C011069,31.83,Sciences sociales,Capitale-Nationale,G1V,36943,8,44.1,1,1,Centre,0.9997410285315571
C013214,25.79,Sante,Montreal,H1A,52087,6,16.0,0,0,Centre,0.003678434395036391
C012074,27.59,Genie,Montreal,H2X,53211,9,33.9,0,0,Centre,0.11758008239781861
C010242,25.4,Sciences,Montreal,H2X,54776,7,4.9,1,0,Centre,0.0023760834311978927
C011477,28.43,Sante,Capitale-Nationale,G2E,57163,11,19.1,0,1,Centre,0.63194292008641
C012973,25.67,Sciences,Montreal,H8N,38742,9,16.7,1,0,Centre,0.003362685982088452
C012237,28.05,Sciences,Capitale-Nationale,G1R,40733,5,28.1,0,0,Centre,0.08423205096033728
C011689,28.32,Genie,Capitale-Nationale,G3A,64083,8,31.0,0,0,Centre,0.45032555035300764
C002173,24.91,Sante,Bas-Saint-Laurent,G0L,56659,13,368.9,0,0,Eloignee,0.0060501411490327655
C009125,29.63,Genie,Gaspesie-Iles-de-la-Madeleine,G0C,33331,12,180.7,0,0,Eloignee,0.5417628009915262
C011400,24.04,Sante,Capitale-Nationale,G2E,64416,6,3.1,0,0,Centre,0.00013789726879889685
C009129,30.51,Genie,Montreal,H1A,61751,6,17.2,0,1,Centre,0.9468472606450548
C002487,27.49,Sciences,Cote-Nord,G4R,82308,15,545.8,0,0,Eloignee,0.5830365698290438
C003529,25.44,Sciences sociales,Bas-Saint-Laurent,G5L,124183,8,390.8,0,1,Eloignee,0.023919435684095283
C002686,27.33,Genie,Capitale-Nationale,G2E,101215,8,54.2,0,0,Centre,0.4115423276059406
C005111,27.22,Sciences sociales,Montreal,H1A,89480,7,19.2,0,0,Centre,0.11143854225151459
C012262,27.7,Sante,Gaspesie-Iles-de-la-Madeleine,G5C,64917,8,326.4,0,0,Eloignee,0.33355867014655866
C000398,31.07,Sciences sociales,Bas-Saint-Laurent,G5L,41928,12,218.9,0,1,Eloignee,0.9939540854030323
C004344,29.48,Sciences sociales,Cote-Nord,G4R,41552,18,260.9,1,1,Eloignee,0.9710021847283173
C010309,22.95,Sciences sociales,Gaspesie-Iles-de-la-Madeleine,G0C,71244,6,338.0,1,0,Eloignee,9.490852828461176e-05
C002851,27.3,Sciences sociales,Gaspesie-Iles-de-la-Madeleine,G0C,40426,13,209.7,0,0,Eloignee,0.07938569882533872
C007932,27.15,Genie,Montreal,H2X,80294,8,15.6,1,0,Centre,0.10878963392242577
C007596,24.58,Sciences sociales,Cote-Nord,G5B,53889,24,181.5,0,0,Eloignee,0.007707959040727628
C005869,26.3,Sciences sociales,Bas-Saint-Laurent,G5L,23060,11,107.2,0,0,Eloignee,0.03886140088730901
C002601,30.0,Arts et lettres,Gaspesie-Iles-de-la-Madeleine,G4X,37803,16,172.6,1,0,Eloignee,0.9298194997563555
C008865,29.99,Genie,Montreal,H1A,31154,5,40.2,1,1,Centre,0.9364101310381484
C002546,31.98,Sante,Montreal,H1A,83305,10,8.0,0,1,Centre,0.9998368915661425
C002462,25.94,Sciences sociales,Bas-Saint-Laurent,G0L,47320,10,235.8,0,0,Eloignee,0.0457614531391347
C013910,25.63,Genie,Montreal,H1A,61051,8,17.3,0,0,Centre,0.0027351446011123887
C002774,25.11,Sante,Capitale-Nationale,G1R,90256,10,13.0,0,0,Centre,0.08521582084383882
C007445,26.7,Sante,Montreal,H2X,56663,9,35.3,0,0,Centre,0.050148561900615236
C002735,25.7,Sciences,Gaspesie-Iles-de-la-Madeleine,G5C,60032,11,117.4,1,0,Eloignee,0.005559886185372754
C010103,27.65,Genie,Cote-Nord,G4R,80172,9,52.5,1,0,Eloignee,0.3370220060779416
C010089,32.61,Arts et lettres,Cote-Nord,G0G,52329,16,460.9,1,1,Eloignee,0.9465266828757286
C012743,30.48,Sciences sociales,Gaspesie-Iles-de-la-Madeleine,G0C,48208,12,304.5,0,1,Eloignee,0.952792400447899
C010052,28.97,Sante,Capitale-Nationale,G2E,140961,7,18.0,0,1,Centre,0.9538510690946032
C004971,30.08,Arts et lettres,Montreal,H3T,104917,7,34.1,1,1,Centre,0.9730884949719102
C011291,29.38,Sante,Capitale-Nationale,G1V,35525,10,6.9,0,0,Centre,0.5998350076169063
C012447,26.79,Sciences,Capitale-Nationale,G1R,61630,9,15.4,0,0,Centre,0.07073602824189974
C008404,25.93,Sciences sociales,Montreal,H4L,65633,10,5.1,0,0,Centre,0.01576923221170918
C007566,23.83,Genie,Gaspesie-Iles-de-la-Madeleine,G4X,49161,9,239.6,0,0,Eloignee,0.00029742678118430257
C008502,29.83,Sciences,Gaspesie-Iles-de-la-Madeleine,G5C,36096,13,194.6,0,1,Eloignee,0.9814314929319549
C007518,35.41,Sante,Montreal,H8N,141431,7,30.4,0,1,Centre,0.9999088694643004
C007081,23.43,Genie,Gaspesie-Iles-de-la-Madeleine,G5C,41967,16,254.0,1,0,Eloignee,0.002109788597145524
C013714,26.0,Genie,Capitale-Nationale,G3A,78292,7,29.3,0,0,Centre,0.023056593942422182
C004431,27.4,Sciences,Montreal,H1A,133655,9,9.7,0,1,Centre,0.66299912073348
C012017,32.09,Sciences,Montreal,H1A,95912,10,26.8,0,1,Centre,0.9996500813076594
C000903,30.21,Sciences sociales,Capitale-Nationale,G1R,111126,5,13.4,0,1,Centre,0.9936427995324819
C010610,21.73,Sante,Montreal,H8N,47395,2,26.0,0,0,Centre,0.00011297803670884265
C010236,26.77,Sante,Cote-Nord,G5B,25680,12,289.7,0,0,Eloignee,0.03528401853232925
C000422,32.62,Sciences,Cote-Nord,G0G,37349,16,158.5,1,1,Eloignee,0.9850760186891743
C008120,24.21,Sciences,Montreal,H4L,85236,7,23.5,0,0,Centre,0.0002405215588404556
C011210,31.33,Sciences,Gaspesie-Iles-de-la-Madeleine,G0C,107331,9,191.9,0,1,Eloignee,0.9992173990461205
C007710,31.27,Arts et lettres,Montreal,H4L,83974,6,20.7,0,1,Centre,0.9982110056283763
C011632,24.46,Sciences,Bas-Saint-Laurent,G5N,41670,18,390.4,1,0,Eloignee,0.00699305172150895
C008360,33.0,Genie,Capitale-Nationale,G2E,98662,10,13.4,1,1,Centre,0.9998486996075098
C004643,25.87,Genie,Montreal,H1A,69540,12,32.5,0,0,Centre,0.012097627712797085
C002290,28.19,Sciences sociales,Bas-Saint-Laurent,G0L,72841,16,261.3,1,1,Eloignee,0.8603508783795834
C008580,24.8,Sante,Montreal,H1A,63565,9,22.0,0,0,Centre,0.00013741659277461408
C013760,25.85,Sciences sociales,Montreal,H1A,46337,6,21.1,1,0,Centre,0.0015974141296078695
C013396,27.91,Sante,Montreal,H3T,85238,6,7.9,0,0,Centre,0.2897261079473457
C001268,26.22,Genie,Montreal,H8N,133120,11,11.4,0,1,Centre,0.1563817585441247
C010086,27.38,Sante,Montreal,H2X,69389,6,16.2,0,0,Centre,0.09044828595336739
C002527,24.84,Arts et lettres,Montreal,H1A,61208,13,6.4,0,0,Centre,0.00017035289056169733
C006765,30.27,Sciences sociales,Montreal,H2X,75352,7,17.2,1,1,Centre,0.9781012712591822
C008503,24.02,Sciences sociales,Montreal,H2X,85190,13,9.0,0,0,Centre,0.0034344901758675875
C004754,28.16,Genie,Montreal,H2X,47171,7,15.0,0,0,Centre,0.1754129030854206
C003344,22.08,Sante,Capitale-Nationale,G1R,47395,9,26.8,0,0,Centre,9.357283325811456e-05
C008713,29.93,Sciences sociales,Gaspesie-Iles-de-la-Madeleine,G0C,130583,10,92.6,0,1,Eloignee,0.9982948923573696
C010650,27.51,Genie,Montreal,H3T,64615,12,11.0,0,1,Centre,0.5513599007445003
C009998,26.62,Sante,Gaspesie-Iles-de-la-Madeleine,G4X,139154,11,98.6,1,0,Eloignee,0.6179802108135043
C009459,28.85,Sante,Cote-Nord,G5B,78368,12,251.5,1,1,Eloignee,0.9299511262335942
C002762,28.17,Genie,Gaspesie-Iles-de-la-Madeleine,G4X,83484,9,262.9,1,0,Eloignee,0.25461527268938683
C010056,22.86,Arts et lettres,Gaspesie-Iles-de-la-Madeleine,G4X,131741,10,267.4,1,0,Eloignee,0.0019985745441539844
C000754,28.23,Sciences sociales,Gaspesie-Iles-de-la-Madeleine,G0C,40313,15,179.7,0,0,Eloignee,0.5391121517782306
C005361,29.09,Sciences sociales,Montreal,H3T,144142,8,30.9,0,1,Centre,0.909417073525885
C000126,28.22,Sante,Cote-Nord,G4R,30458,7,172.9,0,0,Eloignee,0.3008878391918964
C008385,26.28,Sciences sociales,Capitale-Nationale,G2E,95551,7,6.6,0,0,Centre,0.2905768130367394
C011395,23.44,Arts et lettres,Bas-Saint-Laurent,G5N,116577,10,504.6,0,0,Eloignee,0.0014623212136496337
C004114,28.01,Arts et lettres,Capitale-Nationale,G3A,99063,12,20.7,1,1,Centre,0.7183120937458758
C009261,27.11,Sciences sociales,Montreal,H8N,46304,8,30.2,0,0,Centre,0.12265216043968974
C009384,28.97,Sciences sociales,Capitale-Nationale,G1R,153727,11,22.2,0,1,Centre,0.8885342698524029
C013259,27.16,Sciences sociales,Montreal,H3T,34238,13,19.4,0,0,Centre,0.06694408392751373
C003699,27.84,Sciences sociales,Capitale-Nationale,G1V,49261,9,11.4,0,0,Centre,0.1432439921355074
C012889,23.81,Sciences,Capitale-Nationale,G1R,139369,11,21.3,0,0,Centre,0.00043547833004539747
C012051,26.63,Arts et lettres,Cote-Nord,G0G,33148,14,208.7,0,0,Eloignee,0.036531403602029895
C010206,26.09,Sante,Capitale-Nationale,G3A,75120,7,15.1,1,0,Centre,0.10132655250964878
C005290,27.29,Sciences sociales,Capitale-Nationale,G2E,67711,8,47.3,0,0,Centre,0.06920616370460016
C010013,29.96,Sante,Cote-Nord,G5B,66621,14,252.2,0,0,Eloignee,0.9933024242995184
C011433,26.32,Sante,Capitale-Nationale,G3A,62274,18,7.3,0,1,Centre,0.9343727393776932
C007823,21.08,Sante,Montreal,H1A,51522,5,8.9,0,0,Centre,0.00010715854448898442
C004863,27.1,Genie,Capitale-Nationale,G1V,124126,9,7.0,1,1,Centre,0.6507401513236065
C008286,29.07,Sciences sociales,Bas-Saint-Laurent,G0L,92729,17,101.6,1,1,Eloignee,0.97133294243977
C011769,21.38,Genie,Montreal,H3T,51848,9,11.6,1,0,Centre,0.00011313223801745087
C007650,28.64,Sciences sociales,Gaspesie-Iles-de-la-Madeleine,G0C,35612,13,138.3,1,0,Eloignee,0.5643502696467632
C007961,27.09,Sante,Montreal,H3T,42280,6,16.2,0,0,Centre,0.036481969260060365
C011716,26.56,Genie,Bas-Saint-Laurent,G0L,28160,11,112.9,0,0,Eloignee,0.009993522470107218
C007186,28.1,Sciences,Montreal,H1A,48872,9,8.7,1,0,Centre,0.2520036225177988
C005929,31.0,Sciences,Montreal,H3T,68871,12,18.7,0,1,Centre,0.9980849465926297
C013359,30.39,Sciences sociales,Bas-Saint-Laurent,G5N,58173,8,340.5,1,1,Eloignee,0.9461577811532199
C013500,27.3,Sciences,Cote-Nord,G4R,39281,14,165.0,1,0,Eloignee,0.08089982769383129
C012615,25.28,Sante,Cote-Nord,G0G,50135,13,171.9,0,0,Eloignee,0.09799299492617425
C000117,24.63,Sante,Montreal,H1A,79462,9,16.2,0,0,Centre,0.00020313965697225342
C005572,26.4,Genie,Montreal,H4L,111938,11,4.1,0,1,Centre,0.44491783819521297
C009762,25.69,Sciences sociales,Gaspesie-Iles-de-la-Madeleine,G4X,64996,12,216.2,0,0,Eloignee,0.005289698342684831
C007297,28.94,Genie,Bas-Saint-Laurent,G5N,85946,23,291.1,0,1,Eloignee,0.9797951016035039
C002449,29.17,Arts et lettres,Capitale-Nationale,G1V,96064,10,33.5,0,0,Centre,0.7046924670783019
C012786,29.78,Genie,Montreal,H1A,61236,7,13.0,0,1,Centre,0.8799494540646765
C010124,25.63,Sciences,Montreal,H8N,76989,11,4.9,0,0,Centre,0.012895604917319994
C004805,29.76,Sante,Gaspesie-Iles-de-la-Madeleine,G0C,35984,17,111.7,1,1,Eloignee,0.9495965222832851
C009652,23.26,Sante,Bas-Saint-Laurent,G5N,89850,8,158.1,0,0,Eloignee,0.00013311609686201991
C010921,34.44,Genie,Montreal,H3T,95549,9,23.3,0,1,Centre,0.9998508595695419
C010950,25.98,Genie,Montreal,H2X,39461,8,17.6,0,0,Centre,0.004224588345128425
C011312,31.07,Sciences,Montreal,H4L,125786,8,22.2,0,1,Centre,0.9969309906188983
C004280,26.21,Arts et lettres,Cote-Nord,G0G,73217,17,379.9,0,0,Eloignee,0.8372043867646519
C010930,26.21,Genie,Gaspesie-Iles-de-la-Madeleine,G0C,23973,14,235.6,0,0,Eloignee,0.05699838563833821
C012969,26.95,Sciences sociales,Montreal,H1A,48819,7,8.7,0,0,Centre,0.07356049898407813
C002137,29.73,Genie,Cote-Nord,G5B,60451,14,133.6,0,1,Eloignee,0.9873672113813566
C001659,25.9,Sciences sociales,Montreal,H8N,86130,13,31.6,0,1,Centre,0.7601904910883088
C010375,26.36,Sante,Bas-Saint-Laurent,G5N,40836,10,197.2,0,0,Eloignee,0.024014771395625856
C010259,26.63,Arts et lettres,Montreal,H8N,64427,5,29.0,0,0,Centre,0.009488077127261336
C003503,28.9,Genie,Montreal,H8N,49566,9,17.6,1,1,Centre,0.6609757308473362
C012958,27.9,Sante,Gaspesie-Iles-de-la-Madeleine,G5C,36146,12,181.4,1,0,Eloignee,0.12530807015239684
C011454,27.43,Sciences,Capitale-Nationale,G3A,152748,6,28.2,0,1,Centre,0.8407118311909122
C002388,32.49,Genie,Cote-Nord,G4R,52616,10,351.0,1,1,Eloignee,0.9997871965709658
C007386,30.22,Arts et lettres,Gaspesie-Iles-de-la-Madeleine,G5C,87385,16,380.4,0,1,Eloignee,0.9843357606109249
C010609,25.76,Arts et lettres,Montreal,H8N,93029,8,54.2,1,0,Centre,0.011789392984139798
C005114,28.14,Sciences sociales,Gaspesie-Iles-de-la-Madeleine,G5C,94643,14,95.3,0,0,Eloignee,0.8329742292278426
C002126,29.7,Sciences sociales,Montreal,H3T,60812,9,14.1,0,1,Centre,0.7563089634914449
C013660,28.18,Arts et lettres,Bas-Saint-Laurent,G5L,58603,16,119.4,0,1,Eloignee,0.7499886156468003
C007087,29.31,Genie,Montreal,H2X,63706,19,23.4,0,1,Centre,0.991033231321679
C006386,22.07,Sante,Montreal,H4L,99827,12,14.5,1,0,Centre,0.0004205176489031052
C002970,32.87,Sciences,Capitale-Nationale,G1V,50538,12,7.1,0,1,Centre,0.9998652335930256
C013938,22.53,Sciences,Capitale-Nationale,G2E,80777,14,32.5,1,0,Centre,0.00036172483848326547
C012304,27.12,Genie,Cote-Nord,G4R,41939,8,56.8,0,0,Eloignee,0.06590081034736792
C002755,26.16,Sciences sociales,Montreal,H3T,58284,12,14.6,0,0,Centre,0.16402865103156342
C002896,32.48,Genie,Montreal,H2X,51561,12,13.1,0,1,Centre,0.9997872740859217
C010980,27.87,Sciences,Capitale-Nationale,G1R,61096,8,11.4,1,0,Centre,0.3345448864550039
C012630,26.65,Sciences,Gaspesie-Iles-de-la-Madeleine,G0C,56995,13,453.0,1,1,Eloignee,0.4384928603666356
C004511,24.84,Sciences,Capitale-Nationale,G1R,102326,13,10.7,0,0,Centre,0.0003882219709228292
C005898,29.33,Genie,Bas-Saint-Laurent,G5L,25051,13,489.3,0,0,Eloignee,0.7768306112201706
C002251,33.25,Genie,Montreal,H2X,113041,11,6.2,1,1,Centre,0.9998074844841249
C008087,27.71,Sciences,Gaspesie-Iles-de-la-Madeleine,G0C,94498,14,258.9,0,0,Eloignee,0.6030908637418956
C009907,25.19,Arts et lettres,Montreal,H8N,59861,3,6.6,0,0,Centre,0.003271500465374629
C001044,22.87,Genie,Montreal,H8N,68974,7,21.4,0,0,Centre,7.99748505032988e-05
C004526,28.4,Genie,Montreal,H3T,85993,8,18.0,0,0,Centre,0.4273826321809896
C009677,27.42,Genie,Montreal,H3T,80095,8,16.5,1,1,Centre,0.3170299285440668
C001946,27.76,Sciences,Montreal,H2X,93011,12,12.5,0,1,Centre,0.7408665448762123
C008621,30.21,Sciences sociales,Bas-Saint-Laurent,G5L,71353,16,287.3,1,1,Eloignee,0.9423030212680703
C009836,21.36,Genie,Montreal,H2X,67163,10,10.7,0,0,Centre,0.00011019973574729479
C008828,23.1,Sciences sociales,Montreal,H4L,157945,8,21.7,0,0,Centre,0.0004347625855864574
C009042,27.63,Sciences,Gaspesie-Iles-de-la-Madeleine,G5C,76047,11,56.3,1,0,Eloignee,0.5654438836367558
C004840,30.26,Genie,Gaspesie-Iles-de-la-Madeleine,G5C,34294,15,454.9,1,1,Eloignee,0.9517643114863334
C009809,27.55,Genie,Cote-Nord,G0G,63998,13,188.4,0,0,Eloignee,0.5077013627530504
C006253,25.16,Arts et lettres,Bas-Saint-Laurent,G0L,69226,14,91.8,1,0,Eloignee,0.006635143910970979
C000152,28.15,Sciences,Gaspesie-Iles-de-la-Madeleine,G5C,69135,11,285.6,1,0,Eloignee,0.5721002234712923
C007532,28.15,Sciences,Montreal,H8N,86508,6,16.6,1,0,Centre,0.11444245777777572
C001248,28.48,Sante,Gaspesie-Iles-de-la-Madeleine,G0C,50157,10,259.4,1,0,Eloignee,0.7316172764555716
C007725,24.79,Sciences,Capitale-Nationale,G1V,95681,11,3.5,0,0,Centre,0.00025552370819340037
C010099,25.38,Arts et lettres,Montreal,H3T,47869,10,33.1,0,0,Centre,0.024228764337680588
C007060,27.35,Sante,Montreal,H4L,97619,6,17.4,1,1,Centre,0.15349109065053096
C002502,22.53,Sciences sociales,Cote-Nord,G5B,63607,16,126.7,1,0,Eloignee,0.0020226039413908953
C006273,28.21,Genie,Capitale-Nationale,G1R,67182,8,38.2,0,1,Centre,0.617686252374261
C001931,27.96,Sciences sociales,Cote-Nord,G4R,44164,16,272.5,0,0,Eloignee,0.4099402593836521
C005090,29.34,Genie,Cote-Nord,G5B,45393,6,275.9,1,0,Eloignee,0.6513846572366495
C011056,21.93,Sciences sociales,Montreal,H1A,19831,16,10.4,0,0,Centre,0.0012645218741454145
C008889,26.3,Sciences,Montreal,H2X,75436,7,19.7,1,1,Centre,0.44518332186608134
C010250,27.4,Arts et lettres,Gaspesie-Iles-de-la-Madeleine,G4X,93330,15,162.4,0,0,Eloignee,0.7929938160828044
C005877,31.1,Sciences,Gaspesie-Iles-de-la-Madeleine,G0C,58001,6,464.3,1,1,Eloignee,0.993906030289926
C011010,25.57,Sante,Bas-Saint-Laurent,G5L,43881,10,144.1,0,0,Eloignee,0.03236627288779108
C001284,28.7,Genie,Bas-Saint-Laurent,G5N,56409,14,258.0,0,0,Eloignee,0.9094576144841614
C011715,23.81,Arts et lettres,Capitale-Nationale,G2E,58191,13,7.9,1,0,Centre,0.00018018609115709588
C011489,30.91,Sante,Capitale-Nationale,G2E,116615,7,27.3,1,1,Centre,0.9977395380289883
C008489,29.1,Genie,Cote-Nord,G0G,53309,9,124.6,0,1,Eloignee,0.6477520553841138
C011105,26.52,Arts et lettres,Montreal,H2X,46883,12,25.8,0,0,Centre,0.035851984643190386
C006002,28.38,Genie,Gaspesie-Iles-de-la-Madeleine,G0C,63917,13,161.3,0,1,Eloignee,0.7871953624478617
C007670,32.07,Sante,Capitale-Nationale,G1V,54209,4,30.3,1,1,Centre,0.9997482568759238
C002919,26.95,Sante,Montreal,H1A,52425,4,54.4,0,0,Centre,0.013576626224353381
C011598,32.24,Sciences,Montreal,H4L,99161,8,15.5,0,1,Centre,0.9997584452840462
C010114,28.88,Sciences sociales,Montreal,H8N,86802,9,16.6,1,0,Centre,0.7316623958548764
C005937,26.02,Sciences,Montreal,H8N,75213,10,6.6,0,0,Centre,0.16616766046923892
C007640,23.34,Sciences sociales,Gaspesie-Iles-de-la-Madeleine,G5C,30264,16,311.7,1,0,Eloignee,0.0007632472384615783
C011943,25.78,Sciences,Gaspesie-Iles-de-la-Madeleine,G0C,47866,15,551.1,1,0,Eloignee,0.021582406607526985
C011106,29.28,Sciences sociales,Montreal,H2X,96062,14,14.7,0,1,Centre,0.9870572180862193
C000047,22.61,Sante,Montreal,H1A,91480,13,2.2,0,0,Centre,0.0003216747101027809
C002140,26.7,Sciences,Cote-Nord,G0G,52632,11,160.1,1,0,Eloignee,0.03851716054716157
C008256,26.17,Sante,Capitale-Nationale,G2E,79394,12,8.5,1,1,Centre,0.6451135319958434
C013126,25.64,Arts et lettres,Montreal,H1A,96792,8,3.6,0,0,Centre,0.0061439053035617025
C012765,32.06,Sciences sociales,Capitale-Nationale,G2E,86449,11,6.5,1,1,Centre,0.9994262988430768
C009889,26.89,Sante,Montreal,H2X,61235,8,30.0,1,0,Centre,0.03130737681437137
C009209,26.75,Sciences sociales,Montreal,H4L,44946,7,20.2,1,0,Centre,0.013123560777814122
C008632,27.08,Sciences sociales,Bas-Saint-Laurent,G0L,90754,16,359.5,0,0,Eloignee,0.8148267316384035
C007128,28.51,Sciences sociales,Montreal,H2X,68755,11,16.3,0,1,Centre,0.8345190209461697
C007600,27.11,Sante,Gaspesie-Iles-de-la-Madeleine,G4X,41683,17,424.9,1,0,Eloignee,0.5413347842897074
C002414,29.76,Sciences,Montreal,H8N,138977,14,35.6,0,1,Centre,0.9889358290199757
C007605,30.11,Sciences,Montreal,H4L,121380,6,2.6,1,0,Centre,0.4492873675266796
C006340,29.06,Sciences sociales,Capitale-Nationale,G1R,72520,5,9.8,0,1,Centre,0.723150850889283
C013406,25.33,Genie,Montreal,H3T,60805,10,19.4,0,0,Centre,0.006849799650242282
C002041,32.45,Sciences sociales,Montreal,H3T,43449,9,22.9,0,1,Centre,0.9993033402742688
C007882,30.71,Sciences sociales,Montreal,H8N,53122,11,4.1,0,1,Centre,0.995159046558641
C003560,26.42,Sante,Montreal,H2X,55785,7,24.2,0,0,Centre,0.01218095486813568
C013548,28.34,Sciences sociales,Bas-Saint-Laurent,G5N,58608,20,239.3,1,0,Eloignee,0.9366648722667266
C006731,27.95,Arts et lettres,Cote-Nord,G5B,75585,15,353.6,0,0,Eloignee,0.5687376964204699
C008250,26.23,Sciences,Cote-Nord,G5B,31005,12,157.1,1,0,Eloignee,0.035137049589095824
C010034,22.93,Sante,Montreal,H1A,59857,6,0.7,0,0,Centre,9.19223887815481e-05
C000805,26.38,Genie,Gaspesie-Iles-de-la-Madeleine,G0C,57453,6,360.5,1,0,Eloignee,0.013488520597394346
C002994,28.24,Arts et lettres,Gaspesie-Iles-de-la-Madeleine,G4X,56354,14,141.8,0,0,Eloignee,0.710762152886006
C005974,25.49,Sciences,Montreal,H3T,61870,9,8.1,0,0,Centre,0.004628247378444107
C013246,23.05,Sciences sociales,Cote-Nord,G5B,37129,18,69.1,0,0,Eloignee,0.001303359493953075
C005087,28.49,Genie,Montreal,H2X,91230,9,24.2,0,1,Centre,0.8013805293128244
C004020,33.02,Sciences,Cote-Nord,G5B,58741,12,190.0,1,1,Eloignee,0.9997886459085574
C004846,24.87,Sciences sociales,Montreal,H3T,57049,5,8.8,1,0,Centre,0.0009765666232906887
C007837,30.08,Sciences,Gaspesie-Iles-de-la-Madeleine,G5C,18722,18,102.3,0,1,Eloignee,0.939394197510004
C012604,30.27,Genie,Gaspesie-Iles-de-la-Madeleine,G0C,69256,14,253.6,0,0,Eloignee,0.997453959235439
C002474,32.71,Sante,Gaspesie-Iles-de-la-Madeleine,G4X,56230,15,146.4,0,1,Eloignee,0.9993253845854859
C004618,28.46,Sante,Gaspesie-Iles-de-la-Madeleine,G4X,38337,9,253.2,1,1,Eloignee,0.6180018638134808
C002838,25.69,Genie,Bas-Saint-Laurent,G5L,99095,12,226.7,1,0,Eloignee,0.013014720961768847
C007107,29.32,Genie,Bas-Saint-Laurent,G0L,51558,12,236.7,1,1,Eloignee,0.9015749699544712
C012232,26.46,Sciences,Montreal,H4L,40702,10,14.9,1,0,Centre,0.009489048276242903
C009513,24.38,Sciences,Montreal,H8N,74808,12,61.2,1,0,Centre,0.00020710987750479284
C006855,29.7,Sciences,Montreal,H3T,42175,10,3.6,0,0,Centre,0.6012154683102348
C002834,22.96,Sciences sociales,Capitale-Nationale,G2E,48485,9,33.8,0,0,Centre,0.00016762823917356703
C005226,26.6,Arts et lettres,Capitale-Nationale,G3A,42634,6,17.3,0,0,Centre,0.003791939230028512
C013742,26.18,Arts et lettres,Bas-Saint-Laurent,G5L,31411,14,254.8,1,0,Eloignee,0.1301499988289989
C010998,24.83,Arts et lettres,Montreal,H2X,90790,7,22.0,0,0,Centre,0.0018444032868785093
C009322,29.26,Sciences sociales,Montreal,H2X,58446,8,30.6,0,1,Centre,0.8201841974190707
C009926,25.55,Sante,Cote-Nord,G0G,136217,11,57.7,0,0,Eloignee,0.05140020584715455
C010068,30.49,Genie,Montreal,H4L,65624,14,35.9,0,1,Centre,0.9986402916950006
C003780,23.15,Arts et lettres,Capitale-Nationale,G2E,51862,10,16.0,0,0,Centre,0.00015531900327324388
C005775,28.06,Sante,Montreal,H1A,33126,11,19.5,0,1,Centre,0.3446995463370444
C000789,26.17,Sciences,Montreal,H8N,107926,12,26.1,0,0,Centre,0.0723307013621512
C010787,27.8,Genie,Bas-Saint-Laurent,G5N,36887,12,364.6,0,0,Eloignee,0.04918877781657466
C013520,30.18,Genie,Cote-Nord,G4R,50638,11,169.5,1,1,Eloignee,0.9745976238139508
C005523,25.78,Sante,Bas-Saint-Laurent,G5N,82448,11,205.3,1,0,Eloignee,0.13803636436749758
C003171,26.27,Sciences,Capitale-Nationale,G3A,57154,7,7.8,1,0,Centre,0.01607402796569913
C005088,32.07,Sciences sociales,Capitale-Nationale,G1R,66600,7,48.5,0,1,Centre,0.9997810283889185
C000717,30.51,Sciences sociales,Capitale-Nationale,G1R,62708,9,38.0,0,1,Centre,0.9693145721538095
C007836,28.19,Arts et lettres,Capitale-Nationale,G2E,105458,3,7.5,0,0,Centre,0.3280903134916616
C009576,31.18,Sciences sociales,Bas-Saint-Laurent,G5L,46211,12,375.4,1,0,Eloignee,0.9995128949834846
C004030,25.31,Genie,Montreal,H8N,55380,7,26.1,1,0,Centre,0.0020031631070768752
C005754,25.67,Sciences sociales,Montreal,H2X,64741,4,2.2,0,0,Centre,0.0015497977598218074
C013163,33.69,Sciences,Cote-Nord,G5B,169359,15,299.3,1,1,Eloignee,0.9979375448382256
C012159,25.36,Sciences,Capitale-Nationale,G3A,69849,7,15.1,0,0,Centre,0.0031174099528427338
C008049,25.78,Sciences sociales,Gaspesie-Iles-de-la-Madeleine,G4X,27112,17,201.6,1,0,Eloignee,0.3636633745916541
C001115,28.89,Sciences sociales,Bas-Saint-Laurent,G5L,18777,7,166.2,0,0,Eloignee,0.3320812031158706
C000402,22.05,Sciences,Bas-Saint-Laurent,G5L,37741,9,136.2,1,0,Eloignee,8.722154672923931e-05
C000819,33.32,Genie,Bas-Saint-Laurent,G5N,23475,8,257.7,0,1,Eloignee,0.999221360622229
C007677,25.01,Sciences,Bas-Saint-Laurent,G5L,37625,8,194.1,1,0,Eloignee,0.0016151695865892072
C005216,30.35,Sciences sociales,Montreal,H8N,93303,7,29.4,0,1,Centre,0.9894160620323407
C006806,31.66,Sciences,Montreal,H3T,92525,8,10.1,0,1,Centre,0.9997104842075529
C009264,24.62,Genie,Montreal,H2X,145930,10,7.1,0,0,Centre,0.001180400216241394
C003650,27.13,Genie,Montreal,H1A,96683,8,24.8,0,0,Centre,0.1137258967404497
C004939,24.4,Genie,Capitale-Nationale,G1V,77966,16,62.3,0,0,Centre,0.01613452445136549
C011148,30.93,Arts et lettres,Capitale-Nationale,G1V,94993,10,1.9,0,1,Centre,0.9921154810893663
C012445,31.54,Sciences,Montreal,H8N,161859,8,18.3,0,1,Centre,0.9994316941224561
C002097,26.44,Genie,Bas-Saint-Laurent,G0L,63051,11,156.8,0,0,Eloignee,0.04449209006046546
C000620,21.89,Genie,Cote-Nord,G4R,87587,13,321.5,0,0,Eloignee,0.00020577211240478858
C005057,26.78,Arts et lettres,Montreal,H3T,101187,6,26.9,1,1,Centre,0.38722743858457453
C009116,29.16,Sante,Montreal,H3T,56116,4,35.5,0,1,Centre,0.5963189917437481
C006343,27.96,Sciences,Cote-Nord,G0G,53442,11,291.6,0,0,Eloignee,0.3111269711696006
C005769,28.76,Genie,Montreal,H3T,73580,10,20.7,1,1,Centre,0.7344447360718215
C007397,26.21,Sciences sociales,Capitale-Nationale,G2E,121836,10,2.1,0,0,Centre,0.08598586851703222
C004605,31.9,Sciences,Capitale-Nationale,G1V,76228,14,14.1,0,1,Centre,0.9998585832958556
C006666,28.03,Sciences,Montreal,H1A,90388,10,34.6,0,1,Centre,0.8016122666672186
C009899,30.82,Genie,Gaspesie-Iles-de-la-Madeleine,G5C,59701,14,356.7,0,1,Eloignee,0.9956777433246038
C011789,24.97,Sciences,Montreal,H4L,35498,5,27.1,1,0,Centre,0.001746196900797575
C002646,24.79,Sciences sociales,Cote-Nord,G0G,44537,12,157.7,1,0,Eloignee,0.0001823651583812373
C001066,31.15,Genie,Montreal,H4L,86445,6,8.0,0,1,Centre,0.9983664281094399
C009974,29.3,Arts et lettres,Cote-Nord,G0G,40111,14,218.9,0,0,Eloignee,0.9733029739023464
C009426,27.89,Genie,Cote-Nord,G5B,24027,12,378.4,0,0,Eloignee,0.024715482468639405
C009254,26.96,Genie,Bas-Saint-Laurent,G0L,77666,11,232.4,0,0,Eloignee,0.2793703325848002
C004255,26.52,Sciences,Montreal,H8N,99413,8,7.5,0,0,Centre,0.051855942164794104
C006730,26.83,Sante,Gaspesie-Iles-de-la-Madeleine,G5C,59522,9,197.1,0,0,Eloignee,0.06250493128348324
C012120,27.77,Sciences sociales,Bas-Saint-Laurent,G5N,89333,11,133.5,1,0,Eloignee,0.6516610311605767
C007031,29.5,Sciences,Montreal,H1A,91914,11,20.2,1,1,Centre,0.884111638602826
C003443,24.58,Sante,Montreal,H4L,56914,11,13.8,0,0,Centre,0.00015866558458547164
C007000,27.78,Genie,Montreal,H2X,65848,13,15.7,1,1,Centre,0.43666068321332924
C008118,32.1,Arts et lettres,Cote-Nord,G0G,26589,13,105.6,0,1,Eloignee,0.9989609960223222
C006937,32.03,Sciences sociales,Bas-Saint-Laurent,G5L,78304,15,201.1,1,1,Eloignee,0.9984151903532509
C003304,28.14,Genie,Montreal,H1A,73342,12,27.0,0,1,Centre,0.8060446092005653
C001426,28.04,Sante,Gaspesie-Iles-de-la-Madeleine,G0C,32630,11,84.6,1,0,Eloignee,0.3169895435700398
C000877,27.4,Arts et lettres,Capitale-Nationale,G2E,245374,11,1.0,0,1,Centre,0.9436621766292234
C002540,23.82,Arts et lettres,Cote-Nord,G5B,21332,14,527.6,0,0,Eloignee,0.00028869913445881714
C000193,25.91,Sante,Montreal,H2X,78709,10,5.6,1,1,Centre,0.5639237126944021
C001889,29.51,Sante,Capitale-Nationale,G1R,107243,8,32.4,0,1,Centre,0.8753831625039681
C000156,30.24,Sciences,Gaspesie-Iles-de-la-Madeleine,G0C,138766,13,83.4,1,1,Eloignee,0.9960023294100214
C003742,24.76,Sciences sociales,Bas-Saint-Laurent,G5L,36064,10,233.2,0,0,Eloignee,0.00017117028046580792
C013563,29.61,Sciences sociales,Capitale-Nationale,G1R,35520,3,21.0,1,0,Centre,0.4403705189582311
C000808,22.06,Arts et lettres,Capitale-Nationale,G3A,50087,10,17.5,1,0,Centre,0.0003521154608175984
C005522,29.61,Sante,Bas-Saint-Laurent,G5L,65686,16,347.4,1,1,Eloignee,0.988693538927767
C001321,22.24,Arts et lettres,Capitale-Nationale,G1V,116375,8,44.0,0,0,Centre,0.0014536326174684336
C005873,28.56,Genie,Capitale-Nationale,G3A,82797,7,20.1,0,0,Centre,0.5360659846655486
C002043,26.36,Sante,Capitale-Nationale,G1R,81336,11,22.1,0,0,Centre,0.2833329542507039
C007121,28.77,Sciences sociales,Montreal,H8N,48826,6,12.2,1,0,Centre,0.2866675770112298
C002437,28.41,Genie,Gaspesie-Iles-de-la-Madeleine,G0C,55009,14,280.5,1,0,Eloignee,0.7899916293225266
C013150,31.26,Genie,Montreal,H2X,102932,7,15.8,1,1,Centre,0.9995404654849213
C011949,23.98,Genie,Cote-Nord,G4R,53283,14,443.1,1,0,Eloignee,0.0011948498448065199
C003673,29.39,Genie,Montreal,H8N,75460,9,23.3,0,1,Centre,0.949264771680349
C012755,26.61,Sciences sociales,Montreal,H4L,60827,7,53.6,0,0,Centre,0.053136778973338315
C010974,27.27,Sciences,Capitale-Nationale,G3A,66524,15,19.8,0,1,Centre,0.6550101404841492
C011950,25.78,Sante,Gaspesie-Iles-de-la-Madeleine,G0C,48270,10,168.8,0,0,Eloignee,0.026909296101439936
C006165,32.96,Arts et lettres,Capitale-Nationale,G3A,104391,3,6.5,0,1,Centre,0.9996907121438725
C013772,31.25,Sante,Montreal,H4L,105396,6,63.3,0,1,Centre,0.9996529942531978
C002792,27.05,Sante,Cote-Nord,G5B,77857,10,243.0,1,0,Eloignee,0.36372017066865736
C007757,33.82,Sciences sociales,Capitale-Nationale,G1V,93861,11,3.1,0,1,Centre,0.9998287197412093
C010691,22.62,Sciences sociales,Montreal,H1A,130231,9,56.7,0,0,Centre,0.00023519770617492505
C009385,27.32,Sciences,Capitale-Nationale,G3A,32654,7,7.6,0,0,Centre,0.03364859277031437
C002848,26.69,Sciences,Montreal,H4L,53696,14,25.6,0,0,Centre,0.11033524905409976
C003187,29.26,Genie,Montreal,H4L,120970,13,41.4,1,1,Centre,0.991263709133495
C007076,27.44,Sciences,Montreal,H1A,99870,9,12.0,0,0,Centre,0.30772535393564693
C005764,29.92,Genie,Gaspesie-Iles-de-la-Madeleine,G5C,64875,9,228.4,0,0,Eloignee,0.9917888146173137
C004995,26.74,Sciences,Capitale-Nationale,G2E,83198,18,19.9,0,1,Centre,0.892505592621117
C008558,30.11,Sciences sociales,Capitale-Nationale,G1V,96464,12,23.6,1,1,Centre,0.9849866395546104
C006656,27.29,Sante,Capitale-Nationale,G3A,87707,8,13.3,0,0,Centre,0.1286961723156631
C008850,22.69,Sciences,Capitale-Nationale,G1R,80319,10,34.0,0,0,Centre,9.942439723187515e-05
C012351,28.83,Sciences sociales,Capitale-Nationale,G3A,63863,12,19.9,1,0,Centre,0.7783187479190435
C002213,23.98,Sante,Cote-Nord,G4R,76312,14,272.4,0,0,Eloignee,0.0022365026263198888
C011968,26.55,Genie,Gaspesie-Iles-de-la-Madeleine,G0C,51962,7,132.5,0,0,Eloignee,0.015107797348355979
C004926,31.87,Sante,Montreal,H3T,30137,16,11.0,0,1,Centre,0.9984616838721003
C009309,31.22,Sciences,Montreal,H3T,29432,9,11.4,0,1,Centre,0.9939202398819078
C004009,31.93,Sciences sociales,Bas-Saint-Laurent,G0L,21070,15,246.1,1,1,Eloignee,0.9970150004817642
C006153,19.37,Sciences sociales,Montreal,H4L,83767,10,7.8,0,0,Centre,0.0001512639705547638
C012235,31.73,Arts et lettres,Montreal,H8N,85163,8,19.1,0,1,Centre,0.9998174563098053
C013022,28.34,Sciences,Capitale-Nationale,G1V,69470,9,3.7,0,0,Centre,0.5403898097351004
C010054,29.28,Sciences sociales,Montreal,H4L,60774,9,19.0,0,1,Centre,0.8745509231445405
C013184,28.38,Sciences sociales,Capitale-Nationale,G1V,54753,11,6.4,1,0,Centre,0.598805844415962
C008742,28.64,Sciences,Bas-Saint-Laurent,G5L,53617,11,297.4,0,0,Eloignee,0.6338524536191383
C006302,28.29,Arts et lettres,Montreal,H1A,99228,8,21.9,0,1,Centre,0.7166541331937476
C012481,25.51,Genie,Bas-Saint-Laurent,G5L,72483,10,180.3,1,0,Eloignee,0.00879281875421343
C003260,29.77,Sciences,Capitale-Nationale,G3A,103174,7,20.2,0,1,Centre,0.9870167361370662
C011096,31.67,Sciences sociales,Montreal,H3T,56340,7,20.6,0,1,Centre,0.9998099462532276
C006474,28.59,Sante,Gaspesie-Iles-de-la-Madeleine,G4X,37188,14,136.5,0,0,Eloignee,0.6674278804211524
C011094,24.33,Sante,Montreal,H1A,110186,2,16.6,0,0,Centre,0.0002678566353542257
C004034,25.45,Sciences sociales,Cote-Nord,G4R,50531,17,235.2,0,0,Eloignee,0.18664526116651153
C004302,29.55,Sciences,Gaspesie-Iles-de-la-Madeleine,G0C,38000,14,284.0,0,0,Eloignee,0.9666740893631018
C006486,29.79,Sciences sociales,Gaspesie-Iles-de-la-Madeleine,G5C,35887,12,52.2,0,1,Eloignee,0.8545398017700047
C013422,26.71,Sciences sociales,Bas-Saint-Laurent,G5N,34464,12,118.1,1,0,Eloignee,0.034422559280575145
C004223,29.11,Sciences,Gaspesie-Iles-de-la-Madeleine,G4X,34950,15,283.0,1,0,Eloignee,0.7326547036455967
C010801,23.35,Sciences sociales,Montreal,H4L,98384,11,55.4,0,0,Centre,0.00022051031609238934
C011911,24.27,Sciences sociales,Capitale-Nationale,G1V,32279,7,30.6,1,0,Centre,0.00023968992382106589
C000246,25.15,Sciences,Cote-Nord,G5B,31535,16,48.6,1,0,Eloignee,0.09162225476884553
C013515,23.85,Genie,Gaspesie-Iles-de-la-Madeleine,G0C,49095,6,156.7,1,0,Eloignee,0.00015185356574452108
C006516,26.29,Arts et lettres,Gaspesie-Iles-de-la-Madeleine,G0C,58646,16,117.6,0,0,Eloignee,0.7239460997040602
C006006,28.86,Sciences,Montreal,H3T,91638,7,40.2,0,0,Centre,0.7253876970644507
C006188,32.2,Sciences sociales,Bas-Saint-Laurent,G5L,116709,16,261.2,0,1,Eloignee,0.9913564951690458
C012728,25.38,Arts et lettres,Capitale-Nationale,G1V,56355,3,25.3,0,0,Centre,0.002820927049912554
C009966,31.12,Arts et lettres,Montreal,H2X,87677,7,18.1,0,1,Centre,0.9979900160935979
C004881,24.11,Sciences,Montreal,H1A,75106,9,27.9,0,0,Centre,0.00015897745763816386
C005300,27.1,Sciences sociales,Montreal,H2X,67980,7,24.6,1,0,Centre,0.09843788685644583
C007889,28.18,Sante,Montreal,H3T,50268,8,19.2,0,0,Centre,0.30355218978735665
C003146,26.68,Sante,Cote-Nord,G5B,54105,14,143.9,0,0,Eloignee,0.16692050635295963
C012436,31.09,Sante,Montreal,H4L,30868,11,24.7,1,1,Centre,0.9993891506607372
C012594,27.42,Sante,Bas-Saint-Laurent,G0L,93966,14,362.8,0,0,Eloignee,0.6725517835421349
C001394,23.81,Sante,Montreal,H1A,47251,14,28.1,0,0,Centre,0.00011590127331905958
C002365,26.48,Sante,Montreal,H3T,76092,9,10.4,0,0,Centre,0.133148822700421
C006326,31.92,Sciences sociales,Gaspesie-Iles-de-la-Madeleine,G5C,43403,15,270.0,1,1,Eloignee,0.9990639434117854
C009662,22.84,Sciences,Capitale-Nationale,G1R,45995,10,14.4,1,0,Centre,0.0001659244943810193
C010239,19.35,Sciences,Montreal,H4L,44139,9,15.1,0,0,Centre,9.02702338595915e-05
C007209,28.21,Sciences,Gaspesie-Iles-de-la-Madeleine,G4X,65492,19,234.3,1,1,Eloignee,0.8952114699263147
C009852,34.18,Arts et lettres,Bas-Saint-Laurent,G0L,61131,12,81.6,0,1,Eloignee,0.9996730013078621
C001526,22.57,Sciences sociales,Montreal,H2X,91898,11,23.1,0,0,Centre,0.00030563569386944504
C009566,27.17,Sciences sociales,Montreal,H2X,60147,8,3.5,0,0,Centre,0.17729220946029992
C006267,24.55,Sciences sociales,Montreal,H3T,47563,12,39.9,0,0,Centre,0.00020691709664019973
C001289,24.8,Sciences sociales,Capitale-Nationale,G1V,75395,8,3.5,0,0,Centre,0.00016899463331964372
C007832,27.81,Arts et lettres,Montreal,H2X,115518,13,6.3,1,0,Centre,0.47864555409756454
C002740,27.86,Sciences sociales,Cote-Nord,G4R,34004,15,127.5,0,0,Eloignee,0.09283232124436154
C005365,26.84,Sciences,Montreal,H8N,102810,12,79.0,0,1,Centre,0.2972104433717693
C004152,29.35,Genie,Gaspesie-Iles-de-la-Madeleine,G0C,30473,11,233.9,0,0,Eloignee,0.5783490472392222
C001759,30.64,Sciences sociales,Montreal,H1A,46623,12,8.7,0,1,Centre,0.9783851435201362
C003466,29.65,Sante,Montreal,H4L,42473,8,5.1,1,1,Centre,0.8577591212673555
C012966,28.9,Genie,Montreal,H8N,166368,13,9.2,0,1,Centre,0.9910963184704484
C011085,26.98,Sante,Bas-Saint-Laurent,G0L,71374,13,227.5,0,0,Eloignee,0.3129252816329505
C001641,29.39,Sciences sociales,Montreal,H3T,78524,12,27.4,0,1,Centre,0.9720147577232351
C009651,26.14,Sciences,Cote-Nord,G5B,75505,9,196.1,1,0,Eloignee,0.23973624347963365
C005431,34.99,Sciences sociales,Montreal,H1A,19481,11,36.8,0,1,Centre,0.9992674983103319
C008415,30.18,Sciences,Capitale-Nationale,G3A,94070,10,7.0,0,1,Centre,0.985991714368746
C012456,34.36,Sciences,Montreal,H1A,44997,11,39.7,1,1,Centre,0.9998441838206515
C002268,34.66,Arts et lettres,Capitale-Nationale,G1V,82387,7,8.7,0,1,Centre,0.9997953348645501
C004243,25.21,Sciences sociales,Gaspesie-Iles-de-la-Madeleine,G0C,60722,11,331.6,0,0,Eloignee,0.0075239534971291875
C000750,27.81,Arts et lettres,Montreal,H2X,37599,14,25.1,0,0,Centre,0.04585902546663185
C011755,24.72,Sciences sociales,Montreal,H8N,94665,15,9.5,1,0,Centre,0.001714909589650785
C001223,28.56,Genie,Montreal,H8N,110428,10,10.2,0,1,Centre,0.9278014698707521
C001695,24.12,Sante,Capitale-Nationale,G1V,113947,12,5.3,0,0,Centre,0.00091529284234052
C005314,26.37,Genie,Montreal,H1A,81922,9,17.1,0,0,Centre,0.09687277145702466
C012575,27.66,Genie,Montreal,H8N,51308,9,8.7,1,0,Centre,0.10244006011646713
C009245,27.17,Genie,Bas-Saint-Laurent,G5L,42033,9,118.2,1,0,Eloignee,0.05139383523185812
C002611,25.85,Sante,Capitale-Nationale,G1R,62836,8,20.2,0,0,Centre,0.0020765396379843165
C004629,29.14,Sciences sociales,Bas-Saint-Laurent,G5L,23454,15,450.0,0,1,Eloignee,0.6475339034610428
C012255,26.86,Arts et lettres,Gaspesie-Iles-de-la-Madeleine,G4X,39369,9,65.3,1,0,Eloignee,0.009837251846547834
C003858,34.53,Sciences,Montreal,H1A,71053,9,21.5,1,1,Centre,0.9997629143557394
C012101,26.04,Genie,Montreal,H4L,107250,11,27.5,1,0,Centre,0.22702516907083828
C006046,27.14,Arts et lettres,Montreal,H8N,73476,10,8.6,0,0,Centre,0.33539195312360814
C006572,29.67,Sciences sociales,Montreal,H4L,77999,11,39.0,0,1,Centre,0.9957402450709533
C009612,28.53,Sciences sociales,Gaspesie-Iles-de-la-Madeleine,G4X,56199,11,235.9,0,0,Eloignee,0.6388652395658063
C010680,27.91,Arts et lettres,Capitale-Nationale,G1R,156840,11,36.4,1,1,Centre,0.8719499224136771
C003286,28.23,Sciences,Montreal,H8N,71938,9,7.2,0,0,Centre,0.4992780148181544
C011367,32.08,Sciences,Cote-Nord,G5B,80901,15,195.5,0,1,Eloignee,0.9992635179653485
C002353,30.36,Sante,Montreal,H2X,85174,6,14.9,0,1,Centre,0.983209130126531
C013366,25.9,Genie,Cote-Nord,G0G,39060,18,149.6,1,0,Eloignee,0.480772280069038
C006905,25.58,Genie,Montreal,H2X,64086,7,15.2,0,0,Centre,0.0027427872080644402
C008115,29.89,Sante,Cote-Nord,G5B,33339,17,32.3,0,0,Eloignee,0.9774180316210808
C006127,25.46,Sante,Cote-Nord,G0G,48790,9,190.2,0,0,Eloignee,0.013681184606787867
C011165,33.94,Sciences,Montreal,H4L,66358,4,16.7,0,1,Centre,0.9996894337489947
C013062,29.21,Arts et lettres,Cote-Nord,G0G,46807,15,48.8,0,1,Eloignee,0.9711496194370939
C008230,28.89,Sante,Capitale-Nationale,G1R,98179,11,57.0,1,1,Centre,0.8600057618398251
C006392,30.5,Sciences sociales,Capitale-Nationale,G3A,67131,5,10.2,0,1,Centre,0.9844990863295655
C005025,29.7,Genie,Capitale-Nationale,G2E,40524,14,12.7,1,1,Centre,0.9540598159331508
C001724,28.49,Genie,Gaspesie-Iles-de-la-Madeleine,G0C,20620,11,224.6,0,0,Eloignee,0.10011408939521389
C012842,26.2,Sante,Cote-Nord,G0G,45616,16,208.9,1,0,Eloignee,0.44312550117255417
C010092,24.93,Sciences,Bas-Saint-Laurent,G5L,48638,19,323.5,0,0,Eloignee,0.12159639913949881
C012396,30.06,Sciences sociales,Montreal,H1A,38965,10,9.4,0,1,Centre,0.8537334705766452
C003024,25.9,Sciences sociales,Montreal,H8N,93730,6,38.2,0,0,Centre,0.03641279436289741
C005011,21.22,Arts et lettres,Capitale-Nationale,G1R,42084,10,13.8,0,0,Centre,0.00040132585063920996
C002982,27.37,Sciences,Cote-Nord,G0G,41480,7,131.6,1,0,Eloignee,0.03387400738028425
C011059,26.86,Sante,Capitale-Nationale,G1V,75802,7,24.9,0,0,Centre,0.18158284937342914
C000268,27.56,Genie,Montreal,H1A,55568,11,5.1,1,0,Centre,0.31492736920867204
C010319,25.75,Sciences sociales,Montreal,H1A,84353,7,19.0,0,0,Centre,0.01132655474124269
C012407,30.04,Genie,Gaspesie-Iles-de-la-Madeleine,G5C,25856,15,148.1,1,0,Eloignee,0.91738945281346
C007244,28.28,Sciences sociales,Gaspesie-Iles-de-la-Madeleine,G0C,80055,11,186.4,1,0,Eloignee,0.7123595501721248
C003473,26.31,Sante,Cote-Nord,G0G,30476,6,430.9,0,0,Eloignee,0.0045025154991580356
C012930,27.71,Sciences,Montreal,H2X,35312,8,43.1,1,1,Centre,0.1723051477032529
C000284,26.32,Genie,Gaspesie-Iles-de-la-Madeleine,G4X,38847,16,229.0,1,0,Eloignee,0.20201933954004225
C011980,30.1,Arts et lettres,Montreal,H8N,88769,7,14.0,0,0,Centre,0.5601028770689853
C012252,28.86,Sciences,Bas-Saint-Laurent,G5L,106899,13,581.6,0,1,Eloignee,0.9623991915037421
C009827,28.93,Sciences,Capitale-Nationale,G1R,278386,12,17.6,0,1,Centre,0.9854722295730355
C006148,32.44,Sante,Montreal,H4L,75391,13,18.1,0,1,Centre,0.99986619936716
C013567,25.76,Sciences,Capitale-Nationale,G2E,42876,12,6.9,1,0,Centre,0.014820803850447808
C009647,28.64,Genie,Gaspesie-Iles-de-la-Madeleine,G5C,102497,20,119.0,0,1,Eloignee,0.9821561495702879
C005219,20.9,Arts et lettres,Bas-Saint-Laurent,G5N,40578,8,272.7,1,0,Eloignee,0.00011274528124850549
C012197,27.45,Sciences,Bas-Saint-Laurent,G0L,78361,12,130.4,0,0,Eloignee,0.4128315635774062
C001255,23.85,Sciences sociales,Capitale-Nationale,G1V,116084,9,29.6,0,0,Centre,0.00022712382393938054
C008154,29.8,Genie,Capitale-Nationale,G2E,53541,8,24.8,0,1,Centre,0.8940534644871824
C013723,31.85,Genie,Montreal,H8N,39708,14,19.6,0,1,Centre,0.9998477335076793
C012240,31.2,Arts et lettres,Montreal,H3T,50005,12,13.2,0,1,Centre,0.9987295759195479
C003272,26.71,Sciences sociales,Capitale-Nationale,G3A,82105,8,6.9,0,0,Centre,0.09787183158560331
C009390,36.65,Sante,Gaspesie-Iles-de-la-Madeleine,G5C,38178,12,315.0,0,1,Eloignee,0.999848303433418
C005570,28.46,Genie,Capitale-Nationale,G1R,33415,9,43.7,0,1,Centre,0.34967954893983344
C001057,26.31,Arts et lettres,Montreal,H8N,25562,10,12.3,1,0,Centre,0.013294703155994493
C011195,26.86,Arts et lettres,Cote-Nord,G4R,26003,11,518.3,0,0,Eloignee,0.025198060590040927
C009886,25.91,Genie,Montreal,H8N,78796,11,13.8,1,1,Centre,0.39010013112021613
C005916,24.15,Sciences sociales,Capitale-Nationale,G1R,101176,8,30.4,0,0,Centre,0.00023300263632013325
C002697,28.38,Sciences,Bas-Saint-Laurent,G0L,51897,15,484.3,0,1,Eloignee,0.8854426635236116
C007044,24.54,Arts et lettres,Capitale-Nationale,G1R,69870,3,17.3,0,0,Centre,0.00017941394595781315
C001839,28.28,Genie,Bas-Saint-Laurent,G5N,58663,9,73.9,0,0,Eloignee,0.3975419582906291
C013876,32.92,Sciences sociales,Capitale-Nationale,G1R,64323,12,33.5,0,1,Centre,0.9998252130453538
C005550,28.31,Arts et lettres,Gaspesie-Iles-de-la-Madeleine,G0C,52536,7,221.0,0,0,Eloignee,0.27966600648647916
C011764,22.73,Sciences,Gaspesie-Iles-de-la-Madeleine,G0C,74505,16,254.5,0,0,Eloignee,0.004554367861145941
C004498,27.93,Genie,Bas-Saint-Laurent,G0L,37742,12,183.9,0,0,Eloignee,0.044201215571629045
C004677,28.36,Sante,Capitale-Nationale,G1V,43016,9,11.0,0,0,Centre,0.617892751316901
C005615,33.0,Genie,Montreal,H8N,58972,5,18.5,1,1,Centre,0.99938419281519
C005415,26.79,Arts et lettres,Bas-Saint-Laurent,G0L,47615,17,711.7,1,1,Eloignee,0.3159753318400869
C012940,25.87,Arts et lettres,Cote-Nord,G0G,46108,14,184.0,0,0,Eloignee,0.029565091383505104
C009695,26.44,Genie,Capitale-Nationale,G2E,75466,9,3.5,0,0,Centre,0.22625824652561666
C001415,24.85,Genie,Montreal,H1A,68751,12,7.3,1,0,Centre,0.00016034742122731207
C012410,27.48,Genie,Cote-Nord,G0G,100000,9,59.9,1,0,Eloignee,0.17149499616936678
C008833,27.57,Sciences sociales,Bas-Saint-Laurent,G0L,46853,18,324.5,1,0,Eloignee,0.4206223876921541
C000529,29.66,Sciences,Montreal,H3T,104636,8,6.9,1,1,Centre,0.9739518179403585
C006030,30.44,Sante,Montreal,H8N,120632,8,26.3,0,1,Centre,0.9900371682637281
C011663,28.58,Sante,Montreal,H8N,44737,10,38.8,0,1,Centre,0.818183493277808
C005054,30.83,Sciences sociales,Capitale-Nationale,G1V,81654,9,15.2,0,0,Centre,0.4171487998465996
C009311,26.57,Genie,Gaspesie-Iles-de-la-Madeleine,G4X,52506,8,182.0,0,0,Eloignee,0.01739379409856947
C012751,29.56,Sciences,Montreal,H4L,81598,8,28.0,0,1,Centre,0.9755924208755258
C011834,30.14,Arts et lettres,Gaspesie-Iles-de-la-Madeleine,G4X,27956,12,381.4,0,0,Eloignee,0.7624852389725982
C002891,23.68,Sciences,Capitale-Nationale,G3A,85216,6,7.5,0,0,Centre,0.00014877913448472507
C012350,24.24,Genie,Gaspesie-Iles-de-la-Madeleine,G4X,77470,15,308.6,1,0,Eloignee,0.0008064158040904576
C013383,23.53,Genie,Montreal,H3T,39672,7,64.2,0,0,Centre,0.00012772042296124657
C001796,27.29,Genie,Cote-Nord,G4R,79376,11,123.0,1,0,Eloignee,0.3135478021793391
C008071,32.09,Sciences sociales,Montreal,H4L,83104,6,3.3,0,1,Centre,0.9996249802645025
C007242,22.43,Arts et lettres,Montreal,H3T,63880,9,25.9,1,0,Centre,0.00013193739300915538
C007970,28.83,Genie,Gaspesie-Iles-de-la-Madeleine,G5C,49765,12,221.1,0,1,Eloignee,0.7954058773101982
C011473,28.0,Genie,Gaspesie-Iles-de-la-Madeleine,G4X,54624,13,111.9,0,0,Eloignee,0.33833339634341897
C000382,24.72,Sciences sociales,Montreal,H3T,86907,8,21.2,0,0,Centre,0.00028371462191884136
C001987,35.37,Arts et lettres,Montreal,H8N,161359,7,13.6,0,1,Centre,0.9998256901823214
C002181,26.69,Sante,Gaspesie-Iles-de-la-Madeleine,G5C,65302,15,244.9,1,0,Eloignee,0.25427799173207877
C011504,25.69,Sciences sociales,Montreal,H4L,73290,6,10.5,0,0,Centre,0.004687475552923228
C008331,27.65,Sante,Bas-Saint-Laurent,G0L,70167,13,124.4,0,0,Eloignee,0.4325619873591037
C013245,23.38,Sciences sociales,Gaspesie-Iles-de-la-Madeleine,G0C,43291,15,338.9,0,0,Eloignee,0.0002767643733976181
C004219,32.49,Sciences sociales,Montreal,H2X,101223,6,19.2,0,1,Centre,0.9998164235257521
C002674,23.33,Arts et lettres,Bas-Saint-Laurent,G0L,49916,7,335.8,1,0,Eloignee,0.0001389768693749602
C009028,28.58,Sciences sociales,Capitale-Nationale,G1V,74570,12,37.1,0,1,Centre,0.8160490613645854
C006964,24.59,Arts et lettres,Montreal,H4L,59617,8,4.2,0,0,Centre,0.00015720618779463692
C004989,28.29,Sciences sociales,Capitale-Nationale,G1V,31654,4,16.6,1,0,Centre,0.21667981936949354
C011520,30.35,Sciences sociales,Cote-Nord,G4R,55135,14,109.4,1,1,Eloignee,0.9882337033879546
C012803,28.34,Genie,Montreal,H1A,131021,9,35.5,0,1,Centre,0.8954603184412963
C004674,20.85,Sciences,Montreal,H4L,58289,3,4.1,0,0,Centre,0.0001484669137432379
C002695,27.82,Sciences,Capitale-Nationale,G3A,119168,14,9.9,0,0,Centre,0.3214425851472417
C009496,32.18,Sante,Cote-Nord,G0G,67679,11,198.9,1,1,Eloignee,0.999854371879808
C005689,28.6,Sciences sociales,Cote-Nord,G0G,67228,11,14.9,1,1,Eloignee,0.8058056371171152
C006545,31.95,Sante,Montreal,H8N,108368,9,37.6,1,1,Centre,0.999863499157283
C000983,31.0,Genie,Capitale-Nationale,G2E,94543,6,40.0,0,1,Centre,0.9980421042541243
C004585,28.52,Sante,Montreal,H1A,42312,7,4.7,0,0,Centre,0.3832825412830851
C001427,25.89,Sante,Capitale-Nationale,G2E,107556,10,26.2,0,0,Centre,0.16085111636911667
C007717,27.01,Genie,Gaspesie-Iles-de-la-Madeleine,G4X,44259,10,119.8,0,0,Eloignee,0.2752195344473399
C011003,24.94,Genie,Gaspesie-Iles-de-la-Madeleine,G0C,116954,17,315.8,0,0,Eloignee,0.36954931413202385
C011368,25.74,Genie,Bas-Saint-Laurent,G5N,47293,29,318.4,1,0,Eloignee,0.6377171114708526
C005352,25.97,Sante,Bas-Saint-Laurent,G0L,59372,13,140.6,0,0,Eloignee,0.08864361733071172
C003802,29.84,Genie,Gaspesie-Iles-de-la-Madeleine,G4X,36108,4,114.0,0,0,Eloignee,0.9192642004816479
C013807,26.48,Arts et lettres,Montreal,H8N,43082,6,6.6,1,0,Centre,0.0032753395419911928
C000094,25.12,Sciences sociales,Gaspesie-Iles-de-la-Madeleine,G5C,31165,11,152.5,1,0,Eloignee,0.027624760244848737
C006891,26.91,Genie,Montreal,H1A,85733,10,31.8,0,1,Centre,0.4382352508768228
C008980,31.88,Genie,Bas-Saint-Laurent,G0L,63882,11,249.1,0,1,Eloignee,0.9998096188358484
C002208,29.18,Genie,Montreal,H2X,95188,9,49.6,0,1,Centre,0.8175635523359864
C008215,34.89,Arts et lettres,Capitale-Nationale,G1R,128084,9,19.1,0,1,Centre,0.9997965471164352
C005184,23.39,Genie,Capitale-Nationale,G1R,124246,5,6.0,0,0,Centre,0.0001324503157414539
C000058,35.36,Sciences,Bas-Saint-Laurent,G5L,38610,15,138.8,1,1,Eloignee,0.9993769430888284
C008819,24.18,Genie,Montreal,H4L,55630,8,12.7,0,0,Centre,0.0001534237344863042
C002427,21.84,Arts et lettres,Montreal,H4L,75732,9,21.8,0,0,Centre,0.00019000896766155982
C007553,30.28,Genie,Bas-Saint-Laurent,G0L,58212,17,385.7,0,1,Eloignee,0.966338517917724
C011073,24.77,Sciences,Montreal,H4L,35157,7,4.6,0,0,Centre,0.0002508516901511567
C007781,28.0,Sciences,Capitale-Nationale,G2E,99511,7,19.9,0,1,Centre,0.4275607812641104
C007733,25.21,Sciences,Cote-Nord,G5B,19464,17,126.8,0,0,Eloignee,0.3829154875958062
C008963,26.24,Sante,Capitale-Nationale,G2E,68310,8,23.4,0,0,Centre,0.004555212265051393
C007760,24.5,Genie,Capitale-Nationale,G1R,38661,11,14.8,0,0,Centre,0.0007950675019209106
C013221,26.11,Arts et lettres,Gaspesie-Iles-de-la-Madeleine,G5C,26810,12,294.2,1,0,Eloignee,0.1432331864262358
C010641,25.02,Genie,Gaspesie-Iles-de-la-Madeleine,G4X,40722,16,121.6,0,0,Eloignee,0.09014108697025039
C008872,26.93,Arts et lettres,Bas-Saint-Laurent,G5L,70748,16,87.8,1,0,Eloignee,0.5890519101899822
C008051,31.83,Sciences sociales,Montreal,H3T,58525,3,7.0,0,1,Centre,0.999262164962308
C008589,24.6,Sante,Gaspesie-Iles-de-la-Madeleine,G5C,35528,21,215.6,1,0,Eloignee,0.005604241036586826
C002030,29.71,Sciences,Bas-Saint-Laurent,G5N,34219,14,182.6,0,1,Eloignee,0.942648147975336
C012815,31.33,Genie,Capitale-Nationale,G1V,47808,5,21.7,0,0,Centre,0.3584189713188751
C005861,28.39,Sciences sociales,Gaspesie-Iles-de-la-Madeleine,G4X,20896,9,165.9,1,0,Eloignee,0.2982527714458695
C006243,28.1,Sciences sociales,Montreal,H2X,42788,9,32.4,1,0,Centre,0.16526237949269734
C009646,26.98,Sciences sociales,Gaspesie-Iles-de-la-Madeleine,G5C,50537,10,348.4,0,0,Eloignee,0.29141064843240877
C009735,25.29,Sciences sociales,Bas-Saint-Laurent,G5L,73069,19,94.2,0,0,Eloignee,0.6307274450895616
C004408,25.44,Sciences,Montreal,H8N,69719,11,24.3,0,0,Centre,0.005295759590298453
C000905,29.33,Sante,Bas-Saint-Laurent,G5N,75154,13,202.0,0,1,Eloignee,0.9754712782632804
C004650,31.26,Sante,Montreal,H2X,73523,7,8.2,0,1,Centre,0.9974181927961263
C012899,25.28,Arts et lettres,Montreal,H1A,24591,9,24.1,1,0,Centre,0.006239785446586233
C002143,26.89,Sciences sociales,Gaspesie-Iles-de-la-Madeleine,G4X,22687,13,165.2,0,0,Eloignee,0.030851361796406542
C001968,32.19,Sante,Montreal,H1A,88803,6,15.3,0,1,Centre,0.9997779199363236
C007229,26.56,Arts et lettres,Bas-Saint-Laurent,G0L,55069,5,443.0,0,0,Eloignee,0.008448740282082241
C008366,26.18,Sciences sociales,Cote-Nord,G5B,54616,14,280.6,1,0,Eloignee,0.13221048460471285
C004993,25.14,Sciences,Bas-Saint-Laurent,G5N,56017,9,203.3,0,0,Eloignee,0.00697112596971859
C012419,28.37,Arts et lettres,Capitale-Nationale,G2E,67847,13,22.9,0,1,Centre,0.8674761381226338
C012483,31.6,Sciences sociales,Montreal,H3T,35764,9,13.6,0,1,Centre,0.9996735836328353
C010786,24.74,Sciences,Capitale-Nationale,G1R,81640,8,16.5,1,0,Centre,0.0002537630044534772
C004455,29.17,Sciences sociales,Capitale-Nationale,G1V,29226,7,3.1,1,0,Centre,0.3684904518007563
C010678,26.64,Sciences,Capitale-Nationale,G1V,122289,8,6.3,0,0,Centre,0.04717845623319284
C008561,28.09,Sciences sociales,Cote-Nord,G4R,38756,16,237.4,1,0,Eloignee,0.2559626963482106
C013803,31.02,Sciences,Capitale-Nationale,G1V,84767,9,1.8,0,1,Centre,0.9916827561794398
C002860,28.29,Genie,Montreal,H2X,75717,5,10.6,0,1,Centre,0.6531629171941385
C010570,26.16,Sciences,Bas-Saint-Laurent,G5N,61853,12,313.8,1,0,Eloignee,0.07207459334750986
C001600,31.41,Sciences,Cote-Nord,G0G,36935,10,146.0,1,1,Eloignee,0.9974960063228142
C013153,28.99,Sciences,Montreal,H3T,54206,11,24.2,0,1,Centre,0.7222137834000327
C009327,31.39,Genie,Montreal,H3T,86508,5,18.2,0,1,Centre,0.9981237772006271
C008971,28.06,Genie,Capitale-Nationale,G2E,75397,13,16.4,0,0,Centre,0.5349400541142619
C009362,26.97,Sciences,Montreal,H3T,24436,11,17.6,0,0,Centre,0.08067252570785205
C013740,28.51,Sciences,Montreal,H3T,37733,10,19.0,0,1,Centre,0.45518170834935073
C011883,27.55,Genie,Montreal,H8N,62092,10,25.4,0,0,Centre,0.4819458250826579
C008516,29.13,Arts et lettres,Capitale-Nationale,G1R,91157,9,15.4,0,1,Centre,0.8049385967787472
C006874,27.47,Sciences sociales,Gaspesie-Iles-de-la-Madeleine,G0C,43924,12,197.9,1,0,Eloignee,0.1861850439411891
C011700,31.53,Sciences sociales,Capitale-Nationale,G2E,63238,10,15.6,0,1,Centre,0.9978755155719735
C004978,29.19,Sciences sociales,Cote-Nord,G5B,95146,12,251.7,1,1,Eloignee,0.848017648928853
C007417,20.91,Sante,Cote-Nord,G0G,20512,12,180.0,1,0,Eloignee,0.00015554890947363907
C006073,28.95,Sciences sociales,Capitale-Nationale,G1R,64141,8,22.5,0,0,Centre,0.6177667623782442
C004857,26.84,Sciences sociales,Bas-Saint-Laurent,G0L,110712,10,141.8,0,0,Eloignee,0.2018002827818399
C011255,31.28,Genie,Montreal,H3T,74445,11,23.6,0,1,Centre,0.9987044482384442
C001884,34.29,Sciences sociales,Cote-Nord,G5B,54907,13,165.9,0,1,Eloignee,0.9998654173475793
C000376,26.88,Arts et lettres,Cote-Nord,G0G,36399,12,332.0,1,0,Eloignee,0.06645390497170275
C011705,25.76,Genie,Cote-Nord,G0G,22044,14,129.6,1,0,Eloignee,0.014934625835172412
C013775,25.86,Sante,Montreal,H3T,64925,13,24.6,0,0,Centre,0.009613927949284473
C009175,30.82,Arts et lettres,Capitale-Nationale,G2E,119517,7,18.1,1,1,Centre,0.9909836037537341
C004156,31.42,Sciences,Capitale-Nationale,G3A,64737,6,10.1,0,1,Centre,0.9949936433450823
C013069,26.75,Sciences sociales,Cote-Nord,G4R,42903,13,246.6,1,0,Eloignee,0.05199924886498353
C012364,28.08,Genie,Gaspesie-Iles-de-la-Madeleine,G4X,91507,17,81.4,1,1,Eloignee,0.9153268769313445
C000892,27.45,Sciences sociales,Capitale-Nationale,G1R,42655,7,37.5,0,0,Centre,0.03859019168950923
C002015,30.51,Sciences,Montreal,H3T,21860,8,31.6,0,1,Centre,0.960774768863023
C002377,27.11,Genie,Bas-Saint-Laurent,G5L,61474,9,385.8,1,0,Eloignee,0.07026715785581805
C000452,28.54,Genie,Capitale-Nationale,G3A,79846,11,17.6,0,1,Centre,0.8240264739843731
C004888,29.67,Genie,Montreal,H1A,47773,5,4.3,1,1,Centre,0.9268751201580213
C006476,26.1,Sante,Montreal,H8N,67650,6,37.9,0,0,Centre,0.008838424891101499
C012416,29.17,Sciences,Montreal,H1A,53482,10,14.8,0,0,Centre,0.65318953312003
C012473,30.24,Arts et lettres,Cote-Nord,G4R,91039,13,285.5,1,1,Eloignee,0.9933483954867586
C011355,28.77,Arts et lettres,Montreal,H2X,46642,9,2.4,0,0,Centre,0.5402319900686291
C004478,27.38,Genie,Montreal,H8N,56860,6,66.1,1,0,Centre,0.05858300365709413
C004980,26.12,Genie,Capitale-Nationale,G3A,131407,9,20.3,0,0,Centre,0.1577293383982427
C007775,30.82,Sciences sociales,Montreal,H3T,77263,9,23.5,0,1,Centre,0.9414736922984902
C013779,28.26,Sante,Gaspesie-Iles-de-la-Madeleine,G0C,36145,12,204.3,1,0,Eloignee,0.3468860808113705
C008756,28.71,Sante,Capitale-Nationale,G3A,194414,10,24.9,1,1,Centre,0.960669162872146
C003456,25.51,Genie,Capitale-Nationale,G1R,96207,5,13.4,0,0,Centre,0.0015054896685744283
C011790,27.04,Sciences,Capitale-Nationale,G1V,82363,10,24.6,1,1,Centre,0.48943729203900643
C010451,29.62,Arts et lettres,Montreal,H4L,67137,10,37.1,1,1,Centre,0.955596392799958
C013630,22.59,Genie,Cote-Nord,G4R,93994,17,127.7,1,0,Eloignee,0.007483941502890285
C012027,22.58,Sciences sociales,Gaspesie-Iles-de-la-Madeleine,G5C,53325,17,186.3,1,0,Eloignee,0.0018612504559811672
C011448,37.65,Sciences sociales,Montreal,H3T,55469,7,37.7,0,1,Centre,0.9998261706300885
C007991,33.75,Sante,Capitale-Nationale,G1V,43827,10,7.7,0,1,Centre,0.9999054369434409
C000989,28.15,Sante,Capitale-Nationale,G2E,73032,15,27.3,0,1,Centre,0.8511084724634185
C000838,25.75,Sciences sociales,Capitale-Nationale,G3A,53500,9,27.8,0,0,Centre,0.008112041145760127
C013991,29.14,Sciences,Montreal,H4L,42643,7,10.5,0,0,Centre,0.415998829572121
C005608,24.96,Sante,Montreal,H1A,86272,11,30.2,0,0,Centre,0.05660992030479373
C008471,23.25,Arts et lettres,Cote-Nord,G5B,94706,8,271.3,0,0,Eloignee,0.001360284140461728
C005108,22.49,Sciences,Bas-Saint-Laurent,G0L,56936,10,127.4,0,0,Eloignee,9.554130934795551e-05
C004446,25.97,Sante,Montreal,H1A,75848,7,3.4,0,0,Centre,0.028299580916093938
C010933,32.4,Sciences sociales,Bas-Saint-Laurent,G5L,49067,9,178.8,0,1,Eloignee,0.9994785129391195
C013584,30.48,Sciences,Montreal,H3T,120190,10,42.5,0,1,Centre,0.9935235372992893
C013202,28.55,Sciences sociales,Montreal,H1A,209261,8,19.0,0,1,Centre,0.9387366292313872
C002117,29.47,Sciences sociales,Montreal,H2X,55938,9,13.9,1,1,Centre,0.8079959131494442
C001488,32.12,Genie,Montreal,H1A,199334,5,20.1,1,1,Centre,0.9998753953968973
C002348,30.36,Genie,Capitale-Nationale,G3A,64257,11,29.1,1,1,Centre,0.9602170724907252
C009925,27.08,Sciences sociales,Capitale-Nationale,G1V,55125,10,25.7,1,0,Centre,0.13860158534940026
C010957,28.98,Genie,Montreal,H4L,65838,11,30.9,0,1,Centre,0.8813551205720459
C012609,28.03,Arts et lettres,Montreal,H8N,35398,12,30.5,0,0,Centre,0.07155332413120402
C009716,26.47,Sante,Cote-Nord,G5B,88636,11,356.0,0,0,Eloignee,0.24776079958026695
C009351,32.46,Arts et lettres,Capitale-Nationale,G1V,108793,13,8.4,0,1,Centre,0.9996821558864665
C006164,29.26,Sciences sociales,Capitale-Nationale,G3A,100065,9,70.9,0,1,Centre,0.9609424796679201
C010093,29.31,Arts et lettres,Gaspesie-Iles-de-la-Madeleine,G0C,29327,9,93.4,1,0,Eloignee,0.8266744759953817
C002559,30.06,Arts et lettres,Montreal,H1A,118716,7,48.6,0,1,Centre,0.9680423093080834
C007002,27.8,Sciences sociales,Gaspesie-Iles-de-la-Madeleine,G5C,63256,12,326.6,1,0,Eloignee,0.35491075953552886
C010227,34.62,Sciences,Capitale-Nationale,G2E,62099,10,5.9,0,1,Centre,0.9998024046981182
C005159,25.46,Arts et lettres,Gaspesie-Iles-de-la-Madeleine,G0C,29028,17,319.2,0,0,Eloignee,0.24814310030158696
C003856,27.71,Sante,Capitale-Nationale,G1R,52687,9,35.5,0,0,Centre,0.07893166488160962
C012919,26.18,Sante,Montreal,H1A,66247,5,10.7,0,0,Centre,0.0023635432387666463
C013029,26.08,Sciences,Montreal,H8N,56367,9,20.6,0,0,Centre,0.06756957023548743
C006697,30.49,Sante,Capitale-Nationale,G1V,115172,8,19.7,1,1,Centre,0.9979599717064245
C000167,32.45,Genie,Capitale-Nationale,G1V,84082,6,14.0,0,1,Centre,0.9997813905124757
C009575,24.68,Sante,Montreal,H8N,79904,10,39.5,0,0,Centre,0.00019243899544696066
C004372,30.36,Genie,Bas-Saint-Laurent,G0L,32480,12,275.4,0,1,Eloignee,0.632201410462959
C003653,29.46,Genie,Capitale-Nationale,G2E,51329,13,11.0,1,1,Centre,0.9868824808057038
C004317,23.91,Sciences,Montreal,H8N,75513,6,7.7,0,0,Centre,0.00010285045963816417
C001252,29.24,Sciences sociales,Cote-Nord,G5B,41524,17,232.7,1,0,Eloignee,0.914075097042409
C010917,25.86,Genie,Montreal,H3T,63704,9,6.6,0,0,Centre,0.003631803643005933
C002319,25.74,Arts et lettres,Montreal,H1A,86060,14,7.9,0,1,Centre,0.568597978492043
C009996,27.73,Genie,Montreal,H1A,103707,8,13.8,0,0,Centre,0.4297250009801307
C006009,31.59,Arts et lettres,Capitale-Nationale,G2E,137494,9,12.8,0,1,Centre,0.9997716336688357
C003132,26.83,Sciences sociales,Bas-Saint-Laurent,G5N,48875,11,456.6,1,0,Eloignee,0.11012666386179577
C004709,31.35,Arts et lettres,Montreal,H3T,68309,10,7.0,0,1,Centre,0.9993904878149293
C007989,29.91,Sciences sociales,Capitale-Nationale,G2E,60508,4,10.1,0,1,Centre,0.8203779319160254
C003647,29.38,Sciences sociales,Montreal,H2X,75185,14,14.5,0,1,Centre,0.9648180089054688
C010193,25.86,Sciences sociales,Montreal,H2X,46066,10,24.2,1,0,Centre,0.020153899350015693
C008095,31.15,Sciences,Montreal,H2X,38009,12,35.7,0,1,Centre,0.9945734424913578
C010038,24.85,Genie,Capitale-Nationale,G1R,52521,9,12.0,0,0,Centre,0.00013714186387346166
C000278,25.1,Genie,Montreal,H8N,50862,9,9.7,0,0,Centre,0.030590439169865882
C003067,27.16,Genie,Montreal,H4L,98689,13,26.2,0,1,Centre,0.6079670122685199
C013843,28.75,Genie,Montreal,H2X,105021,9,8.5,0,1,Centre,0.8821916125166829
C011011,27.29,Sante,Montreal,H1A,70331,15,33.8,0,0,Centre,0.5615546495740777
C000187,28.34,Arts et lettres,Bas-Saint-Laurent,G5L,74751,7,251.8,1,0,Eloignee,0.5647817679724842
C005074,23.06,Sciences,Montreal,H4L,112104,6,17.4,1,0,Centre,0.000164279523060214
C004972,23.4,Sciences,Montreal,H1A,51978,8,15.6,0,0,Centre,0.00010254602246329392
C009895,30.95,Sciences,Montreal,H1A,35483,10,17.6,1,1,Centre,0.9956058754675029
C000463,26.54,Sciences,Montreal,H1A,63905,17,13.1,1,1,Centre,0.7864512398263
C008652,29.12,Sciences,Montreal,H8N,127060,6,18.4,0,0,Centre,0.3684462149203572
C013258,26.59,Genie,Cote-Nord,G5B,31863,10,156.5,0,0,Eloignee,0.008331940600914741
C002741,26.38,Sante,Cote-Nord,G5B,48140,8,220.8,1,0,Eloignee,0.006519917308009132
C004260,32.42,Sciences sociales,Capitale-Nationale,G1R,104723,9,16.2,1,1,Centre,0.9998168311325387
C008948,30.38,Sciences,Montreal,H4L,184610,11,14.1,0,1,Centre,0.9983124155009722
C000455,25.64,Genie,Cote-Nord,G4R,41882,19,286.6,1,0,Eloignee,0.62527740429681
C006971,28.67,Sante,Montreal,H2X,83717,10,8.1,0,0,Centre,0.8419684130796876
C012472,32.32,Arts et lettres,Capitale-Nationale,G2E,62881,9,38.7,0,1,Centre,0.9997362116000952
C005192,28.78,Sciences,Montreal,H8N,58089,9,9.1,1,1,Centre,0.4636286782752348
C009694,25.75,Sante,Bas-Saint-Laurent,G5L,25753,12,420.5,0,0,Eloignee,0.025617291385917628
C000658,29.49,Arts et lettres,Capitale-Nationale,G2E,111941,3,24.3,0,1,Centre,0.7513625536757416
C012333,26.19,Sciences sociales,Gaspesie-Iles-de-la-Madeleine,G5C,61538,13,255.4,0,0,Eloignee,0.21578814267880872
C006357,28.71,Sciences sociales,Montreal,H4L,72322,10,11.0,0,1,Centre,0.8747028761006659
C012962,24.52,Sciences,Montreal,H8N,116151,9,40.6,0,0,Centre,0.0002442747263014393
C012015,31.04,Genie,Capitale-Nationale,G1R,248084,14,1.6,0,1,Centre,0.9997778606014319
C005204,30.15,Arts et lettres,Gaspesie-Iles-de-la-Madeleine,G5C,56532,8,335.3,0,1,Eloignee,0.6724330484405406
C000053,31.03,Arts et lettres,Gaspesie-Iles-de-la-Madeleine,G4X,24613,12,60.3,1,1,Eloignee,0.9861512038715169
C009746,25.42,Genie,Montreal,H8N,67452,6,6.4,0,0,Centre,0.0019335685546980595
C011208,26.42,Sante,Capitale-Nationale,G1V,40208,5,8.6,0,0,Centre,0.00261045783595722
C003622,25.96,Genie,Capitale-Nationale,G1R,143090,8,5.5,0,0,Centre,0.15597673174832982
C006608,25.7,Sciences sociales,Montreal,H8N,31740,13,15.5,1,0,Centre,0.026270783601348744
C005879,29.35,Arts et lettres,Capitale-Nationale,G3A,68814,10,12.6,0,1,Centre,0.8946770007285384
C002479,23.4,Sciences,Capitale-Nationale,G1R,74968,10,39.0,1,0,Centre,9.675360780029227e-05
C011862,26.26,Genie,Capitale-Nationale,G1R,43376,5,44.7,0,0,Centre,0.005319089365391074
C005145,27.57,Sciences sociales,Gaspesie-Iles-de-la-Madeleine,G4X,44420,20,411.9,0,1,Eloignee,0.48520575763501556
C004277,24.4,Sciences,Montreal,H8N,37097,8,29.3,0,0,Centre,0.0002115913362862805
C005394,30.84,Sciences sociales,Montreal,H2X,49004,8,52.3,0,1,Centre,0.9854773346362827
C004201,30.86,Sciences sociales,Gaspesie-Iles-de-la-Madeleine,G0C,98434,11,83.9,1,1,Eloignee,0.9962916919481395
C009830,28.43,Genie,Montreal,H4L,62629,6,26.3,1,0,Centre,0.2807189026704055
C004829,26.99,Sante,Montreal,H8N,68105,12,27.4,0,0,Centre,0.17176669685295523
C003875,22.72,Sante,Gaspesie-Iles-de-la-Madeleine,G5C,36214,16,469.1,1,0,Eloignee,0.0015029275530030826
C000859,30.88,Genie,Montreal,H8N,52292,8,7.6,0,1,Centre,0.9872853896171288
C010383,25.23,Sciences sociales,Montreal,H2X,62278,10,19.0,0,0,Centre,0.0070573452465187946
C004617,26.55,Sante,Gaspesie-Iles-de-la-Madeleine,G4X,20477,10,344.8,0,0,Eloignee,0.011901306303111902
C007431,30.71,Genie,Capitale-Nationale,G1V,75245,14,7.1,0,1,Centre,0.996871929119535
C013416,24.07,Sciences,Capitale-Nationale,G1R,173556,4,46.8,1,0,Centre,0.001734846618771006
C010113,29.76,Genie,Capitale-Nationale,G2E,56333,9,31.1,0,1,Centre,0.7133909736366146
C002880,28.55,Sante,Montreal,H3T,66567,9,27.0,0,1,Centre,0.7801521131985666
C002528,25.96,Arts et lettres,Bas-Saint-Laurent,G5L,122006,16,142.9,1,0,Eloignee,0.6910816649023239
C001094,29.87,Sciences,Cote-Nord,G0G,83592,13,186.4,0,1,Eloignee,0.9970238612871376
C011937,29.22,Sante,Cote-Nord,G0G,46871,11,105.1,0,0,Eloignee,0.8444109712288271
C011696,25.62,Sciences,Montreal,H2X,102967,5,5.5,0,0,Centre,0.0017760473759608438
C011463,29.08,Sciences sociales,Montreal,H4L,86110,10,47.1,0,1,Centre,0.8173415599505855
C001877,26.38,Sciences,Montreal,H2X,59678,13,14.0,0,0,Centre,0.20914450626684014
C007439,34.02,Sante,Montreal,H2X,73820,6,5.6,1,1,Centre,0.9998355187003587
C011141,23.59,Arts et lettres,Montreal,H1A,74620,13,5.7,0,0,Centre,0.00021167192952059347
C000974,25.15,Genie,Gaspesie-Iles-de-la-Madeleine,G5C,75788,19,459.2,0,0,Eloignee,0.549981706751243
C009374,28.83,Sciences,Gaspesie-Iles-de-la-Madeleine,G0C,87135,12,253.8,1,0,Eloignee,0.848298647048131
C004515,29.87,Genie,Bas-Saint-Laurent,G0L,45412,12,158.2,0,0,Eloignee,0.9527417153020988
C011553,29.86,Arts et lettres,Gaspesie-Iles-de-la-Madeleine,G4X,79570,8,199.0,0,0,Eloignee,0.9913890952565839
C000576,29.96,Sciences sociales,Montreal,H2X,87262,12,29.9,0,1,Centre,0.9883225190136249
C010551,27.52,Sciences,Cote-Nord,G0G,93266,14,166.4,1,0,Eloignee,0.6973093860827219
C011706,32.09,Arts et lettres,Bas-Saint-Laurent,G5N,67619,15,142.5,1,1,Eloignee,0.9974627658147172
C010612,34.99,Sante,Gaspesie-Iles-de-la-Madeleine,G5C,106878,14,186.8,1,1,Eloignee,0.9998471440520874
C007061,27.45,Sciences sociales,Montreal,H2X,48014,9,27.6,1,0,Centre,0.07289797053519194
C007784,32.28,Arts et lettres,Montreal,H8N,71383,7,55.7,1,1,Centre,0.999530825533463
C000204,28.48,Sciences sociales,Montreal,H2X,56672,9,42.1,1,1,Centre,0.655139694661565
C002026,28.61,Sciences sociales,Capitale-Nationale,G1V,51798,9,16.6,0,1,Centre,0.5915401543953455
C005373,30.04,Genie,Montreal,H2X,63788,9,10.5,0,1,Centre,0.8275909603304451
C004603,23.78,Arts et lettres,Bas-Saint-Laurent,G5N,72476,12,76.1,0,0,Eloignee,0.00019065409872078465
C007987,26.06,Sciences sociales,Bas-Saint-Laurent,G5L,105229,10,410.4,1,0,Eloignee,0.5362645143950162
C008730,26.45,Genie,Montreal,H3T,84103,6,19.2,1,0,Centre,0.03267755270532553
C004314,20.46,Sciences sociales,Cote-Nord,G5B,54673,14,129.2,0,0,Eloignee,8.295647201634757e-05
C010459,25.79,Sante,Capitale-Nationale,G1R,46047,6,40.2,1,0,Centre,0.0023550564802794064
C002724,26.58,Genie,Gaspesie-Iles-de-la-Madeleine,G0C,60937,7,184.7,0,0,Eloignee,0.051132337401636516
C009055,29.16,Genie,Montreal,H3T,56376,2,14.6,1,0,Centre,0.5298046878538843
C004489,29.23,Genie,Montreal,H8N,63444,3,27.3,0,1,Centre,0.6328541275932329
C003386,20.83,Arts et lettres,Gaspesie-Iles-de-la-Madeleine,G0C,63461,11,196.9,0,0,Eloignee,0.00012927793257460027
C010559,28.66,Arts et lettres,Montreal,H8N,102134,10,12.5,0,1,Centre,0.8505557799930608
C006184,29.32,Sciences,Capitale-Nationale,G1V,52537,7,62.6,0,1,Centre,0.6415326781820274
C003589,26.7,Genie,Cote-Nord,G5B,99814,19,327.3,1,1,Eloignee,0.9022780735925925
C005424,29.51,Sciences,Montreal,H2X,86136,10,3.9,0,1,Centre,0.8358323903261263
C013543,24.71,Sciences,Gaspesie-Iles-de-la-Madeleine,G4X,53522,8,102.0,1,0,Eloignee,0.00014404150628328282
C007322,32.09,Sante,Bas-Saint-Laurent,G5L,38334,15,130.1,0,1,Eloignee,0.9996794406706374
C002200,30.62,Arts et lettres,Bas-Saint-Laurent,G5L,57009,8,58.0,0,1,Eloignee,0.7708498714609436
C001545,28.94,Sante,Cote-Nord,G4R,75968,20,133.7,0,1,Eloignee,0.9790239562284854
C003606,28.1,Sciences sociales,Capitale-Nationale,G1R,72261,9,32.2,0,1,Centre,0.599130910994128
C000720,24.97,Arts et lettres,Gaspesie-Iles-de-la-Madeleine,G5C,39339,13,172.8,0,0,Eloignee,0.011633365716991338
C000535,29.87,Sciences sociales,Cote-Nord,G5B,86786,9,144.2,0,1,Eloignee,0.9927463452245966
C002196,27.95,Sciences sociales,Montreal,H1A,69620,11,11.9,1,1,Centre,0.565580001201785
C000311,25.74,Sciences,Montreal,H2X,40673,9,26.1,1,0,Centre,0.0027485058873408736
C003460,26.07,Genie,Montreal,H3T,42230,10,37.8,0,0,Centre,0.3477649702775211
C011886,24.84,Sciences,Montreal,H1A,39480,9,17.9,0,0,Centre,0.0001475463389603564
C005540,30.55,Sante,Cote-Nord,G5B,38550,11,270.4,0,1,Eloignee,0.9471894376889433
C000751,28.41,Sciences,Gaspesie-Iles-de-la-Madeleine,G0C,81282,19,204.6,0,1,Eloignee,0.9549054251874135
C008248,28.92,Genie,Montreal,H3T,53007,4,22.1,1,0,Centre,0.537902040963171
C006823,32.63,Sciences sociales,Capitale-Nationale,G2E,36985,11,21.6,0,1,Centre,0.9967186595291839
C002908,26.3,Genie,Montreal,H4L,57732,8,12.6,1,0,Centre,0.0265824838021197
C003705,25.09,Arts et lettres,Gaspesie-Iles-de-la-Madeleine,G5C,69632,13,83.0,0,0,Eloignee,0.0016505075820614542
C012516,33.16,Sciences,Cote-Nord,G4R,94877,14,181.4,1,1,Eloignee,0.9995640523822372
C000687,28.94,Sciences,Capitale-Nationale,G3A,63023,2,10.4,0,1,Centre,0.5633183145038462
C008597,20.62,Sciences,Capitale-Nationale,G1R,48871,9,14.3,0,0,Centre,0.00010082723822461171
C008869,25.87,Genie,Bas-Saint-Laurent,G5N,82202,16,163.8,1,0,Eloignee,0.5758640253099415
C006717,28.64,Sante,Bas-Saint-Laurent,G0L,84846,10,200.9,0,0,Eloignee,0.8616923930139985
C003152,32.37,Sciences,Gaspesie-Iles-de-la-Madeleine,G4X,18866,11,260.2,0,1,Eloignee,0.9991486209940299
C009751,30.53,Sciences,Capitale-Nationale,G3A,168688,8,20.1,0,1,Centre,0.9989164224600091
C008141,27.95,Arts et lettres,Capitale-Nationale,G1R,47171,9,3.2,0,0,Centre,0.1369233611837883
C002079,24.14,Genie,Montreal,H4L,37034,6,26.2,0,0,Centre,0.000859118802588503
C002644,34.24,Sciences sociales,Capitale-Nationale,G1R,47773,9,18.4,0,1,Centre,0.9995085058641848
C004122,32.82,Genie,Montreal,H3T,48722,12,13.9,0,1,Centre,0.9998109849629029
C002974,22.86,Genie,Gaspesie-Iles-de-la-Madeleine,G0C,56109,12,215.6,1,0,Eloignee,0.00011284609709400118
C009353,32.28,Sante,Gaspesie-Iles-de-la-Madeleine,G4X,101703,14,245.4,1,1,Eloignee,0.9998122202686369
C011827,30.52,Genie,Montreal,H4L,59291,8,19.8,0,1,Centre,0.9281622253827083
C000826,24.14,Sciences sociales,Montreal,H3T,30260,12,12.8,0,0,Centre,0.00018724231534943814
C001418,28.87,Arts et lettres,Bas-Saint-Laurent,G5L,35099,9,247.4,1,1,Eloignee,0.4183403458635534
C010932,25.88,Sciences sociales,Montreal,H4L,59247,8,9.2,0,0,Centre,0.005221745605681919
C012336,30.29,Genie,Gaspesie-Iles-de-la-Madeleine,G4X,43747,16,85.2,0,1,Eloignee,0.9633682709112908
C013080,33.06,Arts et lettres,Montreal,H3T,94186,13,18.0,0,1,Centre,0.9993326554964719
C012784,28.77,Sciences,Montreal,H4L,83838,7,14.8,0,1,Centre,0.5535490206266427
C013170,22.2,Arts et lettres,Bas-Saint-Laurent,G0L,22956,10,208.9,1,0,Eloignee,0.00037966402029507903
C012109,33.73,Sciences,Capitale-Nationale,G1R,132591,13,5.5,1,1,Centre,0.9997231142089339
C001708,30.37,Sante,Capitale-Nationale,G1R,63990,9,9.1,0,1,Centre,0.9279492331221538
C004563,25.16,Sante,Montreal,H1A,69549,15,18.1,0,0,Centre,0.04560318115807844
C008549,29.24,Sciences,Capitale-Nationale,G3A,71260,11,16.0,1,1,Centre,0.8852092930290987
C004397,32.58,Arts et lettres,Gaspesie-Iles-de-la-Madeleine,G5C,53982,17,105.7,0,1,Eloignee,0.9110556113151282
C003617,26.34,Sciences,Gaspesie-Iles-de-la-Madeleine,G0C,47045,15,90.8,0,0,Eloignee,0.13965385356693102
C012319,28.86,Genie,Capitale-Nationale,G1R,58931,9,10.1,0,0,Centre,0.6256353633964877
C001662,30.08,Sciences sociales,Cote-Nord,G4R,53124,16,312.3,0,1,Eloignee,0.9742674321499372
C005285,28.94,Sciences sociales,Bas-Saint-Laurent,G0L,61709,12,340.4,1,0,Eloignee,0.811076703170852
C013409,30.99,Sciences,Bas-Saint-Laurent,G5L,87822,9,201.9,0,1,Eloignee,0.9821821626487164
C002535,29.95,Sciences,Montreal,H3T,101258,16,48.7,0,1,Centre,0.9969119351764167
C012787,28.03,Genie,Capitale-Nationale,G3A,50924,9,4.4,0,0,Centre,0.1017285927141974
C002287,22.82,Genie,Montreal,H3T,127347,9,19.9,1,0,Centre,0.0002856372266356405
C005497,29.03,Sciences sociales,Gaspesie-Iles-de-la-Madeleine,G5C,71637,15,277.6,0,1,Eloignee,0.965108791852918
C008914,25.32,Sciences sociales,Gaspesie-Iles-de-la-Madeleine,G0C,38192,19,191.3,1,0,Eloignee,0.33548632747588475
C001913,30.06,Sciences sociales,Gaspesie-Iles-de-la-Madeleine,G4X,79993,10,397.3,1,0,Eloignee,0.9805453831316506
C012385,26.51,Genie,Montreal,H2X,59208,8,15.9,0,1,Centre,0.17114253137565597
C004513,21.22,Arts et lettres,Montreal,H8N,86347,12,18.0,0,0,Centre,0.0007030386108296104
C010211,24.97,Arts et lettres,Bas-Saint-Laurent,G5N,67009,14,167.9,1,0,Eloignee,0.002066561742394632
C010726,27.05,Sante,Gaspesie-Iles-de-la-Madeleine,G5C,59713,19,188.3,0,0,Eloignee,0.8666377116575449
C008220,24.4,Sciences sociales,Montreal,H3T,127907,6,21.2,0,0,Centre,0.0004862266357279993
C009087,29.67,Arts et lettres,Cote-Nord,G4R,47655,16,156.9,1,1,Eloignee,0.9942379704788991
C011938,28.17,Sciences sociales,Capitale-Nationale,G3A,161675,13,19.5,0,1,Centre,0.9398962655327578
C009880,25.12,Sciences sociales,Bas-Saint-Laurent,G5N,58966,13,342.8,0,0,Eloignee,0.007291192712996178
C005965,24.35,Arts et lettres,Capitale-Nationale,G3A,97983,7,30.3,0,0,Centre,0.0012205958508545816
C010889,25.21,Sciences sociales,Gaspesie-Iles-de-la-Madeleine,G4X,76191,8,182.0,1,0,Eloignee,0.007038333667165966
C008897,29.94,Genie,Bas-Saint-Laurent,G5L,42724,15,260.3,0,1,Eloignee,0.9870275882377813
C004120,32.31,Sciences sociales,Montreal,H4L,52958,4,38.7,0,1,Centre,0.9989283242443441
C009331,27.34,Genie,Gaspesie-Iles-de-la-Madeleine,G4X,27584,7,233.9,1,0,Eloignee,0.023344298939957823
C001777,28.4,Sciences sociales,Capitale-Nationale,G3A,143244,6,72.3,0,1,Centre,0.9033661002375704
C005725,30.6,Sciences sociales,Montreal,H3T,53857,11,16.7,0,1,Centre,0.9838598090606265
C006857,22.53,Sciences sociales,Cote-Nord,G4R,75122,13,288.8,1,0,Eloignee,0.00012458919221107955
C008038,27.14,Sciences,Montreal,H1A,67947,11,7.9,0,0,Centre,0.16008755588368523
C013851,26.41,Sciences,Bas-Saint-Laurent,G5L,51596,9,136.5,1,0,Eloignee,0.012754955805196063
C001722,29.79,Arts et lettres,Cote-Nord,G0G,65691,11,99.5,0,1,Eloignee,0.9860546778506256
C006433,32.94,Sante,Montreal,H2X,71490,8,38.6,0,1,Centre,0.9998691365162442
C008312,24.39,Sciences,Gaspesie-Iles-de-la-Madeleine,G5C,52083,11,179.3,0,0,Eloignee,0.00016532457199403762
C006317,30.41,Sciences,Montreal,H3T,62451,7,25.7,0,1,Centre,0.9054018231847956
C001546,29.12,Sciences,Montreal,H3T,76309,6,5.8,1,0,Centre,0.5795538849719916
C013038,28.0,Arts et lettres,Montreal,H4L,72947,8,13.3,0,1,Centre,0.5496662087800023
C011360,25.88,Genie,Montreal,H2X,96851,9,10.1,0,0,Centre,0.010824595702678333
C000367,23.22,Sciences,Capitale-Nationale,G2E,68900,3,22.7,0,0,Centre,0.00011407209214025471
C001650,26.84,Sciences sociales,Montreal,H3T,42627,7,7.7,0,0,Centre,0.009360125426291454
C009542,25.72,Sciences sociales,Cote-Nord,G0G,51628,10,245.9,0,0,Eloignee,0.018381313145156848
C004036,26.33,Sciences sociales,Bas-Saint-Laurent,G5N,27579,12,88.0,1,0,Eloignee,0.032811684279289405
C009724,23.39,Sante,Montreal,H4L,33156,6,9.7,0,0,Centre,0.0003033869694631525
C012406,28.56,Sciences sociales,Montreal,H2X,50593,10,13.8,1,0,Centre,0.556540261946433
C006839,29.91,Genie,Montreal,H3T,66304,5,6.5,1,1,Centre,0.9821363027906445
C002145,26.96,Sciences,Cote-Nord,G4R,57975,21,255.3,1,0,Eloignee,0.8429021869087711
C011523,24.23,Sante,Gaspesie-Iles-de-la-Madeleine,G5C,95250,14,239.3,1,0,Eloignee,0.0009879216039336773
C005178,25.7,Genie,Montreal,H4L,88251,6,5.9,1,0,Centre,0.004256976618708925
C010429,26.93,Genie,Capitale-Nationale,G3A,79897,6,9.6,1,0,Centre,0.02798726914889546
C002552,24.98,Sante,Gaspesie-Iles-de-la-Madeleine,G0C,50075,11,108.4,0,0,Eloignee,0.011297242098110663
C001632,20.4,Sciences sociales,Montreal,H2X,56970,7,11.4,1,0,Centre,8.766308210194828e-05
C007578,27.16,Arts et lettres,Gaspesie-Iles-de-la-Madeleine,G0C,42425,11,89.5,0,0,Eloignee,0.10771801473459194
C004032,27.62,Sante,Gaspesie-Iles-de-la-Madeleine,G0C,28777,12,173.2,0,0,Eloignee,0.0537932755966074
C000225,25.63,Sante,Montreal,H2X,83903,10,12.9,1,0,Centre,0.06386481633942069
C002129,28.85,Arts et lettres,Capitale-Nationale,G1V,58956,9,14.9,0,1,Centre,0.5943519986818728
C009790,26.19,Sciences sociales,Cote-Nord,G5B,31394,14,197.9,0,0,Eloignee,0.09331937199406043
C009304,29.57,Arts et lettres,Montreal,H3T,62771,12,34.7,1,1,Centre,0.9473708467590611
C009049,26.68,Sciences,Bas-Saint-Laurent,G5N,70360,14,196.5,1,0,Eloignee,0.3695907302706522
C000900,32.48,Arts et lettres,Gaspesie-Iles-de-la-Madeleine,G4X,19407,12,208.0,1,1,Eloignee,0.9980865462199928
C011443,23.71,Arts et lettres,Gaspesie-Iles-de-la-Madeleine,G4X,64406,16,262.6,0,0,Eloignee,0.0036374952540964484
C006596,34.09,Genie,Bas-Saint-Laurent,G0L,53157,14,246.0,1,1,Eloignee,0.9998702562070579
C000593,24.13,Sante,Capitale-Nationale,G1V,70099,8,35.0,0,0,Centre,0.0001502450787476955
C005788,27.3,Arts et lettres,Gaspesie-Iles-de-la-Madeleine,G4X,43430,13,195.0,1,0,Eloignee,0.11545081836059345
C003436,24.7,Arts et lettres,Capitale-Nationale,G1V,52096,7,11.9,1,0,Centre,0.00015524352537288894
C003200,28.23,Sciences,Bas-Saint-Laurent,G0L,72666,14,98.7,0,0,Eloignee,0.7267601718426261
C005513,25.98,Sciences,Montreal,H2X,129274,9,8.8,0,0,Centre,0.06936781875474013
C010366,26.66,Genie,Gaspesie-Iles-de-la-Madeleine,G5C,30689,22,382.3,0,0,Eloignee,0.18490735374002076
C002166,25.08,Sciences,Bas-Saint-Laurent,G0L,59541,14,102.3,0,0,Eloignee,0.00303353756919578
C001229,28.08,Arts et lettres,Capitale-Nationale,G2E,53482,7,8.9,0,0,Centre,0.1231591692517744
C013528,24.05,Sciences,Capitale-Nationale,G1R,121212,5,19.8,1,0,Centre,0.00033009141850525196
C000411,22.08,Sciences,Gaspesie-Iles-de-la-Madeleine,G4X,69398,14,169.3,1,0,Eloignee,0.00013131252364567122
C003618,25.9,Sante,Montreal,H4L,35484,13,28.3,0,0,Centre,0.06614174108160524
C013003,33.47,Sciences sociales,Capitale-Nationale,G1R,161834,4,9.4,0,1,Centre,0.9997967909622283
C002425,23.72,Sante,Gaspesie-Iles-de-la-Madeleine,G5C,75545,23,231.5,0,0,Eloignee,0.004004640263731316
C002606,28.77,Genie,Montreal,H1A,89612,9,16.5,1,1,Centre,0.7503752741704756
C010452,24.34,Sciences sociales,Montreal,H3T,70952,5,36.5,0,0,Centre,0.0001477419879402837
C000812,27.81,Sante,Montreal,H3T,70471,12,34.5,0,0,Centre,0.3665277161377562
C013811,24.53,Sciences,Montreal,H8N,53305,4,14.7,0,0,Centre,0.00015019320100705062
C002545,27.16,Sante,Bas-Saint-Laurent,G5N,54743,11,473.6,0,0,Eloignee,0.22362180487130573
C007811,28.08,Sciences,Montreal,H1A,73334,8,11.2,1,1,Centre,0.43039322440044375
C011600,26.96,Sciences,Montreal,H3T,112437,14,9.5,0,1,Centre,0.6083883379308728
C006087,22.43,Arts et lettres,Capitale-Nationale,G3A,65824,8,5.1,0,0,Centre,0.0001317567495970523
C003912,25.5,Sante,Bas-Saint-Laurent,G0L,69034,16,82.8,1,0,Eloignee,0.2914490530922043
C010804,23.01,Sciences sociales,Capitale-Nationale,G2E,25432,8,18.8,0,0,Centre,0.0001461325612781475
C006081,29.55,Genie,Capitale-Nationale,G1V,44494,5,24.8,0,1,Centre,0.9131378804632557
C011894,23.39,Arts et lettres,Cote-Nord,G0G,26450,18,111.3,0,0,Eloignee,0.002927298766637606
C001233,24.52,Arts et lettres,Cote-Nord,G4R,40159,13,178.9,1,0,Eloignee,0.0003797449868974281
C013799,30.55,Sciences,Capitale-Nationale,G2E,75942,8,32.1,0,1,Centre,0.9964047827036
C013897,26.68,Sciences sociales,Cote-Nord,G5B,75455,4,173.3,1,0,Eloignee,0.026989625170516885
C003033,30.64,Arts et lettres,Montreal,H1A,40192,4,20.6,0,0,Centre,0.3942731316428133
C005436,26.85,Sante,Montreal,H8N,115300,7,18.9,0,1,Centre,0.20340581670348873
C008687,25.53,Sciences,Cote-Nord,G4R,59264,11,36.8,0,0,Eloignee,0.0032247962853562974
C008296,24.18,Genie,Montreal,H4L,43669,6,24.6,1,0,Centre,0.0006086524178196899
C007018,25.06,Sciences sociales,Capitale-Nationale,G3A,77978,14,24.6,1,0,Centre,0.011901836099135811
C004662,29.76,Arts et lettres,Bas-Saint-Laurent,G0L,18665,13,177.4,1,1,Eloignee,0.9585227378433934
C013854,30.82,Sante,Montreal,H1A,111125,11,6.3,1,1,Centre,0.9990701811392438
C004371,27.54,Sciences,Montreal,H8N,71040,6,0.1,0,0,Centre,0.2725292293724738
C004736,26.86,Genie,Gaspesie-Iles-de-la-Madeleine,G5C,62633,12,228.4,1,0,Eloignee,0.08435749337195055
C001719,27.44,Sante,Gaspesie-Iles-de-la-Madeleine,G4X,43765,17,354.9,0,0,Eloignee,0.514667578208472
C013255,26.11,Sciences,Montreal,H1A,57729,11,89.8,0,0,Centre,0.0733738351034558
C001238,31.57,Genie,Montreal,H1A,56119,6,65.6,0,1,Centre,0.9991910739180977
C010732,29.41,Sciences,Gaspesie-Iles-de-la-Madeleine,G0C,68020,10,193.0,0,0,Eloignee,0.7839611551971705
C005244,32.16,Sciences,Bas-Saint-Laurent,G0L,60037,19,252.8,1,1,Eloignee,0.9928089517651312
C010504,29.88,Sciences sociales,Gaspesie-Iles-de-la-Madeleine,G4X,13364,8,172.5,0,0,Eloignee,0.9626081745215915
C008421,25.33,Sciences sociales,Gaspesie-Iles-de-la-Madeleine,G0C,68398,17,82.9,0,0,Eloignee,0.44557824761897896
C003728,24.94,Arts et lettres,Gaspesie-Iles-de-la-Madeleine,G5C,44408,21,230.1,0,0,Eloignee,0.14084835856401814
C003648,31.79,Genie,Montreal,H2X,68180,7,11.6,1,1,Centre,0.9998392344069305
C001270,27.06,Arts et lettres,Cote-Nord,G5B,64659,20,88.6,1,1,Eloignee,0.8681924472881746
C006589,30.95,Arts et lettres,Montreal,H3T,66164,6,27.0,0,1,Centre,0.9905385056803264
C008781,28.85,Sante,Montreal,H2X,41643,11,28.1,1,0,Centre,0.5883153479742461
C008426,28.38,Sante,Montreal,H8N,109769,10,43.7,0,1,Centre,0.9122048455293694
C008452,28.18,Sciences,Capitale-Nationale,G1V,49970,6,26.4,1,0,Centre,0.20099394969974407
C005953,26.28,Sciences,Montreal,H2X,109547,5,16.8,0,1,Centre,0.0218075489367931
C001557,28.21,Arts et lettres,Capitale-Nationale,G1R,78570,5,26.5,1,0,Centre,0.10635746966555627
C009730,33.73,Sante,Montreal,H8N,86853,5,21.6,1,1,Centre,0.999901833691469
C005660,28.02,Sciences sociales,Bas-Saint-Laurent,G5L,71237,5,346.8,1,0,Eloignee,0.11152914207755851
C004868,29.19,Sante,Gaspesie-Iles-de-la-Madeleine,G5C,20839,9,264.0,0,0,Eloignee,0.48877154701557085
C002563,31.17,Sciences sociales,Montreal,H2X,57242,7,4.0,0,1,Centre,0.9982073462709977
C007355,30.88,Sante,Montreal,H1A,146026,13,6.9,0,1,Centre,0.9987696360675187
C008450,24.41,Sciences sociales,Bas-Saint-Laurent,G5N,35133,13,257.3,0,0,Eloignee,0.00022440586549186422
C003246,31.98,Genie,Montreal,H4L,66889,6,4.4,1,1,Centre,0.9996137272569681
C004742,33.77,Arts et lettres,Montreal,H3T,60481,14,1.5,0,1,Centre,0.9998058635289342
C012819,28.63,Sante,Bas-Saint-Laurent,G0L,61752,22,180.4,0,1,Eloignee,0.9661584897013952
C011999,19.7,Genie,Capitale-Nationale,G1V,46850,7,8.3,0,0,Centre,0.00027442448090912513
C002389,26.76,Sante,Capitale-Nationale,G1V,19477,12,27.6,0,0,Centre,0.03528401853232925
C007162,27.18,Sciences,Montreal,H4L,71977,11,34.9,1,0,Centre,0.2633858699361926
C001795,29.59,Sante,Capitale-Nationale,G1R,38819,13,9.3,0,1,Centre,0.9824521965122675
C004885,27.96,Sciences,Montreal,H4L,31851,10,14.4,0,0,Centre,0.10931246769382337
C007347,30.75,Arts et lettres,Montreal,H1A,69138,10,16.3,1,1,Centre,0.9964068045141705
C011521,29.53,Sciences sociales,Montreal,H2X,87651,8,16.1,0,1,Centre,0.8353973213475279
C004668,28.01,Genie,Gaspesie-Iles-de-la-Madeleine,G5C,51565,11,322.0,1,0,Eloignee,0.3166624933852656
C010826,29.31,Sante,Capitale-Nationale,G1V,57508,9,12.2,0,1,Centre,0.9036403006141757
C010948,29.67,Sciences,Montreal,H8N,115622,9,25.5,1,1,Centre,0.975684616870104
C011317,33.16,Sciences,Bas-Saint-Laurent,G0L,68593,18,178.4,1,1,Eloignee,0.9974849333590806
C002040,29.36,Sciences,Bas-Saint-Laurent,G5L,42198,15,199.5,0,1,Eloignee,0.9521210321407941
C003354,24.6,Genie,Bas-Saint-Laurent,G5L,42964,6,633.1,1,0,Eloignee,0.0005164386516869234
C008711,28.06,Sciences,Capitale-Nationale,G1V,89689,10,7.3,1,0,Centre,0.7615130397641688
C004527,24.36,Sciences,Montreal,H2X,104552,2,14.4,0,0,Centre,0.00022408718206409688
C013369,29.89,Genie,Montreal,H2X,26211,11,19.0,0,0,Centre,0.8923259783229275
C001100,25.79,Genie,Capitale-Nationale,G3A,113703,12,35.7,0,0,Centre,0.023419551458319546
C007146,27.23,Sciences sociales,Montreal,H8N,87408,10,8.1,1,0,Centre,0.34546883677582557
C013286,24.8,Sante,Montreal,H1A,68790,12,14.2,1,0,Centre,0.00014485972566399054
C009733,27.66,Arts et lettres,Cote-Nord,G5B,74966,8,154.8,1,0,Eloignee,0.43188043556029937
C008871,29.51,Sciences,Montreal,H3T,95548,2,23.8,0,1,Centre,0.5369023881771454
C013373,23.53,Arts et lettres,Bas-Saint-Laurent,G5L,22889,8,149.7,0,0,Eloignee,0.0002210283878709572
C006443,24.98,Genie,Montreal,H8N,44532,12,15.4,0,0,Centre,0.01591339687263456
C011229,32.21,Sante,Montreal,H2X,54700,8,14.2,0,1,Centre,0.999810104279504
C000165,23.65,Genie,Bas-Saint-Laurent,G5L,96619,13,74.3,0,0,Eloignee,0.00025542903452753784
C011265,28.49,Sciences,Gaspesie-Iles-de-la-Madeleine,G4X,43535,12,292.2,1,0,Eloignee,0.7154366835339304
C000342,26.66,Arts et lettres,Capitale-Nationale,G3A,56122,8,32.1,0,0,Centre,0.021087501592009054
C006131,28.65,Genie,Capitale-Nationale,G1R,37074,9,13.9,0,0,Centre,0.148156236669997
C002455,23.14,Sciences,Gaspesie-Iles-de-la-Madeleine,G5C,79747,13,154.3,0,0,Eloignee,0.00022425540589956534
C008356,29.11,Genie,Montreal,H4L,51711,7,17.8,0,1,Centre,0.5965471193878031
C005819,27.06,Genie,Montreal,H4L,104240,11,2.6,0,1,Centre,0.3950048829815828
C008595,20.73,Sciences sociales,Bas-Saint-Laurent,G5L,76681,18,100.8,0,0,Eloignee,0.003138908501751448
C011211,29.58,Sciences,Montreal,H4L,82651,8,33.7,0,1,Centre,0.9811560843776639
C007996,32.49,Sciences,Capitale-Nationale,G1V,43370,8,7.9,0,1,Centre,0.9996711464592803
C004769,21.4,Sciences sociales,Cote-Nord,G0G,45198,12,165.5,0,0,Eloignee,9.823782303094137e-05
C004928,27.54,Sciences sociales,Montreal,H1A,94998,8,41.0,0,1,Centre,0.4912981243115286
C011177,26.44,Sciences sociales,Cote-Nord,G5B,44743,7,42.7,1,0,Eloignee,0.008189821953148126
C006562,25.58,Sciences sociales,Montreal,H4L,175886,5,13.1,0,0,Centre,0.035885404334484
C005707,32.19,Arts et lettres,Capitale-Nationale,G2E,128384,10,31.0,0,1,Centre,0.9997065245613894
C006816,28.87,Arts et lettres,Montreal,H8N,111971,11,45.7,0,1,Centre,0.9303390164994696
C010126,27.76,Arts et lettres,Bas-Saint-Laurent,G5L,61825,11,106.0,1,0,Eloignee,0.4215663877094341
C012647,28.74,Arts et lettres,Capitale-Nationale,G2E,61537,11,12.2,0,1,Centre,0.5353304629735727
C008185,29.23,Sciences sociales,Gaspesie-Iles-de-la-Madeleine,G0C,84200,13,153.9,1,1,Eloignee,0.9505586547957234
C005116,29.11,Genie,Bas-Saint-Laurent,G0L,62457,18,214.7,0,1,Eloignee,0.9770840281817252
C011682,25.96,Genie,Montreal,H1A,78189,11,14.4,0,0,Centre,0.09742775251086072
C005901,32.01,Genie,Montreal,H3T,81069,9,17.7,1,1,Centre,0.9997031445284433
C010228,28.55,Sciences,Montreal,H3T,86116,13,5.8,0,1,Centre,0.8535185348001258
C013658,25.77,Arts et lettres,Capitale-Nationale,G3A,53486,11,3.6,0,0,Centre,0.008466057769299656
C007092,24.95,Genie,Montreal,H1A,91216,10,16.4,0,0,Centre,0.008737549615730068
C005941,31.12,Genie,Montreal,H8N,44423,11,12.4,0,1,Centre,0.9975612330591006
C005846,27.16,Arts et lettres,Capitale-Nationale,G1R,48077,14,8.1,0,0,Centre,0.22047365269333496
C007208,25.22,Genie,Montreal,H3T,37255,7,13.3,0,0,Centre,0.003119250343608265
C000874,29.11,Sciences,Montreal,H3T,36656,13,3.2,0,0,Centre,0.5083563153169686
C006492,27.64,Sciences,Cote-Nord,G0G,50515,15,289.6,1,0,Eloignee,0.39125531341410524
C000208,26.11,Sciences sociales,Bas-Saint-Laurent,G0L,40614,10,543.9,0,0,Eloignee,0.3244191621815689
C006986,29.61,Sciences,Capitale-Nationale,G2E,55430,9,11.2,0,1,Centre,0.8528211176417827
C006345,27.14,Sciences,Montreal,H1A,94479,8,20.5,0,0,Centre,0.11503151143411527
C008184,29.6,Sante,Montreal,H1A,55545,13,29.4,1,1,Centre,0.989977569868924
C012540,22.52,Sciences,Capitale-Nationale,G3A,21744,4,9.0,1,0,Centre,0.00012194889279252371
C000769,29.55,Genie,Bas-Saint-Laurent,G0L,59018,11,109.9,1,0,Eloignee,0.9595525847727887
C008718,27.56,Sante,Bas-Saint-Laurent,G0L,83099,10,52.1,0,0,Eloignee,0.44835095588761614
C009182,27.68,Sciences sociales,Montreal,H2X,72758,9,27.3,0,0,Centre,0.45221294993269495
C006255,28.25,Sciences,Gaspesie-Iles-de-la-Madeleine,G4X,52990,9,223.3,0,0,Eloignee,0.34586575694983157
C008568,29.11,Genie,Montreal,H3T,70957,8,22.4,0,1,Centre,0.7699551710402742
C010143,27.78,Sante,Gaspesie-Iles-de-la-Madeleine,G4X,98267,11,206.4,0,0,Eloignee,0.5757876741391349
C009600,24.55,Sante,Gaspesie-Iles-de-la-Madeleine,G4X,24102,15,315.0,0,0,Eloignee,0.0006716334031147719
C000654,24.84,Sciences,Bas-Saint-Laurent,G0L,66819,17,83.1,1,0,Eloignee,0.021347911189365385
C010602,29.51,Sciences sociales,Capitale-Nationale,G1V,86884,7,18.4,0,1,Centre,0.8205983571694894
C005212,24.7,Sante,Cote-Nord,G5B,49791,14,132.4,1,0,Eloignee,0.0001803266145064918
C012242,23.15,Sciences,Montreal,H1A,71236,7,24.9,1,0,Centre,9.490852828461176e-05
C003283,30.48,Genie,Gaspesie-Iles-de-la-Madeleine,G4X,56765,16,182.8,0,1,Eloignee,0.9890739610902717
C006000,26.6,Sciences,Cote-Nord,G5B,57229,10,582.7,1,0,Eloignee,0.08584046840348677
C006813,29.07,Genie,Bas-Saint-Laurent,G5L,42455,8,321.1,1,0,Eloignee,0.37773935302383366
C010436,28.72,Sciences,Capitale-Nationale,G2E,80071,9,30.7,1,0,Centre,0.5588226456066661
C011201,30.85,Sciences,Cote-Nord,G4R,58411,19,256.9,1,1,Eloignee,0.9802529472878121
C003373,30.39,Sante,Montreal,H8N,76463,8,41.9,1,1,Centre,0.9956083129456167
C011622,33.04,Sante,Capitale-Nationale,G1R,60106,4,23.3,0,1,Centre,0.9998149832109431
C001169,32.66,Sante,Capitale-Nationale,G1R,37506,11,34.1,0,1,Centre,0.9988338684496739
C006290,28.66,Sciences sociales,Capitale-Nationale,G2E,55741,6,2.4,0,1,Centre,0.5743833345958332
C013269,22.98,Sante,Gaspesie-Iles-de-la-Madeleine,G5C,31342,14,385.4,1,0,Eloignee,0.0001337079742568064
C002440,30.07,Sciences,Montreal,H4L,70687,11,22.0,0,1,Centre,0.9903742595167995
C001910,29.59,Arts et lettres,Gaspesie-Iles-de-la-Madeleine,G4X,75602,11,236.9,0,0,Eloignee,0.9876332617035556
C010840,27.98,Genie,Gaspesie-Iles-de-la-Madeleine,G0C,29855,18,241.1,0,0,Eloignee,0.08924873941353699
C011357,28.03,Sciences sociales,Montreal,H3T,72826,15,16.6,1,0,Centre,0.5311494337804759
C010512,33.03,Sciences,Montreal,H1A,48433,12,14.8,0,1,Centre,0.9998635051378425
C011964,36.37,Sciences sociales,Cote-Nord,G4R,42908,15,236.4,1,1,Eloignee,0.99905797352939
C013476,29.18,Genie,Gaspesie-Iles-de-la-Madeleine,G4X,42796,16,264.7,0,1,Eloignee,0.7166729321429088
C008904,27.83,Sante,Montreal,H2X,39548,7,2.9,0,0,Centre,0.11922659971916713
C009275,26.92,Sciences sociales,Capitale-Nationale,G2E,115163,15,24.3,0,0,Centre,0.5780433386080298
C003628,23.44,Sciences sociales,Bas-Saint-Laurent,G5L,43842,10,223.0,1,0,Eloignee,0.00012660911444056908
C013106,31.94,Sciences sociales,Bas-Saint-Laurent,G5L,58485,7,99.2,0,1,Eloignee,0.999809020232316
C012195,32.63,Sante,Gaspesie-Iles-de-la-Madeleine,G5C,42703,12,253.9,1,1,Eloignee,0.9985607539352812
C008106,28.21,Sante,Montreal,H1A,58537,12,5.0,1,0,Centre,0.5346798399638953
C010151,27.85,Genie,Bas-Saint-Laurent,G5N,24913,13,207.1,0,0,Eloignee,0.024444576268008205
C004644,28.84,Sante,Gaspesie-Iles-de-la-Madeleine,G4X,39501,19,203.8,0,1,Eloignee,0.948215501142032
C012725,25.7,Genie,Montreal,H2X,82808,13,9.7,0,0,Centre,0.06216861035416284
C011811,31.68,Sciences sociales,Gaspesie-Iles-de-la-Madeleine,G5C,26270,16,166.8,0,1,Eloignee,0.9937744989372809
C005569,27.02,Sciences sociales,Cote-Nord,G0G,62456,15,150.3,0,0,Eloignee,0.5580564997291072
C011226,32.38,Sciences,Montreal,H2X,44291,10,5.0,1,1,Centre,0.999823401643358
C006644,25.8,Sciences,Montreal,H2X,117472,10,21.3,0,0,Centre,0.010061685523554567
C010896,22.41,Sciences,Gaspesie-Iles-de-la-Madeleine,G4X,56446,15,80.9,1,0,Eloignee,0.00041247097474159057
C002103,23.61,Arts et lettres,Gaspesie-Iles-de-la-Madeleine,G5C,66765,10,134.6,0,0,Eloignee,0.00013193739300915538
C008578,27.67,Sante,Cote-Nord,G5B,54000,10,186.5,1,0,Eloignee,0.15255379642391473
C009380,28.66,Genie,Montreal,H1A,83777,8,10.8,0,0,Centre,0.5149179269215262
C003131,22.96,Arts et lettres,Bas-Saint-Laurent,G5N,40064,7,170.3,1,0,Eloignee,0.00011274528124850549
C003819,33.48,Sante,Montreal,H4L,34722,13,39.3,1,1,Centre,0.9999118859168515
C013483,26.97,Sciences,Montreal,H2X,100020,12,18.9,0,1,Centre,0.3984141211678936
C007235,28.72,Sciences,Montreal,H3T,59127,6,11.5,0,1,Centre,0.5417615450091112
C013777,30.57,Sciences sociales,Capitale-Nationale,G2E,74952,17,7.2,1,0,Centre,0.488448539541073
C011389,25.88,Arts et lettres,Gaspesie-Iles-de-la-Madeleine,G5C,33148,14,222.5,0,0,Eloignee,0.04194031885416945
C001863,25.98,Genie,Gaspesie-Iles-de-la-Madeleine,G4X,54231,6,205.5,1,0,Eloignee,0.002379401938679805
C012394,25.82,Arts et lettres,Gaspesie-Iles-de-la-Madeleine,G4X,26502,13,378.3,0,0,Eloignee,0.03399519768296189
C007659,26.12,Arts et lettres,Bas-Saint-Laurent,G5N,121191,16,125.1,1,0,Eloignee,0.7125636401103618
C012176,28.99,Genie,Montreal,H8N,48473,8,18.8,0,0,Centre,0.48199204685891117
C005619,26.1,Sante,Capitale-Nationale,G1R,70182,13,19.3,0,1,Centre,0.35711231392225873
C007163,21.74,Genie,Gaspesie-Iles-de-la-Madeleine,G0C,42163,11,169.0,1,0,Eloignee,0.00020602433640987057
C008362,29.65,Arts et lettres,Montreal,H3T,72546,9,29.8,0,1,Centre,0.977552420950536
C008867,33.84,Arts et lettres,Montreal,H2X,95574,13,17.7,1,1,Centre,0.9991317234604606
C003670,24.14,Sciences sociales,Bas-Saint-Laurent,G5N,36124,12,98.5,0,0,Eloignee,0.00013835615667502806
C004673,23.08,Sciences,Capitale-Nationale,G1V,85915,6,31.1,1,0,Centre,0.00014946136562330345
C009183,30.31,Sciences sociales,Gaspesie-Iles-de-la-Madeleine,G4X,62000,14,409.5,1,1,Eloignee,0.9846320914964104
C009905,32.55,Sciences sociales,Montreal,H2X,28657,8,9.2,0,1,Centre,0.9988064416998583
C010466,30.57,Sante,Montreal,H4L,91038,10,11.9,0,1,Centre,0.9973673470166907
C002244,32.24,Sciences,Montreal,H2X,38777,12,38.9,1,1,Centre,0.9997575744641006
C011967,30.27,Arts et lettres,Montreal,H8N,69951,11,23.2,1,1,Centre,0.9922065271287402
C004694,27.62,Sciences sociales,Bas-Saint-Laurent,G5N,18954,16,267.2,0,1,Eloignee,0.03619963558316879
C013017,30.08,Sante,Montreal,H2X,49214,6,7.7,0,0,Centre,0.6324900714299739
C008438,25.65,Sante,Cote-Nord,G0G,38878,7,210.6,0,0,Eloignee,0.002518782302400885
C012393,32.78,Arts et lettres,Capitale-Nationale,G1R,54974,9,5.7,1,1,Centre,0.9998078210414307
C001174,23.15,Arts et lettres,Bas-Saint-Laurent,G5L,31746,22,149.4,0,0,Eloignee,0.00223606720947378
C002431,27.51,Sante,Gaspesie-Iles-de-la-Madeleine,G5C,79409,14,100.5,0,1,Eloignee,0.43667217249436246
C000221,31.39,Sciences sociales,Montreal,H4L,123784,5,11.4,0,1,Centre,0.9983272917539755
C012475,24.71,Arts et lettres,Bas-Saint-Laurent,G0L,81449,15,207.7,0,0,Eloignee,0.0017042181971241113
C004525,29.52,Arts et lettres,Cote-Nord,G5B,27226,13,330.0,1,0,Eloignee,0.8829731017117135
C004771,29.71,Arts et lettres,Montreal,H2X,102799,5,15.9,0,1,Centre,0.9294349810458504
C012012,31.39,Arts et lettres,Montreal,H8N,121286,8,12.7,1,1,Centre,0.9972446289876336
C013752,23.31,Sciences,Capitale-Nationale,G1V,49118,8,5.6,0,0,Centre,0.0001000019873150011
C003493,28.66,Sciences,Montreal,H2X,132689,4,2.6,0,1,Centre,0.9210186813913148
C000433,28.41,Genie,Gaspesie-Iles-de-la-Madeleine,G0C,60260,12,234.7,1,0,Eloignee,0.48699728801774006
C003538,30.88,Genie,Cote-Nord,G0G,107113,17,216.5,1,1,Eloignee,0.9944869838489075
C006277,25.78,Sante,Capitale-Nationale,G3A,76272,8,5.4,1,0,Centre,0.0213429746984164
C002519,31.86,Genie,Capitale-Nationale,G1V,70940,5,5.5,0,1,Centre,0.9989572151616377
C012366,24.36,Arts et lettres,Bas-Saint-Laurent,G5N,69581,17,141.5,0,0,Eloignee,0.01123607261416605
C010070,29.1,Sciences,Montreal,H1A,115259,9,2.0,0,0,Centre,0.591877769629337
C012498,25.14,Sante,Montreal,H2X,74178,9,20.9,0,0,Centre,0.009370426444859789
C003314,30.16,Sciences,Montreal,H1A,58010,7,19.2,0,1,Centre,0.7829940951937217
C013063,26.16,Sciences,Capitale-Nationale,G2E,38221,7,3.1,1,0,Centre,0.005287687493553647
C003697,24.25,Sciences sociales,Capitale-Nationale,G1V,72596,6,15.4,0,0,Centre,0.0001587597979273093
C011800,22.99,Sante,Bas-Saint-Laurent,G0L,79576,10,159.2,1,0,Eloignee,0.00014480932646557728
C008688,26.91,Sciences sociales,Montreal,H4L,106019,6,3.8,0,0,Centre,0.09483796966453736
C005688,23.25,Genie,Montreal,H3T,49899,5,11.0,1,0,Centre,0.0001451419132898948
C012998,24.87,Genie,Cote-Nord,G4R,116952,12,136.0,1,0,Eloignee,0.01174824064640611
C007367,29.36,Genie,Cote-Nord,G4R,41710,8,182.6,0,1,Eloignee,0.5035936945874383
C004149,27.38,Sante,Capitale-Nationale,G1V,157245,9,9.7,0,1,Centre,0.737548322625545
C000760,30.72,Arts et lettres,Montreal,H8N,41714,10,4.9,0,1,Centre,0.89748571419462
C003797,26.66,Arts et lettres,Gaspesie-Iles-de-la-Madeleine,G4X,47195,11,246.1,0,0,Eloignee,0.03293373182636943
C001970,25.65,Genie,Bas-Saint-Laurent,G5L,115470,14,182.0,1,0,Eloignee,0.07422867332752911
C000157,32.58,Sciences,Bas-Saint-Laurent,G5L,56500,7,320.7,0,1,Eloignee,0.9987491832796956
C004054,25.47,Sante,Montreal,H8N,76190,10,50.9,1,0,Centre,0.01987646772996237
C010460,28.45,Sciences,Capitale-Nationale,G2E,51358,11,4.5,0,0,Centre,0.6817679685296208
C006958,35.98,Genie,Montreal,H3T,37343,12,44.6,0,1,Centre,0.9997453194003288
C000492,29.25,Sciences sociales,Gaspesie-Iles-de-la-Madeleine,G5C,20509,11,131.7,1,0,Eloignee,0.8475073036114089
C012687,28.29,Arts et lettres,Montreal,H3T,214655,13,15.2,0,1,Centre,0.9422257779318766
C003342,32.74,Sante,Montreal,H4L,43722,4,21.6,1,1,Centre,0.9993717135462259
C000894,25.7,Sante,Gaspesie-Iles-de-la-Madeleine,G5C,26169,16,271.6,0,0,Eloignee,0.2706113712239286
C000898,29.45,Sciences,Montreal,H2X,29560,9,12.3,0,1,Centre,0.7766301984538325
C005912,21.38,Sante,Bas-Saint-Laurent,G5L,24948,16,189.2,1,0,Eloignee,0.0015922878257121783
C011604,30.01,Sciences sociales,Capitale-Nationale,G3A,55717,8,22.7,0,0,Centre,0.4488945252978701
C002255,24.89,Sciences sociales,Gaspesie-Iles-de-la-Madeleine,G4X,90795,12,273.9,0,0,Eloignee,0.012856763948216516
C006162,27.8,Sante,Gaspesie-Iles-de-la-Madeleine,G5C,47283,10,181.6,0,0,Eloignee,0.2392823853137884
C003641,24.99,Sciences sociales,Montreal,H1A,36190,7,20.7,1,0,Centre,0.0010467189408965337
C000309,28.94,Sante,Montreal,H2X,58244,9,27.9,1,0,Centre,0.6863156885354852
C000990,28.98,Sciences,Montreal,H4L,66176,10,10.8,1,1,Centre,0.8392541059559355
C002507,30.44,Arts et lettres,Gaspesie-Iles-de-la-Madeleine,G4X,72134,8,167.7,1,0,Eloignee,0.9622584683487518
C003418,27.23,Genie,Gaspesie-Iles-de-la-Madeleine,G5C,78878,10,518.4,1,0,Eloignee,0.3697047179773597
C003536,26.68,Genie,Capitale-Nationale,G1V,141366,15,5.1,0,1,Centre,0.8331314765100171
C009142,22.21,Sciences sociales,Cote-Nord,G5B,84634,12,209.2,1,0,Eloignee,0.0003348011689701083
C004066,30.08,Arts et lettres,Montreal,H3T,52607,6,10.3,0,1,Centre,0.7954451237346513
C001454,29.41,Sante,Montreal,H1A,80385,13,18.2,1,1,Centre,0.9908121954945539
C003116,27.78,Sciences,Montreal,H3T,111952,9,19.0,1,0,Centre,0.2726848785271784
C008140,28.03,Sciences sociales,Montreal,H2X,42428,10,28.3,0,0,Centre,0.07573506763492797
C000600,29.88,Sciences,Montreal,H8N,31565,9,11.4,0,0,Centre,0.9846708602252754
C006106,31.1,Arts et lettres,Gaspesie-Iles-de-la-Madeleine,G4X,94480,8,231.9,0,1,Eloignee,0.9972157298372728
C000339,26.57,Genie,Gaspesie-Iles-de-la-Madeleine,G0C,40104,19,288.3,1,0,Eloignee,0.41305296884984805
C004886,28.15,Sante,Gaspesie-Iles-de-la-Madeleine,G4X,56277,12,235.0,0,0,Eloignee,0.5436919284687133
C012490,29.02,Sciences,Montreal,H2X,83925,11,4.0,0,1,Centre,0.9054957072330695
C002400,31.03,Sciences sociales,Montreal,H1A,64927,8,42.3,1,1,Centre,0.9972259845186888
C003319,28.34,Genie,Cote-Nord,G0G,43295,11,123.3,0,0,Eloignee,0.27296096443115336
C013431,21.36,Sciences,Montreal,H3T,87291,10,16.1,0,0,Centre,0.0002511408995145034
C005517,31.07,Sciences sociales,Capitale-Nationale,G2E,103711,9,9.3,0,1,Centre,0.9994479086407815
C000085,24.56,Sciences sociales,Montreal,H2X,62063,15,9.4,1,0,Centre,0.00046533444085303537
C006258,27.3,Sante,Bas-Saint-Laurent,G0L,43299,18,286.6,0,0,Eloignee,0.565920641221451
C007785,27.91,Arts et lettres,Montreal,H1A,51593,11,9.0,1,0,Centre,0.2888032433658199
C013746,26.03,Sciences,Gaspesie-Iles-de-la-Madeleine,G4X,30619,11,276.2,1,0,Eloignee,0.07004587341501192
C010269,26.15,Arts et lettres,Montreal,H8N,113730,7,20.4,0,0,Centre,0.0610556868034295
C011609,29.88,Sciences sociales,Cote-Nord,G4R,61010,19,134.1,1,1,Eloignee,0.9871792588649906
C004412,27.31,Sciences sociales,Capitale-Nationale,G1R,108307,10,32.1,0,0,Centre,0.2688949970740601
C009424,24.78,Sciences,Montreal,H2X,55436,12,2.8,0,0,Centre,0.00015382135253299146
C004704,26.26,Sante,Montreal,H4L,62299,12,7.4,0,0,Centre,0.13693029228430714
C011510,24.04,Sciences sociales,Montreal,H4L,119469,9,16.7,0,0,Centre,0.0002911012592209358
C013328,21.58,Sciences sociales,Bas-Saint-Laurent,G0L,38486,11,121.8,0,0,Eloignee,0.00013896410587989976
C012906,25.9,Sciences,Montreal,H2X,58926,6,7.3,0,0,Centre,0.0036986533739547475
C008628,27.55,Genie,Gaspesie-Iles-de-la-Madeleine,G5C,44140,15,69.9,0,0,Eloignee,0.4121038559829149
C000718,30.87,Sciences,Bas-Saint-Laurent,G5N,34551,13,333.0,0,1,Eloignee,0.982271388507598
C007590,28.33,Sante,Cote-Nord,G4R,28144,14,184.8,1,0,Eloignee,0.6683649651109252
C008714,27.96,Sciences,Bas-Saint-Laurent,G0L,24765,10,141.6,1,0,Eloignee,0.10043815256825413
C009104,28.98,Sciences,Montreal,H4L,88855,7,11.9,0,0,Centre,0.6883495161844019
C007441,27.51,Sciences,Montreal,H4L,54616,7,18.0,0,0,Centre,0.09285417082121175
C000655,22.5,Sciences,Capitale-Nationale,G1V,36525,9,7.7,0,0,Centre,0.00010856580450609559
C006388,30.23,Sciences,Montreal,H2X,51450,5,20.3,0,1,Centre,0.917040718550251
C006778,25.95,Sante,Montreal,H4L,214055,11,11.5,0,1,Centre,0.42515819967198637
C006414,27.53,Sciences sociales,Cote-Nord,G4R,33280,9,263.0,0,0,Eloignee,0.049811320479751786
C009321,29.32,Sciences sociales,Gaspesie-Iles-de-la-Madeleine,G5C,29102,16,253.7,1,1,Eloignee,0.9069078659803772
C009146,20.61,Sciences,Montreal,H2X,36093,5,22.2,0,0,Centre,9.450677469229886e-05
C001406,27.09,Genie,Montreal,H2X,74801,11,15.9,0,1,Centre,0.3224784242063662
C008427,29.59,Sciences sociales,Montreal,H8N,68657,9,9.5,0,1,Centre,0.9792956664849439
C002460,28.27,Arts et lettres,Cote-Nord,G4R,73196,11,201.4,0,0,Eloignee,0.7794025077171163
C007977,24.49,Genie,Montreal,H3T,85562,4,7.9,0,0,Centre,0.00017064131524035706
C001540,29.21,Sciences sociales,Capitale-Nationale,G1V,70783,8,13.9,1,1,Centre,0.7062400288913008
C008364,28.58,Arts et lettres,Capitale-Nationale,G1R,74192,8,6.3,1,1,Centre,0.6411178016533653
C013052,28.37,Sciences,Bas-Saint-Laurent,G5N,34451,14,262.5,1,0,Eloignee,0.6930811479064639
C008839,24.91,Arts et lettres,Montreal,H1A,43145,6,8.2,0,0,Centre,0.0007588597585029298
C005773,30.45,Sante,Montreal,H4L,164373,5,17.7,0,1,Centre,0.9986062641468881
C000359,29.56,Sciences,Montreal,H4L,96436,8,28.8,0,1,Centre,0.9523411397482493
C011972,28.74,Arts et lettres,Bas-Saint-Laurent,G5L,102116,13,97.5,1,0,Eloignee,0.9282672972644835
C004382,29.2,Sante,Gaspesie-Iles-de-la-Madeleine,G4X,57371,12,232.6,0,0,Eloignee,0.8457329523705756
C010547,27.33,Sciences,Cote-Nord,G4R,28516,12,280.9,0,0,Eloignee,0.042753178459345655
C012685,24.69,Sante,Montreal,H1A,32546,5,10.7,1,0,Centre,0.00044089067775221637
C011137,28.43,Genie,Bas-Saint-Laurent,G0L,85102,14,101.9,1,0,Eloignee,0.7980483335884685
C002714,27.85,Genie,Montreal,H4L,60413,14,7.7,0,1,Centre,0.4612015529215513
C003153,29.95,Arts et lettres,Montreal,H8N,92226,6,14.7,0,1,Centre,0.9577541451612815
C003512,28.19,Arts et lettres,Montreal,H8N,30248,4,10.7,1,0,Centre,0.037298750250885915
C003984,25.47,Arts et lettres,Gaspesie-Iles-de-la-Madeleine,G4X,40150,9,316.1,0,0,Eloignee,0.004308096723879868
C005697,25.99,Sciences,Capitale-Nationale,G2E,120407,6,43.4,0,0,Centre,0.015134822485463802
C000605,32.16,Sciences,Bas-Saint-Laurent,G5N,101331,16,176.0,0,1,Eloignee,0.9950983043627123
C009408,29.37,Genie,Montreal,H8N,92174,11,35.2,0,1,Centre,0.9680707130714585
C006384,27.1,Genie,Gaspesie-Iles-de-la-Madeleine,G0C,33847,18,44.5,1,0,Eloignee,0.2434043936955516
C009291,28.24,Arts et lettres,Capitale-Nationale,G1R,70857,6,9.1,0,0,Centre,0.3270353953584729
C012554,27.73,Sciences,Bas-Saint-Laurent,G0L,111967,19,162.2,0,0,Eloignee,0.859385460579039
C012432,25.65,Sciences sociales,Capitale-Nationale,G1R,67475,9,5.7,1,0,Centre,0.0041925716229051935
C008424,30.67,Sciences,Montreal,H4L,101952,16,15.8,0,1,Centre,0.9919476802802469
C012373,28.02,Sciences sociales,Montreal,H2X,62113,1,20.0,0,0,Centre,0.1157124412291507
C001800,20.41,Sciences sociales,Montreal,H3T,38587,7,45.3,0,0,Centre,8.419984684675437e-05
C002412,29.01,Sante,Montreal,H4L,84688,8,26.9,0,1,Centre,0.7617884980389601
C004394,25.57,Sciences,Montreal,H4L,78081,7,15.4,0,0,Centre,0.006179315383857841
C008371,23.25,Sciences,Cote-Nord,G4R,30773,9,228.2,0,0,Eloignee,9.559735115932407e-05
C007301,30.65,Genie,Montreal,H8N,89472,9,39.4,1,1,Centre,0.9977525665682758
C004759,27.96,Genie,Montreal,H8N,83165,16,12.9,0,1,Centre,0.6154749093699378
C013879,27.06,Sciences sociales,Cote-Nord,G0G,31172,15,342.1,1,0,Eloignee,0.10832860987770086
C004999,23.37,Sciences,Montreal,H8N,59056,11,5.3,1,0,Centre,8.601375374971482e-05
C009347,29.69,Sciences,Montreal,H2X,60089,11,14.8,0,1,Centre,0.8902481366266712
C012872,28.18,Sciences sociales,Cote-Nord,G5B,46178,13,220.7,0,0,Eloignee,0.8035735536975693
C011891,31.96,Arts et lettres,Montreal,H3T,101664,6,10.8,0,1,Centre,0.9997281828593206
C012845,25.23,Genie,Montreal,H4L,82804,8,8.3,0,0,Centre,0.00453929503412675
C010824,29.23,Arts et lettres,Capitale-Nationale,G3A,32084,9,15.9,0,1,Centre,0.6313346654665133
C003729,28.61,Sciences,Montreal,H8N,47009,6,2.2,1,0,Centre,0.34471722122800774
C013709,28.43,Sciences sociales,Gaspesie-Iles-de-la-Madeleine,G4X,35330,8,402.2,0,0,Eloignee,0.30836756846729946
C010657,25.76,Sciences sociales,Montreal,H3T,66263,18,31.3,0,1,Centre,0.7509338719227605
C001679,25.21,Sciences,Capitale-Nationale,G1V,58777,10,42.2,0,0,Centre,0.003971555782451819
C013007,27.58,Sciences,Montreal,H8N,128285,8,12.4,1,0,Centre,0.4159426522565889
C013294,25.43,Sante,Cote-Nord,G5B,58256,8,363.6,0,0,Eloignee,0.0059894633481116615
C008243,26.06,Genie,Montreal,H2X,65604,8,36.7,1,0,Centre,0.009805321787398484
C002987,21.04,Sante,Cote-Nord,G5B,50921,20,142.1,1,0,Eloignee,0.0017696848772753694
C002973,26.96,Genie,Montreal,H8N,102979,8,24.5,0,1,Centre,0.21929165325647132
C003308,28.55,Sciences,Bas-Saint-Laurent,G5N,41789,16,277.7,1,1,Eloignee,0.8009403975588276
C010135,29.9,Arts et lettres,Bas-Saint-Laurent,G5N,53576,11,124.4,1,0,Eloignee,0.9893959113490725
C005553,28.18,Arts et lettres,Montreal,H4L,40588,11,29.8,1,1,Centre,0.3239338248653571
C000547,27.25,Arts et lettres,Capitale-Nationale,G1R,84717,12,10.8,0,1,Centre,0.6972949834355853
C003842,27.31,Sciences sociales,Cote-Nord,G0G,34313,9,339.6,0,0,Eloignee,0.02710469652538533
C004249,23.67,Sciences sociales,Capitale-Nationale,G1R,37449,15,13.6,0,0,Centre,0.0002570512424438164
C004870,28.99,Sciences,Bas-Saint-Laurent,G5L,198084,16,430.2,1,1,Eloignee,0.9899850712879167
C004991,27.22,Sciences,Capitale-Nationale,G1R,73803,5,2.3,1,1,Centre,0.2186554980380263
C006102,31.34,Sante,Gaspesie-Iles-de-la-Madeleine,G4X,102764,16,125.5,1,1,Eloignee,0.9977856733666589
C006692,24.71,Sciences,Cote-Nord,G0G,37429,12,203.2,1,0,Eloignee,0.00017294721093404365
C010996,31.14,Arts et lettres,Montreal,H8N,47288,5,41.5,1,1,Centre,0.9621722629460604
C013453,25.21,Genie,Montreal,H2X,71225,11,17.2,1,0,Centre,0.004757163691847512
C012480,24.9,Genie,Gaspesie-Iles-de-la-Madeleine,G0C,59113,11,282.6,0,0,Eloignee,0.002410582812990058
C001649,25.72,Genie,Cote-Nord,G4R,53508,10,225.0,1,0,Eloignee,0.006495068283288464
C000738,25.99,Sciences sociales,Gaspesie-Iles-de-la-Madeleine,G4X,36603,19,98.9,0,0,Eloignee,0.38091088623158753
C007942,31.94,Genie,Gaspesie-Iles-de-la-Madeleine,G5C,32393,10,170.1,0,1,Eloignee,0.9995552986498325
C005496,30.24,Sante,Montreal,H4L,56858,13,49.6,1,1,Centre,0.9930337973422751
C007506,26.65,Genie,Gaspesie-Iles-de-la-Madeleine,G5C,56567,14,180.0,0,0,Eloignee,0.1754761367472068
C002520,26.38,Arts et lettres,Bas-Saint-Laurent,G0L,36801,14,206.9,0,0,Eloignee,0.1094846057705256
C005348,32.46,Sciences sociales,Bas-Saint-Laurent,G5N,26790,12,104.7,1,1,Eloignee,0.9989579388663238
C011018,30.06,Arts et lettres,Cote-Nord,G5B,51232,10,207.7,0,0,Eloignee,0.8825472794472297
C001516,26.69,Genie,Montreal,H8N,74823,9,3.4,0,0,Centre,0.20526981469677916
C000160,27.09,Sciences,Capitale-Nationale,G1V,66575,15,1.5,0,1,Centre,0.5482959957040637
C002207,31.64,Sciences,Capitale-Nationale,G2E,77664,8,22.2,0,1,Centre,0.9998727363866445
C003652,25.55,Sciences sociales,Gaspesie-Iles-de-la-Madeleine,G5C,54744,18,228.3,0,0,Eloignee,0.3188909512271285
C003624,28.87,Sciences sociales,Capitale-Nationale,G3A,144180,10,29.3,0,0,Centre,0.7881165488510469
C007020,22.58,Arts et lettres,Cote-Nord,G5B,55108,14,173.8,1,0,Eloignee,0.00014700071883510762
C009519,24.75,Genie,Gaspesie-Iles-de-la-Madeleine,G5C,43706,13,111.8,1,0,Eloignee,0.001038808734766795
C008084,26.17,Sante,Capitale-Nationale,G3A,35151,5,24.3,1,0,Centre,0.0030401941980165038
C001398,33.65,Arts et lettres,Gaspesie-Iles-de-la-Madeleine,G5C,52127,9,681.2,1,1,Eloignee,0.9997788610467853
C001829,24.51,Sciences sociales,Montreal,H2X,52331,12,5.6,0,0,Centre,0.00017724712744255285
C013997,25.38,Sciences,Montreal,H3T,44901,8,28.9,0,0,Centre,0.0025700609710990105
C013015,22.33,Sciences,Bas-Saint-Laurent,G0L,99370,11,141.0,1,0,Eloignee,0.00019881112600702298
C008378,23.7,Sciences sociales,Montreal,H3T,62020,11,2.9,1,0,Centre,8.601375374971482e-05
C005613,30.18,Arts et lettres,Bas-Saint-Laurent,G0L,96093,18,135.9,0,1,Eloignee,0.9470138104135201
C011617,29.66,Arts et lettres,Cote-Nord,G0G,88929,16,196.7,1,1,Eloignee,0.9784098613358105
C006419,26.03,Sciences sociales,Cote-Nord,G0G,35961,16,239.0,0,0,Eloignee,0.18757323117594432
C004974,26.22,Arts et lettres,Capitale-Nationale,G2E,38304,7,10.2,0,0,Centre,0.004833514313874271
C003457,26.91,Sciences sociales,Montreal,H2X,52697,8,28.3,0,0,Centre,0.02765804480651848
C002889,32.58,Sante,Montreal,H3T,66784,16,12.5,0,1,Centre,0.985987328853359
C002736,27.91,Sciences,Montreal,H4L,137701,7,23.3,0,0,Centre,0.4178922464828382
C007503,31.12,Arts et lettres,Gaspesie-Iles-de-la-Madeleine,G0C,45502,10,130.7,0,1,Eloignee,0.9981547218359547
C003423,27.32,Arts et lettres,Capitale-Nationale,G2E,60927,9,10.2,1,0,Centre,0.06716658789418166
C004225,22.25,Sciences sociales,Montreal,H4L,42145,7,23.4,0,0,Centre,7.435674998646209e-05
C005988,26.49,Genie,Gaspesie-Iles-de-la-Madeleine,G0C,76777,15,128.8,0,0,Eloignee,0.26051667995971306
C013964,27.42,Genie,Capitale-Nationale,G1V,83277,11,15.1,1,0,Centre,0.4199241829705926
C002966,28.41,Sciences,Montreal,H4L,45947,9,12.8,0,1,Centre,0.6050669510308752
C011282,23.66,Sciences,Montreal,H2X,78070,5,10.7,0,0,Centre,0.00012501364535813796
C010232,26.01,Genie,Montreal,H3T,72900,2,67.2,0,0,Centre,0.004887641672882919
C010409,31.78,Arts et lettres,Montreal,H1A,30242,12,10.8,0,1,Centre,0.9980584442701923
C006966,32.41,Arts et lettres,Cote-Nord,G5B,49007,13,136.4,0,1,Eloignee,0.9998625621122126
C008090,28.61,Sciences sociales,Capitale-Nationale,G1V,61700,6,20.3,0,0,Centre,0.5638144287937072
C006078,33.12,Genie,Montreal,H3T,163938,9,32.4,0,1,Centre,0.9998947137970761
C001838,23.31,Genie,Capitale-Nationale,G1R,75853,5,9.0,0,0,Centre,0.00012026238576707593
C001218,28.29,Sciences sociales,Gaspesie-Iles-de-la-Madeleine,G4X,71188,12,362.3,0,0,Eloignee,0.7086878791539537
C000628,29.53,Arts et lettres,Bas-Saint-Laurent,G5N,45877,20,88.8,0,0,Eloignee,0.9791435808511867
C000693,28.85,Sciences,Capitale-Nationale,G1R,76041,8,13.5,0,1,Centre,0.7851768619096771
C012847,25.58,Sciences,Cote-Nord,G0G,111564,12,285.5,0,0,Eloignee,0.008107213116568255
C004169,28.67,Genie,Montreal,H3T,118590,6,9.0,0,1,Centre,0.6070246050001169
C003383,29.29,Arts et lettres,Capitale-Nationale,G1V,48884,8,4.8,0,1,Centre,0.8134941580427795
C010776,32.45,Arts et lettres,Gaspesie-Iles-de-la-Madeleine,G0C,58838,15,113.0,1,1,Eloignee,0.9974706005587193
C011248,28.77,Sante,Montreal,H3T,55994,10,37.2,0,0,Centre,0.680520935181204
C003332,30.75,Genie,Montreal,H2X,33437,9,35.8,0,1,Centre,0.9387085650757464
C005272,25.52,Sante,Gaspesie-Iles-de-la-Madeleine,G4X,19081,12,430.3,1,0,Eloignee,0.024614191487870297
C010828,28.27,Sante,Cote-Nord,G5B,31768,20,355.5,1,0,Eloignee,0.8462079119470598
C001302,28.43,Sante,Gaspesie-Iles-de-la-Madeleine,G5C,34001,14,272.2,1,0,Eloignee,0.8387769845815631
C006825,32.58,Sciences,Montreal,H8N,46228,15,37.2,0,1,Centre,0.9956623270338596
C007317,26.04,Sciences sociales,Cote-Nord,G4R,104445,7,148.0,0,0,Eloignee,0.18072324238122106
C006710,26.33,Genie,Bas-Saint-Laurent,G5N,40941,18,62.0,1,0,Eloignee,0.5082327631405275
C002004,27.09,Sante,Cote-Nord,G0G,20589,17,315.2,0,0,Eloignee,0.48618086664452165
C000631,28.95,Sciences,Montreal,H2X,50293,10,6.2,1,1,Centre,0.6705063955765601
C005061,28.47,Sante,Cote-Nord,G0G,19494,13,223.6,0,0,Eloignee,0.68988660511665
C003136,26.19,Sciences sociales,Montreal,H2X,70526,8,15.1,0,0,Centre,0.014049660399439987
C010442,27.09,Sciences sociales,Montreal,H2X,45495,16,4.3,1,0,Centre,0.2539331499571621
C000947,22.62,Arts et lettres,Montreal,H1A,94557,10,30.4,0,0,Centre,0.0013684155423983747
C013336,22.65,Sante,Montreal,H4L,84941,7,19.7,0,0,Centre,0.00013716538862235862
C012680,29.82,Sciences,Montreal,H1A,68138,6,27.2,0,1,Centre,0.9712602920836383
C012740,27.67,Sciences,Capitale-Nationale,G2E,79766,11,36.1,1,0,Centre,0.4835065044843108
C005302,18.8,Sciences,Capitale-Nationale,G1V,57630,10,6.3,0,0,Centre,9.554130934795551e-05
C009540,24.48,Sante,Bas-Saint-Laurent,G0L,46700,7,236.4,1,0,Eloignee,0.00014079398711840186
C011110,27.78,Sante,Capitale-Nationale,G1V,73652,9,11.5,1,0,Centre,0.36349165517762866
C013306,22.9,Sciences sociales,Capitale-Nationale,G3A,76931,10,12.3,0,0,Centre,7.390289858935268e-05
C006241,24.51,Arts et lettres,Cote-Nord,G5B,40421,16,85.1,1,0,Eloignee,0.004861146265748887
C002300,23.84,Genie,Gaspesie-Iles-de-la-Madeleine,G4X,85247,16,173.7,0,0,Eloignee,0.0045206752181251655
C000882,22.51,Sciences sociales,Cote-Nord,G4R,65332,16,510.4,1,0,Eloignee,0.002328549405717644
C003717,26.02,Arts et lettres,Gaspesie-Iles-de-la-Madeleine,G0C,66189,10,129.9,1,0,Eloignee,0.060385357242800586
C004157,28.02,Sciences sociales,Montreal,H4L,89836,12,25.5,1,0,Centre,0.7399801996628657
C010102,26.39,Sciences,Montreal,H2X,54150,11,12.7,0,0,Centre,0.07582325296324313
C012827,26.71,Sciences,Montreal,H2X,51337,7,18.4,0,0,Centre,0.016113059189296574
C006430,26.23,Sciences sociales,Capitale-Nationale,G2E,66737,15,7.0,1,0,Centre,0.08582595904619637
C002726,28.27,Arts et lettres,Gaspesie-Iles-de-la-Madeleine,G4X,27294,14,609.1,0,0,Eloignee,0.2100051047782952
C013509,24.01,Arts et lettres,Montreal,H3T,35262,6,6.8,1,0,Centre,0.0018461620982442137
C013986,30.75,Sciences sociales,Montreal,H1A,89639,10,35.3,0,1,Centre,0.9969837623340723
C011887,25.9,Genie,Montreal,H2X,82695,8,12.9,0,0,Centre,0.028808575562099037
C009747,32.11,Genie,Montreal,H1A,28464,12,35.2,0,1,Centre,0.998054266325482
C012245,27.29,Genie,Bas-Saint-Laurent,G0L,39578,16,226.8,0,0,Eloignee,0.12882403913819898
C009528,33.89,Sciences,Montreal,H2X,94817,5,18.3,0,1,Centre,0.9997873555899589
C013101,23.36,Sciences,Capitale-Nationale,G1V,155487,12,27.2,0,0,Centre,0.0003412179766921475
C009700,29.35,Sciences sociales,Montreal,H1A,79857,9,27.0,0,1,Centre,0.8459898218738447
C008062,25.33,Sciences sociales,Gaspesie-Iles-de-la-Madeleine,G4X,24521,15,57.7,0,0,Eloignee,0.054672717061289205
C013419,30.35,Arts et lettres,Montreal,H8N,71769,15,16.7,0,1,Centre,0.9923735497821825
C004370,23.15,Sciences,Bas-Saint-Laurent,G0L,107954,13,336.9,1,0,Eloignee,0.00026826274496098533
C009237,27.63,Genie,Capitale-Nationale,G1V,88668,12,47.9,0,1,Centre,0.6894317103745533
C006257,25.5,Arts et lettres,Capitale-Nationale,G3A,58198,12,24.8,0,0,Centre,0.003830054514708699
C012141,23.84,Sante,Bas-Saint-Laurent,G0L,39485,14,183.3,0,0,Eloignee,0.0001467455729824554
C008235,23.05,Arts et lettres,Gaspesie-Iles-de-la-Madeleine,G4X,33695,15,192.0,0,0,Eloignee,0.0008055964343788246
C007581,28.31,Genie,Capitale-Nationale,G1R,42537,8,21.4,0,0,Centre,0.14108644109158358
C008950,28.71,Sante,Bas-Saint-Laurent,G5N,28106,15,162.2,0,0,Eloignee,0.7480410027117466
C005091,26.44,Sante,Montreal,H8N,45988,7,8.5,0,0,Centre,0.008844786425746657
C003296,31.96,Sante,Cote-Nord,G4R,50995,15,133.3,1,1,Eloignee,0.9993295981045865
C004496,30.35,Arts et lettres,Gaspesie-Iles-de-la-Madeleine,G5C,23886,15,196.0,0,1,Eloignee,0.978263520466161
C004160,23.99,Arts et lettres,Gaspesie-Iles-de-la-Madeleine,G0C,96094,5,85.7,1,0,Eloignee,0.007634292427192321
C002767,27.91,Sciences,Montreal,H8N,45285,8,17.6,0,0,Centre,0.16828318568726208
C011767,27.28,Genie,Montreal,H2X,115490,13,6.7,0,1,Centre,0.5654326032793717
C001164,29.71,Sciences sociales,Cote-Nord,G0G,47118,13,192.4,1,1,Eloignee,0.9918143843390298
C005044,24.93,Arts et lettres,Montreal,H3T,100135,10,25.6,1,0,Centre,0.005957533955806312
C010943,31.81,Sciences sociales,Gaspesie-Iles-de-la-Madeleine,G4X,56641,15,187.5,0,1,Eloignee,0.9982758729538229
C006169,24.93,Sante,Montreal,H3T,57991,10,9.8,0,0,Centre,0.0054950763315451505
C012411,24.31,Sante,Montreal,H4L,59330,9,16.7,0,0,Centre,0.0001505131905585943
C013054,24.1,Sciences sociales,Cote-Nord,G5B,27464,16,254.7,0,0,Eloignee,0.0028488300019849496
C007158,26.25,Genie,Capitale-Nationale,G1V,43264,8,14.5,0,0,Centre,0.01088068883316669
C001793,25.85,Sciences sociales,Montreal,H1A,36139,6,22.3,0,0,Centre,0.001313985335414007
C007849,32.43,Genie,Capitale-Nationale,G1R,58978,6,20.9,0,1,Centre,0.9993043856882793
C004500,31.83,Sciences sociales,Montreal,H8N,88454,14,24.6,0,1,Centre,0.9995076852604157
C010620,28.25,Sciences,Montreal,H8N,33880,12,44.7,1,0,Centre,0.2743325358364079
C011146,30.23,Sciences sociales,Montreal,H3T,111985,11,6.5,1,1,Centre,0.9962994969772053
C013540,26.69,Genie,Capitale-Nationale,G3A,64573,11,3.1,0,0,Centre,0.04505966069958226
C012865,27.7,Sciences,Cote-Nord,G0G,44912,10,87.5,0,0,Eloignee,0.19523306756995112
C001639,26.28,Sciences,Montreal,H2X,73579,8,27.8,0,0,Centre,0.14280005450262845
C005407,26.49,Sciences sociales,Montreal,H4L,65516,9,11.9,0,0,Centre,0.01692698805695076
C005291,24.46,Arts et lettres,Capitale-Nationale,G3A,43564,5,11.1,0,0,Centre,0.00010874557013812834
C009164,26.9,Sciences,Gaspesie-Iles-de-la-Madeleine,G0C,53677,14,131.1,0,0,Eloignee,0.1312835983895222
C002516,27.52,Arts et lettres,Montreal,H3T,98436,12,29.6,1,1,Centre,0.6010511246157381
C011038,21.92,Sciences,Cote-Nord,G4R,60961,10,319.4,0,0,Eloignee,9.554130934795551e-05
C002439,31.1,Genie,Montreal,H4L,92881,7,9.1,0,1,Centre,0.9992531172182458
C002871,27.43,Arts et lettres,Gaspesie-Iles-de-la-Madeleine,G4X,74613,11,333.0,1,1,Eloignee,0.41960099603246925
C008473,23.98,Arts et lettres,Montreal,H8N,75558,9,25.0,1,0,Centre,0.001306484055667041
C001646,29.76,Sciences,Capitale-Nationale,G3A,79691,11,25.6,0,1,Centre,0.979825216133439
C012752,26.78,Sciences,Montreal,H8N,73158,7,27.5,1,0,Centre,0.2868245516969748
C013251,28.25,Sciences,Cote-Nord,G0G,51515,15,183.9,1,0,Eloignee,0.7187541779182322
C012058,28.15,Sciences sociales,Cote-Nord,G0G,43191,16,293.9,0,0,Eloignee,0.45944830189194225
C000992,26.2,Arts et lettres,Capitale-Nationale,G3A,90642,9,12.2,0,0,Centre,0.16095704756257392
C013411,25.9,Genie,Cote-Nord,G4R,70065,11,239.6,1,0,Eloignee,0.03863325985813312
C002028,29.24,Arts et lettres,Gaspesie-Iles-de-la-Madeleine,G0C,147587,11,141.6,0,1,Eloignee,0.9394292383252726
C001906,28.24,Sciences sociales,Gaspesie-Iles-de-la-Madeleine,G0C,40333,19,59.7,0,0,Eloignee,0.7660910828590878
C011849,27.73,Sciences,Capitale-Nationale,G1V,62363,9,1.3,0,0,Centre,0.3389620050062764
C008541,22.94,Arts et lettres,Gaspesie-Iles-de-la-Madeleine,G4X,60821,10,84.6,1,0,Eloignee,0.00013277791283958215
C013489,23.04,Sante,Montreal,H4L,64153,4,12.7,0,0,Centre,7.728859787021057e-05
C011825,25.65,Sciences sociales,Bas-Saint-Laurent,G5L,41855,17,135.9,0,0,Eloignee,0.44782228120309553
C001753,27.02,Genie,Montreal,H1A,59394,11,4.2,0,0,Centre,0.4056589191245074
C013981,23.89,Arts et lettres,Montreal,H8N,68536,8,40.3,0,0,Centre,0.0001317567495970523
C011977,28.35,Genie,Bas-Saint-Laurent,G0L,35836,22,93.8,1,1,Eloignee,0.6417927068507564
C000308,36.7,Sante,Montreal,H1A,56253,6,5.7,0,1,Centre,0.9998253410592307
C002882,31.95,Sante,Gaspesie-Iles-de-la-Madeleine,G5C,71164,10,316.5,0,1,Eloignee,0.9998549223657656
C012794,26.44,Genie,Montreal,H4L,100615,9,45.5,0,0,Centre,0.24611519840888052
C005318,26.49,Sciences sociales,Cote-Nord,G5B,35997,6,160.4,0,0,Eloignee,0.003515131158079962
C008180,27.28,Sciences sociales,Cote-Nord,G5B,146703,6,228.4,0,0,Eloignee,0.7307355844429941
C013279,29.64,Genie,Montreal,H3T,66857,14,12.7,0,1,Centre,0.9958804922051315
C008895,34.36,Arts et lettres,Bas-Saint-Laurent,G0L,105787,7,277.3,1,1,Eloignee,0.9997264545778539
C009543,25.8,Arts et lettres,Capitale-Nationale,G3A,45054,9,47.7,0,0,Centre,0.0042508838640383404
C003445,26.39,Arts et lettres,Montreal,H8N,61212,8,6.7,0,0,Centre,0.01841682901421831
C003134,28.2,Sciences sociales,Bas-Saint-Laurent,G5N,38815,14,220.5,0,0,Eloignee,0.46192510135675097
C012355,27.22,Arts et lettres,Capitale-Nationale,G2E,118586,8,3.6,0,0,Centre,0.21477229803975442
C004165,25.09,Sciences sociales,Gaspesie-Iles-de-la-Madeleine,G4X,90654,15,84.7,0,0,Eloignee,0.02765963677984043
C001862,24.3,Arts et lettres,Montreal,H1A,54109,6,17.3,0,0,Centre,0.00015720618779463692
C007069,23.97,Arts et lettres,Cote-Nord,G4R,54948,19,134.3,0,0,Eloignee,0.06672682522837767
C009935,25.73,Arts et lettres,Bas-Saint-Laurent,G0L,89067,15,188.8,0,0,Eloignee,0.29664230574526035
C010187,27.98,Arts et lettres,Montreal,H8N,177481,6,6.3,1,0,Centre,0.26297365112369714
C012568,27.39,Arts et lettres,Cote-Nord,G4R,43537,11,338.8,0,0,Eloignee,0.10283653539396137
C011264,26.35,Sciences,Capitale-Nationale,G1V,161410,10,19.0,0,0,Centre,0.42445590585103166
C001493,27.2,Sciences sociales,Cote-Nord,G5B,68048,21,71.3,1,0,Eloignee,0.8272809374714382
C002395,26.83,Sciences sociales,Cote-Nord,G5B,34882,19,97.7,1,0,Eloignee,0.2447579250605226
C011860,26.95,Arts et lettres,Montreal,H3T,54479,8,27.7,0,0,Centre,0.05250878855638903
C003895,27.49,Arts et lettres,Capitale-Nationale,G3A,26799,9,42.0,0,0,Centre,0.02221319534613228
C011538,21.63,Sciences sociales,Montreal,H8N,61820,5,15.4,0,0,Centre,0.00010470612804567104
C005234,31.67,Genie,Montreal,H4L,128681,12,20.5,0,1,Centre,0.9998563839389134
C013321,21.97,Sante,Gaspesie-Iles-de-la-Madeleine,G0C,35853,20,204.5,1,0,Eloignee,0.0017241743490715173
C013557,30.23,Sciences sociales,Capitale-Nationale,G1R,27390,5,30.5,0,1,Centre,0.9244338707854516
C012068,24.35,Arts et lettres,Bas-Saint-Laurent,G5N,73960,13,149.3,0,0,Eloignee,0.0002305800870226084
C009053,28.09,Genie,Capitale-Nationale,G2E,66872,15,38.7,0,0,Centre,0.6152488178953426
C011490,22.41,Sciences,Bas-Saint-Laurent,G5L,83148,14,323.4,1,0,Eloignee,0.0003724607079752999
C013451,20.71,Sciences,Gaspesie-Iles-de-la-Madeleine,G5C,53521,6,122.8,1,0,Eloignee,8.766308210194828e-05
C011015,31.73,Genie,Montreal,H2X,96452,9,13.2,0,1,Centre,0.9998306358511404
C008613,32.13,Genie,Montreal,H2X,79217,7,7.5,0,1,Centre,0.9996211679365543
C004355,25.57,Arts et lettres,Montreal,H2X,73464,9,20.3,0,0,Centre,0.00502478246945893
C012270,30.02,Sciences,Gaspesie-Iles-de-la-Madeleine,G5C,125617,14,172.3,1,1,Eloignee,0.993193286287344
C012936,27.26,Genie,Montreal,H1A,58874,7,11.4,0,0,Centre,0.24407442323750236
C004601,29.41,Sante,Gaspesie-Iles-de-la-Madeleine,G0C,51963,16,241.8,0,1,Eloignee,0.9809522162008024
C013888,34.13,Sciences,Capitale-Nationale,G1V,55937,5,17.1,0,1,Centre,0.9996432657846104
C008251,28.66,Sciences,Montreal,H3T,54576,9,22.2,0,1,Centre,0.611029382711566
C000601,30.26,Sante,Montreal,H2X,50724,8,5.4,1,1,Centre,0.9321444697920044
C006571,26.94,Sante,Gaspesie-Iles-de-la-Madeleine,G0C,33565,9,281.1,0,0,Eloignee,0.026894707498463066
C008932,31.8,Sciences sociales,Capitale-Nationale,G3A,112206,10,13.8,1,1,Centre,0.999733140734133
C007079,28.65,Sciences sociales,Montreal,H2X,120103,9,22.1,0,0,Centre,0.4901853880150942
C012348,27.76,Genie,Montreal,H4L,39664,10,40.6,1,0,Centre,0.08618979199356845
C013350,28.58,Genie,Cote-Nord,G5B,55243,18,352.2,0,1,Eloignee,0.9375750437712408
C007197,28.56,Sciences sociales,Cote-Nord,G5B,67256,15,109.3,0,0,Eloignee,0.8690497461652831
C013768,26.12,Sante,Capitale-Nationale,G3A,96662,10,27.4,0,1,Centre,0.31228361103731844
C004731,27.67,Sciences,Capitale-Nationale,G1V,100017,14,14.2,0,1,Centre,0.5601626830057322
C011670,29.49,Sciences,Capitale-Nationale,G3A,69925,11,8.7,0,1,Centre,0.9256666053388993
C000397,27.98,Arts et lettres,Capitale-Nationale,G1R,75727,7,24.8,0,0,Centre,0.5053235933774076
C001555,31.4,Sante,Gaspesie-Iles-de-la-Madeleine,G5C,42677,13,289.5,1,1,Eloignee,0.999441906383899
C003018,30.28,Sciences,Montreal,H3T,94597,10,10.1,0,1,Centre,0.970825094596662
C000578,27.24,Sciences sociales,Montreal,H1A,62241,9,3.6,0,1,Centre,0.12953425694499937
C008696,24.03,Arts et lettres,Capitale-Nationale,G1R,27859,10,22.2,1,0,Centre,0.0022525239116877125
C009289,27.77,Sciences sociales,Montreal,H2X,217442,13,15.0,0,1,Centre,0.9383697539006968
C002170,26.11,Arts et lettres,Capitale-Nationale,G3A,76762,10,22.7,1,0,Centre,0.13374560834572918
C002470,28.86,Genie,Capitale-Nationale,G3A,68970,7,6.3,0,0,Centre,0.7064972340053622
C005902,26.61,Sante,Montreal,H3T,69726,14,31.6,0,0,Centre,0.23301496542223665
C008459,27.0,Sciences,Montreal,H1A,93563,8,20.1,0,1,Centre,0.2170970772479679
C012305,34.63,Arts et lettres,Montreal,H8N,73398,8,19.0,0,1,Centre,0.9997696795776161
C004345,25.5,Genie,Montreal,H2X,108312,13,26.7,0,0,Centre,0.011671534171447716
C013946,33.34,Arts et lettres,Montreal,H3T,26034,14,49.3,0,1,Centre,0.9992460042267314
C005423,24.86,Genie,Gaspesie-Iles-de-la-Madeleine,G4X,42220,9,269.1,0,0,Eloignee,0.0006102269319881436
C007524,27.09,Genie,Cote-Nord,G0G,40683,9,576.0,0,0,Eloignee,0.1074829015906224
C001769,20.35,Sciences,Capitale-Nationale,G1V,47881,16,19.9,0,0,Centre,0.0010604606760880799
C002964,23.19,Sante,Montreal,H2X,108029,6,1.0,0,0,Centre,0.0001789485608534152
C005970,25.45,Arts et lettres,Bas-Saint-Laurent,G5L,52521,15,123.0,1,0,Eloignee,0.02810612819906091
C000097,32.29,Arts et lettres,Bas-Saint-Laurent,G5N,63976,11,313.0,0,1,Eloignee,0.9997360658194547
C004426,28.81,Sciences,Montreal,H4L,63907,9,35.9,0,1,Centre,0.593606517282076
C006260,26.17,Sciences,Montreal,H1A,35000,10,16.7,0,0,Centre,0.08178204880161798
C008271,28.56,Sante,Montreal,H1A,54937,8,26.3,0,1,Centre,0.5961276969116668
C004076,26.8,Genie,Capitale-Nationale,G1R,93972,8,15.8,0,0,Centre,0.11566429199324879
C010152,25.25,Sciences sociales,Cote-Nord,G5B,17463,9,122.5,1,0,Eloignee,0.011183981494844324
C006444,31.22,Genie,Gaspesie-Iles-de-la-Madeleine,G5C,50741,16,185.2,1,1,Eloignee,0.9971073457666104
C012434,30.65,Sciences sociales,Montreal,H1A,59366,19,73.4,1,1,Centre,0.9526434272757023
C002148,26.81,Sciences,Bas-Saint-Laurent,G5L,47671,15,202.4,0,0,Eloignee,0.13249111617545428
C005056,24.36,Arts et lettres,Bas-Saint-Laurent,G0L,43492,17,183.5,0,0,Eloignee,0.0050104505277433495
C009492,26.3,Sciences,Montreal,H3T,98464,6,15.9,0,0,Centre,0.10627488259330166
C008810,27.92,Genie,Bas-Saint-Laurent,G0L,32731,18,218.1,0,0,Eloignee,0.12818623275531443
C012643,26.52,Sciences sociales,Montreal,H4L,95651,8,85.2,0,0,Centre,0.053418182672720776
C012854,29.53,Arts et lettres,Montreal,H1A,73406,9,25.5,0,1,Centre,0.8264359122848027
C002266,25.84,Sante,Montreal,H2X,56861,7,9.9,0,0,Centre,0.0030389640484967863
C008600,28.2,Sciences sociales,Montreal,H3T,119896,7,15.7,0,1,Centre,0.6060044590226381
C001280,27.38,Sciences,Cote-Nord,G5B,35514,13,153.9,0,0,Eloignee,0.03954259723992816
C013087,29.28,Genie,Cote-Nord,G4R,71677,12,398.2,0,0,Eloignee,0.9605957015321385
C010741,29.79,Genie,Montreal,H1A,38027,11,14.6,0,1,Centre,0.8030437603119208
C008458,29.43,Genie,Capitale-Nationale,G3A,75111,5,28.5,1,1,Centre,0.8568286153446723
C012158,26.42,Sante,Montreal,H8N,88850,8,24.7,0,0,Centre,0.12765021218745765
C007685,30.01,Genie,Montreal,H1A,136750,8,3.5,0,1,Centre,0.9972208717879655
C001920,26.25,Arts et lettres,Capitale-Nationale,G1V,63069,8,21.1,0,0,Centre,0.004634990796356929
C011924,30.65,Genie,Capitale-Nationale,G3A,64780,9,19.0,0,1,Centre,0.9888267966775097
C008913,23.57,Sciences,Cote-Nord,G4R,55031,19,209.3,1,0,Eloignee,0.003157753740426248
C001998,26.65,Genie,Gaspesie-Iles-de-la-Madeleine,G0C,120896,14,121.0,1,0,Eloignee,0.5795130872042593
C012441,26.18,Sciences,Montreal,H1A,61671,5,21.0,0,0,Centre,0.0026335802192343958
C013290,25.15,Sciences,Bas-Saint-Laurent,G5N,78091,10,171.3,1,0,Eloignee,0.02049593473152327
C013327,24.0,Sciences,Bas-Saint-Laurent,G5L,56584,11,353.2,1,0,Eloignee,0.0010883116937596535
C005731,26.95,Sante,Capitale-Nationale,G1R,97172,11,9.3,1,1,Centre,0.31686766508896613
C006921,28.72,Sciences sociales,Cote-Nord,G0G,43069,10,72.8,0,1,Eloignee,0.38853031070576916
C011801,23.26,Sante,Montreal,H8N,102001,14,45.2,0,0,Centre,0.00044655161381714035
C006944,20.45,Genie,Cote-Nord,G0G,51820,18,234.6,0,0,Eloignee,0.00250939483095575
C007309,23.19,Sciences sociales,Montreal,H1A,107882,6,37.1,0,0,Centre,0.0001789485608534152
C006435,28.91,Sciences,Bas-Saint-Laurent,G0L,21768,11,294.4,0,0,Eloignee,0.5336814369567571
C003739,29.15,Sante,Montreal,H8N,29683,9,16.5,0,0,Centre,0.4636984355207562
C010225,23.79,Sante,Cote-Nord,G4R,60086,14,87.1,0,0,Eloignee,0.00010304887876953416
C008265,30.54,Sciences,Montreal,H3T,46604,8,13.7,0,1,Centre,0.9595264401364834
C006069,27.55,Genie,Montreal,H2X,44465,10,19.4,0,1,Centre,0.3761116836374264
C004627,20.86,Arts et lettres,Bas-Saint-Laurent,G0L,106523,19,138.2,0,0,Eloignee,0.0536785253550239
C010351,24.64,Sciences sociales,Capitale-Nationale,G3A,73066,8,16.0,0,0,Centre,0.0001587597979273093
C000250,23.26,Sante,Gaspesie-Iles-de-la-Madeleine,G5C,32343,10,258.5,0,0,Eloignee,0.0003430031454602565
C005763,26.17,Sciences sociales,Cote-Nord,G4R,38582,9,137.9,1,0,Eloignee,0.053295711284874585
C010223,30.06,Arts et lettres,Montreal,H4L,53385,6,8.7,0,1,Centre,0.8173444965765114
C007743,26.66,Sante,Capitale-Nationale,G2E,85295,7,9.2,0,0,Centre,0.0925232942329751
C005084,27.79,Arts et lettres,Cote-Nord,G5B,26170,15,426.2,0,0,Eloignee,0.044459025593923236
C013978,30.73,Sante,Cote-Nord,G4R,29320,13,109.4,1,1,Eloignee,0.9935058723569664
C013186,28.97,Arts et lettres,Montreal,H3T,104473,10,5.3,1,1,Centre,0.9027805020460244
C003870,25.26,Genie,Montreal,H8N,74231,9,23.4,0,0,Centre,0.0044665404353404145
C003950,23.42,Sciences sociales,Gaspesie-Iles-de-la-Madeleine,G4X,63418,16,250.3,1,0,Eloignee,0.0020226039413908953
C003405,31.79,Genie,Montreal,H4L,107077,8,37.5,0,1,Centre,0.9998843863659231
C012190,35.19,Sante,Capitale-Nationale,G3A,37086,7,5.8,0,1,Centre,0.9998885210065217
C008370,31.82,Sciences,Capitale-Nationale,G3A,79495,9,22.5,0,1,Centre,0.9996802677177933
C002354,28.84,Arts et lettres,Bas-Saint-Laurent,G0L,31253,10,216.8,1,0,Eloignee,0.5302477226628718
C009201,24.98,Arts et lettres,Cote-Nord,G4R,32201,11,112.2,0,0,Eloignee,0.008681849833480795
C012368,26.76,Arts et lettres,Bas-Saint-Laurent,G5N,25183,14,351.6,0,0,Eloignee,0.03298117180009458
C000621,25.92,Genie,Montreal,H8N,37854,8,2.0,0,0,Centre,0.0020258010602561046
C010731,27.81,Genie,Capitale-Nationale,G1R,32848,8,5.4,1,0,Centre,0.07481560101004246
C011936,26.3,Genie,Montreal,H3T,52994,14,13.9,1,0,Centre,0.1374032630397347
C006631,30.6,Sciences,Montreal,H2X,70027,13,13.7,0,1,Centre,0.9968987697979683
C010022,32.85,Sciences,Capitale-Nationale,G1R,133895,11,11.6,0,1,Centre,0.999802679216337
C006490,27.42,Genie,Gaspesie-Iles-de-la-Madeleine,G4X,51978,13,212.4,1,0,Eloignee,0.3354205103851343
C007299,31.76,Sciences,Gaspesie-Iles-de-la-Madeleine,G5C,72644,13,246.4,0,1,Eloignee,0.9998728039383639
C013968,22.63,Sante,Montreal,H1A,79184,6,23.0,0,0,Centre,9.129639643889604e-05
C006036,32.44,Genie,Montreal,H1A,42671,8,3.0,1,1,Centre,0.9992920545238911
C013837,25.99,Arts et lettres,Capitale-Nationale,G3A,81626,5,7.2,1,0,Centre,0.003609744013660236
C007609,28.76,Genie,Capitale-Nationale,G3A,89546,9,35.8,1,0,Centre,0.7503752741704756
C004963,29.1,Sante,Montreal,H1A,68221,18,15.2,0,1,Centre,0.9773539027739823
C002347,31.82,Genie,Montreal,H4L,114689,16,16.0,0,1,Centre,0.9959991131520266
C010721,25.4,Genie,Montreal,H2X,64894,13,26.4,0,0,Centre,0.005298935979932152
C005896,26.95,Sante,Capitale-Nationale,G1R,45694,7,30.2,1,1,Centre,0.030376531562517916
C006189,25.35,Sciences,Capitale-Nationale,G1V,56847,11,83.9,0,0,Centre,0.004756914689646648
C013216,31.03,Arts et lettres,Montreal,H3T,55657,15,18.6,1,1,Centre,0.9980884636897461
C012699,25.61,Sciences,Capitale-Nationale,G3A,47714,11,57.4,0,0,Centre,0.008276425274056741
C002927,28.36,Arts et lettres,Cote-Nord,G4R,67540,13,586.6,1,0,Eloignee,0.8674761381226338
C002033,27.1,Sciences,Montreal,H3T,52583,12,31.7,0,0,Centre,0.2629695078370552
C000039,29.28,Sciences,Montreal,H4L,85872,11,25.5,0,1,Centre,0.9570223051344265
C003289,27.31,Arts et lettres,Montreal,H8N,74602,11,57.2,1,0,Centre,0.3218368553533157
C002745,22.76,Genie,Capitale-Nationale,G3A,70669,15,7.4,0,0,Centre,0.0002875346792708216
C004031,28.76,Sciences sociales,Gaspesie-Iles-de-la-Madeleine,G5C,64431,14,82.6,1,1,Eloignee,0.8680717613855122
C013459,27.41,Arts et lettres,Capitale-Nationale,G2E,68543,12,9.6,0,0,Centre,0.4177836690479711
C001146,27.15,Arts et lettres,Bas-Saint-Laurent,G5L,24809,11,195.5,0,0,Eloignee,0.047661641583825624
C002147,29.99,Sciences,Montreal,H3T,86845,4,29.0,0,1,Centre,0.9738693796526091
C003580,29.0,Sciences sociales,Capitale-Nationale,G2E,51825,10,11.7,0,0,Centre,0.5577195613892717
C007109,23.11,Sante,Capitale-Nationale,G1V,52984,5,6.0,0,0,Centre,8.78593529947623e-05
C002613,25.38,Genie,Capitale-Nationale,G3A,115765,12,16.8,1,0,Centre,0.038371170247549415
C005852,26.07,Arts et lettres,Montreal,H3T,52949,8,21.9,0,0,Centre,0.020923202139961995
C009516,25.39,Sciences sociales,Bas-Saint-Laurent,G0L,80858,10,201.3,0,0,Eloignee,0.011434174357837164
C007783,32.35,Sante,Gaspesie-Iles-de-la-Madeleine,G5C,74759,16,125.4,0,1,Eloignee,0.9979256788869073
C001948,25.62,Sante,Montreal,H3T,56851,14,32.6,0,0,Centre,0.01995068131552433
C011065,31.63,Sante,Montreal,H3T,60985,14,20.5,0,1,Centre,0.9999027673414168
C010299,27.73,Sante,Montreal,H3T,69781,12,4.2,0,1,Centre,0.4083259652008803
C000943,25.36,Genie,Bas-Saint-Laurent,G0L,76238,10,152.6,0,0,Eloignee,0.008481604116110382
C008454,28.7,Arts et lettres,Bas-Saint-Laurent,G5N,50586,18,102.4,0,0,Eloignee,0.9685733248138585
C003629,28.69,Arts et lettres,Gaspesie-Iles-de-la-Madeleine,G5C,105688,13,140.1,1,1,Eloignee,0.9634795347005088
C006391,24.14,Genie,Gaspesie-Iles-de-la-Madeleine,G4X,51223,7,245.2,0,0,Eloignee,0.0004062270177205388
C005077,28.34,Arts et lettres,Montreal,H4L,56268,14,36.5,0,0,Centre,0.8679129620850785
C009533,28.07,Genie,Gaspesie-Iles-de-la-Madeleine,G0C,53443,12,213.4,0,0,Eloignee,0.36787931484743297
C002279,28.93,Genie,Capitale-Nationale,G1V,59773,9,7.9,1,1,Centre,0.6554843706523632
C004763,24.75,Sante,Montreal,H3T,55561,7,54.2,0,0,Centre,0.00015103967087381915
C013508,30.1,Sante,Capitale-Nationale,G1V,79017,7,22.8,0,1,Centre,0.9564692783868738
C009225,24.69,Sante,Montreal,H1A,58447,18,25.5,0,0,Centre,0.018777412449182646
C009740,25.6,Sciences,Montreal,H1A,36711,9,13.2,0,0,Centre,0.0035421460222037596
C003762,28.16,Arts et lettres,Capitale-Nationale,G2E,50709,8,40.4,0,0,Centre,0.1626040039520835
C011869,28.65,Genie,Bas-Saint-Laurent,G5L,80298,10,212.7,0,0,Eloignee,0.8511968665724318
C013473,29.75,Arts et lettres,Montreal,H4L,63050,9,63.3,0,1,Centre,0.7131371408420469
C009259,25.4,Genie,Montreal,H4L,76462,6,14.4,0,0,Centre,0.004502187538332892
C001310,26.81,Sciences sociales,Montreal,H4L,83567,10,4.7,0,0,Centre,0.2058831626415406
C012757,29.77,Sante,Montreal,H4L,126217,9,15.1,0,1,Centre,0.989725709435044
C008717,27.1,Arts et lettres,Montreal,H1A,36874,11,18.5,0,1,Centre,0.17558959740066746
C000692,28.37,Genie,Montreal,H1A,44975,4,10.5,0,0,Centre,0.13042597846427048
C010287,30.16,Sciences,Bas-Saint-Laurent,G5L,64630,9,229.2,0,1,Eloignee,0.9477478385377076
C008548,27.76,Sciences sociales,Capitale-Nationale,G2E,74819,9,11.8,0,0,Centre,0.4706225840239625
C008957,23.4,Sciences,Montreal,H2X,72528,7,14.5,1,0,Centre,9.662113196743334e-05
C000164,29.82,Genie,Montreal,H3T,60920,11,64.0,0,1,Centre,0.9693368269056241
C012732,28.18,Sciences sociales,Montreal,H4L,123789,11,12.8,0,1,Centre,0.8228546423232227
C010346,23.58,Arts et lettres,Capitale-Nationale,G1V,39998,11,4.7,0,0,Centre,0.0002988900885510831
C012300,29.18,Sciences sociales,Cote-Nord,G5B,100165,15,252.7,1,1,Eloignee,0.9544212674529156
C006597,24.15,Sciences,Capitale-Nationale,G1V,62315,6,33.0,0,0,Centre,0.00015677069926627802
C013782,33.91,Arts et lettres,Capitale-Nationale,G3A,123645,15,13.2,0,1,Centre,0.9954331186984261
C010722,28.27,Sciences,Bas-Saint-Laurent,G5L,45312,19,116.8,1,0,Eloignee,0.8721814273916298
C004199,26.22,Sante,Bas-Saint-Laurent,G0L,45041,14,314.1,0,0,Eloignee,0.34958753532778375
C013264,27.27,Sciences,Bas-Saint-Laurent,G5L,47082,8,214.7,0,0,Eloignee,0.10000260507337481
C004051,26.99,Genie,Montreal,H3T,45373,14,43.5,0,0,Centre,0.18676128912478035
C010072,29.54,Sciences,Cote-Nord,G0G,24070,22,143.2,0,0,Eloignee,0.9767316771307609
C013152,26.19,Sante,Montreal,H1A,35475,7,14.6,0,0,Centre,0.0036338324218140134
C012523,30.01,Sciences,Capitale-Nationale,G1V,63189,10,42.2,0,1,Centre,0.8652505391518651
C002941,30.91,Genie,Capitale-Nationale,G1R,132748,13,48.1,0,1,Centre,0.9994428384947013
C002036,26.86,Sciences sociales,Montreal,H4L,70754,11,8.3,0,0,Centre,0.14220534054326547
C008098,28.85,Sante,Montreal,H8N,116124,6,4.9,0,1,Centre,0.8024453162212408
C002409,25.43,Sciences,Cote-Nord,G5B,37213,11,329.6,1,0,Eloignee,0.02626091561868158
C006198,26.46,Sciences,Cote-Nord,G0G,33902,11,135.1,0,0,Eloignee,0.01762424029264025
C006982,26.65,Genie,Montreal,H3T,46677,8,19.5,0,0,Centre,0.010271308341832956
C003995,29.8,Sciences sociales,Gaspesie-Iles-de-la-Madeleine,G5C,69737,7,167.6,0,1,Eloignee,0.9794053261901929
C002183,26.12,Arts et lettres,Bas-Saint-Laurent,G5N,73654,16,480.1,1,0,Eloignee,0.7529214943150999
C008015,26.03,Arts et lettres,Cote-Nord,G4R,85065,16,142.0,0,0,Eloignee,0.7515107712652352
C000561,24.24,Genie,Montreal,H4L,44415,11,29.2,0,0,Centre,0.0009762723158424436
C005328,31.93,Sciences sociales,Capitale-Nationale,G1R,35092,12,5.0,1,1,Centre,0.9996902342997328
C011655,29.43,Sciences sociales,Montreal,H8N,70871,9,60.0,0,1,Centre,0.9252704481859098
C000365,26.73,Sante,Cote-Nord,G4R,87098,10,308.3,0,0,Eloignee,0.36466854133806514
C013164,26.12,Sante,Gaspesie-Iles-de-la-Madeleine,G4X,43741,14,154.2,1,0,Eloignee,0.44035811047674345
C007159,25.18,Sciences sociales,Montreal,H4L,85830,6,23.6,0,0,Centre,0.014332378991837678
C007841,25.8,Sciences,Cote-Nord,G0G,22375,10,362.9,0,0,Eloignee,0.034624442463605305
C011775,28.82,Sciences sociales,Gaspesie-Iles-de-la-Madeleine,G4X,33952,14,244.5,1,0,Eloignee,0.63119675643956
C010083,33.01,Sciences sociales,Montreal,H1A,89377,6,25.5,0,1,Centre,0.9998275614316209
C003472,26.07,Genie,Cote-Nord,G4R,45476,17,171.8,0,0,Eloignee,0.5428131702598438
C009717,26.25,Genie,Montreal,H4L,47915,13,41.2,0,0,Centre,0.19816925716845019
C008651,29.8,Arts et lettres,Bas-Saint-Laurent,G0L,27561,8,298.8,1,0,Eloignee,0.9566991826530237
C007045,27.15,Sciences sociales,Montreal,H8N,47726,10,20.5,0,0,Centre,0.19199501975366423
C001295,35.33,Arts et lettres,Montreal,H3T,157041,9,38.6,1,1,Centre,0.9997019127391626
C008398,27.41,Arts et lettres,Capitale-Nationale,G1V,29739,5,17.5,0,0,Centre,0.012613884789949233
C012851,25.36,Sciences sociales,Cote-Nord,G5B,32023,6,342.6,0,0,Eloignee,0.004970290257131117
C005526,26.31,Sante,Gaspesie-Iles-de-la-Madeleine,G4X,30379,13,360.5,0,0,Eloignee,0.07270867644952114
C013064,26.89,Genie,Montreal,H8N,52032,13,8.9,0,0,Centre,0.1745120455882623
C007143,28.39,Sciences,Cote-Nord,G5B,49673,9,139.2,1,0,Eloignee,0.5807294805841112
C012931,29.93,Sante,Capitale-Nationale,G1R,87401,5,11.1,1,1,Centre,0.9871730399013982
C013783,27.0,Sciences sociales,Bas-Saint-Laurent,G5L,28011,15,161.8,0,0,Eloignee,0.06380747473051109
C002772,34.24,Sante,Capitale-Nationale,G1R,67401,5,26.3,0,1,Centre,0.9998610939220516
C010254,28.73,Genie,Montreal,H8N,103949,6,12.3,0,1,Centre,0.8446649613309287
C012944,23.58,Sante,Montreal,H3T,45282,10,28.9,0,0,Centre,0.00017314182149067694
C002249,30.82,Sciences sociales,Gaspesie-Iles-de-la-Madeleine,G5C,46885,19,254.7,1,1,Eloignee,0.9896430181832637
C011452,28.73,Arts et lettres,Gaspesie-Iles-de-la-Madeleine,G0C,25004,17,314.1,1,0,Eloignee,0.7764613341090667
C001741,31.22,Genie,Cote-Nord,G5B,39387,16,346.1,1,1,Eloignee,0.9947841051316231
C004715,25.18,Sciences,Cote-Nord,G5B,39128,10,38.5,1,0,Eloignee,0.017485425412548054
C011726,27.26,Genie,Montreal,H4L,50108,6,20.5,0,0,Centre,0.05645103414522461
C006788,31.4,Arts et lettres,Capitale-Nationale,G3A,61824,5,20.7,0,1,Centre,0.9646184383439457
C013426,25.71,Arts et lettres,Bas-Saint-Laurent,G5N,31218,20,258.4,1,0,Eloignee,0.42581794363001224
C010156,26.86,Genie,Montreal,H2X,212714,12,39.6,0,1,Centre,0.9139839291586899
C013568,29.91,Sante,Montreal,H4L,41709,8,22.3,0,1,Centre,0.9554655001731653
C000785,32.76,Genie,Montreal,H1A,56747,8,8.6,1,1,Centre,0.9998271132603394
C003607,23.71,Sante,Gaspesie-Iles-de-la-Madeleine,G5C,59580,11,149.1,1,0,Eloignee,8.872273871024058e-05
C011704,27.72,Sciences,Montreal,H4L,28679,10,36.4,0,0,Centre,0.07080148079977364
C006089,31.88,Sciences,Montreal,H4L,144940,7,20.1,0,1,Centre,0.9996482847233537
C012976,27.84,Genie,Montreal,H3T,78459,11,10.8,0,0,Centre,0.39037701007002035
C003585,30.11,Sante,Gaspesie-Iles-de-la-Madeleine,G5C,89735,16,203.2,1,1,Eloignee,0.9898560129893798
C005106,26.43,Genie,Capitale-Nationale,G1R,37182,13,19.7,0,0,Centre,0.058531353933904094
C002900,30.7,Sante,Capitale-Nationale,G1V,57725,16,1.1,1,1,Centre,0.9949912101501637
C007307,29.06,Sciences sociales,Capitale-Nationale,G2E,58445,12,5.8,0,1,Centre,0.8501639485163894
C010966,22.26,Arts et lettres,Gaspesie-Iles-de-la-Madeleine,G4X,54451,15,193.9,1,0,Eloignee,0.0004617342747331768
C008905,27.39,Genie,Capitale-Nationale,G1V,92292,8,21.6,0,1,Centre,0.4981242069843361
C009184,32.08,Sciences,Montreal,H1A,64827,8,11.4,1,1,Centre,0.9998602680969495
C003784,24.74,Arts et lettres,Bas-Saint-Laurent,G5L,71712,16,70.4,0,0,Eloignee,0.02397966304503296
C009088,26.6,Sciences,Montreal,H3T,107807,7,25.8,0,0,Centre,0.07090149331397431
C006121,22.81,Genie,Gaspesie-Iles-de-la-Madeleine,G4X,39552,13,117.9,0,0,Eloignee,0.0002725850780256864
C004147,26.45,Sciences sociales,Bas-Saint-Laurent,G5L,69703,19,198.8,0,0,Eloignee,0.893504049999589
C012991,21.47,Sciences,Montreal,H8N,83248,3,51.7,1,0,Centre,0.00015807027962204363
C010253,20.26,Genie,Capitale-Nationale,G1R,73606,9,15.3,0,0,Centre,8.617036366439846e-05
C003723,23.36,Sante,Capitale-Nationale,G1V,32360,11,52.8,0,0,Centre,0.00024914495785081247
C004976,29.86,Sante,Montreal,H3T,50845,16,16.7,1,1,Centre,0.9949541083596165
C001478,27.31,Sciences sociales,Montreal,H2X,45657,11,11.6,1,0,Centre,0.12636077708146776
C013298,28.16,Arts et lettres,Montreal,H1A,74635,15,22.7,0,1,Centre,0.8694718577900572
C013577,25.27,Sante,Gaspesie-Iles-de-la-Madeleine,G4X,59992,13,254.8,1,0,Eloignee,0.021163358110611707
C005858,27.6,Arts et lettres,Montreal,H1A,99506,8,13.4,1,0,Centre,0.2861391020328821
C000159,30.34,Sciences,Montreal,H4L,55000,5,16.0,1,0,Centre,0.4729674460128807
C011173,22.32,Arts et lettres,Cote-Nord,G0G,78726,14,205.9,1,0,Eloignee,0.00044008914095177435
C003154,26.98,Sciences sociales,Cote-Nord,G5B,34060,12,164.8,0,0,Eloignee,0.051199190772322496
C001352,32.91,Sciences,Gaspesie-Iles-de-la-Madeleine,G5C,110854,19,291.3,0,1,Eloignee,0.9954274800927521
C002298,29.57,Sante,Gaspesie-Iles-de-la-Madeleine,G4X,98527,13,292.6,0,1,Eloignee,0.990389069108319
C004453,27.6,Arts et lettres,Cote-Nord,G4R,46453,11,322.7,1,0,Eloignee,0.3000962369676747
C012956,24.6,Genie,Montreal,H8N,29993,12,33.1,0,0,Centre,0.00023511094275343154
C013972,25.99,Sciences sociales,Capitale-Nationale,G1V,117845,4,49.5,0,0,Centre,0.003925995703151262
C008139,23.3,Genie,Gaspesie-Iles-de-la-Madeleine,G4X,114052,13,190.1,0,0,Eloignee,0.00029492485367978074
C012280,30.26,Sciences,Montreal,H8N,101001,6,12.3,0,1,Centre,0.9896319415053633
C003939,24.73,Arts et lettres,Cote-Nord,G4R,53324,11,198.7,0,0,Eloignee,0.00015424864942525094
C007853,29.16,Sante,Montreal,H8N,115566,9,14.7,0,1,Centre,0.7723756193529209
C013713,26.71,Sciences sociales,Montreal,H3T,62266,6,26.5,0,0,Centre,0.02608917707799856
C001395,27.22,Genie,Capitale-Nationale,G2E,73396,7,3.6,1,0,Centre,0.2108871501710445
C002252,27.94,Arts et lettres,Cote-Nord,G4R,127109,12,272.3,1,0,Eloignee,0.6993529634533882
C005310,30.42,Sante,Gaspesie-Iles-de-la-Madeleine,G4X,35595,12,162.4,0,1,Eloignee,0.8481671509344165
C009766,25.4,Sciences sociales,Montreal,H2X,44795,14,8.8,1,0,Centre,0.02401641639086452
C010446,30.56,Sciences sociales,Bas-Saint-Laurent,G5L,113998,18,208.4,1,1,Eloignee,0.9825334282273621
C011154,27.66,Genie,Bas-Saint-Laurent,G5L,68724,12,208.1,0,0,Eloignee,0.5303256958915123
C012730,31.38,Sante,Capitale-Nationale,G2E,110888,12,1.6,0,1,Centre,0.9996999215018159
C013311,28.1,Genie,Capitale-Nationale,G2E,18162,4,16.9,0,0,Centre,0.06857631158179606
C006546,24.42,Genie,Montreal,H2X,82729,9,20.3,0,0,Centre,0.00014412123851006848
C005875,34.49,Arts et lettres,Cote-Nord,G4R,72013,10,326.4,0,1,Eloignee,0.999774991525151
C012174,27.72,Sante,Cote-Nord,G5B,24370,12,378.0,0,0,Eloignee,0.06517123878472666
C006987,24.85,Sciences,Bas-Saint-Laurent,G0L,34646,12,355.9,0,0,Eloignee,0.00022315710948005353
C001506,30.15,Sante,Gaspesie-Iles-de-la-Madeleine,G0C,67221,12,247.7,1,1,Eloignee,0.9754038102848077
C003300,31.5,Genie,Cote-Nord,G5B,128043,11,216.8,0,1,Eloignee,0.999659534395146
C011172,24.85,Sante,Gaspesie-Iles-de-la-Madeleine,G0C,64403,11,417.2,1,0,Eloignee,0.00014485972566399054
C010589,23.07,Sante,Montreal,H8N,62950,8,30.9,1,0,Centre,8.392352199565475e-05
C000477,27.45,Genie,Capitale-Nationale,G1V,175240,17,23.3,0,1,Centre,0.9892846784134316
C000273,29.15,Sciences,Montreal,H2X,98718,4,11.2,0,1,Centre,0.6558804167451978
C013679,21.42,Genie,Capitale-Nationale,G2E,76129,13,21.6,1,0,Centre,0.00011430796300756405
C011944,27.65,Genie,Bas-Saint-Laurent,G0L,43762,20,330.7,0,1,Eloignee,0.2959411255453502
C002399,27.23,Sante,Bas-Saint-Laurent,G0L,48053,12,413.5,1,0,Eloignee,0.13420433052545755
C000373,33.16,Sciences sociales,Montreal,H4L,102833,13,21.9,0,1,Centre,0.9997778516005592
C002335,30.85,Genie,Capitale-Nationale,G1V,88951,6,10.0,0,1,Centre,0.993334804193362
C006043,28.87,Sante,Capitale-Nationale,G1R,90244,7,23.2,1,1,Centre,0.8032869682754415
C011855,25.83,Genie,Cote-Nord,G0G,65999,15,503.6,1,0,Eloignee,0.01785356602018658
C009659,31.27,Sciences,Montreal,H1A,62681,10,38.0,0,1,Centre,0.9990209730371841
C007938,28.97,Sciences sociales,Montreal,H4L,79532,8,23.1,0,0,Centre,0.5439809808295303
C010713,25.97,Genie,Capitale-Nationale,G2E,132603,15,14.4,1,1,Centre,0.6477073865090189
C000830,29.29,Genie,Montreal,H4L,47232,9,9.1,0,1,Centre,0.8860164995660882
C004469,24.62,Arts et lettres,Montreal,H2X,84258,13,19.6,0,0,Centre,0.0005494835846716406
C003767,25.85,Arts et lettres,Montreal,H3T,102693,4,17.6,1,0,Centre,0.004441303075867247
C006737,23.38,Sciences,Gaspesie-Iles-de-la-Madeleine,G0C,41430,16,114.2,1,0,Eloignee,0.0017671289070707137
C013552,27.22,Arts et lettres,Montreal,H4L,60393,5,33.9,1,0,Centre,0.07525549350010893
C013388,27.81,Arts et lettres,Gaspesie-Iles-de-la-Madeleine,G5C,82567,10,124.8,0,0,Eloignee,0.7040092855956682
C005313,26.58,Sciences,Montreal,H8N,86833,12,22.4,1,0,Centre,0.4109234551152119
C011246,26.69,Sciences,Gaspesie-Iles-de-la-Madeleine,G4X,68437,9,125.1,1,0,Eloignee,0.029473161324514486
C004070,32.76,Sciences sociales,Montreal,H8N,60027,8,29.7,1,1,Centre,0.9998735207338654
C007073,27.47,Sciences,Capitale-Nationale,G2E,110841,10,6.8,0,0,Centre,0.29599780976229606
C004267,31.39,Sante,Montreal,H1A,50607,8,18.5,0,1,Centre,0.9951659976966843
C003076,24.91,Sciences,Gaspesie-Iles-de-la-Madeleine,G5C,31980,14,101.4,1,0,Eloignee,0.010156865478705522
C002948,27.22,Sciences sociales,Gaspesie-Iles-de-la-Madeleine,G0C,34494,9,279.1,0,0,Eloignee,0.03017524494545833
C012272,30.37,Sciences,Montreal,H4L,72789,7,46.9,0,1,Centre,0.9590293676176013
C009710,27.96,Arts et lettres,Capitale-Nationale,G1R,100713,9,35.4,1,1,Centre,0.5254082146678892
C011820,28.17,Genie,Capitale-Nationale,G2E,177412,15,46.7,0,1,Centre,0.970685892625465
C005063,27.86,Arts et lettres,Gaspesie-Iles-de-la-Madeleine,G0C,37228,12,208.7,1,0,Eloignee,0.06654702974972229
C009220,31.29,Sante,Bas-Saint-Laurent,G0L,68228,8,22.4,1,1,Eloignee,0.9988030290629341
C002539,26.33,Arts et lettres,Cote-Nord,G4R,34482,9,451.6,0,0,Eloignee,0.005865240916748775
C005347,23.44,Sciences,Bas-Saint-Laurent,G5L,60833,13,315.3,1,0,Eloignee,0.00013710494955702942
C009743,25.6,Genie,Montreal,H2X,95564,15,6.9,1,1,Centre,0.12440822964164885
C005698,29.62,Sciences,Montreal,H8N,72427,6,52.2,0,1,Centre,0.9354912701906355
C005700,27.47,Sante,Cote-Nord,G5B,36906,11,382.2,0,0,Eloignee,0.08192336360349874
C007193,28.16,Sciences sociales,Bas-Saint-Laurent,G5N,44952,17,282.7,1,0,Eloignee,0.8320411525644075
C002574,27.5,Sciences sociales,Montreal,H4L,62004,8,4.7,0,0,Centre,0.20104142956736273
C004082,22.9,Sciences sociales,Capitale-Nationale,G3A,121563,9,20.9,0,0,Centre,0.00022712382393938054
C009193,27.66,Sciences,Montreal,H4L,101558,9,23.2,0,0,Centre,0.3889462812859122
C012908,26.8,Sciences sociales,Montreal,H1A,104736,10,11.8,0,1,Centre,0.38386416955114294
C006315,27.34,Arts et lettres,Cote-Nord,G5B,51839,12,92.7,0,0,Eloignee,0.2971752402643179
C010120,26.99,Sciences,Montreal,H2X,53869,8,35.2,1,0,Centre,0.04812977211381799
C012420,21.38,Sciences sociales,Capitale-Nationale,G2E,99607,14,10.9,1,0,Centre,0.00023893625897480368
C009411,30.31,Sciences,Capitale-Nationale,G1R,76918,9,16.2,1,1,Centre,0.9761757396983295
C004895,24.54,Sciences sociales,Gaspesie-Iles-de-la-Madeleine,G5C,29847,10,161.6,1,0,Eloignee,0.00022769617391832402
C004290,25.39,Sciences,Capitale-Nationale,G2E,82484,7,55.4,1,0,Centre,0.008166696159584591
C010423,19.85,Sciences sociales,Capitale-Nationale,G2E,120687,7,31.4,0,0,Centre,0.00018815076492054552
C006091,26.23,Sciences sociales,Capitale-Nationale,G1V,59196,6,17.6,1,0,Centre,0.0068648108059134495
C002187,36.34,Sante,Bas-Saint-Laurent,G5L,42024,8,105.2,0,1,Eloignee,0.999799650780982
C009350,28.4,Sciences,Montreal,H4L,112818,8,20.1,0,0,Centre,0.6979946835265073
C000248,24.84,Sciences,Cote-Nord,G5B,16793,10,28.0,1,0,Eloignee,0.00038175825475909235
C008786,26.59,Sante,Bas-Saint-Laurent,G0L,37316,11,241.8,1,0,Eloignee,0.0278774715776273
C013413,26.16,Genie,Cote-Nord,G5B,44857,10,250.1,0,0,Eloignee,0.23923894206452936
C002285,27.64,Sante,Gaspesie-Iles-de-la-Madeleine,G4X,20914,13,184.0,0,0,Eloignee,0.07432280589913805
C003334,31.74,Genie,Capitale-Nationale,G1R,79221,9,11.6,0,1,Centre,0.9996913711049298
C009013,29.52,Genie,Gaspesie-Iles-de-la-Madeleine,G0C,34880,18,283.9,0,0,Eloignee,0.7825517053006408
C002647,31.15,Sante,Montreal,H3T,92282,7,30.1,0,1,Centre,0.9993481758600454
C006890,27.47,Genie,Bas-Saint-Laurent,G5L,48607,13,241.1,1,0,Eloignee,0.3817456734908664
C001211,25.04,Sante,Montreal,H1A,59084,12,30.3,0,0,Centre,0.005456368233988333
C008035,26.3,Genie,Gaspesie-Iles-de-la-Madeleine,G0C,77396,19,131.7,1,0,Eloignee,0.9446942464466562
C006634,24.51,Genie,Bas-Saint-Laurent,G0L,58027,10,272.8,0,0,Eloignee,0.00018891371857386423
C004642,31.07,Genie,Montreal,H2X,54592,10,15.0,1,1,Centre,0.999039030279907
C005443,28.52,Genie,Capitale-Nationale,G1R,66775,18,34.6,0,1,Centre,0.9651120116458969
C001825,28.59,Sciences sociales,Capitale-Nationale,G3A,120583,3,32.6,1,0,Centre,0.283894849013115
C009634,26.96,Genie,Gaspesie-Iles-de-la-Madeleine,G4X,114701,11,313.4,1,0,Eloignee,0.44237406287971903
C012834,25.15,Sciences sociales,Montreal,H3T,35129,6,4.5,0,0,Centre,0.001854133859262756
C007512,25.94,Sante,Bas-Saint-Laurent,G5L,32831,12,73.9,1,0,Eloignee,0.07219817234172218
C006567,29.15,Arts et lettres,Bas-Saint-Laurent,G5L,69894,11,211.9,1,1,Eloignee,0.8701112800304197
C000245,26.22,Sante,Montreal,H4L,112426,4,35.1,1,0,Centre,0.008764802352694502
C008297,31.89,Sciences,Capitale-Nationale,G3A,81621,7,15.4,0,1,Centre,0.99957170442645
C009113,23.85,Sciences sociales,Gaspesie-Iles-de-la-Madeleine,G0C,22007,17,510.8,0,0,Eloignee,0.0012645218741454145
C002561,27.87,Arts et lettres,Capitale-Nationale,G1V,77592,9,21.9,0,1,Centre,0.57212218661538
C010138,28.51,Arts et lettres,Cote-Nord,G0G,66857,9,319.9,0,0,Eloignee,0.6698754788784146
C003516,26.09,Genie,Cote-Nord,G0G,55382,21,193.5,0,0,Eloignee,0.6952810297664694
C012882,28.62,Sante,Montreal,H2X,63664,10,27.4,0,1,Centre,0.7532197687659127
C001311,26.26,Sante,Montreal,H3T,48003,8,10.8,0,0,Centre,0.011035626843425912
C006463,38.41,Sciences sociales,Montreal,H8N,38743,10,24.6,1,1,Centre,0.9998705750367599
C001535,21.6,Sante,Cote-Nord,G5B,30457,8,271.7,0,0,Eloignee,0.00012171567257120302
C012185,24.27,Sciences sociales,Capitale-Nationale,G1R,46033,13,15.6,0,0,Centre,0.0001728636672618486
C000563,27.94,Arts et lettres,Montreal,H2X,65270,13,17.1,0,1,Centre,0.5246623826480628
C007148,28.08,Sante,Capitale-Nationale,G3A,60299,10,13.6,0,0,Centre,0.3513262825787496
C006995,32.13,Sante,Montreal,H4L,70535,9,9.6,0,1,Centre,0.9998557376445216
C012562,29.93,Sante,Gaspesie-Iles-de-la-Madeleine,G5C,27828,11,149.5,1,0,Eloignee,0.9734123596867955
C013384,27.05,Arts et lettres,Capitale-Nationale,G3A,51118,2,7.8,0,0,Centre,0.03997225058352721
C001498,31.43,Sciences sociales,Gaspesie-Iles-de-la-Madeleine,G5C,36370,11,180.8,0,1,Eloignee,0.9940947039284558
C008808,25.75,Sciences,Cote-Nord,G5B,65549,9,181.7,0,0,Eloignee,0.004629951333856062
C004125,21.24,Sciences,Gaspesie-Iles-de-la-Madeleine,G4X,46918,6,258.6,0,0,Eloignee,0.0001041421936582112
C010238,32.38,Sciences sociales,Capitale-Nationale,G2E,62453,9,9.4,0,1,Centre,0.9998259822009221
C004952,30.25,Genie,Montreal,H8N,54559,9,13.2,0,1,Centre,0.8922311540649328
C005179,25.17,Sciences,Montreal,H2X,126025,9,9.0,0,0,Centre,0.006791655169202316
C004927,25.41,Sante,Cote-Nord,G5B,56922,11,188.4,0,0,Eloignee,0.020153305537288748
C006266,26.28,Sciences,Montreal,H1A,95148,10,23.6,1,0,Centre,0.2112652413137777
C013820,28.09,Sciences sociales,Capitale-Nationale,G2E,47176,9,14.5,0,0,Centre,0.2724896906863988
C005794,27.3,Sante,Montreal,H1A,43121,13,27.4,0,0,Centre,0.16047059338578323
C009782,25.32,Sciences,Montreal,H3T,90245,4,18.9,0,0,Centre,0.004160211205699131
C004487,27.42,Sciences,Montreal,H8N,63277,10,12.1,0,0,Centre,0.2017672137309721
C002617,23.83,Genie,Gaspesie-Iles-de-la-Madeleine,G0C,64396,13,176.3,0,0,Eloignee,8.671443219082756e-05
C009654,27.79,Sciences sociales,Cote-Nord,G0G,26051,13,151.0,0,0,Eloignee,0.04237715498443279
C002618,22.96,Genie,Cote-Nord,G4R,100712,14,601.6,1,0,Eloignee,0.00037155332560130704
C000033,35.07,Sante,Montreal,H3T,92953,11,13.7,0,1,Centre,0.9998804249456485
C009541,33.72,Genie,Cote-Nord,G5B,49822,14,191.6,0,1,Eloignee,0.9998831427889615
C006729,28.61,Sciences,Cote-Nord,G0G,54451,12,523.6,0,0,Eloignee,0.7885998598186124
C004566,20.94,Sciences,Gaspesie-Iles-de-la-Madeleine,G4X,45309,9,145.1,0,0,Eloignee,8.075808513680309e-05
C009271,29.8,Sante,Montreal,H1A,86319,9,29.3,0,1,Centre,0.9849118046422847
C003843,27.46,Sciences,Montreal,H2X,152145,7,9.7,0,1,Centre,0.8319353874044985
C010335,22.4,Sciences sociales,Cote-Nord,G0G,105169,13,168.2,1,0,Eloignee,0.00032452974781062256
C006939,29.24,Genie,Montreal,H4L,46634,12,8.7,0,1,Centre,0.824186993876159
C008796,33.18,Sciences,Cote-Nord,G4R,64085,14,397.8,0,1,Eloignee,0.9998930712442885
C009371,31.55,Sante,Capitale-Nationale,G2E,69308,7,33.7,0,1,Centre,0.9985228545097005
C003390,29.92,Sciences,Capitale-Nationale,G2E,72102,11,23.5,0,1,Centre,0.9875334547030238
C012824,26.24,Sciences sociales,Gaspesie-Iles-de-la-Madeleine,G4X,51470,16,155.1,0,0,Eloignee,0.2639461460630568
C009267,22.66,Sciences sociales,Montreal,H3T,45336,18,21.1,0,0,Centre,0.0013518049175147394
C008920,27.09,Sciences,Cote-Nord,G0G,52500,14,314.7,0,0,Eloignee,0.3321029185551349
C012587,26.43,Sante,Montreal,H1A,72570,9,44.1,1,1,Centre,0.27721498042425613
C009473,29.8,Sciences,Gaspesie-Iles-de-la-Madeleine,G5C,47344,9,186.0,0,0,Eloignee,0.9537286257351619
C002069,23.75,Genie,Montreal,H8N,141305,10,18.8,0,0,Centre,0.0005011882022420908
C006802,28.99,Sciences,Montreal,H2X,97363,8,21.6,0,0,Centre,0.6118963429877601
C008934,27.39,Sciences sociales,Gaspesie-Iles-de-la-Madeleine,G5C,28798,12,205.9,0,0,Eloignee,0.036511044275454214
C002050,27.66,Genie,Bas-Saint-Laurent,G5N,52996,14,315.9,0,0,Eloignee,0.27746555312387117
C007533,25.74,Genie,Montreal,H2X,51410,7,10.7,1,0,Centre,0.0026532226124394093
C013027,25.57,Genie,Bas-Saint-Laurent,G5L,74557,20,355.7,0,0,Eloignee,0.5580305461694339
C004569,30.18,Sciences,Montreal,H4L,87694,10,24.2,0,1,Centre,0.9839423976360118
C000950,28.91,Arts et lettres,Montreal,H8N,36796,7,11.1,0,0,Centre,0.21740737680511962
C003198,26.5,Arts et lettres,Capitale-Nationale,G2E,78645,15,30.2,0,0,Centre,0.4219784349859936
C006044,27.87,Sante,Bas-Saint-Laurent,G0L,28025,10,303.4,1,0,Eloignee,0.060405157967645236
C001273,31.64,Arts et lettres,Gaspesie-Iles-de-la-Madeleine,G0C,91917,12,295.5,0,1,Eloignee,0.9993050598116369
C004182,31.08,Sante,Montreal,H1A,52427,7,33.2,0,1,Centre,0.9990464950187656
C000226,23.96,Genie,Montreal,H1A,63236,7,5.1,0,0,Centre,0.0012480367571005375
C000507,27.4,Sante,Montreal,H3T,57475,13,2.9,0,1,Centre,0.46166482718075375
C000818,25.99,Arts et lettres,Bas-Saint-Laurent,G5N,68792,13,285.6,0,0,Eloignee,0.03254951994150358
C011590,24.7,Genie,Bas-Saint-Laurent,G5L,38894,11,197.2,1,0,Eloignee,0.0007011984455946408
C008451,27.29,Genie,Montreal,H4L,123303,9,21.0,0,0,Centre,0.6050122231471543
C003168,31.1,Sciences,Montreal,H1A,104123,12,43.5,0,1,Centre,0.999486484672653
C003822,28.98,Genie,Capitale-Nationale,G1V,69409,9,14.9,0,1,Centre,0.7801612238641341
C009742,26.34,Arts et lettres,Capitale-Nationale,G2E,161153,6,20.2,0,1,Centre,0.269228600947622
C004033,27.1,Arts et lettres,Capitale-Nationale,G3A,69446,12,25.5,0,1,Centre,0.3177686267119875
C012983,25.16,Arts et lettres,Gaspesie-Iles-de-la-Madeleine,G4X,47250,19,76.4,0,0,Eloignee,0.29518673545633545
C004772,21.96,Genie,Montreal,H1A,111008,12,7.7,0,0,Centre,0.0002669030892437066
C009403,26.73,Sciences sociales,Capitale-Nationale,G1R,105618,10,21.8,0,1,Centre,0.33836818912160155
C001499,27.42,Sciences,Capitale-Nationale,G3A,96399,10,17.3,0,0,Centre,0.37021602512256696
C003734,30.57,Sante,Montreal,H1A,109650,9,11.2,0,1,Centre,0.9986889119746442
C008391,32.92,Sante,Montreal,H1A,101194,7,25.8,1,1,Centre,0.9998589936943348
C009016,28.99,Arts et lettres,Gaspesie-Iles-de-la-Madeleine,G5C,48902,19,283.2,1,0,Eloignee,0.9689974320646855
C004545,25.86,Sciences sociales,Bas-Saint-Laurent,G5L,63355,10,204.4,1,0,Eloignee,0.006464609937007808
C001245,29.53,Genie,Bas-Saint-Laurent,G5N,47311,11,192.6,1,1,Eloignee,0.7975691109248507
C000054,26.66,Sciences,Montreal,H3T,59208,9,9.7,0,0,Centre,0.0858314128106303
C002542,25.25,Sciences,Montreal,H2X,110245,9,23.9,0,0,Centre,0.006866463354747671
C009032,27.27,Sciences sociales,Gaspesie-Iles-de-la-Madeleine,G0C,101064,13,106.2,1,0,Eloignee,0.6217114278250983
C003933,29.95,Genie,Capitale-Nationale,G1V,127860,6,30.3,0,1,Centre,0.9967250243689812
C008006,30.83,Sciences,Gaspesie-Iles-de-la-Madeleine,G0C,100654,14,165.0,0,1,Eloignee,0.9988843302397491
C003045,27.9,Arts et lettres,Montreal,H3T,42835,8,19.7,1,0,Centre,0.06996622821340062
C008233,25.17,Arts et lettres,Bas-Saint-Laurent,G5L,52181,7,156.6,0,0,Eloignee,0.0024350955734483717
C009302,29.27,Sante,Montreal,H2X,51842,8,22.5,0,0,Centre,0.7525519474395578
C003105,27.4,Arts et lettres,Capitale-Nationale,G2E,58649,12,17.1,1,1,Centre,0.5121088062783472
C005007,30.6,Sante,Gaspesie-Iles-de-la-Madeleine,G5C,55306,13,333.6,0,1,Eloignee,0.9957553829080785
C013591,22.14,Genie,Cote-Nord,G5B,82739,19,294.9,0,0,Eloignee,0.0038085859083834108
C004549,28.37,Arts et lettres,Montreal,H3T,82518,5,11.2,1,0,Centre,0.33301261102362834
C001710,23.11,Sciences,Capitale-Nationale,G1V,116584,9,6.6,1,0,Centre,0.00016373552337303312
C007673,22.91,Sciences,Bas-Saint-Laurent,G5N,37549,9,185.6,1,0,Eloignee,8.722154672923931e-05
C006229,29.66,Sciences,Bas-Saint-Laurent,G0L,55969,12,534.7,1,1,Eloignee,0.9584466207398286
C000312,31.56,Arts et lettres,Montreal,H4L,65823,8,21.2,0,1,Centre,0.9997707669500014
C010953,32.93,Sciences,Gaspesie-Iles-de-la-Madeleine,G4X,55232,12,163.1,1,1,Eloignee,0.9998246289788699
C001758,23.17,Sciences,Montreal,H1A,81117,9,31.3,1,0,Centre,0.00010733740583800268
C010569,28.46,Sciences,Capitale-Nationale,G3A,65181,11,28.8,0,1,Centre,0.7927639713013303
C008040,22.32,Sciences sociales,Montreal,H4L,99349,13,25.8,0,0,Centre,0.0002299815484218442
C006538,24.0,Sciences,Capitale-Nationale,G2E,102336,8,24.4,1,0,Centre,0.0016169148019702067
C001830,28.94,Sciences sociales,Gaspesie-Iles-de-la-Madeleine,G0C,63474,14,467.1,1,0,Eloignee,0.9351300477887192
C006449,32.97,Genie,Montreal,H8N,44260,7,10.9,1,1,Centre,0.9994815086532777
C008821,27.52,Genie,Montreal,H1A,86923,5,12.5,1,0,Centre,0.1471638989844803
C002294,23.71,Sciences,Capitale-Nationale,G1V,71569,5,35.9,1,0,Centre,8.991531062397948e-05
C004361,30.23,Sciences,Bas-Saint-Laurent,G5N,35808,15,154.2,1,1,Eloignee,0.9808471115010996
C008276,26.89,Sante,Gaspesie-Iles-de-la-Madeleine,G5C,102329,14,221.5,1,0,Eloignee,0.5916859263212868
C011577,28.44,Sciences,Montreal,H8N,100293,8,13.3,0,1,Centre,0.6166784253269673
C012714,31.41,Sciences sociales,Montreal,H2X,118229,10,28.3,0,1,Centre,0.9991664625594926
C005727,25.56,Sante,Montreal,H3T,32976,11,25.3,0,0,Centre,0.03354474304501379
C013427,30.15,Sciences sociales,Bas-Saint-Laurent,G5N,40226,9,331.5,0,1,Eloignee,0.8098805501026998
C002154,29.22,Genie,Montreal,H4L,89715,12,12.9,0,1,Centre,0.9294481363730448
C011766,18.91,Sciences sociales,Montreal,H1A,42447,10,3.5,0,0,Centre,0.00012240234494973338
C003681,26.77,Arts et lettres,Cote-Nord,G4R,77036,11,291.5,1,0,Eloignee,0.337949156131862
C000813,25.06,Arts et lettres,Bas-Saint-Laurent,G5N,36385,16,266.5,0,0,Eloignee,0.01959020668098381
C000334,23.63,Sante,Cote-Nord,G5B,59540,12,187.8,0,0,Eloignee,9.65637902143197e-05
C002785,25.9,Sciences sociales,Bas-Saint-Laurent,G5L,41769,17,139.2,1,0,Eloignee,0.32807623356387455
C011048,29.01,Sciences,Montreal,H8N,101430,11,43.9,0,1,Centre,0.8344212662861714
C011412,32.27,Sciences,Montreal,H2X,89725,13,5.4,0,1,Centre,0.9997695959245113
C012537,24.36,Sciences sociales,Bas-Saint-Laurent,G5N,24920,12,148.7,0,0,Eloignee,0.00028684860536984
C004374,31.35,Sciences,Capitale-Nationale,G1R,50607,7,13.8,0,1,Centre,0.994264884193072
C007887,32.19,Sciences sociales,Cote-Nord,G5B,28702,10,399.5,1,1,Eloignee,0.9988541607194606
C000545,24.19,Sante,Bas-Saint-Laurent,G5N,60404,13,256.9,1,0,Eloignee,0.00018435240208332455
C005602,26.16,Sante,Montreal,H8N,72086,10,35.6,1,0,Centre,0.08122336989251132
C000787,30.15,Sante,Bas-Saint-Laurent,G0L,26429,14,222.0,1,0,Eloignee,0.9845066328392726
C010237,23.32,Sciences sociales,Capitale-Nationale,G1R,71862,14,24.6,0,0,Centre,0.0001372076422663507
C012653,29.55,Sciences sociales,Bas-Saint-Laurent,G5L,41311,9,93.0,0,0,Eloignee,0.8971614173498746
C009102,24.05,Genie,Bas-Saint-Laurent,G5N,47889,19,261.5,0,0,Eloignee,0.019656239481111542
C001181,26.93,Sante,Bas-Saint-Laurent,G0L,58587,8,195.9,0,0,Eloignee,0.0741968420121703
C001634,25.48,Arts et lettres,Cote-Nord,G0G,42779,10,179.1,0,0,Eloignee,0.03083679212914534
C000598,27.96,Sciences,Montreal,H2X,30092,6,20.1,1,0,Centre,0.06462164424909272
C005687,26.11,Arts et lettres,Cote-Nord,G0G,55749,11,109.9,0,0,Eloignee,0.10517378946190678
C008698,23.5,Sante,Gaspesie-Iles-de-la-Madeleine,G0C,48420,10,256.1,1,0,Eloignee,0.0001986134809314933
C004213,29.49,Sciences sociales,Montreal,H2X,105114,10,29.0,0,1,Centre,0.9633814626310114
C010499,26.44,Arts et lettres,Bas-Saint-Laurent,G5N,43916,13,162.2,0,0,Eloignee,0.17402348827513733
C003358,26.26,Sciences sociales,Gaspesie-Iles-de-la-Madeleine,G0C,91206,4,114.7,0,0,Eloignee,0.014572379934110823
C000122,21.35,Sciences,Capitale-Nationale,G1V,66965,4,8.4,0,0,Centre,0.00011287245364496907
C009394,25.16,Genie,Bas-Saint-Laurent,G0L,55159,13,215.4,1,0,Eloignee,0.007433666289141641
C010530,33.11,Sante,Montreal,H8N,69072,6,18.1,0,1,Centre,0.9998352368472738
C009343,30.87,Sante,Montreal,H3T,66150,8,4.5,1,1,Centre,0.9964767014467296
C011364,29.15,Sciences sociales,Gaspesie-Iles-de-la-Madeleine,G4X,79787,11,277.9,0,1,Eloignee,0.9106990369400352
C007412,26.82,Genie,Gaspesie-Iles-de-la-Madeleine,G4X,100997,11,134.9,1,0,Eloignee,0.4375308427146868
C012134,29.52,Sante,Gaspesie-Iles-de-la-Madeleine,G5C,40450,13,251.9,1,0,Eloignee,0.9615683619552794
C012813,31.71,Sciences,Gaspesie-Iles-de-la-Madeleine,G0C,72477,13,131.0,1,1,Eloignee,0.9998734524677118
C005259,31.06,Sciences sociales,Capitale-Nationale,G1V,50369,5,33.7,0,1,Centre,0.9788875407311042
C008028,23.34,Genie,Montreal,H1A,46048,7,26.8,1,0,Centre,0.00014969631153470455
C006590,20.89,Sciences,Cote-Nord,G4R,53101,12,118.2,1,0,Eloignee,8.601375374971482e-05
C003657,25.51,Genie,Capitale-Nationale,G1V,46933,5,31.9,0,0,Centre,0.0013277500219958515
C008399,32.11,Sante,Capitale-Nationale,G2E,76337,13,13.9,0,1,Centre,0.9998864372082868
C004139,26.07,Sante,Bas-Saint-Laurent,G5N,58090,12,377.2,1,0,Eloignee,0.1677704822939852
C011601,27.94,Genie,Gaspesie-Iles-de-la-Madeleine,G5C,80344,14,244.0,0,1,Eloignee,0.6379661631718697
C004807,29.95,Sciences,Montreal,H4L,38800,5,18.9,0,1,Centre,0.9666152077145673
C011710,23.55,Sciences sociales,Gaspesie-Iles-de-la-Madeleine,G5C,68256,6,150.6,0,0,Eloignee,8.710812638003549e-05
C000683,24.61,Sciences sociales,Montreal,H2X,101845,11,23.3,0,0,Centre,0.00028262535027193597
C013559,31.12,Sciences sociales,Capitale-Nationale,G3A,47536,3,45.9,0,1,Centre,0.919154615252622
C004183,32.79,Sciences sociales,Montreal,H3T,69992,11,21.3,0,1,Centre,0.9998009424681077
C003526,24.56,Arts et lettres,Montreal,H8N,76834,6,24.7,1,0,Centre,0.00012196315258318686
C012974,26.4,Arts et lettres,Gaspesie-Iles-de-la-Madeleine,G5C,39940,15,277.2,1,0,Eloignee,0.1467377471529161
C013410,29.62,Genie,Montreal,H1A,53494,11,24.8,1,1,Centre,0.9553505620600787
C003427,26.44,Sciences sociales,Montreal,H4L,25334,8,4.9,0,0,Centre,0.007515452726781194
C004890,27.37,Sante,Montreal,H3T,33248,15,18.3,0,0,Centre,0.2114274745525826
C005704,27.38,Sante,Montreal,H1A,48711,5,17.2,0,0,Centre,0.03652708184253669
C001108,23.75,Arts et lettres,Bas-Saint-Laurent,G0L,58192,12,313.2,0,0,Eloignee,0.00014159897871627528
C010141,23.75,Sante,Capitale-Nationale,G2E,72398,6,9.1,0,0,Centre,9.308877198117854e-05
C010601,28.98,Sciences sociales,Bas-Saint-Laurent,G5N,51731,6,157.2,1,0,Eloignee,0.4420325411301112
C000504,30.41,Arts et lettres,Montreal,H1A,70595,14,11.6,0,1,Centre,0.9963979705510502
C005808,27.06,Arts et lettres,Montreal,H1A,47733,4,5.6,0,0,Centre,0.018306657795176026
C007448,31.27,Sciences,Capitale-Nationale,G3A,36846,11,8.4,0,1,Centre,0.9956800782000017
C000403,27.46,Sciences sociales,Gaspesie-Iles-de-la-Madeleine,G4X,30965,13,142.7,1,0,Eloignee,0.05923907434740223
C010426,25.89,Sciences sociales,Bas-Saint-Laurent,G0L,71357,14,214.0,0,0,Eloignee,0.10435705804882435
C009617,26.73,Arts et lettres,Capitale-Nationale,G3A,91036,6,15.1,0,0,Centre,0.14776765871456723
C002832,22.84,Genie,Gaspesie-Iles-de-la-Madeleine,G4X,44319,10,229.0,0,0,Eloignee,0.0004787691833454476
C009881,27.09,Sante,Gaspesie-Iles-de-la-Madeleine,G0C,27143,9,173.9,0,0,Eloignee,0.0683770562754341
C000761,26.6,Sciences sociales,Bas-Saint-Laurent,G5L,37039,13,94.3,0,0,Eloignee,0.036839393770574
C010521,28.16,Arts et lettres,Montreal,H3T,61381,6,21.2,0,0,Centre,0.1887041044517201
C009017,27.18,Genie,Montreal,H1A,70479,6,16.4,0,0,Centre,0.1067688858923897
C006116,28.68,Sante,Gaspesie-Iles-de-la-Madeleine,G0C,42238,9,238.9,0,1,Eloignee,0.5657333578833226
C007315,31.25,Arts et lettres,Montreal,H1A,97695,9,6.7,0,1,Centre,0.9975688699615899
C004089,24.01,Sciences sociales,Montreal,H1A,71099,10,5.4,0,0,Centre,0.0011988331276469645
C001748,24.93,Genie,Cote-Nord,G4R,82853,12,218.8,0,0,Eloignee,0.006477668963346094
C005277,25.04,Sciences,Gaspesie-Iles-de-la-Madeleine,G0C,56810,16,249.8,1,0,Eloignee,0.0697281147721756
C005001,25.47,Genie,Capitale-Nationale,G2E,111953,6,28.0,0,0,Centre,0.007790079273958134
C011171,30.01,Genie,Capitale-Nationale,G2E,78057,7,22.0,0,1,Centre,0.9842877559614507
C013011,31.8,Sante,Capitale-Nationale,G2E,65576,7,6.8,0,1,Centre,0.9998557376445216
C008984,31.13,Sante,Capitale-Nationale,G1V,64996,7,9.1,0,1,Centre,0.9991456172446516
C004925,27.49,Sciences sociales,Montreal,H1A,59762,12,35.7,0,0,Centre,0.39229077921882877
C007808,27.31,Genie,Montreal,H4L,100173,8,13.7,0,1,Centre,0.4115423276059406
C012231,30.66,Sciences sociales,Montreal,H1A,62362,11,20.6,0,1,Centre,0.9842313744548401
C013545,27.28,Sciences,Bas-Saint-Laurent,G5N,43111,17,119.3,0,0,Eloignee,0.40411099185166965
C002328,28.74,Sciences,Gaspesie-Iles-de-la-Madeleine,G5C,95560,10,210.1,0,1,Eloignee,0.7746124271395141
C008779,27.05,Genie,Capitale-Nationale,G1R,81601,10,17.6,0,0,Centre,0.3096885341447611
C006398,28.95,Arts et lettres,Gaspesie-Iles-de-la-Madeleine,G5C,29936,7,318.6,0,0,Eloignee,0.3777330574833969
C000896,30.78,Sciences sociales,Montreal,H2X,95879,10,5.6,1,1,Centre,0.996469583718223
C000081,29.91,Sciences sociales,Cote-Nord,G5B,30592,8,377.0,0,0,Eloignee,0.9746615193752001
C001812,28.15,Genie,Montreal,H1A,51450,8,15.0,0,0,Centre,0.16203826980863126
C001137,32.05,Sante,Montreal,H8N,83027,9,13.1,0,1,Centre,0.99987592783327
C012103,22.98,Sciences,Montreal,H1A,82612,10,7.3,0,0,Centre,0.0001309533729030669
C009469,30.78,Sciences sociales,Montreal,H4L,62409,6,12.3,0,1,Centre,0.9710174640159774
C004961,24.57,Sciences sociales,Gaspesie-Iles-de-la-Madeleine,G4X,52155,14,177.8,0,0,Eloignee,0.00013517338441420589
C009780,25.3,Sante,Capitale-Nationale,G1V,209351,9,29.7,0,0,Centre,0.22122430963430792
C013864,29.84,Sciences,Montreal,H1A,86701,7,35.1,0,1,Centre,0.9903298437867604
C005590,32.48,Arts et lettres,Capitale-Nationale,G1V,90196,13,17.5,1,1,Centre,0.9992015627969539
C005796,24.7,Genie,Capitale-Nationale,G2E,104349,9,16.0,0,0,Centre,0.00020817461897673756
C001402,22.62,Sciences,Gaspesie-Iles-de-la-Madeleine,G5C,47339,9,125.4,1,0,Eloignee,8.967200071673538e-05
C004407,27.45,Sciences,Capitale-Nationale,G1R,85546,6,16.9,0,1,Centre,0.48406045313369755
C006945,25.67,Sciences sociales,Montreal,H8N,83199,3,35.1,0,0,Centre,0.003106956511698191
C002482,29.34,Genie,Cote-Nord,G0G,42311,10,360.9,1,1,Eloignee,0.542425340465067
C001440,29.91,Arts et lettres,Cote-Nord,G0G,88904,11,269.1,0,0,Eloignee,0.9865182271125391
C010822,25.51,Sciences sociales,Gaspesie-Iles-de-la-Madeleine,G0C,50552,13,381.9,0,0,Eloignee,0.009035285963703756
C003100,32.08,Sante,Bas-Saint-Laurent,G5L,38264,13,356.2,1,1,Eloignee,0.999909259137615
C005142,33.87,Genie,Capitale-Nationale,G3A,62858,9,28.8,0,1,Centre,0.9998284000726438
C008321,30.96,Sante,Bas-Saint-Laurent,G0L,39637,10,229.1,0,1,Eloignee,0.9955688036616669
C010913,27.57,Arts et lettres,Capitale-Nationale,G2E,55088,5,6.1,0,0,Centre,0.055777386635562046
C003222,24.05,Sante,Capitale-Nationale,G1R,76387,10,68.7,1,0,Centre,0.0001978993321006689
C001628,30.21,Genie,Cote-Nord,G5B,18369,9,62.2,0,1,Eloignee,0.7696670818920072
C008111,32.63,Sante,Bas-Saint-Laurent,G5N,34253,18,433.0,0,1,Eloignee,0.9887239648275413
C008846,27.98,Arts et lettres,Montreal,H1A,98227,5,23.7,0,0,Centre,0.2071799152027502
C011104,28.93,Sciences,Gaspesie-Iles-de-la-Madeleine,G5C,43173,14,138.9,1,0,Eloignee,0.812799267916294
C012487,29.28,Genie,Montreal,H2X,68656,9,15.8,0,1,Centre,0.9445570037051321
C012005,32.08,Genie,Montreal,H3T,37991,9,16.9,1,1,Centre,0.9997863615252162
C009296,31.67,Genie,Cote-Nord,G4R,22310,15,467.4,0,1,Eloignee,0.9962948215812923
C007702,28.64,Sante,Bas-Saint-Laurent,G5N,69780,8,101.4,0,0,Eloignee,0.6945609901440971
C006852,25.26,Genie,Cote-Nord,G0G,101921,16,235.6,0,0,Eloignee,0.3724362743539899
C003884,26.39,Genie,Bas-Saint-Laurent,G5N,63017,9,129.0,1,0,Eloignee,0.011894547353131772
C007024,27.31,Sante,Montreal,H2X,47059,9,36.5,0,0,Centre,0.07001620176647713
C007409,29.3,Sciences sociales,Gaspesie-Iles-de-la-Madeleine,G0C,46894,14,142.1,0,1,Eloignee,0.9917586459354364
C005430,30.96,Genie,Bas-Saint-Laurent,G5L,64297,16,130.3,1,1,Eloignee,0.9948076526629548
C010545,23.27,Arts et lettres,Cote-Nord,G0G,63560,10,442.5,0,0,Eloignee,0.00013193739300915538
C001855,28.08,Sante,Montreal,H4L,64881,5,45.6,0,0,Centre,0.20475827686787929
C005140,28.8,Sciences,Gaspesie-Iles-de-la-Madeleine,G5C,18091,10,311.4,1,0,Eloignee,0.4560638856510018
C007360,32.67,Arts et lettres,Gaspesie-Iles-de-la-Madeleine,G5C,55224,11,232.9,1,1,Eloignee,0.9998001836575793
C011478,26.13,Sciences,Montreal,H2X,80295,7,34.1,1,0,Centre,0.01847878555562408
C009964,28.66,Genie,Montreal,H8N,64065,6,16.8,0,0,Centre,0.6200659682998667
C012212,30.21,Sciences sociales,Montreal,H2X,67022,7,2.3,0,1,Centre,0.9644646326072658
C006841,23.54,Arts et lettres,Gaspesie-Iles-de-la-Madeleine,G4X,121751,16,114.3,1,0,Eloignee,0.06978860675450028
C006310,32.49,Sante,Montreal,H4L,67941,7,15.4,0,1,Centre,0.9998557376445216
C001929,25.75,Sciences,Montreal,H4L,52961,11,50.2,0,0,Centre,0.006967601660108972
C006797,25.82,Sciences,Bas-Saint-Laurent,G5N,85207,9,205.2,1,0,Eloignee,0.05985673721240666
C013872,27.78,Genie,Bas-Saint-Laurent,G0L,69626,15,505.8,0,0,Eloignee,0.5502116662725572
C007470,24.16,Genie,Montreal,H4L,51207,6,18.6,1,0,Centre,0.00020889835421355674
C012079,28.75,Sciences,Capitale-Nationale,G1V,75960,8,6.6,0,1,Centre,0.7424080881710641
C008226,24.33,Sciences sociales,Bas-Saint-Laurent,G5L,63375,16,431.6,0,0,Eloignee,0.006418465131422146
C013734,27.48,Sciences sociales,Montreal,H4L,73497,4,17.5,1,0,Centre,0.1771444548381434
C012576,25.66,Arts et lettres,Gaspesie-Iles-de-la-Madeleine,G5C,78566,11,252.1,0,0,Eloignee,0.05567487498794975
C013230,28.6,Genie,Montreal,H3T,91745,11,22.6,1,1,Centre,0.8760625187537266
C006079,30.38,Genie,Montreal,H4L,27631,9,38.8,1,1,Centre,0.9508356324044805
C002293,29.56,Sciences sociales,Cote-Nord,G0G,13766,18,125.9,0,0,Eloignee,0.9705650432425005
C012833,26.18,Sciences,Montreal,H4L,94023,11,20.9,0,0,Centre,0.12335733579911841
C004295,26.74,Genie,Capitale-Nationale,G1R,106514,15,52.2,0,1,Centre,0.63549970491033
C012065,26.0,Sciences,Bas-Saint-Laurent,G5L,36809,13,268.7,0,0,Eloignee,0.24980798583909022
C006592,30.39,Sciences,Gaspesie-Iles-de-la-Madeleine,G5C,31396,18,168.7,0,1,Eloignee,0.9386539219533883
C009999,25.11,Genie,Montreal,H2X,101110,8,27.2,1,0,Centre,0.010284562443455837
C009368,28.54,Sciences sociales,Gaspesie-Iles-de-la-Madeleine,G0C,34107,11,359.0,1,0,Eloignee,0.33026930061356735
C006686,31.41,Sante,Gaspesie-Iles-de-la-Madeleine,G5C,56428,10,372.5,0,1,Eloignee,0.9966513058106546
C008858,28.92,Sciences sociales,Gaspesie-Iles-de-la-Madeleine,G5C,54532,12,431.8,0,1,Eloignee,0.8334155743600898
C000468,26.66,Sciences,Capitale-Nationale,G1V,87767,11,2.0,0,0,Centre,0.3766118229327629
C000849,31.07,Sante,Capitale-Nationale,G3A,60977,6,34.5,1,1,Centre,0.9981868075686191
C009798,27.11,Genie,Montreal,H3T,96524,9,12.3,0,0,Centre,0.10995721148233996
C013195,23.78,Sciences sociales,Montreal,H2X,103340,11,32.7,0,0,Centre,0.00024746530086751785
C007866,29.46,Sciences,Bas-Saint-Laurent,G5N,46372,10,199.0,1,1,Eloignee,0.8187715494548627
C012661,32.63,Sciences sociales,Montreal,H4L,145811,12,6.2,1,1,Centre,0.9985762865331866
C005611,26.83,Arts et lettres,Montreal,H8N,91789,7,10.3,0,0,Centre,0.291302628026885
C001599,29.27,Genie,Montreal,H2X,86077,11,20.4,0,1,Centre,0.9733976304005741
C012515,31.16,Genie,Cote-Nord,G5B,47809,19,288.0,1,1,Eloignee,0.9960330129492081
C003196,29.42,Arts et lettres,Capitale-Nationale,G1V,32188,8,6.9,0,0,Centre,0.6610477604460624
C007023,27.21,Sante,Cote-Nord,G4R,59498,13,289.7,0,1,Eloignee,0.3487863918767069
C007868,26.87,Sciences,Montreal,H3T,72331,5,23.8,1,0,Centre,0.02139714601820103
C001565,29.98,Sciences sociales,Gaspesie-Iles-de-la-Madeleine,G5C,105538,11,135.8,0,1,Eloignee,0.9971272907670132
C003532,25.93,Genie,Cote-Nord,G5B,35334,13,88.2,1,0,Eloignee,0.04964742486940703
C010918,26.7,Sciences,Capitale-Nationale,G1V,50469,11,9.9,0,0,Centre,0.055827669710480504
C002786,33.7,Sciences,Montreal,H8N,116799,8,5.5,0,1,Centre,0.9996626790433215
C013884,34.16,Sciences,Gaspesie-Iles-de-la-Madeleine,G5C,72709,14,112.9,0,1,Eloignee,0.999870619567758
C010756,28.11,Genie,Montreal,H1A,89991,8,5.9,0,0,Centre,0.5534288255586508
C010989,25.96,Sciences sociales,Gaspesie-Iles-de-la-Madeleine,G5C,77326,12,89.3,0,0,Eloignee,0.1625963051319883
C004136,32.19,Genie,Bas-Saint-Laurent,G0L,46838,11,239.8,0,1,Eloignee,0.9997925600358474
C009941,28.47,Sciences,Capitale-Nationale,G1R,65063,6,11.2,0,0,Centre,0.6524113496094728
C008804,29.4,Arts et lettres,Gaspesie-Iles-de-la-Madeleine,G4X,70037,19,146.5,1,1,Eloignee,0.9825825273003702
C007102,27.37,Sciences sociales,Gaspesie-Iles-de-la-Madeleine,G0C,54369,16,222.9,1,0,Eloignee,0.4036642964211348
C010517,27.13,Genie,Capitale-Nationale,G1R,51872,8,15.4,0,0,Centre,0.10538660058047719
C004990,31.34,Sciences sociales,Montreal,H1A,89560,3,29.9,0,1,Centre,0.9966088833098676
C000362,30.68,Genie,Capitale-Nationale,G1R,46404,9,4.6,0,1,Centre,0.9111226248913304
C007183,28.04,Arts et lettres,Montreal,H4L,103742,16,31.5,0,0,Centre,0.6670476327628939
C012334,28.63,Genie,Capitale-Nationale,G3A,102413,7,31.5,0,0,Centre,0.8262807427833753
C006760,29.12,Genie,Gaspesie-Iles-de-la-Madeleine,G4X,33577,12,190.4,1,0,Eloignee,0.4494320592992612
C001596,26.94,Sciences,Cote-Nord,G4R,66043,16,323.4,1,0,Eloignee,0.5679331867759819
C009885,30.13,Sciences,Gaspesie-Iles-de-la-Madeleine,G0C,43440,10,287.4,0,1,Eloignee,0.952370932362738
C001135,27.16,Sciences sociales,Cote-Nord,G4R,128831,15,236.4,1,1,Eloignee,0.7028874291427559
C005552,25.64,Sciences,Bas-Saint-Laurent,G5L,53283,9,196.9,0,0,Eloignee,0.0050550231941889
C002218,32.93,Sciences,Montreal,H1A,103277,8,16.9,0,1,Centre,0.999739287826557
C001591,29.83,Sciences sociales,Cote-Nord,G4R,16779,12,307.1,1,0,Eloignee,0.970052856266587
C005395,27.17,Arts et lettres,Montreal,H2X,68546,12,29.5,0,0,Centre,0.20628880690412377
C004711,28.13,Sciences sociales,Montreal,H3T,75034,10,19.0,0,1,Centre,0.8094366147906144
C004897,29.71,Sciences,Bas-Saint-Laurent,G5L,30415,19,329.4,1,1,Eloignee,0.9771089124281224
C005860,28.29,Sciences sociales,Capitale-Nationale,G1V,55663,9,22.8,1,1,Centre,0.4337147763905187
C009502,28.02,Sante,Montreal,H2X,63044,11,19.0,1,0,Centre,0.3578498528895689
C000004,29.71,Arts et lettres,Montreal,H2X,111376,10,7.7,1,1,Centre,0.9592538420609331
C002666,30.76,Genie,Montreal,H3T,49089,6,16.2,1,1,Centre,0.9953904342752364
C009661,28.47,Genie,Gaspesie-Iles-de-la-Madeleine,G5C,28905,9,56.1,0,0,Eloignee,0.14793467498381843
C000577,23.45,Arts et lettres,Gaspesie-Iles-de-la-Madeleine,G4X,93259,17,341.8,0,0,Eloignee,0.07992986647164915
C013921,31.39,Sciences sociales,Montreal,H1A,81377,11,12.1,0,1,Centre,0.997121400238298
C003112,30.1,Sciences sociales,Montreal,H2X,66457,8,3.6,0,1,Centre,0.9059169638532091
C003794,29.63,Sante,Gaspesie-Iles-de-la-Madeleine,G0C,40697,16,280.2,1,1,Eloignee,0.9851518941217217
C000283,31.77,Arts et lettres,Montreal,H1A,100940,8,27.8,1,1,Centre,0.999621461014426
C005353,29.29,Genie,Montreal,H1A,171104,10,8.8,1,1,Centre,0.9961962407551808
C000702,25.19,Genie,Montreal,H1A,73706,2,25.4,1,0,Centre,0.0028093153974840406
C010481,26.09,Genie,Montreal,H8N,177515,12,7.9,0,1,Centre,0.6204510562144839
C008731,26.66,Arts et lettres,Montreal,H4L,64744,10,14.5,0,0,Centre,0.03857987304587446
C012545,29.08,Sciences sociales,Capitale-Nationale,G1V,68560,6,56.2,0,0,Centre,0.6719878854513234
C006947,30.45,Sciences sociales,Gaspesie-Iles-de-la-Madeleine,G5C,99831,12,152.0,0,1,Eloignee,0.9966339010862034
C003226,28.06,Genie,Montreal,H2X,76361,7,9.8,0,0,Centre,0.4578917818251059
C011743,23.06,Arts et lettres,Gaspesie-Iles-de-la-Madeleine,G4X,58832,17,87.0,1,0,Eloignee,0.0036374952540964484
C006307,23.5,Sciences,Montreal,H4L,89852,7,13.6,1,0,Centre,0.00014640705310214007
C011691,33.78,Arts et lettres,Capitale-Nationale,G2E,119086,8,11.6,1,1,Centre,0.9995544673596474
C012713,24.69,Genie,Cote-Nord,G4R,71445,17,341.4,1,0,Eloignee,0.015281652623425075
C000531,25.95,Sciences sociales,Montreal,H4L,52438,4,32.6,1,0,Centre,0.0015253106180367845
C011608,25.87,Genie,Montreal,H2X,67971,11,8.3,1,0,Centre,0.0046372998472375354
C000735,26.13,Sante,Cote-Nord,G4R,59949,17,485.6,0,0,Eloignee,0.8983907103702932
C005062,25.09,Genie,Bas-Saint-Laurent,G5L,65708,10,300.1,0,0,Eloignee,0.0015984944634004703
C001928,27.37,Sciences,Bas-Saint-Laurent,G0L,48915,12,293.6,0,0,Eloignee,0.33165547556123987
C007981,27.07,Arts et lettres,Gaspesie-Iles-de-la-Madeleine,G5C,47316,13,150.6,1,0,Eloignee,0.30942439314547965
C003204,26.58,Genie,Montreal,H2X,104033,12,14.5,0,0,Centre,0.22893762047339114
C012372,26.26,Sante,Montreal,H3T,51980,7,8.0,0,0,Centre,0.01380740782971086
C005709,30.34,Sciences,Montreal,H8N,34150,7,65.9,1,1,Centre,0.9526037045018207
C008926,27.11,Arts et lettres,Capitale-Nationale,G3A,105115,8,21.6,0,0,Centre,0.22391532207040094
C009873,29.53,Sante,Bas-Saint-Laurent,G5L,58016,7,241.5,0,1,Eloignee,0.51250620383614
C004144,26.73,Sciences,Bas-Saint-Laurent,G0L,56816,19,102.8,1,0,Eloignee,0.8863530465591233
C005258,22.38,Sante,Montreal,H1A,46423,5,21.4,0,0,Centre,8.882334782833444e-05
C009033,30.69,Sciences sociales,Capitale-Nationale,G3A,47233,7,17.1,0,1,Centre,0.9897380694329577
C005567,29.03,Sciences,Capitale-Nationale,G3A,53318,5,9.6,1,1,Centre,0.6504524939272782
C008367,24.48,Sciences,Montreal,H2X,74073,11,6.7,0,0,Centre,0.0001557542753001248
C007644,31.43,Genie,Montreal,H8N,85662,14,34.0,0,1,Centre,0.9982758720697327
C010778,23.5,Sciences sociales,Capitale-Nationale,G3A,59175,8,6.4,1,0,Centre,8.766308210194828e-05
C004707,27.77,Sciences,Gaspesie-Iles-de-la-Madeleine,G4X,39631,10,306.3,0,1,Eloignee,0.11898881284660387
C004320,29.56,Sciences,Montreal,H4L,69579,12,7.9,0,1,Centre,0.9808137510979211
C009251,27.92,Genie,Montreal,H8N,80014,12,4.3,0,1,Centre,0.673863027707623
C011928,29.25,Sciences sociales,Gaspesie-Iles-de-la-Madeleine,G4X,86667,17,226.6,0,1,Eloignee,0.9865844645642184
C004134,25.74,Sciences,Montreal,H4L,84858,7,6.4,1,0,Centre,0.011929396574639822
C007054,29.43,Sciences sociales,Montreal,H1A,39898,9,8.7,0,1,Centre,0.8109463796796431
C008065,27.88,Sante,Capitale-Nationale,G3A,59617,7,13.7,1,0,Centre,0.14350717403993848
C004735,30.49,Sciences sociales,Capitale-Nationale,G2E,49867,6,11.7,0,1,Centre,0.9789252951580771
C000955,25.47,Sciences,Montreal,H4L,54132,9,17.8,0,0,Centre,0.004030175317949972
C002512,30.14,Sciences sociales,Cote-Nord,G4R,51888,19,83.8,1,0,Eloignee,0.9622978073543007
C007542,25.71,Sciences,Capitale-Nationale,G1R,58837,9,11.3,0,0,Centre,0.005036583764916765
C004386,27.11,Sciences sociales,Capitale-Nationale,G3A,40737,13,21.6,0,0,Centre,0.12095705171383139
C001586,32.95,Genie,Gaspesie-Iles-de-la-Madeleine,G0C,40477,6,323.7,1,1,Eloignee,0.9994726216231966
C001080,29.05,Sante,Montreal,H8N,76634,10,12.8,1,0,Centre,0.7337709892283689
C006269,23.04,Sante,Capitale-Nationale,G2E,68013,8,7.0,0,0,Centre,8.392352199565475e-05
C009294,26.87,Genie,Montreal,H3T,48231,12,11.4,0,0,Centre,0.09408764341709767
C005293,28.97,Sciences sociales,Montreal,H8N,36517,10,10.4,0,0,Centre,0.27317230232823936
C006284,24.87,Arts et lettres,Montreal,H4L,121767,5,5.1,0,0,Centre,0.0035411872107583738
C006875,24.22,Sciences,Bas-Saint-Laurent,G5N,55468,16,74.6,1,0,Eloignee,0.008722584589297287
C008258,34.18,Arts et lettres,Gaspesie-Iles-de-la-Madeleine,G4X,87022,19,230.9,1,1,Eloignee,0.9817416436555744
C003880,23.89,Sciences sociales,Montreal,H8N,56927,7,18.4,0,0,Centre,0.00011086488131060399
C011512,31.75,Sante,Montreal,H8N,97240,8,15.4,0,1,Centre,0.9998275568532177
C007504,24.4,Sciences sociales,Gaspesie-Iles-de-la-Madeleine,G5C,23963,14,278.7,1,0,Eloignee,0.0001860495282087235
C007546,29.23,Sciences,Cote-Nord,G4R,34359,17,124.2,1,0,Eloignee,0.8007460597739594
C007573,27.16,Sciences sociales,Capitale-Nationale,G3A,47458,7,24.9,0,1,Centre,0.25624863461761865
C000087,26.32,Genie,Cote-Nord,G4R,22816,19,126.4,1,0,Eloignee,0.24040264311095497
C008853,25.37,Sciences sociales,Montreal,H1A,73851,7,29.6,0,0,Centre,0.0036145689453537387
C007914,33.21,Sciences,Bas-Saint-Laurent,G5N,77058,7,230.1,0,1,Eloignee,0.999694713180382
C006159,28.83,Arts et lettres,Gaspesie-Iles-de-la-Madeleine,G0C,53250,13,108.2,1,1,Eloignee,0.9561980251939238
C011279,29.14,Genie,Capitale-Nationale,G3A,54316,11,69.6,0,1,Centre,0.7759159649379251
C001365,25.33,Sciences,Montreal,H4L,82167,10,61.7,0,0,Centre,0.01737771834354196
C006428,30.35,Sciences sociales,Gaspesie-Iles-de-la-Madeleine,G0C,67938,12,314.3,0,1,Eloignee,0.9927556033996857
C004206,33.06,Sciences sociales,Gaspesie-Iles-de-la-Madeleine,G5C,51201,16,450.4,0,1,Eloignee,0.998476292517088
C009265,29.31,Sciences,Montreal,H8N,64328,6,16.9,1,1,Centre,0.8650894932749272
C005253,32.66,Genie,Bas-Saint-Laurent,G5L,59850,16,214.1,1,1,Eloignee,0.9744685575796665
C003961,20.38,Genie,Gaspesie-Iles-de-la-Madeleine,G4X,62285,18,78.7,0,0,Eloignee,0.0024304746920349664
C005791,30.27,Sciences,Capitale-Nationale,G1V,87230,8,23.7,0,1,Centre,0.9919250534225769
C007662,34.12,Genie,Capitale-Nationale,G2E,54590,6,7.1,0,1,Centre,0.9994869944436897
C007641,23.37,Sante,Montreal,H4L,69402,11,58.9,0,0,Centre,9.605575821559484e-05
C010667,26.93,Sciences sociales,Gaspesie-Iles-de-la-Madeleine,G0C,49523,12,74.5,0,0,Eloignee,0.3235511296910596
C012614,27.17,Sciences sociales,Montreal,H3T,188453,7,9.1,0,1,Centre,0.5085127622940033
C005471,28.93,Sante,Capitale-Nationale,G2E,64833,7,4.2,1,1,Centre,0.7089965802781854
C013110,29.47,Sciences,Montreal,H4L,43941,5,11.9,0,1,Centre,0.8428657273541266
C003254,31.02,Arts et lettres,Gaspesie-Iles-de-la-Madeleine,G4X,185965,11,207.4,0,1,Eloignee,0.9997101161130706
C012317,26.72,Sante,Montreal,H2X,106263,9,15.9,0,0,Centre,0.11157348543713834
C010844,28.37,Arts et lettres,Montreal,H8N,75184,6,13.3,1,0,Centre,0.4803647503179957
C005173,29.57,Genie,Bas-Saint-Laurent,G0L,129879,15,138.4,1,1,Eloignee,0.994883114829651
C010525,27.14,Sciences sociales,Capitale-Nationale,G1R,65494,7,3.1,0,0,Centre,0.07377323522620427
C009014,24.04,Genie,Capitale-Nationale,G1R,60831,14,5.0,1,0,Centre,0.00010747986590631058
C009153,28.42,Sciences sociales,Montreal,H3T,143583,10,21.3,0,1,Centre,0.8906344671627022
C004766,28.06,Sciences,Montreal,H3T,62243,8,3.2,0,1,Centre,0.393498044516552
C007554,23.81,Sciences,Gaspesie-Iles-de-la-Madeleine,G0C,30711,18,438.4,0,0,Eloignee,0.0012935445188130895
C012775,29.77,Arts et lettres,Montreal,H2X,79264,9,35.8,0,1,Centre,0.9872492651512562
C005722,34.23,Genie,Montreal,H4L,39528,12,14.6,0,1,Centre,0.9996870260285654
C004776,30.77,Sciences sociales,Capitale-Nationale,G3A,99837,16,4.9,0,1,Centre,0.9934233206368513
C012259,28.32,Genie,Montreal,H8N,107339,7,57.2,0,1,Centre,0.8232521548546496
C003158,29.49,Sante,Gaspesie-Iles-de-la-Madeleine,G0C,64821,24,83.4,0,1,Eloignee,0.986763779143458
C008096,24.48,Sante,Capitale-Nationale,G3A,115449,17,13.0,0,0,Centre,0.043255761742803996
C005551,23.9,Sante,Gaspesie-Iles-de-la-Madeleine,G5C,42274,12,186.4,0,0,Eloignee,0.00011762338173996339
C006404,25.18,Genie,Gaspesie-Iles-de-la-Madeleine,G5C,66085,14,335.4,1,0,Eloignee,0.003689776626418069
C002689,33.05,Sciences,Montreal,H8N,49822,9,34.3,0,1,Centre,0.9997225909534816
C003064,29.19,Genie,Capitale-Nationale,G1R,53270,5,13.0,0,1,Centre,0.7042028144752991
C012849,30.66,Sciences sociales,Capitale-Nationale,G1R,45652,9,24.5,1,1,Centre,0.9925484479761816
C008679,29.22,Sante,Montreal,H1A,98321,3,20.3,0,0,Centre,0.32837427006202496
C009423,26.15,Arts et lettres,Capitale-Nationale,G1V,81202,4,7.3,1,0,Centre,0.0024363011487724268
C010167,29.39,Sciences,Bas-Saint-Laurent,G0L,68901,18,352.0,0,0,Eloignee,0.9821235122156438
C004755,27.39,Sciences,Capitale-Nationale,G1R,62823,15,17.7,0,1,Centre,0.4603232845317749
C006643,24.24,Sante,Montreal,H8N,60124,12,27.7,0,0,Centre,0.00015866558458547164
C013300,24.93,Sante,Montreal,H8N,63136,12,25.7,1,0,Centre,0.0036334637450395556
C007483,24.89,Sciences sociales,Capitale-Nationale,G1R,98590,5,20.7,1,0,Centre,0.0018923282006069158
C011458,26.52,Arts et lettres,Gaspesie-Iles-de-la-Madeleine,G4X,77916,12,370.5,0,0,Eloignee,0.2918464109340212
C006268,27.23,Genie,Montreal,H1A,81381,10,23.5,1,1,Centre,0.4242722977275161
C008735,34.94,Sciences,Capitale-Nationale,G1V,56132,8,40.3,0,1,Centre,0.9997739524817296
C012374,27.01,Genie,Bas-Saint-Laurent,G5N,51415,22,198.0,0,0,Eloignee,0.6026245689562313
C011039,21.59,Genie,Bas-Saint-Laurent,G5N,41986,13,248.1,0,0,Eloignee,0.00024735318108107577
C001376,32.47,Sciences sociales,Gaspesie-Iles-de-la-Madeleine,G0C,59199,12,68.5,1,0,Eloignee,0.9998069485912388
C001954,28.36,Genie,Montreal,H4L,95504,10,14.2,0,1,Centre,0.8647502987238378
C013718,30.11,Sante,Gaspesie-Iles-de-la-Madeleine,G5C,68457,9,48.3,0,0,Eloignee,0.9798664939982569
C006007,34.19,Sante,Cote-Nord,G4R,76903,16,172.2,0,1,Eloignee,0.9984329722540392
C013232,27.18,Arts et lettres,Bas-Saint-Laurent,G5L,61667,10,182.2,0,0,Eloignee,0.1752129081930691
C003491,25.75,Genie,Montreal,H8N,98798,7,8.6,1,0,Centre,0.004354202731222272
C004705,24.38,Arts et lettres,Montreal,H2X,81632,4,25.4,0,0,Centre,0.0001450119646720472
C000821,26.0,Sante,Bas-Saint-Laurent,G5L,38906,15,208.0,1,0,Eloignee,0.45529329459347667
C004793,26.13,Sante,Capitale-Nationale,G1R,49563,9,6.7,0,0,Centre,0.042016125842742065
C012918,22.38,Sciences,Cote-Nord,G0G,50238,10,153.3,1,0,Eloignee,0.0002071539263735505
C001370,30.21,Sciences sociales,Montreal,H3T,80337,6,27.2,0,1,Centre,0.9613652678624484
C004786,28.86,Genie,Bas-Saint-Laurent,G5L,88951,12,246.0,0,0,Eloignee,0.9202636620830213
C009207,30.0,Arts et lettres,Montreal,H2X,32045,8,8.2,0,1,Centre,0.9074882181694237
C011519,30.5,Sante,Montreal,H4L,71220,7,12.1,0,1,Centre,0.9879218222705749
C009204,29.24,Sciences sociales,Montreal,H4L,68250,11,6.8,0,1,Centre,0.886756853585415
C013405,25.74,Sciences sociales,Bas-Saint-Laurent,G5N,44813,8,330.6,0,0,Eloignee,0.0021313085979789747
C001807,31.37,Sante,Capitale-Nationale,G1R,101500,8,11.8,0,1,Centre,0.9994990953550607
C005110,28.03,Arts et lettres,Bas-Saint-Laurent,G5L,41785,12,115.8,1,0,Eloignee,0.15969010201089845
C007940,27.11,Genie,Montreal,H3T,97749,5,9.1,1,0,Centre,0.07861348075282838
C010890,30.39,Arts et lettres,Montreal,H3T,46660,9,21.8,0,1,Centre,0.937231231454391
C001548,27.72,Sciences,Bas-Saint-Laurent,G5N,58617,18,136.4,1,0,Eloignee,0.7329565445869398
C001405,25.56,Sciences,Gaspesie-Iles-de-la-Madeleine,G0C,27632,16,251.4,0,0,Eloignee,0.14468269704168296
C010606,24.8,Arts et lettres,Cote-Nord,G4R,77757,10,114.4,1,0,Eloignee,0.00020949181578483253
C011611,27.06,Sante,Gaspesie-Iles-de-la-Madeleine,G5C,56475,11,188.7,0,0,Eloignee,0.23829259508722364
C007880,27.1,Sante,Montreal,H1A,64494,11,6.5,0,0,Centre,0.13058502991303808
C011639,26.39,Sante,Bas-Saint-Laurent,G5N,45564,16,193.4,0,0,Eloignee,0.3613131748100761
C011830,20.72,Genie,Capitale-Nationale,G3A,74893,13,4.6,0,0,Centre,9.521064909263499e-05
C008784,25.52,Arts et lettres,Cote-Nord,G0G,54547,20,187.0,0,0,Eloignee,0.38168951487375785
C010605,24.24,Arts et lettres,Montreal,H4L,52740,4,19.1,0,0,Centre,0.00012413858572308913
C013117,31.84,Sciences,Capitale-Nationale,G3A,63200,12,33.9,1,1,Centre,0.9996357751419778
C000643,27.09,Arts et lettres,Montreal,H3T,51995,10,10.0,0,1,Centre,0.2488480129414241
C000668,29.73,Sciences,Bas-Saint-Laurent,G5N,56521,15,206.8,0,1,Eloignee,0.9832994781105595
C010672,24.39,Genie,Montreal,H1A,72845,12,41.3,0,0,Centre,0.00018927876495684637
C010005,29.38,Sciences sociales,Montreal,H1A,24835,12,26.0,0,1,Centre,0.6522442010410596
C003772,30.08,Sciences,Montreal,H1A,27300,10,29.1,0,1,Centre,0.8901434226283049
C001056,26.89,Arts et lettres,Bas-Saint-Laurent,G5L,30170,9,259.7,1,0,Eloignee,0.0047607335655272705
C007153,29.84,Sciences,Montreal,H4L,58621,10,29.3,0,1,Centre,0.9705932365447816
C001621,27.16,Sante,Gaspesie-Iles-de-la-Madeleine,G0C,51402,9,133.0,1,0,Eloignee,0.10756740211592587
C012823,25.35,Genie,Bas-Saint-Laurent,G5L,43043,11,288.8,0,0,Eloignee,0.029144026930862873
C006485,27.92,Arts et lettres,Montreal,H8N,119527,13,16.7,0,1,Centre,0.5303709093512922
C005948,28.3,Sciences sociales,Cote-Nord,G0G,68989,18,183.2,0,1,Eloignee,0.920954029501081
C009946,26.91,Sciences,Montreal,H2X,75837,10,2.9,0,0,Centre,0.3241156400953873
C006352,24.98,Sante,Montreal,H3T,82696,6,46.5,1,0,Centre,0.005013559057170254
C002665,24.25,Genie,Montreal,H1A,107737,8,19.3,0,0,Centre,0.00020861213103710285
C004104,27.44,Arts et lettres,Cote-Nord,G0G,31994,16,247.1,0,0,Eloignee,0.047737402050038506
C009177,26.29,Sciences sociales,Montreal,H4L,44973,12,9.3,0,0,Centre,0.18947881066333577
C007231,28.42,Sciences,Capitale-Nationale,G1V,74642,12,16.1,0,0,Centre,0.748529059600938
C004428,28.71,Genie,Montreal,H3T,47005,6,19.1,0,0,Centre,0.2667719590788674
C000966,27.41,Sante,Gaspesie-Iles-de-la-Madeleine,G0C,35368,11,236.3,0,0,Eloignee,0.0944987364636719
C000449,28.63,Sciences sociales,Montreal,H8N,46579,14,35.8,0,1,Centre,0.951159410167172
C001354,28.77,Sciences sociales,Montreal,H2X,45810,6,42.3,0,1,Centre,0.316199207889361
C000650,25.08,Sciences,Montreal,H2X,145233,21,40.5,1,1,Centre,0.9053439712892842
C008001,25.49,Sciences sociales,Montreal,H8N,148617,11,32.8,0,0,Centre,0.06150638902027437
C008027,30.22,Sante,Gaspesie-Iles-de-la-Madeleine,G0C,32794,14,228.7,1,0,Eloignee,0.9908450271420279
C005790,28.98,Genie,Montreal,H1A,44219,5,35.4,0,0,Centre,0.6783463042411185
C009043,26.41,Sciences,Gaspesie-Iles-de-la-Madeleine,G0C,71193,14,337.3,1,0,Eloignee,0.313669282378464
C010586,26.79,Arts et lettres,Gaspesie-Iles-de-la-Madeleine,G4X,62036,14,274.4,1,1,Eloignee,0.4876036964602336
C005214,29.2,Arts et lettres,Montreal,H8N,93732,4,47.6,0,1,Centre,0.5526030890830341
C011942,24.07,Genie,Montreal,H4L,61824,8,18.8,0,0,Centre,0.000144263429726262
C005143,26.53,Arts et lettres,Capitale-Nationale,G1V,29325,10,18.2,0,0,Centre,0.007938942287798971
C003967,23.51,Genie,Gaspesie-Iles-de-la-Madeleine,G5C,69914,15,352.0,1,0,Eloignee,0.000333576670197269
C006103,30.28,Sciences,Montreal,H4L,118484,13,22.9,0,1,Centre,0.9970806284380941
C004245,27.36,Genie,Capitale-Nationale,G3A,101328,7,14.2,0,1,Centre,0.4115423276059406
C009246,21.65,Sciences,Bas-Saint-Laurent,G5N,48386,15,479.5,1,0,Eloignee,0.00035079701647394446
C008579,28.07,Genie,Bas-Saint-Laurent,G5N,27180,15,369.8,1,0,Eloignee,0.05067198663549773
C003588,26.08,Genie,Capitale-Nationale,G2E,64243,9,7.3,1,0,Centre,0.03242325035606908
C008342,30.91,Genie,Capitale-Nationale,G1R,77514,8,0.8,1,1,Centre,0.9976294640046539
C000234,30.96,Genie,Bas-Saint-Laurent,G5N,103788,5,366.2,0,1,Eloignee,0.9988153045995358
C001619,24.31,Arts et lettres,Montreal,H4L,63760,10,16.6,1,0,Centre,0.0001437240750795273
C012105,24.82,Sciences,Montreal,H3T,87454,8,20.0,0,0,Centre,0.0003387720443492009
C006149,26.59,Genie,Montreal,H4L,48504,4,19.8,0,0,Centre,0.003910176321844012
C004109,30.35,Genie,Capitale-Nationale,G1V,85071,9,26.8,0,1,Centre,0.9938483573038797
C007201,25.96,Sciences sociales,Gaspesie-Iles-de-la-Madeleine,G0C,89141,15,263.7,1,0,Eloignee,0.42842068824195795
C004471,30.3,Genie,Cote-Nord,G4R,51581,18,204.1,0,1,Eloignee,0.9810815892784777
C006259,22.56,Sciences,Gaspesie-Iles-de-la-Madeleine,G4X,73941,11,183.9,1,0,Eloignee,9.47918609035759e-05
C009944,25.19,Sciences,Capitale-Nationale,G1V,26896,9,39.8,1,0,Centre,0.013745530434673471
C007556,24.01,Arts et lettres,Capitale-Nationale,G1R,84063,9,8.0,0,0,Centre,0.0027350870350617124
C013039,28.15,Genie,Gaspesie-Iles-de-la-Madeleine,G4X,66069,21,87.7,1,1,Eloignee,0.8794393290917298
C010430,31.04,Sante,Capitale-Nationale,G3A,46808,5,10.6,0,1,Centre,0.9866762971758029
C009606,27.07,Sciences,Bas-Saint-Laurent,G5L,83704,7,260.4,1,0,Eloignee,0.10133187222237984
C012693,28.31,Sciences sociales,Montreal,H4L,88785,13,34.6,0,1,Centre,0.8432027365024538
C013526,29.85,Genie,Capitale-Nationale,G1V,71885,12,2.1,0,1,Centre,0.9857260962445227
C000018,27.32,Sante,Bas-Saint-Laurent,G5L,102549,18,244.5,1,0,Eloignee,0.9289159889076201
C007432,25.46,Arts et lettres,Cote-Nord,G5B,69664,16,237.7,1,0,Eloignee,0.219362490029806
C008645,23.63,Genie,Montreal,H8N,48467,14,46.4,0,0,Centre,0.0003362392512599602
C013522,26.43,Genie,Montreal,H3T,98599,7,31.8,0,0,Centre,0.1759383575151271
C013602,23.51,Sante,Capitale-Nationale,G2E,68157,9,3.7,1,0,Centre,8.363096946535707e-05
C011545,29.99,Genie,Bas-Saint-Laurent,G5N,38836,15,225.3,1,1,Eloignee,0.95964330196524
C003511,28.53,Genie,Montreal,H1A,71209,13,17.4,1,1,Centre,0.9103658333571364
C008177,27.74,Sciences sociales,Bas-Saint-Laurent,G5N,85895,11,425.4,1,0,Eloignee,0.6516610311605767
C008673,28.77,Genie,Capitale-Nationale,G1V,64335,12,5.0,0,1,Centre,0.7482152264761479
C008743,28.96,Sciences,Bas-Saint-Laurent,G5N,76819,9,270.6,1,0,Eloignee,0.5569143987785922
C004137,30.2,Arts et lettres,Capitale-Nationale,G1R,56939,9,8.0,0,0,Centre,0.7294590975537094
C010558,22.24,Arts et lettres,Montreal,H1A,50761,10,18.4,0,0,Centre,0.00015284214484748103
C003724,32.1,Sciences sociales,Montreal,H4L,44818,8,18.4,1,1,Centre,0.999658145581719
C001292,27.36,Arts et lettres,Bas-Saint-Laurent,G5L,49180,14,464.3,0,0,Eloignee,0.34637577908206096
C000475,24.15,Sante,Capitale-Nationale,G1R,86533,10,18.5,1,0,Centre,0.0004570472464713177
C011525,23.55,Sciences,Bas-Saint-Laurent,G5L,38431,16,265.7,0,0,Eloignee,0.0020487706263478517
C002212,27.77,Arts et lettres,Montreal,H4L,133937,4,13.2,1,1,Centre,0.5906717190698674
C006904,27.83,Arts et lettres,Gaspesie-Iles-de-la-Madeleine,G0C,28748,13,192.9,1,0,Eloignee,0.04718126155580745
C007175,30.19,Sante,Montreal,H2X,61084,9,22.0,1,1,Centre,0.8745371400851858
C007452,29.03,Sciences sociales,Capitale-Nationale,G3A,52216,8,23.7,1,1,Centre,0.6231420759448305
C009687,28.75,Sciences,Montreal,H4L,27451,5,4.6,1,1,Centre,0.5200194413721015
C005795,23.37,Sciences sociales,Capitale-Nationale,G2E,102746,13,17.8,0,0,Centre,0.00025809398933159216
C006077,25.66,Sciences,Bas-Saint-Laurent,G5N,31335,10,213.5,0,0,Eloignee,0.016025585469699965
C008468,34.45,Sciences sociales,Bas-Saint-Laurent,G5N,26426,15,202.4,0,1,Eloignee,0.9976262713729865
C012196,28.52,Sciences sociales,Capitale-Nationale,G3A,114921,3,13.8,0,1,Centre,0.5621411311233871
C002442,33.02,Sante,Montreal,H2X,60722,7,5.8,1,1,Centre,0.9998719699703009
C013339,23.26,Sciences sociales,Cote-Nord,G0G,69647,8,288.4,0,0,Eloignee,9.490852828461176e-05
C013099,26.7,Genie,Bas-Saint-Laurent,G0L,43657,12,135.3,1,0,Eloignee,0.05414040330264228
C009139,29.38,Sciences,Cote-Nord,G5B,48822,14,66.2,1,0,Eloignee,0.9834901069879486
C007027,26.13,Arts et lettres,Bas-Saint-Laurent,G5L,31105,11,129.7,0,0,Eloignee,0.08267863026855002
C004516,26.52,Sciences sociales,Capitale-Nationale,G2E,63816,12,8.8,0,0,Centre,0.04984922477936124
C006431,25.7,Arts et lettres,Capitale-Nationale,G3A,48901,14,8.8,1,0,Centre,0.021872329524485666
C009162,29.33,Sante,Capitale-Nationale,G1V,46417,11,6.4,1,0,Centre,0.9188011482034022
C003535,29.65,Sante,Cote-Nord,G4R,24699,6,277.1,0,0,Eloignee,0.9327908732857656
C004997,24.54,Sciences,Montreal,H1A,51218,8,56.6,0,0,Centre,0.00019120406727673615
C001744,28.53,Sante,Capitale-Nationale,G3A,48504,11,11.6,0,0,Centre,0.711091578532519
C002180,25.08,Arts et lettres,Montreal,H3T,78900,14,7.2,0,0,Centre,0.00979289363453967
C011230,29.19,Genie,Montreal,H1A,58232,9,21.1,1,0,Centre,0.7005152344094475
C000179,27.45,Genie,Gaspesie-Iles-de-la-Madeleine,G0C,121431,17,203.0,0,0,Eloignee,0.8668751172847596
C011596,30.56,Genie,Capitale-Nationale,G2E,42459,8,7.4,0,1,Centre,0.8877455906458046
C008325,24.56,Arts et lettres,Gaspesie-Iles-de-la-Madeleine,G0C,48222,10,137.9,1,0,Eloignee,0.00026114146268621345
C005715,25.97,Sante,Cote-Nord,G4R,46818,12,200.2,0,0,Eloignee,0.05342890734475117
C008344,21.71,Sciences,Bas-Saint-Laurent,G0L,55607,8,289.8,0,0,Eloignee,9.541049324568819e-05
C012468,24.99,Genie,Montreal,H4L,74927,8,13.8,1,0,Centre,0.002026705783406317
C012922,31.69,Arts et lettres,Montreal,H3T,67723,7,4.9,0,1,Centre,0.9998115034123322
C007738,35.79,Sante,Montreal,H2X,49384,7,10.2,0,1,Centre,0.9998846036958825
C000305,26.54,Sciences,Capitale-Nationale,G1R,172312,7,21.5,1,0,Centre,0.1011134564220218
C000910,26.19,Arts et lettres,Bas-Saint-Laurent,G0L,110122,18,140.9,1,0,Eloignee,0.8373870894638225
C013759,21.48,Genie,Montreal,H2X,47519,14,23.5,0,0,Centre,0.000312457052010346
C005097,27.12,Sante,Cote-Nord,G0G,65570,14,144.7,0,0,Eloignee,0.3146019043211259
C006446,28.61,Sante,Montreal,H1A,50724,5,4.2,1,0,Centre,0.318324979566412
C009755,30.31,Sciences,Montreal,H3T,41156,12,7.7,1,1,Centre,0.9647021020311516
C012578,27.13,Genie,Cote-Nord,G4R,56434,14,138.7,1,0,Eloignee,0.27428921546951207
C008554,24.85,Sante,Capitale-Nationale,G2E,161175,5,25.9,0,0,Centre,0.0028756690046526034
C007792,27.41,Sante,Capitale-Nationale,G1V,26932,5,10.1,0,0,Centre,0.029051043538458644
C009636,26.52,Arts et lettres,Montreal,H4L,95155,7,13.7,0,0,Centre,0.10271912527382944
C009875,31.73,Sante,Gaspesie-Iles-de-la-Madeleine,G5C,93124,9,104.5,0,1,Eloignee,0.9998679772159287
C012529,25.2,Arts et lettres,Cote-Nord,G4R,110847,15,255.0,1,0,Eloignee,0.08738896194174157
C011080,25.17,Genie,Montreal,H4L,100899,6,31.5,0,0,Centre,0.006564264070585565
C013168,26.53,Genie,Montreal,H8N,131457,10,4.1,1,1,Centre,0.4763119650172685
C009767,26.11,Sante,Capitale-Nationale,G1V,39663,8,18.3,1,0,Centre,0.016503469598435242
C005736,26.22,Genie,Montreal,H1A,115881,7,59.5,0,0,Centre,0.05400670154352075
C003417,25.85,Sciences,Montreal,H2X,79027,8,16.0,0,0,Centre,0.012850868348902466
C000442,28.43,Sciences,Capitale-Nationale,G2E,57938,11,8.5,0,0,Centre,0.5091541572246542
C011692,28.09,Arts et lettres,Montreal,H4L,92599,9,11.8,0,1,Centre,0.74679178043575
C009571,29.26,Sante,Gaspesie-Iles-de-la-Madeleine,G5C,66390,12,204.1,0,0,Eloignee,0.9604383398759176
C012599,21.76,Genie,Bas-Saint-Laurent,G5N,60496,11,217.7,1,0,Eloignee,6.318399761087216e-05
C001343,24.35,Sciences,Capitale-Nationale,G2E,49351,9,13.0,0,0,Centre,0.00016567047328094797
C013131,26.63,Genie,Montreal,H2X,57347,13,19.9,1,1,Centre,0.5159192562642972
C011933,29.13,Sciences sociales,Montreal,H3T,58379,6,13.1,0,0,Centre,0.5668955567686259
C004745,30.44,Sante,Capitale-Nationale,G2E,54027,9,24.9,0,1,Centre,0.9570548045475836
C004288,27.16,Genie,Cote-Nord,G4R,87681,14,145.4,0,0,Eloignee,0.7339532655115578
C011241,23.87,Arts et lettres,Montreal,H2X,62153,8,4.0,0,0,Centre,0.00014431400937665368
C005351,23.69,Genie,Gaspesie-Iles-de-la-Madeleine,G4X,25789,10,280.2,1,0,Eloignee,0.00019196344571620975
C008217,25.88,Genie,Capitale-Nationale,G2E,33004,9,21.6,1,0,Centre,0.009632107899315795
C013815,26.24,Sante,Capitale-Nationale,G3A,51469,2,8.4,0,0,Centre,0.005958400407470993
C002932,29.59,Sciences,Capitale-Nationale,G1V,72645,11,7.5,0,1,Centre,0.974742724383346
C010311,23.24,Sante,Cote-Nord,G4R,28525,20,378.5,0,0,Eloignee,0.001594619500122722
C008490,30.46,Genie,Bas-Saint-Laurent,G5L,68037,15,141.7,1,1,Eloignee,0.9943199446739877
C004466,24.07,Arts et lettres,Cote-Nord,G0G,53660,9,333.6,1,0,Eloignee,0.00014463967223764357
C008137,20.94,Sciences sociales,Bas-Saint-Laurent,G0L,59866,11,139.6,0,0,Eloignee,0.00010877907250063868
C012417,32.41,Sciences,Montreal,H1A,157735,11,13.1,0,1,Centre,0.9998189300657571
C008857,31.66,Sciences,Montreal,H1A,55686,9,43.2,0,1,Centre,0.9997126100215467
C004667,28.92,Sciences,Capitale-Nationale,G2E,65684,12,48.8,1,1,Centre,0.8684253292123101
C005612,26.84,Arts et lettres,Capitale-Nationale,G1V,77063,10,6.0,0,0,Centre,0.2004847452517127
C012667,28.58,Sciences,Montreal,H1A,35068,6,32.2,0,0,Centre,0.2442547820698861
C013334,26.56,Genie,Capitale-Nationale,G1V,109858,11,17.9,0,0,Centre,0.09947620477988124
C005224,29.69,Genie,Montreal,H2X,53775,7,18.2,0,0,Centre,0.6316686004879707
C003006,19.56,Genie,Bas-Saint-Laurent,G0L,38091,7,270.2,1,0,Eloignee,9.608687617949066e-05
C002514,30.12,Sciences sociales,Montreal,H2X,74777,5,12.3,0,1,Centre,0.8713689584509449
C000513,28.98,Sante,Bas-Saint-Laurent,G5L,27312,12,162.2,1,0,Eloignee,0.5923068506452308
C005885,30.05,Genie,Montreal,H1A,108978,9,25.3,0,1,Centre,0.9934242879382574
C005479,26.9,Sciences,Gaspesie-Iles-de-la-Madeleine,G0C,48278,13,237.4,0,0,Eloignee,0.10664411427832143
C002961,22.77,Sante,Capitale-Nationale,G2E,102589,8,28.9,0,0,Centre,0.00021170215949171828
C000139,28.74,Sante,Montreal,H4L,88511,17,28.9,0,1,Centre,0.965307364811604
C004645,22.88,Sante,Capitale-Nationale,G1V,120853,11,15.5,0,0,Centre,0.0004283960892416677
C013057,29.02,Sante,Montreal,H1A,131404,13,7.8,1,1,Centre,0.969285046934402
C006314,23.61,Sciences,Montreal,H1A,71188,11,25.0,0,0,Centre,9.311167791969543e-05
C007236,21.01,Sciences sociales,Bas-Saint-Laurent,G0L,33486,10,200.0,0,0,Eloignee,0.00030447732070462116
C012110,31.14,Genie,Bas-Saint-Laurent,G5L,59083,10,468.8,0,1,Eloignee,0.9979298903409036
C008899,31.58,Sciences,Montreal,H1A,125356,4,15.1,0,1,Centre,0.9993274811073477
C013463,26.3,Sciences sociales,Montreal,H8N,81187,8,86.1,0,0,Centre,0.10169771217372049
C001110,28.32,Sciences,Montreal,H3T,106865,9,39.0,0,1,Centre,0.6950925832380859
C007423,28.0,Sciences sociales,Montreal,H1A,57424,9,24.3,0,0,Centre,0.1983042273297012
C003143,21.0,Sciences sociales,Gaspesie-Iles-de-la-Madeleine,G0C,45506,17,254.8,1,0,Eloignee,0.0011782843287606347
C009945,29.72,Genie,Bas-Saint-Laurent,G0L,80742,11,326.4,1,1,Eloignee,0.9812104080944227
C001681,31.07,Sciences sociales,Capitale-Nationale,G3A,69451,9,15.9,0,1,Centre,0.9991605828301166
C011372,24.06,Sante,Bas-Saint-Laurent,G0L,60105,12,329.1,0,0,Eloignee,0.00015866558458547164
C005752,30.16,Sciences,Capitale-Nationale,G3A,64789,12,14.9,0,1,Centre,0.9906101852157501
C009134,29.74,Sante,Cote-Nord,G4R,53726,12,271.0,1,1,Eloignee,0.9043279142338357
C001610,34.5,Genie,Bas-Saint-Laurent,G5L,40247,15,310.6,0,1,Eloignee,0.9993037434620236
C001143,20.8,Arts et lettres,Cote-Nord,G5B,36931,18,162.3,0,0,Eloignee,0.0030125365246770944
C011809,30.23,Sciences,Capitale-Nationale,G1V,60282,6,25.4,1,1,Centre,0.8796939041412238
C003687,35.71,Sciences sociales,Capitale-Nationale,G1V,100619,16,6.7,1,1,Centre,0.9956761526296962
C008530,27.35,Sciences,Montreal,H8N,45914,13,13.2,0,0,Centre,0.17531196136231325
C010468,24.41,Sante,Gaspesie-Iles-de-la-Madeleine,G4X,86497,10,213.0,0,0,Eloignee,0.0005451632074506929
C012501,27.97,Sciences,Cote-Nord,G5B,52429,9,242.5,0,1,Eloignee,0.1063456726234836
C006892,24.22,Sciences,Gaspesie-Iles-de-la-Madeleine,G0C,70748,8,247.8,0,0,Eloignee,0.00015594596194882675
C007753,28.7,Arts et lettres,Montreal,H3T,47997,13,17.1,0,1,Centre,0.918553262985836
C010785,32.87,Arts et lettres,Montreal,H3T,62248,9,32.2,0,1,Centre,0.9998658724392329
C010197,24.78,Sciences sociales,Bas-Saint-Laurent,G5N,57833,14,193.3,0,0,Eloignee,0.00014814725479461735
C008335,32.01,Sante,Capitale-Nationale,G1R,51094,7,30.8,0,1,Centre,0.9998315258863673
C013955,30.22,Sciences sociales,Gaspesie-Iles-de-la-Madeleine,G5C,50759,12,351.0,0,1,Eloignee,0.9611359048597738
C013172,25.58,Sciences,Capitale-Nationale,G3A,26799,10,6.2,1,0,Centre,0.029659297204671094
C004088,27.51,Sciences,Gaspesie-Iles-de-la-Madeleine,G5C,37408,5,195.2,0,0,Eloignee,0.03638634326896204
C000119,27.24,Sciences,Montreal,H3T,45990,6,41.3,1,0,Centre,0.03438384239496756
C005092,26.91,Sante,Bas-Saint-Laurent,G5N,21440,8,214.5,1,0,Eloignee,0.012986540387920886
C010572,29.33,Sciences,Montreal,H3T,67460,12,4.4,0,0,Centre,0.8240655790267767
C009806,29.01,Sciences sociales,Capitale-Nationale,G2E,87466,8,31.7,0,1,Centre,0.7313853021638921
C013417,29.88,Arts et lettres,Capitale-Nationale,G3A,46470,7,44.0,1,1,Centre,0.977434870022486
C013450,28.98,Sciences,Montreal,H1A,80391,11,12.5,1,1,Centre,0.9036310222939331
C010684,25.51,Genie,Capitale-Nationale,G2E,32427,9,25.7,0,0,Centre,0.0063425032655728625
C009598,23.02,Genie,Montreal,H8N,51305,10,14.9,0,0,Centre,0.0002222787313030963
C003715,26.87,Sciences,Capitale-Nationale,G1V,78700,10,22.5,0,0,Centre,0.19738435091414722
C006974,24.67,Sciences sociales,Cote-Nord,G0G,44206,12,109.4,1,0,Eloignee,0.00021945425487408064
C010877,26.01,Sante,Cote-Nord,G4R,46220,12,331.8,1,0,Eloignee,0.27076037790568863
C011322,27.74,Genie,Capitale-Nationale,G1R,125095,14,7.6,0,1,Centre,0.7951338263495171
C012269,24.62,Sciences sociales,Cote-Nord,G4R,15550,16,154.5,0,0,Eloignee,0.003549113255807501
C000323,28.79,Genie,Gaspesie-Iles-de-la-Madeleine,G0C,48667,11,213.5,0,1,Eloignee,0.4304889909782983
C009676,26.19,Genie,Cote-Nord,G4R,67361,12,39.2,0,0,Eloignee,0.03828844539207023
C002376,28.72,Genie,Montreal,H2X,53563,12,6.9,0,1,Centre,0.7515691222620743
C002747,30.2,Arts et lettres,Cote-Nord,G0G,36659,14,205.1,0,0,Eloignee,0.9626914065881259
C001973,33.67,Sciences sociales,Capitale-Nationale,G1V,95900,11,12.4,0,1,Centre,0.9998186452174748
C008417,29.04,Sciences sociales,Cote-Nord,G5B,80454,11,302.9,0,1,Eloignee,0.904093899435426
C013821,25.56,Sciences sociales,Gaspesie-Iles-de-la-Madeleine,G4X,89966,10,322.1,1,0,Eloignee,0.016714304097893998
C006821,29.4,Genie,Montreal,H8N,100128,6,23.8,1,1,Centre,0.8408921110913815
C005927,27.87,Sante,Montreal,H8N,41814,18,46.7,1,1,Centre,0.5615248955814465
C009514,34.09,Arts et lettres,Cote-Nord,G0G,31992,13,54.5,0,1,Eloignee,0.9997799710747927
C000514,26.88,Arts et lettres,Montreal,H1A,61959,8,36.8,0,0,Centre,0.04000925316439028
C005980,22.2,Arts et lettres,Montreal,H2X,91067,6,1.8,0,0,Centre,0.0012871872960892772
C007793,28.13,Sciences sociales,Montreal,H4L,110524,12,7.8,0,1,Centre,0.8751974543008503
C004060,33.44,Sciences sociales,Gaspesie-Iles-de-la-Madeleine,G0C,94953,15,160.3,0,1,Eloignee,0.9970288127982264
C004953,25.01,Sante,Cote-Nord,G5B,44014,14,56.7,1,0,Eloignee,0.01504272598315429
C012934,23.35,Sciences,Montreal,H2X,123844,12,7.6,0,0,Centre,0.000250018709798605
C010520,34.54,Sciences sociales,Capitale-Nationale,G1V,79301,5,30.6,0,1,Centre,0.9991459679702541
C000724,31.75,Arts et lettres,Montreal,H8N,75555,8,4.7,0,1,Centre,0.9997858952371622
C011302,28.05,Sante,Bas-Saint-Laurent,G5L,47679,16,263.8,0,1,Eloignee,0.5199905630630328
C011001,27.7,Sante,Bas-Saint-Laurent,G5N,122293,9,75.2,0,0,Eloignee,0.4945104265901283
C000141,29.63,Arts et lettres,Bas-Saint-Laurent,G0L,19004,17,132.5,0,0,Eloignee,0.9568397651783186
C008264,29.77,Genie,Cote-Nord,G5B,107218,10,249.0,1,1,Eloignee,0.9953801379260723
C011865,29.38,Genie,Capitale-Nationale,G3A,81457,10,23.9,0,1,Centre,0.9560423142432778
C012989,27.03,Sante,Montreal,H3T,158815,17,14.1,0,1,Centre,0.9866832279988077
C004207,25.8,Sante,Capitale-Nationale,G1R,88763,8,23.2,0,0,Centre,0.008553196038710957
C002005,27.78,Sciences,Gaspesie-Iles-de-la-Madeleine,G4X,63678,10,697.1,1,0,Eloignee,0.40044766594951337
C000957,21.09,Sante,Cote-Nord,G4R,41884,8,361.1,0,0,Eloignee,8.0106639520156e-05
C011108,30.6,Sciences sociales,Montreal,H1A,73551,7,18.1,1,1,Centre,0.930592758217775
C009792,29.84,Sciences,Bas-Saint-Laurent,G5L,68939,13,42.4,1,0,Eloignee,0.9951786585288807
C009802,24.15,Genie,Capitale-Nationale,G2E,52808,11,10.5,1,0,Centre,0.0001610242426492891
C002323,22.88,Arts et lettres,Capitale-Nationale,G1R,74498,12,8.9,0,0,Centre,0.00019065409872078465
C003199,28.3,Arts et lettres,Montreal,H1A,40939,5,13.1,1,0,Centre,0.13370230412389167
C012967,27.63,Arts et lettres,Montreal,H1A,94310,9,9.3,1,1,Centre,0.5973705969861006
C010258,26.35,Sciences,Gaspesie-Iles-de-la-Madeleine,G5C,60012,8,249.8,0,0,Eloignee,0.017702011723492846
C004064,23.53,Sante,Capitale-Nationale,G1V,103692,11,10.5,1,0,Centre,0.0005906792217936956
C008800,29.44,Genie,Capitale-Nationale,G3A,60204,11,5.1,1,1,Centre,0.8800285519169173
C006213,30.65,Sciences,Gaspesie-Iles-de-la-Madeleine,G5C,45801,16,169.7,1,1,Eloignee,0.9829193913075982
C009185,31.67,Sciences,Montreal,H4L,41877,6,28.4,0,1,Centre,0.9924442039868356
C004242,26.69,Sante,Gaspesie-Iles-de-la-Madeleine,G5C,24030,13,291.2,1,0,Eloignee,0.05257292185448887
C007232,25.34,Sciences sociales,Gaspesie-Iles-de-la-Madeleine,G4X,73846,24,234.1,1,0,Eloignee,0.6307274450895616
C009354,30.57,Sciences,Montreal,H3T,33121,9,4.6,0,1,Centre,0.9263543571789302
C000814,26.01,Arts et lettres,Capitale-Nationale,G1R,96353,5,21.1,0,0,Centre,0.004966040431649756
C000255,25.75,Sciences sociales,Montreal,H4L,40800,8,19.9,0,0,Centre,0.0020141173075358763
C008390,26.1,Sciences,Gaspesie-Iles-de-la-Madeleine,G5C,53596,17,154.4,0,0,Eloignee,0.786842497585658
C008791,29.01,Genie,Montreal,H4L,64040,8,19.9,0,0,Centre,0.5403841416084647
C003859,23.77,Genie,Bas-Saint-Laurent,G0L,87474,10,404.7,0,0,Eloignee,0.0003078785979165432
C011077,27.19,Arts et lettres,Montreal,H1A,82620,13,21.9,0,0,Centre,0.6367271344250899
C009038,27.53,Genie,Montreal,H4L,70552,17,129.7,1,1,Centre,0.8668807623764381
C013462,31.28,Genie,Montreal,H8N,36761,6,5.2,0,1,Centre,0.9822731749726106
C001175,28.49,Sante,Montreal,H3T,119639,12,7.7,0,1,Centre,0.7242284158560798
C004608,28.65,Genie,Montreal,H1A,46087,15,12.9,0,1,Centre,0.8589270492267842
C003302,21.56,Sciences sociales,Bas-Saint-Laurent,G5L,56552,16,178.4,0,0,Eloignee,0.0020226039413908953
C002760,33.6,Sciences,Montreal,H4L,54962,15,4.7,1,1,Centre,0.9986122743773016
C006662,24.66,Sante,Montreal,H4L,56495,12,4.9,0,0,Centre,0.00015866558458547164
C010744,27.37,Arts et lettres,Montreal,H3T,122423,4,25.1,0,0,Centre,0.2832494277916371
C004121,29.14,Sciences,Montreal,H3T,56307,6,33.9,0,0,Centre,0.6040506612411253
C003124,24.02,Sciences sociales,Montreal,H1A,54872,6,11.9,0,0,Centre,0.001402341005440012
C007872,29.1,Arts et lettres,Capitale-Nationale,G2E,29951,7,38.4,0,0,Centre,0.39090078782666776
C005930,23.6,Genie,Bas-Saint-Laurent,G0L,73182,13,98.5,0,0,Eloignee,9.521064909263499e-05
C013900,26.42,Arts et lettres,Capitale-Nationale,G3A,84615,9,18.9,1,0,Centre,0.20275795712444375
C005577,29.02,Sciences,Montreal,H3T,66221,4,28.6,0,1,Centre,0.7748594900975603
C000000,31.82,Sciences,Montreal,H4L,49440,12,24.3,0,1,Centre,0.999840182071689
C006878,25.72,Arts et lettres,Gaspesie-Iles-de-la-Madeleine,G0C,50348,14,272.4,0,0,Eloignee,0.02415375867763157
C011310,31.93,Sciences sociales,Montreal,H4L,59545,11,43.8,1,1,Centre,0.9998069485912388
C012839,32.38,Genie,Montreal,H2X,137096,7,7.6,0,1,Centre,0.999866182974448
C002175,30.8,Sciences,Gaspesie-Iles-de-la-Madeleine,G0C,88735,16,226.1,1,1,Eloignee,0.9764260194485126
C004039,28.41,Sciences,Bas-Saint-Laurent,G5N,42813,13,364.2,1,0,Eloignee,0.7600440821943851
C001342,28.69,Arts et lettres,Cote-Nord,G0G,63665,9,270.8,1,0,Eloignee,0.5178375461743513
C001811,25.26,Sciences sociales,Cote-Nord,G4R,24105,12,164.4,0,0,Eloignee,0.024536154320585316
C001817,28.83,Arts et lettres,Cote-Nord,G0G,69150,17,52.3,0,1,Eloignee,0.9747151491217303
C009279,29.83,Genie,Capitale-Nationale,G1V,59907,9,11.5,0,1,Centre,0.9712951289536323
C004084,27.81,Sciences sociales,Montreal,H1A,102208,11,16.5,0,0,Centre,0.5581149895380931
C007170,26.29,Arts et lettres,Gaspesie-Iles-de-la-Madeleine,G4X,47646,18,198.7,0,0,Eloignee,0.7303437799519213
C009631,23.59,Sciences,Montreal,H8N,86419,7,46.8,0,0,Centre,0.00019222389085027258
C011414,34.05,Arts et lettres,Cote-Nord,G0G,121894,12,222.5,0,1,Eloignee,0.9995449487368898
C006090,26.39,Sante,Bas-Saint-Laurent,G5N,26142,16,281.9,1,0,Eloignee,0.21382677095982572
C011724,25.14,Arts et lettres,Bas-Saint-Laurent,G5N,48068,14,65.5,1,0,Eloignee,0.010301080418080146
C011082,27.23,Sciences,Montreal,H4L,80858,7,5.8,1,0,Centre,0.09465143649968105
C004832,26.67,Sante,Gaspesie-Iles-de-la-Madeleine,G5C,43995,9,401.6,0,0,Eloignee,0.01077356539103933
C004595,31.81,Sciences,Capitale-Nationale,G3A,74696,12,13.1,1,1,Centre,0.9998198954442797
C006541,27.54,Sciences,Cote-Nord,G5B,74673,12,194.8,0,0,Eloignee,0.47201799045018544
C008124,29.53,Arts et lettres,Gaspesie-Iles-de-la-Madeleine,G4X,65541,16,453.3,0,1,Eloignee,0.9782816374996338
C008379,25.04,Arts et lettres,Montreal,H2X,69925,8,23.4,0,0,Centre,0.0012720071295653128
C001747,32.08,Genie,Montreal,H3T,39758,7,25.6,0,1,Centre,0.9992277778305477
C005185,22.42,Sciences,Gaspesie-Iles-de-la-Madeleine,G4X,32548,15,79.4,1,0,Eloignee,0.0004940487416904216
C009834,29.25,Sciences sociales,Gaspesie-Iles-de-la-Madeleine,G5C,35706,14,126.6,0,0,Eloignee,0.9142839905318196
C005802,29.05,Sciences sociales,Montreal,H1A,60649,13,14.1,0,1,Centre,0.9554292898323347
C011770,25.25,Sciences sociales,Cote-Nord,G0G,88058,25,267.4,1,1,Eloignee,0.7258545756606477
C003161,27.11,Sciences,Bas-Saint-Laurent,G0L,54989,18,308.5,0,0,Eloignee,0.6928626122082936
C002472,26.13,Arts et lettres,Bas-Saint-Laurent,G5N,42840,10,287.0,0,0,Eloignee,0.3008522580517484
C009618,21.97,Sciences sociales,Bas-Saint-Laurent,G5L,64813,15,258.4,0,0,Eloignee,0.0002832362950403843
C008629,32.1,Sciences sociales,Bas-Saint-Laurent,G5L,63440,7,337.7,0,1,Eloignee,0.999763045174988
C011273,26.93,Sante,Cote-Nord,G5B,24662,10,336.9,1,0,Eloignee,0.02513750124116729
C006234,23.85,Arts et lettres,Bas-Saint-Laurent,G5N,36805,10,264.4,0,0,Eloignee,0.00038408515656198527
C002849,26.49,Arts et lettres,Bas-Saint-Laurent,G5L,42191,13,118.4,1,0,Eloignee,0.07666775912656934
C006256,23.29,Arts et lettres,Montreal,H2X,33366,16,5.3,1,0,Centre,0.0030080422737417296
C010147,30.58,Sciences,Cote-Nord,G4R,72602,17,243.5,0,1,Eloignee,0.942577821116181
C003298,25.77,Arts et lettres,Capitale-Nationale,G3A,70522,7,19.6,0,0,Centre,0.005519650035331096
C009904,30.06,Sciences,Capitale-Nationale,G1V,65912,13,12.2,0,1,Centre,0.9953582301647982
C008702,26.05,Sciences,Gaspesie-Iles-de-la-Madeleine,G4X,43960,16,175.4,0,0,Eloignee,0.4042857111575653
C010710,28.37,Genie,Montreal,H1A,64734,2,27.5,0,1,Centre,0.6480258510354093
C009559,26.57,Arts et lettres,Montreal,H2X,57309,13,30.0,0,0,Centre,0.40100581804379765
C006132,28.82,Sciences sociales,Montreal,H1A,67890,12,14.2,1,1,Centre,0.8365852914644418
C009174,28.85,Arts et lettres,Capitale-Nationale,G3A,80414,12,36.6,0,1,Centre,0.9249563714292557
C001700,28.85,Sante,Montreal,H1A,44601,3,43.1,0,0,Centre,0.2916802226610612
C003559,28.87,Genie,Cote-Nord,G4R,50837,10,93.4,0,0,Eloignee,0.5788332067585552
C013640,32.49,Arts et lettres,Cote-Nord,G5B,19335,5,144.9,0,1,Eloignee,0.997146754384903
C011295,26.07,Arts et lettres,Bas-Saint-Laurent,G5N,32867,10,127.5,1,0,Eloignee,0.12309238982149838
C001859,24.95,Arts et lettres,Montreal,H1A,47441,10,22.3,0,0,Centre,0.010057880015009691
C002369,20.37,Arts et lettres,Capitale-Nationale,G2E,51876,10,34.8,1,0,Centre,0.0001427076657379672
C002269,28.4,Sciences,Gaspesie-Iles-de-la-Madeleine,G0C,62386,14,284.0,1,0,Eloignee,0.8474200438265866
C009439,23.14,Arts et lettres,Capitale-Nationale,G1R,70953,11,7.9,0,0,Centre,0.00014083708130733396
C004583,25.91,Sante,Cote-Nord,G0G,95680,11,324.2,0,0,Eloignee,0.20678550084719952
C012495,26.41,Sciences sociales,Gaspesie-Iles-de-la-Madeleine,G4X,33536,10,209.7,1,0,Eloignee,0.012010770980631615
C012277,24.85,Sciences sociales,Gaspesie-Iles-de-la-Madeleine,G0C,28083,20,68.4,1,0,Eloignee,0.006159486755551956
C012756,22.9,Sante,Capitale-Nationale,G1V,27998,14,22.3,0,0,Centre,0.00013831214544314386
C007790,26.84,Genie,Capitale-Nationale,G1R,130007,11,1.8,0,1,Centre,0.5441494018641676
C005585,36.64,Arts et lettres,Gaspesie-Iles-de-la-Madeleine,G0C,60975,15,245.2,1,1,Eloignee,0.9979790187582313
C010973,22.3,Sciences sociales,Montreal,H4L,40965,7,13.2,0,0,Centre,8.335763229965837e-05
C003402,25.25,Sante,Bas-Saint-Laurent,G5L,25170,12,158.1,1,0,Eloignee,0.042133306082619934
C011347,22.55,Sciences sociales,Capitale-Nationale,G2E,78436,11,34.4,0,0,Centre,9.814044133978598e-05
C008092,27.14,Sciences sociales,Bas-Saint-Laurent,G5L,68562,13,239.5,1,0,Eloignee,0.26602297083289456
C005195,26.28,Arts et lettres,Montreal,H2X,56206,7,12.6,0,0,Centre,0.015287921377853092
C010107,34.03,Sciences sociales,Montreal,H4L,52758,10,14.2,1,1,Centre,0.9997998329972525
C002820,29.37,Genie,Montreal,H2X,56868,11,11.6,0,1,Centre,0.8406010715827125
C000418,27.6,Genie,Bas-Saint-Laurent,G5L,39968,13,275.7,1,0,Eloignee,0.08775762843320004
C001443,32.52,Sciences,Montreal,H1A,113720,7,15.8,0,1,Centre,0.9997508870993578
C008892,37.75,Genie,Montreal,H8N,128718,13,21.2,0,1,Centre,0.9998400738369335
C006779,21.42,Arts et lettres,Gaspesie-Iles-de-la-Madeleine,G4X,20635,18,353.9,0,0,Eloignee,0.002927298766637606
C003237,23.51,Genie,Montreal,H3T,275806,8,21.6,0,0,Centre,0.00043639111500193083
C001172,24.17,Sciences sociales,Cote-Nord,G4R,17792,11,281.9,0,0,Eloignee,0.00028684860536984
C010687,28.65,Sciences sociales,Capitale-Nationale,G2E,40511,11,28.9,1,0,Centre,0.4020436108425339
C007388,28.72,Sciences sociales,Bas-Saint-Laurent,G5L,77955,5,169.3,0,1,Eloignee,0.7335386094201932
C006618,19.54,Sciences,Bas-Saint-Laurent,G0L,92467,15,140.2,0,0,Eloignee,0.0009456429232425245
C010640,27.03,Sciences sociales,Cote-Nord,G0G,68947,8,320.7,0,0,Eloignee,0.08426022600297875
C006773,27.35,Arts et lettres,Bas-Saint-Laurent,G5L,49741,14,113.6,0,0,Eloignee,0.40766506723398904
C001314,24.21,Arts et lettres,Gaspesie-Iles-de-la-Madeleine,G5C,70070,8,82.4,0,0,Eloignee,0.000156379159822951
C010850,24.68,Arts et lettres,Montreal,H2X,52941,16,34.5,0,0,Centre,0.004369758614007876
C002870,26.42,Sciences sociales,Bas-Saint-Laurent,G5N,33375,14,82.4,1,0,Eloignee,0.04368590582015752
C010358,31.66,Genie,Gaspesie-Iles-de-la-Madeleine,G4X,57178,13,438.3,0,1,Eloignee,0.9998222205164289
C004275,24.77,Sciences sociales,Bas-Saint-Laurent,G5N,115196,12,109.3,0,0,Eloignee,0.0003035251577679393
C010352,26.36,Arts et lettres,Bas-Saint-Laurent,G5L,65660,15,199.5,0,0,Eloignee,0.19160503954447972
C000425,28.66,Arts et lettres,Montreal,H2X,63507,9,15.4,1,0,Centre,0.47364024064534915
C000778,25.51,Sante,Bas-Saint-Laurent,G5N,80167,17,397.3,0,0,Eloignee,0.6787005114909622
C000196,30.48,Sciences,Montreal,H3T,37649,12,2.8,0,0,Centre,0.6235136193358435
C004013,30.28,Genie,Montreal,H1A,163243,13,20.0,0,1,Centre,0.9993423485237757
C002522,21.14,Sciences,Bas-Saint-Laurent,G0L,115211,14,105.0,0,0,Eloignee,0.00033846748560358
C013655,24.41,Arts et lettres,Montreal,H4L,60468,9,35.1,0,0,Centre,0.0001574217178410881
C009044,35.24,Arts et lettres,Montreal,H4L,53061,7,17.5,0,1,Centre,0.9998518768469626
C002962,27.69,Sciences,Montreal,H2X,73510,9,12.0,0,1,Centre,0.47909349433741466
C000920,28.65,Arts et lettres,Cote-Nord,G4R,45296,11,184.9,1,0,Eloignee,0.5967756580638288
C009957,30.35,Sciences sociales,Bas-Saint-Laurent,G5L,23136,13,231.1,0,1,Eloignee,0.9705168598734545
C005960,27.68,Genie,Montreal,H8N,46047,7,7.5,0,0,Centre,0.13607520071974585
C007676,25.8,Sciences sociales,Capitale-Nationale,G3A,85946,6,10.1,0,0,Centre,0.029546226473238537
C003942,30.48,Genie,Bas-Saint-Laurent,G5L,45454,8,246.0,1,1,Eloignee,0.9516940555964898
C012988,26.87,Genie,Montreal,H8N,63963,8,58.1,0,0,Centre,0.025323455394221546
C007155,26.52,Sciences sociales,Gaspesie-Iles-de-la-Madeleine,G5C,56412,17,407.2,1,0,Eloignee,0.6764140756683551
C002642,26.26,Sciences sociales,Gaspesie-Iles-de-la-Madeleine,G5C,66773,16,139.9,1,0,Eloignee,0.46503346066650375
C008060,23.55,Sciences,Cote-Nord,G5B,32513,17,431.2,0,0,Eloignee,0.0019185587217611017
C006836,21.13,Genie,Cote-Nord,G4R,30202,7,687.6,0,0,Eloignee,6.190353554317677e-05
C008221,30.46,Sciences,Gaspesie-Iles-de-la-Madeleine,G4X,38166,14,284.4,1,1,Eloignee,0.9790005784754878
C010219,33.41,Sciences,Bas-Saint-Laurent,G5N,64068,10,151.3,1,1,Eloignee,0.9997477431016236
C008822,25.09,Sciences,Cote-Nord,G5B,89930,9,88.5,1,0,Eloignee,0.004896708787732692
C010478,25.78,Sciences,Bas-Saint-Laurent,G0L,45540,15,114.5,1,0,Eloignee,0.04237021701008142
C000799,23.94,Genie,Capitale-Nationale,G2E,92152,8,9.3,1,0,Centre,0.002180581148324735
C008470,32.31,Sciences sociales,Montreal,H2X,77982,6,14.6,0,1,Centre,0.9996616961312018
C006151,33.66,Sciences,Montreal,H4L,148898,10,7.3,1,1,Centre,0.9995782856182086
C000091,26.16,Sciences sociales,Capitale-Nationale,G1V,80990,8,7.7,1,0,Centre,0.015043415539482356
C005714,27.76,Sciences sociales,Gaspesie-Iles-de-la-Madeleine,G5C,47664,15,91.9,0,0,Eloignee,0.3624003501489183
C008158,30.79,Genie,Montreal,H1A,60328,7,20.0,1,1,Centre,0.9843605488614608
C010816,27.02,Genie,Bas-Saint-Laurent,G0L,43612,21,230.1,1,0,Eloignee,0.4796617766009773
C006126,30.65,Arts et lettres,Montreal,H1A,82431,8,22.2,0,1,Centre,0.9860503119170905
C000340,24.68,Arts et lettres,Cote-Nord,G4R,32068,8,392.8,0,0,Eloignee,0.00016332752310083774
C002679,25.81,Sciences sociales,Capitale-Nationale,G1V,39167,3,21.7,0,0,Centre,0.0030056281336305296
C001828,28.96,Sciences sociales,Capitale-Nationale,G3A,119321,7,3.5,0,0,Centre,0.4312969518117878
C007704,22.14,Arts et lettres,Cote-Nord,G4R,36612,8,435.3,0,0,Eloignee,0.00016274320184648557
C008642,23.78,Sante,Capitale-Nationale,G1R,180341,9,4.2,1,0,Centre,0.00045879601891891264
C007278,31.34,Genie,Montreal,H2X,53394,7,23.3,1,1,Centre,0.9953876267724355
C001635,28.19,Arts et lettres,Montreal,H8N,58010,8,11.2,0,0,Centre,0.24379128079827972
C010883,20.58,Genie,Cote-Nord,G0G,143784,16,462.8,1,0,Eloignee,0.022247929710493886
C006738,27.93,Sante,Montreal,H8N,101582,8,29.2,1,0,Centre,0.42608298751314777
C005621,27.86,Sciences sociales,Capitale-Nationale,G1R,67224,8,14.3,1,0,Centre,0.3365928292915915
C009194,23.72,Genie,Montreal,H4L,115913,10,13.4,0,0,Centre,0.00021290963200143925
C005701,26.04,Sciences sociales,Gaspesie-Iles-de-la-Madeleine,G5C,89244,11,67.7,1,0,Eloignee,0.16073590484026318
C007569,31.75,Genie,Montreal,H3T,55045,12,8.0,0,1,Centre,0.9997872740859217
C008472,28.95,Sciences sociales,Montreal,H2X,193294,7,28.6,0,1,Centre,0.9746549950147857
C001407,22.95,Arts et lettres,Montreal,H2X,53916,12,2.3,0,0,Centre,0.00014159897871627528
C005355,31.34,Genie,Gaspesie-Iles-de-la-Madeleine,G5C,48835,17,132.7,0,1,Eloignee,0.9901003275536838
C007550,29.26,Sante,Gaspesie-Iles-de-la-Madeleine,G5C,36903,14,127.2,0,0,Eloignee,0.9345684509949139
C012691,24.37,Arts et lettres,Capitale-Nationale,G1V,86923,9,46.8,1,0,Centre,0.0006200785470581913
C004443,26.2,Sciences sociales,Capitale-Nationale,G2E,70288,10,40.9,0,0,Centre,0.03392726474020994
C004234,32.98,Genie,Montreal,H2X,52635,10,6.7,1,1,Centre,0.9998132682754236
C005188,29.97,Sciences sociales,Gaspesie-Iles-de-la-Madeleine,G5C,20560,17,143.6,1,1,Eloignee,0.9066129396749226
C011979,27.13,Sante,Montreal,H4L,112730,7,14.3,1,1,Centre,0.3691590392726759
C007967,26.23,Sciences,Gaspesie-Iles-de-la-Madeleine,G0C,96917,14,382.9,0,0,Eloignee,0.14296359693885227
C012489,32.44,Sciences sociales,Montreal,H1A,54566,8,4.6,0,1,Centre,0.9995794614663167
C012584,24.57,Sciences sociales,Montreal,H8N,32253,9,31.7,1,0,Centre,0.0003457538773559936
C006648,28.27,Sante,Capitale-Nationale,G1R,86447,10,3.0,0,1,Centre,0.8073067480237416
C005429,26.72,Sante,Bas-Saint-Laurent,G0L,36907,13,236.3,1,0,Eloignee,0.0867142745807586
C000005,26.68,Sante,Cote-Nord,G4R,36033,12,560.1,0,0,Eloignee,0.027235257327314272
C013133,26.28,Sante,Capitale-Nationale,G2E,83071,4,16.5,0,1,Centre,0.012011656975152786
C012807,27.28,Sante,Bas-Saint-Laurent,G0L,124419,14,212.4,1,0,Eloignee,0.8371785107139721
C009849,32.58,Genie,Capitale-Nationale,G1R,66312,12,24.9,0,1,Centre,0.9985994773907205
C001763,26.34,Sciences,Montreal,H2X,80588,12,17.7,0,1,Centre,0.4435476852279955
C004364,25.44,Sante,Montreal,H2X,34125,10,12.5,0,1,Centre,0.39458543513591293
C011207,31.56,Genie,Montreal,H8N,71230,9,34.0,1,1,Centre,0.9997652871251241
C012773,23.2,Genie,Capitale-Nationale,G2E,71441,6,41.4,1,0,Centre,7.815089864190963e-05
C008198,26.05,Arts et lettres,Montreal,H4L,138490,7,15.3,1,1,Centre,0.5276802583664852
C000640,31.13,Sciences sociales,Montreal,H3T,67341,10,18.2,1,1,Centre,0.9991159172837937
C004230,26.03,Sciences sociales,Gaspesie-Iles-de-la-Madeleine,G5C,36100,13,145.5,0,0,Eloignee,0.12726686844291962
C000444,26.62,Sante,Gaspesie-Iles-de-la-Madeleine,G4X,61872,10,111.8,0,0,Eloignee,0.05255717733493042
C011607,26.33,Arts et lettres,Bas-Saint-Laurent,G5N,44854,15,315.9,0,0,Eloignee,0.23832308729511828
C011301,29.58,Arts et lettres,Cote-Nord,G5B,29422,13,200.9,0,0,Eloignee,0.9579489456085588
C002846,24.95,Sciences,Capitale-Nationale,G1R,55287,8,75.5,0,0,Centre,0.0015511768440445984
C004558,23.92,Genie,Capitale-Nationale,G1R,67054,10,34.6,0,0,Centre,0.00011019973574729479
C005403,33.52,Sciences,Gaspesie-Iles-de-la-Madeleine,G5C,84434,9,192.0,0,1,Eloignee,0.9994735095092422
C012949,27.99,Arts et lettres,Gaspesie-Iles-de-la-Madeleine,G0C,51183,15,53.3,0,1,Eloignee,0.3497006288109403
C001947,31.53,Genie,Montreal,H4L,60154,12,9.6,0,1,Centre,0.9948176075169235
C006057,28.67,Genie,Capitale-Nationale,G2E,69697,8,14.6,0,1,Centre,0.6904626162427975
C000338,28.97,Sciences,Montreal,H1A,65168,13,20.1,0,1,Centre,0.9544591710464542
C006399,28.78,Sciences,Montreal,H3T,61085,5,6.9,0,0,Centre,0.45808682798339173
C011738,29.95,Sciences,Capitale-Nationale,G1R,52967,10,32.2,1,1,Centre,0.9802958730587944
C007549,26.4,Sante,Bas-Saint-Laurent,G5N,149353,8,187.6,0,0,Eloignee,0.18682706056184456
C012389,28.48,Genie,Montreal,H3T,82269,12,16.2,0,1,Centre,0.8345613700532396
C010688,24.91,Genie,Bas-Saint-Laurent,G5L,72761,14,294.5,1,0,Eloignee,0.003574982815036724
C003467,23.98,Sante,Montreal,H8N,132767,13,12.7,0,0,Centre,0.007230360394134671
C000936,31.28,Genie,Gaspesie-Iles-de-la-Madeleine,G5C,82600,9,190.6,1,1,Eloignee,0.9964474135076913
C007303,28.14,Sciences,Gaspesie-Iles-de-la-Madeleine,G4X,24472,9,237.7,1,0,Eloignee,0.2268425795243338
C002272,25.69,Sante,Cote-Nord,G0G,20719,14,292.6,1,0,Eloignee,0.04331096079704386
C012552,24.53,Sciences,Cote-Nord,G4R,71689,16,195.8,1,0,Eloignee,0.01669252784583421
C000721,34.53,Sciences sociales,Capitale-Nationale,G1V,37856,12,20.1,0,1,Centre,0.9997689706536287
C003448,29.43,Sante,Gaspesie-Iles-de-la-Madeleine,G4X,51322,10,53.2,1,0,Eloignee,0.8265804737317656
C012066,27.54,Genie,Montreal,H1A,31182,6,18.4,0,0,Centre,0.04796723630615158
C011576,31.57,Genie,Montreal,H2X,140912,12,68.8,0,1,Centre,0.9999162716052128
C006682,26.93,Sciences sociales,Gaspesie-Iles-de-la-Madeleine,G4X,56597,14,107.4,0,0,Eloignee,0.3576817936547044
C003764,29.55,Arts et lettres,Gaspesie-Iles-de-la-Madeleine,G0C,47844,11,148.2,1,1,Eloignee,0.9611596750291997
C005286,29.62,Sciences,Gaspesie-Iles-de-la-Madeleine,G5C,65338,14,288.3,1,0,Eloignee,0.9907841470987225
C004300,26.45,Sciences sociales,Montreal,H2X,79729,7,15.6,0,0,Centre,0.0923118293946641
C012293,26.3,Sciences,Cote-Nord,G4R,30314,12,190.2,1,0,Eloignee,0.03384375364565905
C012881,28.62,Genie,Capitale-Nationale,G2E,88217,12,36.2,0,1,Centre,0.8252794498862567
C006445,25.59,Genie,Bas-Saint-Laurent,G0L,52063,9,243.1,0,0,Eloignee,0.007301545836975287
C009801,31.83,Sciences,Bas-Saint-Laurent,G5L,56132,15,98.6,0,1,Eloignee,0.9988995893196062
C002017,24.43,Sante,Cote-Nord,G5B,48700,13,253.4,0,0,Eloignee,0.00022856686982713952
C001399,27.52,Sciences,Capitale-Nationale,G2E,63149,14,9.7,1,1,Centre,0.4578080383341507
C008996,26.78,Genie,Montreal,H3T,52562,9,22.6,0,0,Centre,0.03153402666190655
C008171,28.99,Arts et lettres,Bas-Saint-Laurent,G0L,42522,15,266.4,0,0,Eloignee,0.8070259158131594
C006951,29.54,Genie,Capitale-Nationale,G2E,45862,13,3.0,0,1,Centre,0.9770560301847329
C005170,25.08,Genie,Capitale-Nationale,G1V,33649,9,5.5,0,0,Centre,0.009146674578063693
C008985,31.28,Sciences sociales,Capitale-Nationale,G2E,45230,10,18.8,0,1,Centre,0.9987861783553991
C005749,22.71,Sciences sociales,Bas-Saint-Laurent,G5L,38597,13,106.0,1,0,Eloignee,0.0001562593848115757
C011802,26.88,Sante,Gaspesie-Iles-de-la-Madeleine,G0C,46447,5,168.7,0,0,Eloignee,0.00789322253925835
C006157,29.1,Arts et lettres,Gaspesie-Iles-de-la-Madeleine,G0C,47882,17,261.4,0,0,Eloignee,0.9513563923005374
C007308,32.13,Sciences sociales,Capitale-Nationale,G3A,89074,9,5.8,0,1,Centre,0.9997352614542176
C007486,27.61,Sante,Gaspesie-Iles-de-la-Madeleine,G5C,81390,11,170.2,0,0,Eloignee,0.4404306123909173
C013532,27.74,Sciences sociales,Capitale-Nationale,G1V,53259,14,2.8,0,0,Centre,0.23357508514027414
C011723,27.97,Sciences sociales,Capitale-Nationale,G1V,198187,12,14.9,0,1,Centre,0.9302027376615776
C011131,31.31,Sciences,Montreal,H3T,71422,8,8.4,1,1,Centre,0.9970813062924873
C007754,26.26,Genie,Montreal,H2X,56780,10,33.8,0,0,Centre,0.052761557090152476
C012089,21.57,Sciences,Bas-Saint-Laurent,G5N,29886,25,227.9,0,0,Eloignee,0.0012935445188130895
C010207,27.97,Sciences sociales,Capitale-Nationale,G2E,60318,7,1.2,0,0,Centre,0.1965062824359224
C011122,30.45,Sciences sociales,Gaspesie-Iles-de-la-Madeleine,G0C,35752,16,497.9,0,1,Eloignee,0.9197970413559019
C002980,23.98,Genie,Gaspesie-Iles-de-la-Madeleine,G0C,53269,12,117.2,1,0,Eloignee,0.001408817227952438
C007698,31.44,Sciences,Gaspesie-Iles-de-la-Madeleine,G5C,91891,18,144.0,1,1,Eloignee,0.9903277865805667
C011906,32.57,Sciences sociales,Montreal,H4L,58021,5,9.8,0,1,Centre,0.9915422741931798
C008486,26.04,Sciences sociales,Cote-Nord,G0G,39179,22,313.2,1,0,Eloignee,0.5046846335744285
C005762,29.69,Arts et lettres,Montreal,H2X,76692,10,9.9,0,1,Centre,0.9064130219341239
C008603,27.95,Arts et lettres,Montreal,H4L,76352,8,14.8,0,1,Centre,0.6277279250304162
C008460,30.93,Sciences,Montreal,H8N,110660,6,15.2,1,1,Centre,0.9981991611858462
C007181,22.76,Arts et lettres,Bas-Saint-Laurent,G0L,25476,9,288.8,0,0,Eloignee,0.00022285216780746
C002151,30.96,Sciences sociales,Gaspesie-Iles-de-la-Madeleine,G4X,50502,14,40.8,1,1,Eloignee,0.9990978412588752
C004402,28.65,Arts et lettres,Cote-Nord,G5B,66008,9,149.8,1,0,Eloignee,0.6435763854015556
C005240,26.78,Sante,Bas-Saint-Laurent,G5L,46088,12,228.6,0,0,Eloignee,0.09796815284130642
C001257,27.97,Sciences sociales,Montreal,H1A,74581,7,24.5,0,0,Centre,0.3543898880517744
C004154,24.14,Sciences sociales,Montreal,H4L,61976,10,10.0,1,0,Centre,0.00014381362911483476
C009993,30.16,Genie,Bas-Saint-Laurent,G0L,35913,17,244.7,1,0,Eloignee,0.7494186206885708
C001492,30.08,Sante,Bas-Saint-Laurent,G0L,56573,8,601.5,1,1,Eloignee,0.6064187297151818
C004494,27.79,Sciences,Montreal,H3T,85824,8,32.9,1,0,Centre,0.23272189605279195
C005994,25.89,Sciences,Bas-Saint-Laurent,G5L,51347,7,194.3,0,0,Eloignee,0.008169822442933182
C003050,29.26,Sante,Bas-Saint-Laurent,G0L,87541,13,98.3,1,1,Eloignee,0.9868000500393593
C003714,27.41,Sciences,Capitale-Nationale,G1V,78083,10,14.7,0,0,Centre,0.37955042408748046
C013378,26.98,Sante,Cote-Nord,G4R,108656,19,162.0,0,0,Eloignee,0.8818755735013896
C003220,28.51,Sciences sociales,Montreal,H8N,65449,5,23.3,0,1,Centre,0.6282707195532279
C009034,21.57,Arts et lettres,Cote-Nord,G0G,77519,23,109.6,0,0,Eloignee,0.009097759546744993
C001967,32.13,Sciences sociales,Capitale-Nationale,G3A,60269,13,50.8,0,1,Centre,0.9998433104878308
C007427,24.2,Arts et lettres,Montreal,H3T,47257,5,30.6,0,0,Centre,0.00011134367613006628
C000333,28.86,Sciences sociales,Bas-Saint-Laurent,G5L,47149,17,344.9,1,1,Eloignee,0.9699467210108693
C006840,23.75,Sante,Montreal,H2X,32603,6,6.3,1,0,Centre,0.00020688225269604373
C001276,28.72,Sciences sociales,Montreal,H4L,70299,13,18.6,0,1,Centre,0.9324163855072433
C011356,25.05,Genie,Montreal,H1A,76035,4,16.5,0,0,Centre,0.0007119765123617478
C003096,25.05,Sante,Montreal,H2X,64335,14,32.7,0,0,Centre,0.004106867730602943
C012678,26.67,Sante,Gaspesie-Iles-de-la-Madeleine,G5C,69709,8,196.5,0,0,Eloignee,0.08155649531129963
C009098,25.63,Sante,Capitale-Nationale,G1V,35375,6,15.9,1,0,Centre,0.003707886701048026
C011160,27.2,Genie,Bas-Saint-Laurent,G5N,20684,11,198.0,1,0,Eloignee,0.021434653940795384
C006239,20.41,Genie,Montreal,H1A,60230,7,5.2,0,0,Centre,0.00010914573636765057
C001040,28.59,Genie,Capitale-Nationale,G2E,82917,10,17.9,0,1,Centre,0.8114688169412675
C011482,33.71,Arts et lettres,Capitale-Nationale,G1V,88586,9,12.8,0,1,Centre,0.9993117031250791
C002683,30.57,Sciences sociales,Capitale-Nationale,G3A,47928,14,14.5,0,1,Centre,0.9893369257812547
C007560,27.2,Genie,Montreal,H1A,57618,4,35.6,0,0,Centre,0.09977761703889283
C004419,21.15,Sante,Gaspesie-Iles-de-la-Madeleine,G5C,74029,15,260.5,1,0,Eloignee,0.0004929749128001915
C009464,27.59,Arts et lettres,Montreal,H4L,139738,8,8.9,1,1,Centre,0.8836743440100546
C001279,23.22,Arts et lettres,Gaspesie-Iles-de-la-Madeleine,G5C,57387,9,258.8,0,0,Eloignee,0.00014451186677140479
C006473,27.66,Sciences,Capitale-Nationale,G1V,50345,7,9.5,0,1,Centre,0.18488447423792229
C010543,29.22,Sciences sociales,Capitale-Nationale,G3A,38959,13,7.3,1,1,Centre,0.8265917565660734
C000765,27.67,Sciences,Gaspesie-Iles-de-la-Madeleine,G4X,55747,12,283.5,1,0,Eloignee,0.25927842972913573
C003233,28.87,Arts et lettres,Capitale-Nationale,G3A,42867,7,12.9,1,1,Centre,0.28513184437014744
C002292,26.58,Sciences,Capitale-Nationale,G3A,92104,10,13.1,1,1,Centre,0.4655123842626062
C009517,30.46,Sciences sociales,Bas-Saint-Laurent,G5L,45789,14,286.5,1,1,Eloignee,0.9946614864447398
C002475,26.74,Genie,Montreal,H1A,66316,6,13.2,0,0,Centre,0.01839099422398021
C003582,28.1,Sciences sociales,Cote-Nord,G4R,55384,8,58.1,1,0,Eloignee,0.24502273323701249
C001707,28.93,Genie,Cote-Nord,G4R,84342,13,294.4,1,1,Eloignee,0.9592940422845785
C013836,25.1,Sciences sociales,Montreal,H3T,91038,7,6.7,0,0,Centre,0.018287163673881585
C010282,29.41,Sciences sociales,Gaspesie-Iles-de-la-Madeleine,G5C,194260,20,273.9,1,0,Eloignee,0.995421568350863
C006650,29.07,Sciences,Gaspesie-Iles-de-la-Madeleine,G0C,38590,11,118.2,0,1,Eloignee,0.46339586443181635
C011194,29.96,Sante,Montreal,H2X,87387,7,34.8,0,1,Centre,0.9366945015287362
C011363,22.4,Arts et lettres,Bas-Saint-Laurent,G5L,16019,12,127.2,1,0,Eloignee,0.00030846470416440413
C006370,25.35,Sciences,Cote-Nord,G4R,53873,12,293.9,1,0,Eloignee,0.008518835312160699
C012560,21.53,Genie,Capitale-Nationale,G2E,45832,3,17.4,0,0,Centre,0.00013858135036291883
C001235,26.83,Sciences sociales,Bas-Saint-Laurent,G5L,49556,19,144.7,1,0,Eloignee,0.28905225332831236
C012721,24.7,Sciences,Montreal,H2X,105150,13,31.8,0,0,Centre,0.0003882219709228292
C002477,24.73,Arts et lettres,Gaspesie-Iles-de-la-Madeleine,G5C,49170,13,166.0,1,0,Eloignee,0.0002638240087195134
C005806,30.68,Sciences sociales,Gaspesie-Iles-de-la-Madeleine,G0C,54955,14,153.8,1,1,Eloignee,0.9936920250539841
C002856,27.77,Sciences,Montreal,H8N,47992,13,13.5,0,0,Centre,0.23917563160523256
C007283,30.65,Sante,Montreal,H1A,53442,10,11.8,0,1,Centre,0.9618133007727406
C001457,28.93,Sante,Bas-Saint-Laurent,G0L,52771,12,249.3,1,0,Eloignee,0.8435248601657098
C007220,31.29,Arts et lettres,Bas-Saint-Laurent,G5N,71201,15,135.6,0,1,Eloignee,0.9977824696089784
C007555,23.69,Sciences,Cote-Nord,G0G,85186,10,181.4,1,0,Eloignee,0.0002041527442251445
C000356,30.38,Arts et lettres,Montreal,H4L,111949,10,1.9,0,1,Centre,0.9957958509049463
C011714,27.08,Arts et lettres,Capitale-Nationale,G1V,162240,6,29.1,0,0,Centre,0.5065867816258758
C012982,29.58,Sciences sociales,Montreal,H3T,45789,9,37.3,0,1,Centre,0.9343904926980998
C004167,28.6,Sante,Montreal,H8N,89185,8,8.6,0,1,Centre,0.7005301736095674
C001531,30.11,Sciences sociales,Montreal,H3T,57216,9,17.7,0,1,Centre,0.8637968526201614
C000829,29.88,Sciences,Montreal,H4L,68133,12,16.2,0,1,Centre,0.9920406694673081
C012444,33.56,Genie,Montreal,H8N,124974,4,8.9,0,1,Centre,0.9996634906169024
C005809,26.1,Sciences,Montreal,H1A,97890,12,18.6,1,0,Centre,0.0862444453512017
C011821,31.51,Genie,Montreal,H4L,140403,7,13.1,0,1,Centre,0.9997709342812902
C003017,30.67,Sciences,Capitale-Nationale,G3A,76672,10,23.9,1,1,Centre,0.9884876961254795
C001059,29.45,Sciences,Bas-Saint-Laurent,G5N,39499,16,211.4,0,1,Eloignee,0.9656419909349664
C000696,30.74,Genie,Montreal,H3T,102237,12,34.8,0,1,Centre,0.9989816364887477
C010614,34.53,Genie,Capitale-Nationale,G2E,60103,8,7.3,0,1,Centre,0.9996555873814436
C003910,27.68,Sciences,Capitale-Nationale,G2E,66810,7,34.1,0,0,Centre,0.24250982217050462
C009434,29.56,Sciences,Bas-Saint-Laurent,G0L,49119,14,192.6,1,1,Eloignee,0.9935075761530284
C008955,28.19,Sante,Capitale-Nationale,G1V,81263,7,11.1,1,0,Centre,0.20115268063838462
C001781,29.13,Sciences sociales,Cote-Nord,G4R,47890,10,173.9,0,1,Eloignee,0.6252979983251226
C005419,31.14,Sciences sociales,Montreal,H8N,40601,10,37.9,0,1,Centre,0.9936160072835811
C008407,29.05,Sante,Montreal,H8N,75129,14,17.3,0,1,Centre,0.9631545736484787
C012925,31.55,Arts et lettres,Montreal,H8N,100546,8,25.9,0,1,Centre,0.9990263500166044
C001978,30.85,Arts et lettres,Capitale-Nationale,G2E,34211,5,9.9,1,1,Centre,0.9753271828640734
C012818,31.23,Genie,Montreal,H4L,40064,10,11.9,0,1,Centre,0.9859810659270215
C002381,26.73,Sciences,Montreal,H1A,108942,11,50.3,0,0,Centre,0.15131017797023655
C004101,29.11,Genie,Montreal,H4L,130750,2,14.5,0,1,Centre,0.8845154351553016
C000067,22.5,Sciences,Capitale-Nationale,G2E,42173,9,6.1,0,0,Centre,8.383258319847997e-05
C009340,28.85,Sciences,Capitale-Nationale,G1V,44868,7,4.5,1,1,Centre,0.710422812410843
C013994,26.39,Sciences,Montreal,H2X,61166,10,21.3,0,0,Centre,0.054512492028109996
C004508,31.83,Sciences,Montreal,H8N,51662,6,11.6,0,1,Centre,0.9992046945793694
C000772,33.9,Sante,Capitale-Nationale,G2E,102692,12,23.2,0,1,Centre,0.9998753552589839
C007124,28.82,Sciences sociales,Gaspesie-Iles-de-la-Madeleine,G0C,39183,12,356.9,1,0,Eloignee,0.6124076309790548
C013913,32.94,Sciences,Capitale-Nationale,G1V,71609,8,30.0,0,1,Centre,0.9996829365235926
C000008,25.39,Sciences,Montreal,H3T,46348,6,18.8,0,0,Centre,0.002182490428967642
C005504,27.47,Arts et lettres,Gaspesie-Iles-de-la-Madeleine,G0C,37365,15,127.6,0,0,Eloignee,0.05041960596996377
C002267,27.17,Arts et lettres,Montreal,H4L,82711,10,9.2,0,0,Centre,0.5072748113823213
C006171,23.76,Sciences sociales,Cote-Nord,G5B,30039,10,393.9,0,0,Eloignee,0.00015607746293517304
C001622,29.42,Sciences,Montreal,H3T,45968,7,9.5,0,0,Centre,0.6301370537906894
C000124,29.44,Sciences sociales,Montreal,H4L,83010,7,40.0,1,1,Centre,0.8895394701415091
C004880,27.65,Sante,Montreal,H3T,44219,13,6.8,0,0,Centre,0.4780252910885639
C003938,26.19,Sciences sociales,Capitale-Nationale,G3A,89494,9,25.8,1,0,Centre,0.2517203101965719
C005909,31.0,Arts et lettres,Capitale-Nationale,G3A,89934,19,10.0,0,1,Centre,0.9883871792582389
C010874,30.29,Sante,Capitale-Nationale,G1R,69816,4,4.8,0,0,Centre,0.9036631946182723
C009091,31.11,Sciences sociales,Montreal,H4L,50202,16,23.5,1,1,Centre,0.9976109353774689
C000739,27.97,Sciences,Bas-Saint-Laurent,G5N,57414,9,149.2,1,0,Eloignee,0.1769373852620349
C004557,31.37,Sciences sociales,Montreal,H4L,69374,10,23.9,0,1,Centre,0.9991945895891938
C000392,31.14,Sciences sociales,Montreal,H3T,75592,11,18.6,0,1,Centre,0.9978786651262503
C001615,28.29,Sante,Montreal,H4L,98873,12,13.4,1,0,Centre,0.76579231463587
C008617,24.62,Arts et lettres,Montreal,H4L,30698,5,21.0,0,0,Centre,8.615471395570123e-05
C007513,27.07,Arts et lettres,Cote-Nord,G5B,35383,13,213.3,0,0,Eloignee,0.14107698474309757
C003267,24.79,Sante,Gaspesie-Iles-de-la-Madeleine,G0C,142820,9,45.2,0,0,Eloignee,0.0012313289186404468
C013219,29.02,Genie,Cote-Nord,G4R,24700,9,159.7,1,1,Eloignee,0.40561711696785996
C011474,33.22,Genie,Montreal,H3T,79063,9,10.7,0,1,Centre,0.9997884101512815
C011124,33.06,Genie,Capitale-Nationale,G1R,137887,8,22.8,0,1,Centre,0.9998647406189477
C001377,29.37,Sciences sociales,Gaspesie-Iles-de-la-Madeleine,G0C,22701,13,183.9,0,0,Eloignee,0.889476964205471
C011199,28.22,Arts et lettres,Capitale-Nationale,G1R,85359,12,13.2,0,1,Centre,0.843712559789986
C002806,32.41,Genie,Bas-Saint-Laurent,G0L,41669,10,176.3,1,1,Eloignee,0.9997250534685793
C001902,30.84,Genie,Montreal,H4L,56819,6,23.0,0,1,Centre,0.9127555147128743
C011136,25.54,Arts et lettres,Bas-Saint-Laurent,G5N,54872,18,289.9,1,0,Eloignee,0.3579676495561817
C002342,30.56,Arts et lettres,Montreal,H1A,82955,6,4.5,1,1,Centre,0.983172441028697
C002214,28.21,Sciences sociales,Cote-Nord,G4R,58220,15,109.8,0,0,Eloignee,0.7147948981399246
C013092,24.09,Sciences,Montreal,H8N,94851,9,43.3,1,0,Centre,0.00019518570155325747
C009363,24.89,Sante,Montreal,H4L,63744,8,11.8,1,0,Centre,0.0014472699604825036
C013853,25.97,Sciences sociales,Gaspesie-Iles-de-la-Madeleine,G0C,77601,16,394.6,0,0,Eloignee,0.7053527574579216
C008956,27.14,Genie,Montreal,H3T,46744,11,16.9,1,0,Centre,0.16373216070153945
C005548,29.14,Sciences sociales,Gaspesie-Iles-de-la-Madeleine,G0C,27904,9,122.0,0,0,Eloignee,0.36164971789217476
C010371,20.86,Arts et lettres,Gaspesie-Iles-de-la-Madeleine,G0C,31909,11,227.3,1,0,Eloignee,0.0003237931158674637
C009921,33.28,Sciences,Montreal,H4L,49465,3,10.5,0,1,Centre,0.999537042193016
C000191,32.02,Genie,Capitale-Nationale,G1R,48732,11,9.2,1,1,Centre,0.9998168597477276
C009057,24.73,Sciences sociales,Montreal,H2X,139711,8,9.5,1,0,Centre,0.00174519749452471
C013947,25.03,Arts et lettres,Montreal,H8N,57316,8,5.3,0,0,Centre,0.001560825063935999
C009081,28.93,Arts et lettres,Cote-Nord,G4R,36981,9,135.9,1,1,Eloignee,0.3687942704564431
C002002,28.19,Genie,Montreal,H4L,86074,10,32.4,0,0,Centre,0.7773339864746265
C010127,25.97,Sciences,Cote-Nord,G4R,46176,14,146.5,0,0,Eloignee,0.08218111058084226
C004283,28.61,Sciences,Capitale-Nationale,G3A,94575,9,39.2,1,1,Centre,0.5705843549755899
C013866,28.98,Sciences sociales,Gaspesie-Iles-de-la-Madeleine,G5C,57273,22,211.2,1,1,Eloignee,0.9635277715535985
C001330,28.14,Genie,Gaspesie-Iles-de-la-Madeleine,G0C,36874,9,204.9,0,0,Eloignee,0.09784018386628632
C008447,25.34,Genie,Montreal,H2X,54417,10,9.1,1,0,Centre,0.014421320971105898
C013446,25.87,Genie,Montreal,H1A,72586,8,19.7,0,0,Centre,0.007029669799500104
C000292,31.91,Sante,Gaspesie-Iles-de-la-Madeleine,G5C,96958,13,147.1,1,1,Eloignee,0.9998435083903302
C009781,27.88,Sciences sociales,Montreal,H8N,64656,16,17.1,0,0,Centre,0.3819697226147659
C003092,24.92,Sciences sociales,Montreal,H4L,42078,8,4.9,1,0,Centre,0.0009666203485347291
C008069,19.59,Sante,Gaspesie-Iles-de-la-Madeleine,G5C,28296,20,283.5,1,0,Eloignee,0.0014630780002230339
C001982,30.81,Sante,Gaspesie-Iles-de-la-Madeleine,G0C,53556,16,73.2,1,1,Eloignee,0.9953175745233082
C001858,26.83,Sciences,Bas-Saint-Laurent,G0L,117804,8,197.8,1,0,Eloignee,0.1265925217423964
C002817,26.49,Genie,Montreal,H2X,121183,6,8.7,0,0,Centre,0.023736844323029645
C004311,32.83,Genie,Montreal,H4L,46603,14,7.8,0,1,Centre,0.9998290354775395
C002270,31.33,Sante,Montreal,H2X,43009,19,24.8,0,1,Centre,0.9970475984390772
C001078,28.67,Arts et lettres,Bas-Saint-Laurent,G0L,26129,15,190.6,1,0,Eloignee,0.5742761102922251
C008202,26.24,Sante,Capitale-Nationale,G3A,55207,8,37.8,0,0,Centre,0.007701405664120117
C012172,23.88,Genie,Cote-Nord,G0G,36024,21,478.6,1,0,Eloignee,0.0012935777310853957
C005720,25.79,Sciences,Gaspesie-Iles-de-la-Madeleine,G0C,41376,17,107.6,0,0,Eloignee,0.4111198400965533
C012975,24.39,Arts et lettres,Cote-Nord,G4R,40996,12,172.6,1,0,Eloignee,0.0002742061714526742
C005409,29.94,Sciences,Montreal,H2X,102675,9,18.1,0,1,Centre,0.9948497010496271
C001996,29.12,Sciences sociales,Montreal,H3T,31691,8,29.3,0,1,Centre,0.6666498622519843
C001192,32.41,Sciences,Montreal,H1A,81786,8,32.7,1,1,Centre,0.9996261084048975
C001550,25.71,Genie,Capitale-Nationale,G1V,184428,7,32.7,0,0,Centre,0.03230003425519465
C004192,28.18,Sante,Cote-Nord,G4R,49382,20,210.2,0,0,Eloignee,0.9208137724419013
C010579,26.23,Sciences,Bas-Saint-Laurent,G0L,57921,15,146.6,0,0,Eloignee,0.24184114174137916
C008942,29.1,Sciences sociales,Bas-Saint-Laurent,G5N,39016,19,220.0,1,1,Eloignee,0.9039341718793018
C004171,24.69,Sciences,Montreal,H3T,110148,5,18.5,0,0,Centre,0.00019761164844648413
C013385,29.97,Sciences sociales,Capitale-Nationale,G1V,81987,6,24.0,1,1,Centre,0.9240669677519341
C004112,28.22,Sciences,Capitale-Nationale,G3A,73790,9,13.3,0,1,Centre,0.6242371580800921
C009503,29.53,Sante,Cote-Nord,G0G,45671,15,271.9,0,1,Eloignee,0.9811635279269334
C003162,22.97,Sante,Capitale-Nationale,G3A,65375,11,10.0,0,0,Centre,8.816107536825367e-05
C009329,29.04,Sciences,Cote-Nord,G0G,42844,17,303.8,0,1,Eloignee,0.9312168393731768
C007700,26.88,Sante,Montreal,H2X,78237,7,36.7,0,0,Centre,0.07870562654284466
C013624,23.4,Sciences,Bas-Saint-Laurent,G5N,35289,12,178.3,1,0,Eloignee,0.00016280951193351026
C001574,28.18,Genie,Capitale-Nationale,G2E,69022,12,22.8,0,1,Centre,0.722530482578338
C006163,30.02,Genie,Montreal,H8N,57440,13,10.4,0,1,Centre,0.9890105166224008
C012536,30.59,Sciences,Montreal,H4L,60915,9,24.9,1,1,Centre,0.9700562607259571
C011803,26.25,Genie,Gaspesie-Iles-de-la-Madeleine,G4X,58829,18,377.6,0,0,Eloignee,0.8230920107325851
C011988,25.9,Sciences sociales,Montreal,H1A,62021,10,10.9,1,0,Centre,0.023642295353003495
C012285,23.74,Genie,Bas-Saint-Laurent,G5L,42356,9,279.4,1,0,Eloignee,0.0001418720101634642
C011438,28.25,Sciences sociales,Gaspesie-Iles-de-la-Madeleine,G5C,43066,19,319.1,1,1,Eloignee,0.7114228161122175
C012914,23.11,Sante,Gaspesie-Iles-de-la-Madeleine,G0C,26963,20,331.3,1,0,Eloignee,0.0018233464216076412
C004130,22.65,Sciences,Montreal,H2X,122895,11,38.6,0,0,Centre,0.000250018709798605
C008893,24.24,Sciences sociales,Montreal,H1A,68835,6,2.2,0,0,Centre,0.00014312969508954926
C012409,22.24,Genie,Gaspesie-Iles-de-la-Madeleine,G4X,98993,13,222.1,0,0,Eloignee,0.00025542903452753784
C005972,24.93,Sciences,Bas-Saint-Laurent,G5L,55728,13,242.0,0,0,Eloignee,0.0030563194562466026
C002045,24.26,Sante,Cote-Nord,G5B,44864,11,243.7,1,0,Eloignee,0.00018810813955189262
C002020,34.38,Arts et lettres,Gaspesie-Iles-de-la-Madeleine,G5C,32359,11,186.1,0,1,Eloignee,0.99981145424215
C001131,24.56,Arts et lettres,Cote-Nord,G5B,21087,17,378.2,1,0,Eloignee,0.004366207205503451
C001459,24.25,Sciences sociales,Bas-Saint-Laurent,G5L,29063,6,384.8,1,0,Eloignee,0.0001844372985236529
C008117,28.0,Sante,Montreal,H1A,50484,10,15.1,0,0,Centre,0.21623627833260328
C000093,30.1,Sciences,Montreal,H3T,45640,9,4.6,0,1,Centre,0.9175687180975269
C012648,29.23,Sante,Cote-Nord,G0G,30764,9,240.7,1,0,Eloignee,0.8097205760947305
C004744,23.05,Genie,Montreal,H8N,63140,5,34.2,1,0,Centre,5.458607734252667e-05
C010508,26.92,Sante,Montreal,H4L,44187,15,30.8,1,1,Centre,0.432011961349167
C001682,30.83,Sante,Montreal,H4L,43624,8,25.9,0,1,Centre,0.9922944018710342
C011163,27.69,Genie,Capitale-Nationale,G2E,62119,9,8.2,1,0,Centre,0.3281413923386023
C011685,27.78,Genie,Montreal,H8N,65620,9,18.1,1,0,Centre,0.42659076403950824
C006675,30.82,Sciences,Montreal,H2X,62375,10,14.8,0,1,Centre,0.9854988540169117
C000614,28.07,Genie,Capitale-Nationale,G1V,68091,6,21.1,0,1,Centre,0.3876004973859398
C011216,23.99,Arts et lettres,Gaspesie-Iles-de-la-Madeleine,G4X,44961,10,220.4,1,0,Eloignee,0.0028335538690791463
C004536,30.96,Arts et lettres,Montreal,H8N,117302,10,6.7,0,1,Centre,0.9985576310182427
C002445,22.47,Genie,Gaspesie-Iles-de-la-Madeleine,G5C,45875,9,90.6,0,0,Eloignee,9.093760386110389e-05
C011591,26.65,Sciences,Montreal,H1A,76373,7,1.3,0,0,Centre,0.2610577699113795
C004211,29.25,Sciences,Montreal,H1A,62434,13,15.8,1,1,Centre,0.984806589294222
C004639,33.09,Sciences sociales,Gaspesie-Iles-de-la-Madeleine,G4X,41362,15,216.1,1,1,Eloignee,0.9993270912643302
C005967,24.52,Arts et lettres,Capitale-Nationale,G1R,50241,10,10.3,1,0,Centre,0.0003835642968799683
C002441,27.41,Sante,Montreal,H2X,62655,10,9.7,0,0,Centre,0.1592306714286914
C001642,30.24,Sciences sociales,Montreal,H1A,49336,5,62.4,1,1,Centre,0.9547942572886617
C001222,31.7,Genie,Montreal,H8N,74173,11,21.4,0,1,Centre,0.999847432616648
C001046,23.95,Sciences,Bas-Saint-Laurent,G0L,58284,9,190.3,0,0,Eloignee,0.0012124169914093182
C002094,26.9,Sciences,Capitale-Nationale,G3A,108588,11,5.4,0,0,Centre,0.1713854065332986
C010597,25.7,Arts et lettres,Capitale-Nationale,G3A,63117,10,19.7,0,0,Centre,0.00497617475595461
C011680,31.14,Genie,Capitale-Nationale,G3A,24083,24,12.2,0,1,Centre,0.9533264382244498
C004954,26.45,Genie,Capitale-Nationale,G3A,56763,19,1.2,0,1,Centre,0.9266704611821083
C005918,28.57,Genie,Montreal,H8N,92673,6,2.1,0,1,Centre,0.7207514607986231
C009855,32.3,Sciences,Montreal,H8N,70441,8,21.5,0,1,Centre,0.9997595130324767
C011469,23.93,Sciences sociales,Bas-Saint-Laurent,G5N,35976,12,156.3,0,0,Eloignee,0.0010686734091805445
C006316,25.4,Arts et lettres,Montreal,H2X,105741,11,46.7,0,0,Centre,0.023336040986073094
C001927,27.71,Sante,Montreal,H4L,53605,10,14.7,0,0,Centre,0.11979343916146261
C003599,25.86,Sciences,Capitale-Nationale,G2E,56110,10,10.2,0,0,Centre,0.005247533972435099
C005137,22.67,Sante,Gaspesie-Iles-de-la-Madeleine,G4X,122980,12,306.5,0,0,Eloignee,0.0004283960892416677
C013505,26.45,Genie,Montreal,H2X,74308,11,2.1,1,0,Centre,0.3641975912251084
C009664,26.0,Sante,Cote-Nord,G0G,63213,16,369.4,0,0,Eloignee,0.5662687762360329
C005631,32.04,Sciences sociales,Capitale-Nationale,G1V,116224,13,16.5,0,1,Centre,0.9997281425689951
C012812,29.34,Sciences,Bas-Saint-Laurent,G5L,53566,5,273.2,1,1,Eloignee,0.7480654231445273
C012140,25.73,Arts et lettres,Cote-Nord,G0G,63952,19,190.7,1,0,Eloignee,0.7248506111196598
C001607,31.64,Sciences,Capitale-Nationale,G2E,64505,7,23.7,0,1,Centre,0.9997736199356858
C001032,27.96,Sante,Capitale-Nationale,G3A,124311,9,23.5,0,0,Centre,0.5720689329821218
C010831,30.85,Sante,Montreal,H2X,58492,4,45.6,0,1,Centre,0.9050472014695409
C005452,28.4,Sciences sociales,Capitale-Nationale,G1V,122191,13,32.1,0,1,Centre,0.7899476466535037
C004164,28.16,Arts et lettres,Cote-Nord,G0G,70636,16,339.0,1,0,Eloignee,0.7933139143413042
C003476,27.79,Arts et lettres,Cote-Nord,G5B,52332,13,84.2,0,0,Eloignee,0.3076649748503862
C000498,28.33,Sciences sociales,Montreal,H1A,56407,12,10.4,0,1,Centre,0.7900503842945901
C011024,24.17,Sante,Gaspesie-Iles-de-la-Madeleine,G0C,54421,15,148.7,0,0,Eloignee,0.0005018997339695156
C011486,29.24,Sciences,Montreal,H8N,94588,12,25.0,0,1,Centre,0.7998463818746845
C000941,24.29,Sciences sociales,Cote-Nord,G0G,83064,12,345.6,0,0,Eloignee,0.00031875237090002407
C009752,28.52,Sante,Gaspesie-Iles-de-la-Madeleine,G5C,22399,10,160.7,0,0,Eloignee,0.34731508028251323
C013689,24.7,Genie,Capitale-Nationale,G1R,241586,15,49.0,0,0,Centre,0.004127334386409817
C012008,30.6,Arts et lettres,Cote-Nord,G4R,56079,17,310.3,1,1,Eloignee,0.9656801699915969
C000357,28.8,Sante,Capitale-Nationale,G3A,94168,4,12.1,0,0,Centre,0.5426323482620854
C008557,26.64,Genie,Cote-Nord,G0G,73416,18,260.4,1,0,Eloignee,0.9037705581240426
C011134,30.66,Sciences sociales,Cote-Nord,G5B,68270,18,338.2,0,1,Eloignee,0.9757884589890566
C005853,24.83,Sante,Montreal,H2X,77908,8,32.0,1,0,Centre,0.0002975264195924761
C005317,27.46,Sciences,Montreal,H8N,134006,8,3.1,0,1,Centre,0.6312106975273851
C002447,24.43,Arts et lettres,Montreal,H3T,66928,5,37.6,0,0,Centre,0.00014614019778159257
C010942,28.59,Genie,Capitale-Nationale,G1R,117859,6,20.7,1,1,Centre,0.6739326146109104
C006385,32.49,Sciences,Montreal,H2X,52790,7,26.8,0,1,Centre,0.9997413227328893
C007415,30.74,Sciences sociales,Gaspesie-Iles-de-la-Madeleine,G5C,62056,15,101.0,1,1,Eloignee,0.9939080977618905
C009192,25.96,Sciences,Cote-Nord,G4R,69202,16,104.1,0,0,Eloignee,0.3259286824011627
C009586,30.2,Genie,Montreal,H1A,66586,4,8.3,0,1,Centre,0.9054301487144278
C003837,28.65,Arts et lettres,Montreal,H4L,104581,4,13.1,0,1,Centre,0.7932568052070867
C003846,32.47,Arts et lettres,Capitale-Nationale,G2E,27668,14,15.8,0,1,Centre,0.9987833015892899
C006172,26.37,Genie,Montreal,H8N,65030,8,21.4,0,0,Centre,0.011213407571569932
C008107,28.74,Sciences,Montreal,H8N,72247,7,10.2,1,1,Centre,0.6218288491790857
C010965,27.07,Sciences,Montreal,H2X,21875,4,15.4,0,0,Centre,0.03863169698708965
C001951,24.71,Genie,Montreal,H3T,116344,7,15.2,0,0,Centre,0.00019866089872564265
C000689,25.71,Arts et lettres,Montreal,H1A,32244,8,32.7,1,0,Centre,0.005603803878513624
C005832,26.72,Sciences sociales,Capitale-Nationale,G3A,80121,4,27.1,0,0,Centre,0.00582427507212823
C006242,26.16,Sciences sociales,Gaspesie-Iles-de-la-Madeleine,G0C,39902,7,317.8,0,0,Eloignee,0.005308879618706618
C005366,30.07,Sciences sociales,Bas-Saint-Laurent,G5L,86184,13,161.7,1,1,Eloignee,0.9897862073741368
C002623,36.39,Arts et lettres,Montreal,H4L,85798,13,60.5,0,1,Centre,0.9992181401359327
C001436,30.8,Sciences sociales,Capitale-Nationale,G2E,36120,12,16.0,0,1,Centre,0.9323350932102531
C013826,28.54,Sciences sociales,Montreal,H1A,42766,11,11.9,1,0,Centre,0.37197835108041527
C010882,31.34,Genie,Capitale-Nationale,G1V,70322,7,20.0,0,1,Centre,0.9983410757365824
C012063,26.55,Sciences sociales,Montreal,H2X,46861,9,35.1,0,0,Centre,0.007492749669413763
C006360,29.86,Sante,Montreal,H8N,87563,6,10.3,0,1,Centre,0.9894228751226963
C000497,25.03,Arts et lettres,Cote-Nord,G4R,99046,10,295.0,1,0,Eloignee,0.0034552444063081287
C011046,22.1,Sciences sociales,Montreal,H2X,68212,10,48.2,0,0,Centre,8.697031136962614e-05
C011637,26.37,Sciences sociales,Montreal,H8N,98719,9,0.9,0,0,Centre,0.14297283320780305
C003052,24.38,Genie,Cote-Nord,G5B,66029,11,134.1,1,0,Eloignee,9.907663887313084e-05
C004698,33.21,Sciences sociales,Cote-Nord,G5B,68991,11,172.9,1,1,Eloignee,0.9998000123486168
C011730,32.57,Genie,Montreal,H4L,74659,10,28.0,0,1,Centre,0.998213699138531
C009009,28.26,Arts et lettres,Montreal,H4L,107188,6,9.0,0,1,Centre,0.7882432749657065
C003581,26.55,Sante,Montreal,H8N,89708,10,37.1,1,0,Centre,0.3098655233276433
C010854,29.69,Sciences,Cote-Nord,G4R,56278,11,162.0,1,1,Eloignee,0.8755316461165635
C013239,26.3,Sciences,Montreal,H1A,66715,8,9.6,0,0,Centre,0.0145218064338864
C000901,25.37,Sciences,Bas-Saint-Laurent,G5N,48742,14,197.1,0,0,Eloignee,0.019771728279681273
C000981,24.49,Genie,Montreal,H4L,117841,7,23.8,0,0,Centre,0.00019866089872564265
C004594,29.86,Sciences sociales,Capitale-Nationale,G1R,46291,10,19.0,0,1,Centre,0.9816114771638794
C011552,27.69,Arts et lettres,Gaspesie-Iles-de-la-Madeleine,G5C,69658,15,285.0,0,1,Eloignee,0.46443451950985426
C009075,23.37,Arts et lettres,Capitale-Nationale,G1V,50444,4,35.0,1,0,Centre,0.0001553604725422754
C003523,28.42,Genie,Capitale-Nationale,G2E,123765,12,37.4,0,1,Centre,0.8523228359168157
C008474,28.39,Sante,Montreal,H2X,49302,8,35.3,1,1,Centre,0.58175364057507
C006835,27.16,Genie,Cote-Nord,G0G,65065,11,210.6,1,1,Eloignee,0.16552216438112036
C006782,25.12,Sciences,Montreal,H3T,169156,9,31.9,1,0,Centre,0.1188662940512637
C004937,21.72,Sciences,Montreal,H8N,75575,7,15.7,1,0,Centre,0.00010285045963816417
C007294,27.39,Sciences,Montreal,H2X,171750,9,28.8,0,1,Centre,0.8063926571074884
C003521,27.74,Sciences,Montreal,H4L,63014,5,31.2,0,0,Centre,0.25016805847677814
C009144,26.21,Arts et lettres,Montreal,H8N,71579,8,12.1,0,0,Centre,0.014896674206582574
C004463,25.2,Arts et lettres,Bas-Saint-Laurent,G0L,30553,18,234.5,1,0,Eloignee,0.17399810461828516
C009083,24.98,Sante,Montreal,H1A,86056,1,23.7,0,0,Centre,0.004002861106004053
C001497,25.8,Arts et lettres,Montreal,H2X,48531,11,7.5,0,0,Centre,0.012839614516798945
C000451,27.51,Sciences,Montreal,H1A,93820,7,28.6,0,1,Centre,0.6231465544970198
C000688,26.12,Sciences sociales,Capitale-Nationale,G1V,34035,12,21.1,1,0,Centre,0.07386217927684671
C003419,29.46,Sciences,Montreal,H3T,54444,14,4.4,0,1,Centre,0.9799187506966118
C004418,24.56,Arts et lettres,Cote-Nord,G0G,133483,15,242.6,0,0,Eloignee,0.007247052289247291
C010123,25.3,Genie,Montreal,H8N,51905,9,21.2,1,0,Centre,0.006123658610470584
C006179,33.98,Sciences,Bas-Saint-Laurent,G0L,150407,10,177.2,1,1,Eloignee,0.9995782856182086
C002508,27.83,Sciences sociales,Montreal,H4L,46140,11,15.0,0,1,Centre,0.43994848684210824
C008728,22.6,Genie,Capitale-Nationale,G1V,112390,14,6.7,1,0,Centre,0.000419211159093731
C000021,29.42,Sante,Capitale-Nationale,G1V,28229,15,11.2,1,1,Centre,0.9462966265504941
C003022,28.41,Sciences,Montreal,H4L,137640,15,24.9,1,0,Centre,0.6935938474333169
C011218,27.65,Arts et lettres,Capitale-Nationale,G1R,71191,6,6.9,0,0,Centre,0.24858709999850545
C009105,29.74,Genie,Montreal,H4L,45134,6,32.6,0,1,Centre,0.7584866412547363
C003400,30.36,Sante,Gaspesie-Iles-de-la-Madeleine,G5C,55828,13,128.4,0,1,Eloignee,0.9931891601324825
C001549,28.81,Arts et lettres,Montreal,H8N,115773,8,2.3,0,1,Centre,0.8503451630107526
C011543,28.94,Sciences,Montreal,H4L,40173,9,7.4,0,1,Centre,0.6541969730517991
C008567,24.7,Sciences,Capitale-Nationale,G3A,93481,12,35.6,0,0,Centre,0.00039172010118857507
C004162,30.03,Genie,Capitale-Nationale,G1R,80159,5,4.5,0,1,Centre,0.9546998157338158
C004091,30.39,Sciences sociales,Capitale-Nationale,G1V,76805,11,9.7,0,1,Centre,0.9813104327370198
C000036,29.31,Sante,Montreal,H8N,71615,6,31.8,0,1,Centre,0.9088503991410334
C006210,30.3,Sciences sociales,Montreal,H3T,55635,11,6.7,1,1,Centre,0.9753766018753568
C009391,27.02,Genie,Montreal,H1A,99874,12,13.9,1,1,Centre,0.5219432527643741
C009283,29.87,Genie,Gaspesie-Iles-de-la-Madeleine,G0C,164450,11,135.4,0,1,Eloignee,0.9993617914933837
C010354,28.36,Sante,Gaspesie-Iles-de-la-Madeleine,G0C,103593,13,157.0,0,1,Eloignee,0.8501297168344839
C012466,28.3,Sciences sociales,Capitale-Nationale,G1V,78880,6,30.5,1,0,Centre,0.09299495927826523
C007401,32.17,Sciences,Montreal,H3T,96486,10,25.9,0,1,Centre,0.9996500813076594
C005652,27.17,Sante,Montreal,H3T,128922,8,11.7,0,0,Centre,0.2642303874896588
C000218,28.73,Arts et lettres,Capitale-Nationale,G3A,70575,4,29.5,0,0,Centre,0.6412925239408639
C004702,33.93,Sciences,Capitale-Nationale,G1V,66804,10,13.2,0,1,Centre,0.9998485203020567
C006781,25.91,Sciences sociales,Montreal,H3T,70484,11,15.8,0,0,Centre,0.02621015823451176
C004748,26.63,Genie,Montreal,H3T,135107,14,19.8,1,1,Centre,0.713412467104923
C000835,29.62,Sciences,Bas-Saint-Laurent,G5N,47480,9,141.2,1,1,Eloignee,0.9315141177368297
C003228,24.21,Genie,Montreal,H8N,72610,6,9.0,0,0,Centre,0.00013980472109456404
C011120,26.9,Genie,Cote-Nord,G4R,98126,13,72.0,0,0,Eloignee,0.4178564157431542
C001073,29.77,Sciences sociales,Montreal,H8N,120062,9,20.1,0,1,Centre,0.9899064673212578
C003963,23.73,Sciences sociales,Capitale-Nationale,G2E,49027,7,17.1,0,0,Centre,0.00011620000936124662
C012978,28.57,Arts et lettres,Cote-Nord,G0G,48224,16,151.3,1,1,Eloignee,0.8374325042667813
C002171,27.83,Arts et lettres,Montreal,H1A,38947,12,5.0,1,0,Centre,0.0975960544155196
C004186,28.35,Sante,Gaspesie-Iles-de-la-Madeleine,G0C,51010,12,284.1,0,0,Eloignee,0.8267273744164498
C009544,29.61,Arts et lettres,Bas-Saint-Laurent,G0L,58730,14,205.9,0,1,Eloignee,0.9876179104668886
C006363,28.53,Sciences,Capitale-Nationale,G1R,98214,6,24.9,1,1,Centre,0.4400149676972303
C003481,30.14,Arts et lettres,Montreal,H2X,51164,8,13.2,0,1,Centre,0.7702619861350655
C009708,29.05,Sante,Cote-Nord,G4R,46207,11,120.5,1,0,Eloignee,0.8979522169484736
C007356,31.05,Sante,Gaspesie-Iles-de-la-Madeleine,G4X,64632,17,279.4,0,1,Eloignee,0.9944290872740271
C009114,31.81,Sciences sociales,Montreal,H3T,50177,7,20.9,1,1,Centre,0.9996790849660104
C008880,32.16,Sante,Montreal,H4L,93694,7,11.1,1,1,Centre,0.9998433656693566
C012198,27.54,Genie,Capitale-Nationale,G1V,56615,11,10.4,0,1,Centre,0.5330730569716349
C006299,31.75,Sciences sociales,Montreal,H1A,108718,12,6.4,0,1,Centre,0.9998611013250924
C003515,25.77,Genie,Gaspesie-Iles-de-la-Madeleine,G5C,63084,5,443.1,1,0,Eloignee,0.0008747358833386046
C004079,28.65,Sciences sociales,Montreal,H2X,46873,7,21.1,0,1,Centre,0.5648680466057938
C007864,25.39,Sciences,Montreal,H1A,61295,8,12.1,1,0,Centre,0.003230800401528621
C008013,26.75,Genie,Montreal,H3T,68378,10,20.6,0,0,Centre,0.04505925904269839
C006202,26.63,Sante,Gaspesie-Iles-de-la-Madeleine,G5C,77836,12,278.3,1,0,Eloignee,0.4638062515057972
C003330,29.54,Sciences,Cote-Nord,G4R,52035,12,187.3,0,0,Eloignee,0.9517345228879357
C004900,27.62,Sciences,Gaspesie-Iles-de-la-Madeleine,G5C,40411,16,230.7,1,0,Eloignee,0.10174123387515732
C009693,30.21,Genie,Capitale-Nationale,G1R,271176,7,11.3,0,1,Centre,0.9990166448915391
C002855,24.12,Sciences,Montreal,H8N,68036,11,25.3,1,0,Centre,0.00014043694222452705
C007022,35.31,Sciences sociales,Capitale-Nationale,G1V,82992,10,32.3,1,1,Centre,0.9989306025343395
C010968,28.26,Genie,Montreal,H4L,237637,8,21.9,1,1,Centre,0.8985200399544196
C000148,26.23,Genie,Bas-Saint-Laurent,G5N,51944,15,137.8,0,0,Eloignee,0.14952090145652666
C000928,27.13,Sciences,Montreal,H3T,26314,13,14.9,0,1,Centre,0.19258109128009526
C004080,21.21,Arts et lettres,Cote-Nord,G0G,50724,15,87.4,1,0,Eloignee,0.0004505910855207449
C007741,22.58,Sciences,Bas-Saint-Laurent,G5L,99205,11,441.7,0,0,Eloignee,0.00023141310321135957
C010855,28.06,Sciences,Bas-Saint-Laurent,G5N,29022,21,154.6,0,0,Eloignee,0.3121536405778118
C006912,27.55,Genie,Capitale-Nationale,G2E,78556,6,3.5,0,0,Centre,0.317934041966547
C000921,31.22,Sciences,Montreal,H8N,102121,8,3.7,0,1,Centre,0.9992466361739663
C008794,29.31,Genie,Montreal,H8N,44470,8,11.6,1,1,Centre,0.9067029909569894
C013415,26.5,Sciences,Cote-Nord,G5B,61533,16,273.3,1,0,Eloignee,0.694518248506117
C010945,30.06,Sciences,Montreal,H1A,97338,11,15.0,0,1,Centre,0.9693204681332784
C004552,26.99,Sciences sociales,Bas-Saint-Laurent,G5L,34203,13,59.4,0,0,Eloignee,0.049225639718206676
C007722,31.2,Genie,Capitale-Nationale,G3A,58739,12,29.7,0,1,Centre,0.9982804023615411
C010564,26.58,Sciences,Montreal,H3T,55838,8,20.6,0,0,Centre,0.02062349089647735
C007846,32.22,Genie,Capitale-Nationale,G1R,67476,5,23.8,0,1,Centre,0.9993539091435055
C007161,30.18,Genie,Montreal,H1A,81103,6,24.6,0,1,Centre,0.9816002459950193
C004791,25.24,Sciences sociales,Bas-Saint-Laurent,G5N,41836,24,227.1,1,0,Eloignee,0.2533275657865216
C005999,26.48,Sciences,Montreal,H8N,30279,5,4.4,0,0,Centre,0.0022268605680746257
C013318,32.06,Genie,Montreal,H3T,45931,6,43.3,1,1,Centre,0.992001571664134
C000744,26.42,Genie,Bas-Saint-Laurent,G5L,39533,15,408.1,1,0,Eloignee,0.14791876893262557
C009765,26.59,Arts et lettres,Capitale-Nationale,G1R,113557,10,11.6,1,0,Centre,0.2708044024684272
C010000,24.63,Sante,Gaspesie-Iles-de-la-Madeleine,G4X,31620,17,317.7,1,0,Eloignee,0.0039392538104514865
C002780,25.01,Sante,Bas-Saint-Laurent,G5L,92433,7,17.1,0,0,Eloignee,0.014928992828545266
C007067,25.47,Sciences,Bas-Saint-Laurent,G0L,41808,17,131.2,1,0,Eloignee,0.21279958772167765
C008533,23.82,Genie,Capitale-Nationale,G1R,87256,8,7.2,0,0,Centre,0.00011586374331623448
C006482,24.12,Sciences,Capitale-Nationale,G1V,64857,7,11.7,0,0,Centre,0.00014312969508954926
C007786,31.76,Sciences,Capitale-Nationale,G1V,88186,14,15.8,1,1,Centre,0.9982110720208925
C008759,29.25,Arts et lettres,Montreal,H2X,66430,8,14.0,0,1,Centre,0.9124194968523116
C008936,26.78,Sciences sociales,Bas-Saint-Laurent,G5N,17720,13,321.1,0,0,Eloignee,0.030851361796406542
C010340,29.01,Sciences,Capitale-Nationale,G1V,83912,11,34.4,1,1,Centre,0.8284718833976737
C001672,25.72,Arts et lettres,Montreal,H4L,53978,10,13.3,0,0,Centre,0.01102741285418749
C011481,28.4,Arts et lettres,Bas-Saint-Laurent,G0L,80828,8,338.9,1,0,Eloignee,0.5381600868115568
C001709,29.98,Sciences sociales,Bas-Saint-Laurent,G5N,69886,11,231.6,1,0,Eloignee,0.9872448772475132
C004568,23.0,Genie,Gaspesie-Iles-de-la-Madeleine,G4X,55893,15,145.6,0,0,Eloignee,0.00022170674477283843
C012855,24.77,Genie,Gaspesie-Iles-de-la-Madeleine,G5C,38770,18,198.1,0,0,Eloignee,0.015169068552891874
C011856,32.21,Genie,Capitale-Nationale,G1R,32417,11,29.5,0,1,Centre,0.9996384735997675
C010611,30.33,Arts et lettres,Gaspesie-Iles-de-la-Madeleine,G5C,78533,15,152.1,0,1,Eloignee,0.9963759510607655
C001917,30.38,Sante,Montreal,H8N,69937,9,11.3,1,1,Centre,0.9904215250491395
C002660,26.22,Sciences,Montreal,H1A,59518,8,12.2,0,0,Centre,0.008633924665548347
C006454,27.04,Sciences sociales,Montreal,H4L,108236,11,7.3,1,0,Centre,0.29513849394277103
C004197,30.45,Sante,Gaspesie-Iles-de-la-Madeleine,G4X,56893,13,367.6,0,1,Eloignee,0.9948637249591288
C008523,27.04,Sciences,Montreal,H8N,36103,10,17.7,1,0,Centre,0.07397696525030925
C004851,22.11,Sciences,Capitale-Nationale,G1V,162853,11,17.3,0,0,Centre,0.0003412179766921475
C010907,30.42,Genie,Gaspesie-Iles-de-la-Madeleine,G0C,31770,14,185.3,1,1,Eloignee,0.9787850442270222
C013737,28.17,Sante,Montreal,H8N,63856,11,14.7,1,1,Centre,0.5919500161312056
C012789,29.34,Sante,Gaspesie-Iles-de-la-Madeleine,G0C,45065,15,183.1,0,0,Eloignee,0.9862981010618904
C010087,29.15,Sciences sociales,Montreal,H3T,39877,8,46.7,0,1,Centre,0.5722148970413319
C012290,26.17,Sciences sociales,Montreal,H2X,88405,5,6.5,0,0,Centre,0.0031423950611401312
C010796,29.76,Genie,Capitale-Nationale,G1V,65160,6,3.4,1,1,Centre,0.9274508406156978
C008559,28.84,Sciences,Cote-Nord,G4R,57235,14,137.0,1,1,Eloignee,0.949285182438187
C004202,29.85,Sciences sociales,Capitale-Nationale,G1V,35154,7,12.1,0,1,Centre,0.9503620971626043
C008732,27.03,Genie,Capitale-Nationale,G1R,95514,8,10.1,1,1,Centre,0.15636668642699142
C012942,24.52,Sante,Cote-Nord,G4R,47744,9,211.5,1,0,Eloignee,9.330359380061431e-05
C002835,33.25,Arts et lettres,Montreal,H2X,118143,8,8.0,1,1,Centre,0.9995822288456861
C005589,29.37,Arts et lettres,Gaspesie-Iles-de-la-Madeleine,G5C,49472,12,319.3,1,0,Eloignee,0.8978669325785978
C012030,28.2,Sante,Gaspesie-Iles-de-la-Madeleine,G5C,26245,12,119.1,1,0,Eloignee,0.2171456852456245
C003561,28.88,Genie,Montreal,H8N,51436,5,6.0,1,0,Centre,0.4440770626615996
C001442,23.43,Sciences sociales,Bas-Saint-Laurent,G0L,29780,13,165.7,1,0,Eloignee,0.00014355496336892446
C003546,23.97,Arts et lettres,Capitale-Nationale,G1V,60949,6,12.3,1,0,Centre,0.0011122370921670373
C009558,28.51,Sciences sociales,Cote-Nord,G4R,43926,21,342.8,0,0,Eloignee,0.9513144873109234
C003817,26.7,Sciences,Bas-Saint-Laurent,G5L,47709,16,178.6,0,0,Eloignee,0.10068614292478846
C006455,23.95,Sante,Cote-Nord,G4R,29664,14,288.3,1,0,Eloignee,0.0013706681034642597
C006521,29.4,Arts et lettres,Bas-Saint-Laurent,G5L,45183,11,107.0,1,0,Eloignee,0.8415813642921264
C012778,24.78,Sciences sociales,Gaspesie-Iles-de-la-Madeleine,G4X,87425,15,521.3,1,0,Eloignee,0.004068986757367615
C004442,24.35,Genie,Montreal,H8N,136163,3,22.6,0,0,Centre,0.00025101574368086607
C005442,30.09,Sante,Montreal,H4L,113034,7,37.5,0,1,Centre,0.9797411824394462
C013013,30.28,Arts et lettres,Gaspesie-Iles-de-la-Madeleine,G4X,27567,13,153.4,0,1,Eloignee,0.9731395773912981
C009460,23.37,Arts et lettres,Gaspesie-Iles-de-la-Madeleine,G0C,56284,10,250.6,0,0,Eloignee,0.00014451186677140479
C006593,26.51,Sante,Montreal,H4L,74177,7,12.8,0,0,Centre,0.1724713787037978
C004008,30.2,Sciences,Cote-Nord,G0G,62045,11,116.3,0,1,Eloignee,0.960067618579886
C001271,28.13,Arts et lettres,Montreal,H2X,99113,9,16.7,1,0,Centre,0.5336499032497628
C012091,29.23,Arts et lettres,Capitale-Nationale,G3A,106307,5,11.1,1,0,Centre,0.41996806504014417
C004853,32.15,Sciences,Bas-Saint-Laurent,G5N,56640,12,281.8,1,1,Eloignee,0.9997545704981209
C013728,24.92,Sante,Gaspesie-Iles-de-la-Madeleine,G0C,27659,15,186.8,1,0,Eloignee,0.016976872704841283
C001636,22.92,Genie,Cote-Nord,G5B,31227,12,282.5,0,0,Eloignee,9.862757819460963e-05
C007634,33.59,Sciences,Montreal,H3T,67026,9,11.4,0,1,Centre,0.9998290792945684
C002230,23.25,Sciences,Bas-Saint-Laurent,G0L,72082,13,53.0,0,0,Eloignee,0.0001582093046813601
C004038,27.71,Sante,Montreal,H1A,33092,7,8.7,1,0,Centre,0.16991936934759477
C012776,28.68,Sante,Capitale-Nationale,G2E,28617,6,13.9,0,0,Centre,0.3820547271623115
C009136,29.82,Sante,Cote-Nord,G4R,41243,9,232.0,0,1,Eloignee,0.9447381822096265
C006620,23.31,Sciences sociales,Montreal,H1A,153139,8,36.7,1,0,Centre,0.0006171283518471435
C008168,26.35,Sante,Capitale-Nationale,G3A,178920,10,11.1,1,1,Centre,0.5526796209983842
C013134,30.27,Genie,Montreal,H4L,36713,8,14.2,0,1,Centre,0.8515246761540971
C010976,30.78,Sciences sociales,Montreal,H3T,124925,8,7.6,1,1,Centre,0.9976564339335646
C010592,28.94,Sciences,Capitale-Nationale,G1R,71563,5,20.1,0,1,Centre,0.6843206997758019
C001008,20.1,Sciences,Bas-Saint-Laurent,G5L,60356,10,227.1,0,0,Eloignee,9.554130934795551e-05
C003707,28.65,Genie,Capitale-Nationale,G3A,33059,11,22.1,0,0,Centre,0.1773465755478801
C010133,33.0,Genie,Montreal,H2X,78463,8,1.4,0,1,Centre,0.9997929394009087
C001391,30.5,Sante,Cote-Nord,G5B,47963,11,293.8,0,1,Eloignee,0.975807474373798
C002996,23.79,Arts et lettres,Bas-Saint-Laurent,G5L,22823,10,106.6,0,0,Eloignee,0.0004138389849266223
C004532,32.58,Genie,Capitale-Nationale,G2E,34370,13,27.3,0,1,Centre,0.9985791443599654
C007422,31.84,Sante,Cote-Nord,G4R,29914,13,129.5,0,0,Eloignee,0.9998207666185133
C001282,29.17,Arts et lettres,Cote-Nord,G4R,71633,6,210.9,0,1,Eloignee,0.6926782839193725
C010345,29.73,Arts et lettres,Montreal,H1A,98805,6,19.3,0,0,Centre,0.47747651353970816
C004445,23.57,Sciences sociales,Montreal,H1A,54864,5,47.0,0,0,Centre,0.00010596466244100373
C008245,28.23,Genie,Montreal,H4L,38756,8,3.6,1,0,Centre,0.12497968703056658
C012898,28.3,Sante,Capitale-Nationale,G1R,40181,6,19.1,0,0,Centre,0.2562856942521905
C010885,26.23,Sciences sociales,Bas-Saint-Laurent,G5L,31086,13,204.7,1,0,Eloignee,0.06286271856968065
C007508,27.07,Sante,Capitale-Nationale,G3A,67701,3,13.0,1,1,Centre,0.2762047301583208
C011650,26.26,Arts et lettres,Bas-Saint-Laurent,G5N,57885,7,348.2,1,0,Eloignee,0.018907953699931913
C003960,29.82,Sciences sociales,Montreal,H8N,147379,7,6.6,0,1,Centre,0.9931167298529693
C000089,30.62,Genie,Capitale-Nationale,G1V,115167,7,13.5,0,1,Centre,0.9981412663328306
C007246,31.95,Sciences sociales,Montreal,H4L,66814,11,9.9,0,1,Centre,0.99981416908699
C007992,22.68,Arts et lettres,Montreal,H4L,79813,5,11.0,0,0,Centre,0.00011931541051864453
C002586,26.88,Genie,Capitale-Nationale,G3A,64828,6,26.7,0,1,Centre,0.02106576890718692
C001738,28.84,Sciences,Bas-Saint-Laurent,G5N,33378,13,298.6,0,0,Eloignee,0.669697009805502
C000161,26.42,Genie,Gaspesie-Iles-de-la-Madeleine,G0C,38800,9,350.6,0,0,Eloignee,0.011898017738086275
C002914,25.71,Genie,Montreal,H1A,43497,6,19.1,0,0,Centre,0.0019706708565703362
C002334,29.65,Genie,Montreal,H2X,78241,13,24.4,0,1,Centre,0.9981890933732456
C013885,23.01,Sante,Capitale-Nationale,G3A,88667,5,4.6,1,0,Centre,0.00011024180301435093
C010626,27.27,Sante,Montreal,H2X,27613,5,10.1,0,0,Centre,0.017821352911519935
C006180,23.69,Sante,Cote-Nord,G5B,75479,12,166.5,1,0,Eloignee,0.00016966025245572367
C002828,26.16,Sante,Gaspesie-Iles-de-la-Madeleine,G4X,61057,19,205.6,1,0,Eloignee,0.891937180859971
C003552,29.53,Sciences,Montreal,H8N,90441,12,12.3,0,1,Centre,0.8861479318594028
C011266,29.86,Sante,Gaspesie-Iles-de-la-Madeleine,G5C,85277,11,320.6,0,1,Eloignee,0.9960031678399291
C003993,27.78,Sciences,Montreal,H3T,73509,13,9.9,0,0,Centre,0.4024271123166957
C012582,32.11,Sciences sociales,Montreal,H1A,82077,10,15.1,1,1,Centre,0.999296300628513
C013432,29.14,Sciences sociales,Cote-Nord,G5B,33184,12,255.5,1,0,Eloignee,0.559629594657979
C013711,31.66,Genie,Montreal,H4L,59370,8,17.6,0,1,Centre,0.9996246396055036
C006601,24.61,Arts et lettres,Gaspesie-Iles-de-la-Madeleine,G5C,39676,13,341.0,0,0,Eloignee,0.0004101495861716427
C005383,31.2,Sante,Capitale-Nationale,G1V,71889,6,20.8,0,1,Centre,0.9965248963738199
C009779,19.94,Arts et lettres,Bas-Saint-Laurent,G5L,31874,10,335.1,0,0,Eloignee,0.0003985291003365905
C010370,24.66,Sciences sociales,Montreal,H3T,123500,7,29.6,0,0,Centre,0.0002985161619894794
C012892,31.02,Genie,Cote-Nord,G5B,63249,11,82.4,1,1,Eloignee,0.997179027608106
C010327,37.57,Genie,Montreal,H1A,112624,8,10.1,0,1,Centre,0.9998515814610449
C006448,27.34,Arts et lettres,Gaspesie-Iles-de-la-Madeleine,G5C,55511,12,194.9,0,0,Eloignee,0.2180627089223576
C009234,32.53,Arts et lettres,Gaspesie-Iles-de-la-Madeleine,G4X,18496,11,265.2,0,1,Eloignee,0.9986381752113818
C004467,21.38,Sciences sociales,Bas-Saint-Laurent,G5L,114331,10,195.8,0,0,Eloignee,0.00022712382393938054
C009825,29.68,Sante,Cote-Nord,G4R,43358,19,276.3,1,1,Eloignee,0.9844358722248546
C008929,22.61,Sante,Capitale-Nationale,G1R,118835,9,66.2,0,0,Centre,0.00027475547548095296
C003751,28.3,Sante,Capitale-Nationale,G3A,63070,12,15.0,0,1,Centre,0.6282649822211732
C002081,33.79,Sciences sociales,Cote-Nord,G5B,53959,15,199.5,0,1,Eloignee,0.9985610642088112
C008662,30.99,Sciences,Capitale-Nationale,G2E,64855,12,34.1,0,1,Centre,0.9980738174907189
C007479,21.89,Sciences,Capitale-Nationale,G1R,89003,11,3.8,0,0,Centre,0.00023592782360816496
C006992,29.18,Sante,Montreal,H8N,88034,6,13.2,0,0,Centre,0.5694298710038987
C001895,27.02,Sciences,Montreal,H4L,58630,4,16.2,0,0,Centre,0.07801067416527044
C009266,26.36,Sciences sociales,Montreal,H3T,53466,8,11.0,1,0,Centre,0.011668840141596757
C001193,23.14,Arts et lettres,Cote-Nord,G4R,75344,9,150.1,1,0,Eloignee,0.00015578008771509653
C003744,27.43,Sciences,Montreal,H8N,120683,10,15.5,0,1,Centre,0.38492284948979366
C000027,30.36,Genie,Cote-Nord,G0G,49022,14,275.2,0,1,Eloignee,0.9938790389961019
C008681,23.28,Genie,Capitale-Nationale,G3A,75586,9,8.9,0,0,Centre,0.00011188209808016682
C000101,22.48,Sciences sociales,Montreal,H1A,119660,11,9.0,0,0,Centre,0.0002368178790014828
C002458,25.82,Genie,Montreal,H1A,102491,8,16.5,0,0,Centre,0.009359738728503953
C001371,28.92,Sciences sociales,Cote-Nord,G0G,31342,11,335.9,1,0,Eloignee,0.5810955366349387
C003119,25.88,Genie,Cote-Nord,G0G,19164,8,73.4,0,0,Eloignee,0.0027042183622795653
C009214,26.27,Genie,Gaspesie-Iles-de-la-Madeleine,G4X,34472,13,82.5,0,0,Eloignee,0.1319106410003682
C005829,29.68,Arts et lettres,Capitale-Nationale,G3A,54604,9,6.0,0,0,Centre,0.723568764688277
C004540,25.55,Genie,Montreal,H4L,63999,7,12.8,0,0,Centre,0.0027427872080644402
C007320,29.84,Sciences sociales,Gaspesie-Iles-de-la-Madeleine,G4X,61021,19,325.4,0,1,Eloignee,0.9886256732750347
C002936,28.52,Genie,Bas-Saint-Laurent,G5N,31537,23,124.9,1,0,Eloignee,0.7692194787669325
C006058,25.43,Arts et lettres,Cote-Nord,G5B,49778,13,167.3,1,0,Eloignee,0.023470025467633014
C000893,28.1,Sciences sociales,Capitale-Nationale,G1V,32330,5,21.4,0,0,Centre,0.15402218694946918
C013162,28.8,Genie,Gaspesie-Iles-de-la-Madeleine,G0C,30520,18,118.7,1,0,Eloignee,0.6768168439688145
C006286,31.09,Sciences,Montreal,H3T,43451,8,19.1,1,1,Centre,0.9988528184395942
C011329,28.53,Arts et lettres,Gaspesie-Iles-de-la-Madeleine,G4X,83875,13,149.3,1,0,Eloignee,0.7957745062227602
C005772,27.96,Genie,Cote-Nord,G0G,59419,14,393.6,0,0,Eloignee,0.41192933071944854
C002515,26.93,Arts et lettres,Cote-Nord,G5B,47793,16,64.9,1,0,Eloignee,0.14213552899398665
C013503,27.96,Sante,Capitale-Nationale,G2E,86712,8,32.9,0,0,Centre,0.35976473375993834
C002989,28.72,Sciences,Bas-Saint-Laurent,G5L,62976,11,136.9,0,0,Eloignee,0.5385303254036747
C007168,22.67,Sciences sociales,Bas-Saint-Laurent,G0L,52025,13,137.3,1,0,Eloignee,0.00010117981512724249
C005346,25.8,Sciences sociales,Capitale-Nationale,G1R,125847,10,47.7,0,0,Centre,0.012700871752005082
C002461,20.39,Arts et lettres,Gaspesie-Iles-de-la-Madeleine,G5C,50296,11,212.4,0,0,Eloignee,0.0001903275222579553
C001305,27.82,Sciences sociales,Capitale-Nationale,G1V,82699,11,15.8,0,1,Centre,0.627174644851051
C007008,32.26,Arts et lettres,Montreal,H8N,71941,12,44.4,0,1,Centre,0.9994603645245543
C012816,30.54,Arts et lettres,Cote-Nord,G5B,44072,11,523.6,0,1,Eloignee,0.977537544513614
C004802,30.1,Sciences sociales,Bas-Saint-Laurent,G5L,43904,15,165.9,1,0,Eloignee,0.9871830446715014
C010789,26.48,Sciences,Montreal,H8N,100077,9,38.0,0,0,Centre,0.0606434756112984
C009775,28.47,Sciences,Montreal,H3T,63146,10,19.6,0,1,Centre,0.6247650308685064
C003475,30.33,Sciences sociales,Montreal,H1A,185119,10,10.6,1,1,Centre,0.9989378991626563
C005200,30.09,Sante,Capitale-Nationale,G1V,51267,8,22.2,0,1,Centre,0.5264966444898265
C013075,23.14,Arts et lettres,Bas-Saint-Laurent,G0L,60125,13,84.9,0,0,Eloignee,0.000156382744853519
C005155,22.6,Sante,Bas-Saint-Laurent,G5L,47305,14,88.7,0,0,Eloignee,0.00011590127331905958
C012519,29.68,Sciences sociales,Montreal,H3T,77884,5,9.7,0,1,Centre,0.9643518330524063
C001578,32.87,Sciences,Cote-Nord,G4R,68631,12,72.3,1,1,Eloignee,0.9998480513119321
C011231,27.75,Sciences sociales,Bas-Saint-Laurent,G0L,44513,8,159.7,1,0,Eloignee,0.28072738738002767
C002271,30.02,Sciences sociales,Montreal,H8N,67660,10,28.2,0,1,Centre,0.9716996945473515
C013764,30.74,Sciences,Montreal,H1A,162851,10,57.7,0,1,Centre,0.9991561566302075
C002831,30.85,Genie,Gaspesie-Iles-de-la-Madeleine,G0C,50036,12,132.9,1,1,Eloignee,0.9933600854425314
C005882,25.08,Sante,Cote-Nord,G0G,40263,16,29.9,1,0,Eloignee,0.05824042028601432
C009584,24.18,Genie,Cote-Nord,G4R,96930,12,340.7,0,0,Eloignee,0.0002838984819629049
C003177,23.32,Sciences,Montreal,H3T,31372,16,14.0,0,0,Centre,0.00112954764845466
C008680,34.91,Arts et lettres,Montreal,H3T,92685,8,35.1,0,1,Centre,0.9995022383154747
C004296,28.5,Sciences sociales,Capitale-Nationale,G1R,48560,11,8.9,1,1,Centre,0.7267911197359366
C008508,19.92,Sante,Cote-Nord,G4R,41489,8,85.4,0,0,Eloignee,8.985040494505404e-05
C013167,30.15,Sciences,Gaspesie-Iles-de-la-Madeleine,G0C,72892,10,172.5,0,0,Eloignee,0.9755929781643555
C000656,30.12,Sciences sociales,Cote-Nord,G4R,30803,12,163.6,1,0,Eloignee,0.9283651449383562
C005600,21.48,Sciences sociales,Cote-Nord,G5B,61534,13,162.6,1,0,Eloignee,9.41393426881199e-05
C005685,30.15,Sante,Bas-Saint-Laurent,G5N,35834,13,147.2,1,1,Eloignee,0.9763420883918185
C010007,25.17,Arts et lettres,Gaspesie-Iles-de-la-Madeleine,G0C,97821,9,151.1,0,0,Eloignee,0.005566110819813797
C009951,30.86,Sciences sociales,Montreal,H1A,73979,14,7.5,1,1,Centre,0.9719164492339003
C007154,32.74,Sante,Montreal,H2X,67207,3,31.8,0,1,Centre,0.9998063673209386
C001822,30.94,Sciences,Cote-Nord,G5B,32058,9,472.8,0,1,Eloignee,0.9950784084447137
C006715,27.15,Genie,Montreal,H1A,119183,5,6.9,0,0,Centre,0.09298605469328941
C010487,29.59,Arts et lettres,Gaspesie-Iles-de-la-Madeleine,G0C,71625,9,216.1,0,1,Eloignee,0.969959943366916
C007944,25.63,Sciences sociales,Cote-Nord,G0G,49732,11,285.6,0,0,Eloignee,0.017701113459766
C010654,31.93,Arts et lettres,Montreal,H4L,88879,2,12.5,1,1,Centre,0.9979996949959902
C012239,24.26,Sciences,Montreal,H4L,57862,8,30.1,0,0,Centre,0.00015677069926627802
C004212,26.78,Genie,Montreal,H3T,39191,5,19.6,0,0,Centre,0.00812047402730819
C013942,28.47,Sante,Montreal,H1A,91449,9,8.6,0,1,Centre,0.8303856188346849
C001657,30.31,Genie,Capitale-Nationale,G1R,47929,7,11.1,0,1,Centre,0.8844471893977347
C003122,26.71,Genie,Gaspesie-Iles-de-la-Madeleine,G5C,75995,14,61.1,0,0,Eloignee,0.4552352614260007
C008612,29.04,Sciences sociales,Capitale-Nationale,G2E,92502,10,7.2,0,1,Centre,0.9029215590138925
C004683,28.7,Sciences sociales,Capitale-Nationale,G3A,18924,8,42.3,1,1,Centre,0.4050974013330312
C005724,24.33,Sciences,Montreal,H4L,86919,11,5.9,1,0,Centre,0.0005664097685434073
C013766,25.77,Genie,Montreal,H3T,36229,10,38.0,0,0,Centre,0.009718632758112822
C012707,25.56,Arts et lettres,Gaspesie-Iles-de-la-Madeleine,G4X,52241,11,404.6,0,0,Eloignee,0.006167701580362661
C001278,29.0,Sciences sociales,Capitale-Nationale,G2E,55276,9,15.3,0,1,Centre,0.6073372391432021
C008348,30.31,Sciences sociales,Bas-Saint-Laurent,G5N,26564,9,115.2,1,1,Eloignee,0.9719577419266933
C005306,25.71,Genie,Montreal,H2X,67898,7,14.1,1,0,Centre,0.0024712402793744506
C008136,24.56,Sante,Bas-Saint-Laurent,G5L,43523,9,216.0,1,0,Eloignee,0.00011664495236482805
C007584,30.49,Sciences,Montreal,H8N,62711,14,19.0,0,1,Centre,0.9958986077975902
C013249,28.62,Genie,Cote-Nord,G5B,17418,16,168.2,1,0,Eloignee,0.22948885314901524
C006681,25.98,Sciences sociales,Capitale-Nationale,G2E,57568,10,33.4,0,0,Centre,0.04875062738794813
C004555,23.93,Sciences,Montreal,H1A,64734,9,0.6,0,0,Centre,0.0011070233074978054
C013510,27.0,Arts et lettres,Cote-Nord,G5B,39269,17,186.1,1,0,Eloignee,0.31006101726575547
C005826,28.56,Genie,Montreal,H2X,86823,8,14.1,0,0,Centre,0.47499503941043125
C003148,25.61,Sciences sociales,Cote-Nord,G4R,72107,10,295.5,0,0,Eloignee,0.013233204289815786
C004872,26.82,Arts et lettres,Capitale-Nationale,G3A,78751,8,3.0,1,0,Centre,0.2329059055232566
C006741,26.67,Sciences sociales,Capitale-Nationale,G1R,42915,8,63.0,0,0,Centre,0.005651241829386322
C007587,27.9,Sciences sociales,Gaspesie-Iles-de-la-Madeleine,G0C,24842,8,365.9,1,0,Eloignee,0.055646350240830575
C008408,27.36,Arts et lettres,Capitale-Nationale,G2E,67100,11,7.5,1,0,Centre,0.2012825681051276
C012690,24.36,Sante,Montreal,H4L,69570,10,15.6,1,0,Centre,0.00014972136773451662
C013712,27.15,Genie,Gaspesie-Iles-de-la-Madeleine,G5C,99810,13,345.2,1,0,Eloignee,0.5759497649166703
C013050,24.42,Sciences,Montreal,H1A,57989,3,9.5,0,0,Centre,0.0002439403346239902
C005368,25.13,Sante,Montreal,H8N,86369,9,6.1,0,0,Centre,0.07705160647373835
C005270,26.32,Arts et lettres,Capitale-Nationale,G1R,99909,6,38.2,1,0,Centre,0.22330954056643934
C000368,26.48,Genie,Montreal,H8N,116998,8,12.5,1,0,Centre,0.1091877486781436
C012202,28.87,Sciences,Montreal,H8N,68475,5,22.2,0,0,Centre,0.6470808274285331
C005319,32.61,Sciences,Capitale-Nationale,G1V,58679,11,15.5,0,1,Centre,0.9988889740094503
C012923,29.72,Genie,Montreal,H3T,43785,11,21.0,0,1,Centre,0.8595360228532553
C010305,30.95,Sciences,Capitale-Nationale,G1R,75227,8,32.2,0,1,Centre,0.9968472175459471
C005593,24.11,Sante,Gaspesie-Iles-de-la-Madeleine,G0C,35895,13,74.9,0,0,Eloignee,0.000159729713807662
C011338,23.84,Sciences sociales,Gaspesie-Iles-de-la-Madeleine,G5C,51481,8,260.1,0,0,Eloignee,0.00013521678536579205
C002012,27.11,Sciences sociales,Cote-Nord,G4R,83640,8,166.2,1,0,Eloignee,0.08699020797405653
C005653,23.67,Genie,Cote-Nord,G5B,55823,8,201.3,0,0,Eloignee,9.453804397448709e-05
C004282,25.03,Sciences,Gaspesie-Iles-de-la-Madeleine,G0C,35498,12,240.2,1,0,Eloignee,0.004499451755318111
C006469,31.22,Sciences,Capitale-Nationale,G1R,98659,12,11.0,0,1,Centre,0.9986349342583244
C005677,27.21,Sante,Cote-Nord,G5B,89968,15,223.8,1,0,Eloignee,0.7368988049323582
C011813,31.2,Arts et lettres,Montreal,H1A,71270,13,6.3,0,1,Centre,0.9989762554242936
C007363,32.66,Sante,Capitale-Nationale,G1V,61552,13,33.1,0,1,Centre,0.999334511472433
C005560,28.17,Sciences,Gaspesie-Iles-de-la-Madeleine,G4X,44955,14,141.8,0,0,Eloignee,0.7837591619652262
C011271,31.18,Sciences,Gaspesie-Iles-de-la-Madeleine,G5C,72180,14,383.2,0,1,Eloignee,0.9992408613666023
C013535,26.35,Sante,Bas-Saint-Laurent,G0L,111675,15,257.0,0,0,Eloignee,0.46690702256194494
C000883,28.68,Arts et lettres,Cote-Nord,G4R,48375,10,308.2,0,0,Eloignee,0.6410037635532445
C009295,28.73,Sciences sociales,Capitale-Nationale,G2E,62338,10,20.7,0,0,Centre,0.6406510403298288
C011315,33.1,Arts et lettres,Montreal,H4L,72099,9,14.6,1,1,Centre,0.9997042135152884
C007926,26.8,Genie,Gaspesie-Iles-de-la-Madeleine,G5C,21654,19,303.5,0,0,Eloignee,0.11404296107321955
C006008,27.56,Sciences,Montreal,H1A,64088,8,2.9,1,1,Centre,0.4545257689434457
C013474,25.97,Sante,Gaspesie-Iles-de-la-Madeleine,G0C,35984,18,237.8,1,0,Eloignee,0.6438367966695839
C003333,31.44,Sciences sociales,Capitale-Nationale,G2E,101739,5,7.2,0,1,Centre,0.9994757181004784
C004159,26.21,Sciences sociales,Montreal,H1A,71394,8,6.9,1,0,Centre,0.022117026415748205
C009197,24.51,Sante,Montreal,H8N,58999,8,16.0,1,0,Centre,0.0001387757513205653
C003979,27.7,Sciences,Montreal,H2X,47610,9,38.4,1,1,Centre,0.11706636292595773
C002276,27.54,Sciences sociales,Bas-Saint-Laurent,G5L,88555,14,126.9,0,0,Eloignee,0.6416680971275115
C007392,26.96,Sciences,Gaspesie-Iles-de-la-Madeleine,G0C,37801,15,285.0,0,0,Eloignee,0.10849490648684518
C007947,25.56,Sciences,Cote-Nord,G4R,35052,14,303.7,0,0,Eloignee,0.00976569244077508
C007438,25.47,Sante,Montreal,H4L,50320,7,19.3,0,0,Centre,0.00403281875212458
C010201,26.62,Sante,Montreal,H8N,60621,10,1.8,1,0,Centre,0.06047949490782127
C003504,31.75,Arts et lettres,Bas-Saint-Laurent,G5N,59692,10,109.5,1,1,Eloignee,0.9996660394280874
C003675,24.72,Sciences sociales,Montreal,H8N,77560,11,57.6,0,0,Centre,0.0001826240854866272
C005413,29.72,Sciences sociales,Montreal,H1A,61251,9,18.4,0,1,Centre,0.7609903340762457
C001102,29.9,Genie,Cote-Nord,G4R,81630,14,151.3,1,1,Eloignee,0.9979205768099737
C013504,27.33,Genie,Montreal,H2X,129160,7,27.4,0,1,Centre,0.45714475502792057
C002628,30.83,Genie,Bas-Saint-Laurent,G5L,58681,13,289.4,0,0,Eloignee,0.9965115725214452
C012878,32.51,Sciences sociales,Montreal,H4L,132916,8,8.2,1,1,Centre,0.9998768855076626
C010489,24.3,Sciences,Montreal,H1A,45448,5,20.0,0,0,Centre,0.000128893150087944
C011240,26.63,Sciences sociales,Gaspesie-Iles-de-la-Madeleine,G0C,43185,10,430.3,1,0,Eloignee,0.011853516570178156
C009510,25.83,Genie,Montreal,H2X,98574,11,27.3,1,0,Centre,0.007452608261195331
C006168,28.69,Genie,Montreal,H4L,113337,6,8.0,1,1,Centre,0.7803867637006824
C006978,28.08,Genie,Capitale-Nationale,G2E,58844,5,12.6,0,1,Centre,0.41328570016994176
C000651,26.18,Arts et lettres,Capitale-Nationale,G2E,135050,7,28.9,1,0,Centre,0.18505849565106258
C009072,24.76,Genie,Cote-Nord,G5B,33077,9,179.6,0,0,Eloignee,0.0005162127978284788
C001036,28.5,Sciences sociales,Montreal,H3T,38683,5,74.1,0,1,Centre,0.37337187500639873
C008175,33.53,Sciences,Montreal,H4L,56587,8,15.5,0,1,Centre,0.9997739524817296
C008793,26.46,Sante,Bas-Saint-Laurent,G5L,170845,13,75.5,0,0,Eloignee,0.5528432107531702
C001433,30.29,Genie,Cote-Nord,G5B,44034,14,94.0,0,0,Eloignee,0.9855713830643785
C000661,26.95,Sciences sociales,Capitale-Nationale,G2E,80122,11,34.9,0,0,Centre,0.24833120878551293
C003235,24.92,Sante,Gaspesie-Iles-de-la-Madeleine,G5C,82434,14,383.6,1,0,Eloignee,0.04523629331981488
C004904,26.06,Arts et lettres,Gaspesie-Iles-de-la-Madeleine,G4X,76043,12,181.6,0,0,Eloignee,0.17966826418414933
C003061,27.84,Sciences sociales,Cote-Nord,G0G,69039,13,98.4,0,0,Eloignee,0.41620004050277754
C013605,26.53,Sciences sociales,Montreal,H3T,106314,9,25.9,0,0,Centre,0.10566572393121694
C007068,24.54,Genie,Bas-Saint-Laurent,G5N,39778,13,345.8,0,0,Eloignee,0.0010698433352523727
C006972,29.79,Sciences,Montreal,H8N,80387,8,6.7,0,1,Centre,0.9890956774257319
C009429,28.58,Sante,Cote-Nord,G5B,47216,13,271.8,1,0,Eloignee,0.9372072234199627
C009578,24.68,Sante,Montreal,H8N,60998,8,13.0,0,0,Centre,0.00015103967087381915
C010146,28.98,Genie,Montreal,H1A,33490,11,64.5,0,0,Centre,0.3158554489085336
C012738,29.82,Sciences,Capitale-Nationale,G1V,110645,9,10.8,0,1,Centre,0.9938874876143368
C003184,28.18,Sciences sociales,Gaspesie-Iles-de-la-Madeleine,G4X,41058,6,165.8,1,0,Eloignee,0.13503485844129529
C010493,26.54,Sciences,Bas-Saint-Laurent,G0L,45077,12,218.0,1,0,Eloignee,0.03325749482267734
C005262,24.29,Sciences,Cote-Nord,G4R,44667,12,210.6,0,0,Eloignee,0.00019848040540847408
C009292,23.12,Sciences,Gaspesie-Iles-de-la-Madeleine,G5C,31482,14,49.4,1,0,Eloignee,0.00012287922310293264
C002038,26.45,Genie,Gaspesie-Iles-de-la-Madeleine,G4X,70969,17,381.4,0,0,Eloignee,0.8622774436709806
C012126,23.36,Sante,Cote-Nord,G0G,45018,16,118.0,1,0,Eloignee,0.001617125900601569
C006930,29.9,Sante,Gaspesie-Iles-de-la-Madeleine,G5C,80324,14,395.4,0,1,Eloignee,0.9983096607434503
C013903,26.51,Sante,Bas-Saint-Laurent,G5L,58200,11,124.5,1,0,Eloignee,0.1632382076732113
C011559,32.54,Sciences,Cote-Nord,G5B,24241,8,83.3,0,1,Eloignee,0.999572497342238
C002598,21.92,Arts et lettres,Bas-Saint-Laurent,G0L,60441,16,187.0,0,0,Eloignee,0.0036374952540964484
C008403,29.59,Sciences sociales,Montreal,H3T,37143,12,14.6,0,1,Centre,0.8157978131686556
C003690,32.21,Sciences,Montreal,H2X,69569,9,2.8,0,1,Centre,0.999814434411236
C002560,29.11,Arts et lettres,Cote-Nord,G0G,64335,20,257.5,0,1,Eloignee,0.9744646280585706
C011425,26.85,Sante,Cote-Nord,G5B,69357,16,421.9,1,0,Eloignee,0.5015583718560648
C000759,27.38,Sciences,Montreal,H2X,146572,15,3.8,1,1,Centre,0.9487412594244461
C009086,33.71,Sciences sociales,Capitale-Nationale,G1R,136331,9,8.0,0,1,Centre,0.9998702594083246
C003068,26.3,Arts et lettres,Montreal,H4L,53004,9,21.4,0,0,Centre,0.01214422940575062
C013833,31.05,Arts et lettres,Montreal,H2X,199883,11,11.4,0,1,Centre,0.9997101161130706
C002349,30.65,Sciences,Montreal,H1A,71001,9,9.2,0,1,Centre,0.9823360136918473
C013212,29.29,Sciences,Montreal,H4L,40094,8,0.5,0,1,Centre,0.8716521801457764
C001893,31.19,Sante,Capitale-Nationale,G1R,80320,7,39.4,0,1,Centre,0.9990489154032398
C004958,30.8,Sciences,Capitale-Nationale,G3A,104864,5,36.4,0,1,Centre,0.9958321265484484
C008962,25.02,Sciences,Montreal,H8N,37525,6,3.6,0,0,Centre,0.0012164663826749276
C008923,25.15,Sciences sociales,Gaspesie-Iles-de-la-Madeleine,G0C,74158,15,295.9,1,0,Eloignee,0.034702412646814104
C009929,29.49,Sante,Cote-Nord,G4R,53807,11,29.7,1,0,Eloignee,0.8997977677790234
C004405,25.65,Arts et lettres,Cote-Nord,G5B,94891,13,398.7,0,0,Eloignee,0.022485339716087367
C005132,24.64,Sante,Cote-Nord,G0G,52919,9,187.0,0,0,Eloignee,0.0001505131905585943
C010037,26.72,Sciences sociales,Montreal,H2X,70019,10,56.3,0,0,Centre,0.1007995229212791
C002478,27.27,Arts et lettres,Capitale-Nationale,G2E,32212,10,42.0,0,0,Centre,0.03274911777606526
C010416,22.72,Sciences sociales,Montreal,H1A,37643,4,36.8,0,0,Centre,0.00013170434452066423
C011252,22.07,Arts et lettres,Montreal,H4L,84272,10,38.0,0,0,Centre,0.00033186981370174465
C001852,22.11,Sante,Gaspesie-Iles-de-la-Madeleine,G5C,27824,10,298.9,1,0,Eloignee,0.000171786196081149
C003774,27.66,Genie,Montreal,H1A,79858,11,10.2,0,0,Centre,0.373341813310919
C009485,28.93,Genie,Montreal,H4L,54055,6,25.8,0,1,Centre,0.7233266998282931
C008418,28.0,Genie,Montreal,H1A,78681,4,6.5,0,0,Centre,0.1359034112256955
C001093,31.46,Arts et lettres,Capitale-Nationale,G1V,63369,9,16.1,0,1,Centre,0.9985776486228729
C012438,25.69,Sante,Montreal,H8N,83945,11,16.0,1,0,Centre,0.1006502518818306
C008446,24.3,Genie,Montreal,H1A,65407,11,18.0,0,0,Centre,0.00013912014736097052
C003789,30.74,Sante,Capitale-Nationale,G3A,146780,10,20.3,0,1,Centre,0.9984396968557571
C006041,29.08,Genie,Montreal,H2X,126672,8,44.3,0,1,Centre,0.39135737940399434
C001344,34.77,Genie,Montreal,H8N,131035,14,43.8,0,1,Centre,0.9998148102828114
C002250,29.47,Arts et lettres,Montreal,H1A,47596,9,17.1,1,1,Centre,0.875162115109766
C005676,27.95,Arts et lettres,Gaspesie-Iles-de-la-Madeleine,G0C,25928,17,172.3,1,0,Eloignee,0.138030422576907
C010856,24.73,Arts et lettres,Capitale-Nationale,G1R,110184,13,14.2,0,0,Centre,0.0018937912974214197
C007043,22.87,Sciences sociales,Montreal,H8N,61020,6,15.8,0,0,Centre,0.00011086488131060399
C008940,27.64,Sante,Gaspesie-Iles-de-la-Madeleine,G5C,86553,12,241.7,0,0,Eloignee,0.7361280092560242
C011029,29.77,Genie,Montreal,H4L,71172,10,28.6,0,0,Centre,0.9771557655776808
C012800,19.24,Arts et lettres,Gaspesie-Iles-de-la-Madeleine,G0C,51687,13,356.6,0,0,Eloignee,0.00016807748067080325
C008887,24.71,Sante,Montreal,H8N,33601,10,10.9,0,0,Centre,0.0009760021401685836
C012020,25.3,Arts et lettres,Gaspesie-Iles-de-la-Madeleine,G0C,53132,12,174.4,0,0,Eloignee,0.009160862107767157
C004331,32.41,Sciences,Capitale-Nationale,G1V,56881,4,36.7,1,1,Centre,0.9995159164911127
C012098,26.99,Sante,Montreal,H3T,60374,7,10.3,0,0,Centre,0.08051370775071964
C010652,28.17,Genie,Montreal,H2X,40352,9,24.9,1,1,Centre,0.19811905202913585
C000685,27.61,Genie,Montreal,H3T,119702,9,25.6,0,0,Centre,0.35259178760065774
C008843,30.03,Sante,Montreal,H4L,91214,10,20.9,1,1,Centre,0.9884511199401068
C006842,23.02,Sciences,Montreal,H3T,112265,10,12.4,1,0,Centre,0.00016373552337303312
C001315,33.07,Sciences,Montreal,H8N,52597,11,34.6,0,1,Centre,0.9998260809415744
C010763,28.01,Genie,Montreal,H1A,258162,11,6.6,0,1,Centre,0.9573707419414393
C004665,26.69,Sante,Montreal,H4L,69668,10,7.0,0,0,Centre,0.07740931836324318
C004204,22.29,Sciences,Bas-Saint-Laurent,G5N,167427,11,216.9,0,0,Eloignee,0.0003412179766921475
C002608,30.08,Genie,Capitale-Nationale,G3A,38528,7,16.8,0,1,Centre,0.7294369619044989
C001326,29.29,Genie,Gaspesie-Iles-de-la-Madeleine,G4X,39759,20,415.7,1,1,Eloignee,0.9691788382327798
C002110,24.78,Sciences sociales,Montreal,H8N,55866,12,28.1,0,0,Centre,0.00017873531569738486
C011996,25.76,Sante,Montreal,H8N,66206,9,1.0,0,0,Centre,0.0046003709007771815
C012092,25.55,Sciences sociales,Montreal,H1A,55676,5,23.8,1,0,Centre,0.001219254383084622
C010696,25.82,Sciences sociales,Cote-Nord,G5B,29322,10,299.3,0,0,Eloignee,0.011851179382565344
C013187,31.81,Genie,Bas-Saint-Laurent,G5L,75134,12,237.9,0,1,Eloignee,0.9998163243585226
C012243,21.68,Sante,Capitale-Nationale,G1R,90698,5,30.8,0,0,Centre,0.00011024180301435093
C002887,30.87,Sante,Montreal,H1A,51455,9,12.5,0,1,Centre,0.9929587884824164
C008246,27.47,Sante,Gaspesie-Iles-de-la-Madeleine,G0C,61669,10,151.5,0,0,Eloignee,0.15858376647983538
C005183,26.27,Sante,Montreal,H2X,46730,5,33.3,0,0,Centre,0.0038539753432570256
C002498,29.13,Genie,Capitale-Nationale,G1R,180199,9,15.6,1,1,Centre,0.9888700280648515
C010630,30.35,Sciences sociales,Montreal,H2X,32322,7,12.8,0,1,Centre,0.931266949876289
C002596,31.17,Sciences sociales,Capitale-Nationale,G3A,70305,9,9.2,0,1,Centre,0.9989123531690249
C013109,21.65,Sante,Cote-Nord,G5B,57963,20,312.2,0,0,Eloignee,0.0029292997533181655
C000969,28.4,Sciences sociales,Capitale-Nationale,G3A,81244,8,11.4,0,0,Centre,0.4025780091180905
C003627,25.63,Arts et lettres,Gaspesie-Iles-de-la-Madeleine,G5C,37545,17,79.4,0,0,Eloignee,0.42957217451300195
C013009,31.57,Arts et lettres,Montreal,H3T,97628,10,14.4,0,1,Centre,0.9992959743045328
C009356,28.16,Genie,Montreal,H4L,25203,9,21.5,0,0,Centre,0.059904113932212594
C010445,27.19,Genie,Capitale-Nationale,G3A,110359,8,21.6,0,0,Centre,0.19940257513832765
C004303,24.87,Arts et lettres,Montreal,H1A,100140,6,44.7,1,0,Centre,0.005491074531757467
C008902,28.55,Arts et lettres,Bas-Saint-Laurent,G5N,31845,15,313.4,1,0,Eloignee,0.7777038548709835
C011386,27.03,Sciences sociales,Capitale-Nationale,G3A,74839,16,13.2,0,1,Centre,0.7394457380305784
C012494,25.86,Sciences,Montreal,H2X,41096,7,9.8,1,0,Centre,0.0018100438763571029
C012449,27.41,Arts et lettres,Montreal,H2X,125376,8,34.9,0,1,Centre,0.7567448986142765
C013182,27.03,Sciences sociales,Cote-Nord,G0G,30891,15,213.7,1,0,Eloignee,0.10832860987770086
C001774,25.7,Sciences sociales,Gaspesie-Iles-de-la-Madeleine,G4X,38411,12,299.6,0,0,Eloignee,0.015087337039065663
C002911,28.06,Arts et lettres,Cote-Nord,G0G,72285,12,379.6,0,0,Eloignee,0.5484553942779702
C007536,26.23,Sciences sociales,Gaspesie-Iles-de-la-Madeleine,G0C,46110,14,117.0,0,0,Eloignee,0.21290484351365374
C004795,31.35,Sciences sociales,Cote-Nord,G0G,43468,11,290.7,0,1,Eloignee,0.9962692893504055
C008116,25.03,Genie,Montreal,H2X,88039,15,18.3,1,0,Centre,0.022883746897594384
C011157,23.14,Genie,Cote-Nord,G5B,33440,13,111.4,0,0,Eloignee,0.00020758521182992308
C006696,28.59,Sciences,Capitale-Nationale,G1R,81712,9,16.7,0,1,Centre,0.5349955271691297
C003812,29.65,Genie,Capitale-Nationale,G1V,45082,9,27.6,0,1,Centre,0.9131799045792456
C000644,27.18,Arts et lettres,Cote-Nord,G0G,42123,16,160.4,1,0,Eloignee,0.126736945600781
C005841,29.48,Sciences sociales,Capitale-Nationale,G2E,50933,12,32.8,0,1,Centre,0.8746548263296022
C000539,28.38,Genie,Montreal,H8N,72190,10,26.0,0,1,Centre,0.840705641208153
C012121,29.01,Sciences sociales,Cote-Nord,G5B,44503,16,152.0,1,0,Eloignee,0.9523979285826453
C007806,32.83,Genie,Montreal,H3T,40165,6,11.3,0,1,Centre,0.9987886852277037
C005996,30.06,Arts et lettres,Capitale-Nationale,G1V,130757,4,24.7,0,1,Centre,0.977781152025981
C012766,23.14,Sciences,Gaspesie-Iles-de-la-Madeleine,G4X,48927,16,197.8,1,0,Eloignee,0.0015753656319111747
C008030,27.67,Sciences,Montreal,H8N,62541,3,10.6,0,1,Centre,0.3583206303669082
C008481,28.56,Genie,Cote-Nord,G4R,44661,14,300.8,0,0,Eloignee,0.7731038277668209
C009737,29.0,Sciences sociales,Cote-Nord,G5B,36873,6,339.1,1,0,Eloignee,0.3272366221187119
C002979,27.98,Genie,Capitale-Nationale,G1R,69172,11,38.2,0,0,Centre,0.6148049397310041
C013222,25.93,Genie,Montreal,H2X,88681,14,15.4,0,0,Centre,0.2709185560358859
C007305,26.09,Arts et lettres,Montreal,H4L,42115,10,1.9,1,1,Centre,0.45051142229717245
C008749,32.13,Sciences sociales,Capitale-Nationale,G2E,41915,11,14.1,0,1,Centre,0.998822944372069
C010004,24.81,Genie,Bas-Saint-Laurent,G5L,25553,13,215.2,0,0,Eloignee,0.0003183162892688577
C004934,32.42,Sante,Montreal,H4L,32923,9,34.8,1,1,Centre,0.9999045427885584
C003867,25.6,Genie,Cote-Nord,G4R,55652,16,251.6,0,0,Eloignee,0.18358496947133357
C009112,27.77,Genie,Montreal,H1A,71931,5,41.9,0,1,Centre,0.40157559924923053
C013801,23.13,Genie,Bas-Saint-Laurent,G0L,35274,9,111.2,0,0,Eloignee,0.00012394849739269035
C005217,31.24,Sciences sociales,Montreal,H4L,157538,10,8.6,0,1,Centre,0.9997845198313108
C010465,23.94,Arts et lettres,Bas-Saint-Laurent,G0L,45781,13,229.8,1,0,Eloignee,0.0036090359663726998
C000361,23.98,Sante,Montreal,H3T,102742,8,13.4,1,0,Centre,0.004367906296040899
C005085,26.69,Genie,Gaspesie-Iles-de-la-Madeleine,G0C,46478,9,87.5,0,1,Eloignee,0.012554318495146419
C000206,25.4,Sciences,Gaspesie-Iles-de-la-Madeleine,G4X,59173,10,248.4,0,0,Eloignee,0.005238214016936178
C013745,18.03,Sciences,Cote-Nord,G0G,36517,13,175.9,1,0,Eloignee,0.0002134634129315026
C004127,28.66,Genie,Capitale-Nationale,G3A,44225,6,7.0,0,1,Centre,0.6271883371035807
C009984,25.57,Sante,Cote-Nord,G5B,44253,17,177.3,1,0,Eloignee,0.40168273633518264
C005402,23.96,Sante,Montreal,H4L,55480,10,29.9,0,0,Centre,0.0011624802176766456
C011392,26.99,Genie,Montreal,H1A,26795,12,43.5,0,0,Centre,0.02746120467155485
C004984,26.54,Arts et lettres,Capitale-Nationale,G3A,70099,9,5.0,0,0,Centre,0.050468007214951954
C003002,28.45,Sante,Montreal,H3T,68511,10,12.0,0,1,Centre,0.8471204549819794
C000619,23.76,Arts et lettres,Cote-Nord,G0G,45214,8,310.8,0,0,Eloignee,0.00012106032662096215
C000570,25.77,Sciences,Gaspesie-Iles-de-la-Madeleine,G0C,52380,12,256.5,1,0,Eloignee,0.005144662260344121
C004029,25.27,Sciences,Gaspesie-Iles-de-la-Madeleine,G5C,32380,13,211.1,0,0,Eloignee,0.06564204486006048
C001481,30.12,Sciences,Montreal,H2X,46287,11,22.8,1,1,Centre,0.9886402873426802
C000774,35.37,Sciences,Capitale-Nationale,G2E,70910,13,24.6,0,1,Centre,0.9998253537014563
C005627,27.74,Sciences,Gaspesie-Iles-de-la-Madeleine,G0C,51365,11,115.9,0,0,Eloignee,0.36450268289361853
C001260,24.54,Sciences,Gaspesie-Iles-de-la-Madeleine,G4X,62742,10,246.8,1,0,Eloignee,0.00014332592899846775
C005657,32.84,Sante,Montreal,H8N,62869,13,9.5,1,1,Centre,0.9999104714583237
C000205,29.85,Genie,Montreal,H3T,88994,8,16.1,0,1,Centre,0.9917767880749027
C005922,22.13,Sciences sociales,Montreal,H8N,60850,13,43.1,0,0,Centre,9.41393426881199e-05
C007129,26.11,Sante,Gaspesie-Iles-de-la-Madeleine,G0C,49932,10,422.7,1,0,Eloignee,0.3400483542177876
C008301,28.26,Sciences,Montreal,H1A,68699,9,13.4,0,0,Centre,0.47530876715794446
C009442,27.14,Sciences,Cote-Nord,G0G,83949,8,397.3,0,0,Eloignee,0.07846752312985114
C011732,27.81,Sante,Bas-Saint-Laurent,G5N,84781,18,163.7,0,1,Eloignee,0.8846343854637692
C000264,28.84,Sciences,Montreal,H4L,70244,7,25.2,0,1,Centre,0.6683910154191247
C013226,31.71,Genie,Cote-Nord,G4R,43821,20,158.5,0,1,Eloignee,0.9949645656371807
C004737,23.82,Genie,Capitale-Nationale,G3A,57745,11,34.2,0,0,Centre,9.176984664284174e-05
C011484,28.33,Sciences sociales,Bas-Saint-Laurent,G5L,34628,11,219.3,1,0,Eloignee,0.369624577303204
C009932,28.22,Sciences,Montreal,H4L,28485,9,10.4,1,0,Centre,0.23875820164089093
C001387,26.09,Sciences,Cote-Nord,G4R,69893,14,301.8,0,0,Eloignee,0.2100146813586933
C005543,25.68,Genie,Montreal,H3T,177552,10,13.7,0,0,Centre,0.03142105814510739
C010552,27.2,Sciences sociales,Cote-Nord,G5B,30994,10,197.0,0,0,Eloignee,0.036077802859568936
C008919,27.85,Sciences,Montreal,H4L,50339,8,21.1,1,1,Centre,0.1227580700917888
C007376,25.85,Sciences sociales,Cote-Nord,G0G,103157,12,165.9,0,0,Eloignee,0.0300312181558135
C003403,28.56,Arts et lettres,Cote-Nord,G0G,49982,8,316.5,0,0,Eloignee,0.4136269771193397
C005512,24.72,Sante,Montreal,H3T,115812,7,27.4,0,0,Centre,0.0004517348585277677
C003651,32.25,Arts et lettres,Montreal,H1A,108637,11,23.0,0,1,Centre,0.9997837602537868
C001627,26.39,Sciences sociales,Capitale-Nationale,G2E,67284,4,20.8,0,0,Centre,0.005580890903998402
C006811,27.23,Genie,Gaspesie-Iles-de-la-Madeleine,G0C,24010,23,308.7,0,0,Eloignee,0.1860203282603989
C001529,21.11,Sante,Capitale-Nationale,G1V,41979,10,7.5,0,0,Centre,0.00017973277940395473
C003446,25.17,Arts et lettres,Montreal,H3T,68776,12,12.1,1,0,Centre,0.004019131035139045
C003540,31.81,Sante,Montreal,H2X,93635,13,17.4,0,1,Centre,0.9998801901895483
C012097,26.46,Sciences sociales,Cote-Nord,G0G,38427,20,141.3,1,0,Eloignee,0.3631266003886636
C002488,29.22,Genie,Bas-Saint-Laurent,G5N,22862,16,277.3,0,0,Eloignee,0.4716724172554945
C002083,31.22,Arts et lettres,Bas-Saint-Laurent,G5N,87763,17,193.6,1,1,Eloignee,0.9640732744331105
C012086,27.21,Arts et lettres,Bas-Saint-Laurent,G0L,27590,19,291.2,1,0,Eloignee,0.21219616884752535
C004003,31.06,Genie,Montreal,H3T,75163,9,3.1,0,1,Centre,0.9967254841756805
C010334,27.56,Genie,Montreal,H4L,44265,6,1.1,0,0,Centre,0.1896087810432317
C003841,31.0,Genie,Capitale-Nationale,G1V,42142,10,11.9,0,1,Centre,0.9779887701938428
C012342,29.26,Sciences sociales,Gaspesie-Iles-de-la-Madeleine,G0C,47116,16,67.8,1,1,Eloignee,0.9901597919115662
C002802,29.22,Sciences sociales,Cote-Nord,G0G,43353,12,148.5,0,0,Eloignee,0.51675968460494
C012592,31.55,Genie,Montreal,H3T,105741,7,76.7,1,1,Centre,0.9995293323478347
C003455,28.37,Genie,Montreal,H2X,138291,10,9.3,0,1,Centre,0.9180504638150794
C004203,29.54,Arts et lettres,Cote-Nord,G5B,47269,8,167.8,1,0,Eloignee,0.921713249279293
C013118,24.1,Sante,Capitale-Nationale,G2E,130049,10,17.7,0,0,Centre,0.0005871334192816566
C006812,26.72,Sante,Montreal,H8N,50136,11,24.3,1,0,Centre,0.05103196517285287
C006866,23.76,Sciences,Gaspesie-Iles-de-la-Madeleine,G5C,37471,16,211.0,0,0,Eloignee,0.0016809668702872972
C002092,27.86,Sciences,Cote-Nord,G0G,32025,15,257.9,0,0,Eloignee,0.11406545722127832
C010357,25.95,Sante,Gaspesie-Iles-de-la-Madeleine,G4X,62906,12,427.7,0,0,Eloignee,0.024800001193744252
C001860,29.14,Sciences sociales,Montreal,H4L,36203,7,6.5,0,0,Centre,0.2272387072034956
C012761,27.34,Genie,Montreal,H1A,68348,10,25.6,0,0,Centre,0.12476222994386897
C011269,25.12,Arts et lettres,Bas-Saint-Laurent,G5N,36228,19,220.6,0,0,Eloignee,0.20567190584797462
C003825,27.66,Sante,Gaspesie-Iles-de-la-Madeleine,G0C,61592,10,191.9,1,0,Eloignee,0.3329620091676333
C006216,28.71,Sciences,Bas-Saint-Laurent,G5N,62291,7,328.9,0,0,Eloignee,0.543682039883224
C004749,29.14,Genie,Gaspesie-Iles-de-la-Madeleine,G4X,33540,17,345.2,1,1,Eloignee,0.7080399916863923
C011594,31.81,Sciences sociales,Gaspesie-Iles-de-la-Madeleine,G4X,56718,13,427.7,1,1,Eloignee,0.9998748617915633
C001534,25.15,Sciences,Bas-Saint-Laurent,G5L,26433,5,278.3,0,0,Eloignee,0.003990297262107888
C010403,27.89,Arts et lettres,Cote-Nord,G4R,54528,10,146.6,0,0,Eloignee,0.1378962343736988
C002663,26.75,Arts et lettres,Montreal,H3T,37607,10,3.6,0,0,Centre,0.0290734635614316
C010019,33.94,Genie,Montreal,H3T,77552,10,30.1,0,1,Centre,0.9998748229874449
C000349,27.13,Sciences sociales,Montreal,H8N,74522,10,76.8,1,0,Centre,0.34570346099029015
C003971,24.78,Sante,Gaspesie-Iles-de-la-Madeleine,G5C,39758,11,131.2,0,0,Eloignee,0.00018776701602583006
C011460,20.37,Arts et lettres,Cote-Nord,G4R,59184,12,202.3,0,0,Eloignee,0.00014159897871627528
C008664,31.18,Sciences,Capitale-Nationale,G1V,60351,14,28.4,1,1,Centre,0.9991972477118791
C004319,27.64,Genie,Capitale-Nationale,G3A,107501,9,12.5,0,0,Centre,0.38728120031879787
C002775,25.54,Genie,Bas-Saint-Laurent,G5L,32855,16,358.8,0,0,Eloignee,0.10229033518841728
C008461,25.75,Genie,Cote-Nord,G4R,19455,10,491.8,0,0,Eloignee,0.015101832112191873
C003059,33.47,Genie,Capitale-Nationale,G1V,67953,12,38.4,0,1,Centre,0.9998529890786801
C001837,26.58,Sante,Montreal,H3T,85463,5,11.6,0,0,Centre,0.010026795904679846
C007873,27.83,Sciences,Capitale-Nationale,G2E,83459,7,26.2,0,1,Centre,0.2693542330356959
C004241,24.2,Sante,Montreal,H2X,40857,13,50.0,0,0,Centre,0.00022616333597444725
C008693,26.03,Sciences sociales,Montreal,H3T,65221,9,5.3,0,0,Centre,0.0602030353383997
C005339,26.15,Arts et lettres,Cote-Nord,G4R,63285,16,344.2,0,1,Eloignee,0.304693183938231
C010233,23.75,Sciences sociales,Gaspesie-Iles-de-la-Madeleine,G4X,23073,15,90.3,1,0,Eloignee,0.0003035082086920114
C001959,26.9,Genie,Cote-Nord,G4R,25253,12,171.8,1,0,Eloignee,0.013911034441232978
C010080,21.46,Sciences,Montreal,H1A,125607,7,5.4,1,0,Centre,0.00017065378393541078
C009481,26.92,Genie,Montreal,H3T,64838,11,21.0,0,0,Centre,0.18467588786524172
C004753,18.42,Sciences sociales,Bas-Saint-Laurent,G0L,42000,11,177.7,0,0,Eloignee,0.00012271976520882044
C007066,29.76,Genie,Montreal,H3T,56580,8,19.8,1,1,Centre,0.6947305209900162
C004367,33.09,Arts et lettres,Gaspesie-Iles-de-la-Madeleine,G4X,32083,16,204.0,0,1,Eloignee,0.9988232143734912
C004166,24.77,Sciences sociales,Montreal,H4L,56836,13,24.7,0,0,Centre,0.00015468217536347516
C007903,30.26,Sante,Cote-Nord,G4R,48491,16,444.9,0,1,Eloignee,0.9883067904029661
C000050,22.46,Arts et lettres,Montreal,H4L,43184,14,10.8,0,0,Centre,0.0002415167731497293
C005798,21.26,Genie,Montreal,H1A,65060,7,29.3,0,0,Centre,9.689415201380046e-05
C012785,28.05,Sciences,Montreal,H2X,44172,12,10.4,0,1,Centre,0.6511613711140509
C010694,28.59,Genie,Gaspesie-Iles-de-la-Madeleine,G0C,21016,18,88.4,0,0,Eloignee,0.5520429681474964
C002993,31.24,Sciences,Cote-Nord,G0G,105712,16,179.4,1,1,Eloignee,0.9961346381071889
C000697,24.54,Sante,Gaspesie-Iles-de-la-Madeleine,G4X,87378,19,84.0,1,0,Eloignee,0.02862670857361864
C007462,32.5,Sciences,Montreal,H1A,57428,13,6.8,0,1,Centre,0.9997930880811401
C002390,33.42,Genie,Bas-Saint-Laurent,G5N,58923,14,142.8,0,1,Eloignee,0.9998871286824423
C012149,29.14,Arts et lettres,Montreal,H3T,25963,10,2.1,0,0,Centre,0.28104398565570865
C007126,26.65,Sciences,Montreal,H3T,78020,9,37.4,0,0,Centre,0.13783968355563814
C002795,26.3,Sciences sociales,Gaspesie-Iles-de-la-Madeleine,G5C,44296,14,193.0,1,0,Eloignee,0.11399051071156609
C013247,27.45,Sciences,Capitale-Nationale,G2E,59451,7,20.6,0,0,Centre,0.16265732108627937
C007111,28.8,Sante,Bas-Saint-Laurent,G0L,23401,9,79.6,1,0,Eloignee,0.43802205168023667
C006699,25.13,Arts et lettres,Bas-Saint-Laurent,G5L,27613,13,463.5,0,0,Eloignee,0.029378440471454437
C006899,27.46,Sciences sociales,Capitale-Nationale,G1V,82395,14,9.3,1,1,Centre,0.6039656103798484
C013925,28.65,Arts et lettres,Capitale-Nationale,G1V,42682,11,13.1,1,0,Centre,0.3251040335903844
C011652,25.5,Sciences,Montreal,H3T,60246,12,28.0,1,0,Centre,0.004157396230004055
C000501,30.98,Genie,Capitale-Nationale,G2E,157772,10,12.2,1,1,Centre,0.9996848217558423
C012254,25.53,Arts et lettres,Bas-Saint-Laurent,G0L,82920,11,274.6,0,0,Eloignee,0.015330535592136233
C000132,21.79,Genie,Gaspesie-Iles-de-la-Madeleine,G0C,32067,14,364.0,1,0,Eloignee,0.00014527555920839692
C008070,30.18,Sante,Montreal,H1A,84036,9,35.4,1,1,Centre,0.9898058763305909
C005801,26.35,Genie,Gaspesie-Iles-de-la-Madeleine,G4X,49020,11,316.9,0,0,Eloignee,0.05365961993970013
C012099,31.3,Arts et lettres,Cote-Nord,G0G,44592,11,207.9,1,1,Eloignee,0.9994396837556752
C012465,30.26,Genie,Montreal,H4L,59344,7,10.2,0,0,Centre,0.5466309798037213
C005387,27.72,Arts et lettres,Montreal,H4L,55955,7,22.0,1,0,Centre,0.08118167444217896
C010566,33.54,Sciences,Gaspesie-Iles-de-la-Madeleine,G5C,63678,8,302.9,0,1,Eloignee,0.9997989721218573
C002537,22.71,Sante,Cote-Nord,G4R,55358,13,307.8,0,0,Eloignee,9.737520876561464e-05
C003157,24.37,Genie,Cote-Nord,G5B,50618,10,231.7,0,0,Eloignee,0.0005596833289786277
C008982,31.27,Sciences sociales,Capitale-Nationale,G2E,81605,9,43.5,0,1,Centre,0.9365816202543117
C005103,29.77,Sante,Capitale-Nationale,G3A,64795,5,16.4,0,1,Centre,0.9294474681902175
C010066,28.84,Sciences,Montreal,H4L,68946,10,4.7,0,1,Centre,0.8191306161784959
C005147,33.47,Sante,Capitale-Nationale,G3A,44345,14,26.3,0,1,Centre,0.9999317669202159
C001184,25.2,Genie,Gaspesie-Iles-de-la-Madeleine,G5C,43287,20,113.8,0,0,Eloignee,0.3982851460048258
C003689,26.02,Sciences sociales,Montreal,H4L,79818,9,17.9,0,0,Centre,0.0987364178837712
C010975,26.25,Genie,Capitale-Nationale,G1R,94940,13,7.5,1,0,Centre,0.14451103927694522
C005175,28.37,Sciences sociales,Gaspesie-Iles-de-la-Madeleine,G0C,37737,12,246.3,0,0,Eloignee,0.5154810824386842
C008593,30.95,Sciences sociales,Bas-Saint-Laurent,G0L,28742,7,393.3,0,1,Eloignee,0.9869706596426193
C008020,33.14,Sciences sociales,Bas-Saint-Laurent,G5L,81403,8,271.3,0,1,Eloignee,0.9996531055015242
C008368,31.15,Genie,Montreal,H1A,165296,12,15.0,0,1,Centre,0.9998503141587385
C001161,24.37,Sciences,Capitale-Nationale,G2E,107399,11,25.8,0,0,Centre,0.00029659840683586667
C011335,33.57,Sciences,Montreal,H1A,44501,12,16.0,1,1,Centre,0.9998634078381979
C001431,28.74,Sante,Gaspesie-Iles-de-la-Madeleine,G4X,66891,9,81.0,1,0,Eloignee,0.7859175338035053
C001821,27.09,Sciences sociales,Cote-Nord,G0G,53371,17,98.7,0,0,Eloignee,0.6798619021510096
C002857,28.49,Genie,Montreal,H3T,44910,3,9.6,0,0,Centre,0.12755423206892294
C008752,30.39,Genie,Montreal,H3T,47577,9,34.4,0,1,Centre,0.9394713307106537
C013880,27.59,Arts et lettres,Gaspesie-Iles-de-la-Madeleine,G5C,59794,8,218.9,1,0,Eloignee,0.309876752736684
C000530,26.78,Sciences,Cote-Nord,G0G,47652,14,116.7,0,0,Eloignee,0.09058795377893257
C003514,28.2,Genie,Montreal,H4L,87900,9,8.1,1,0,Centre,0.4214065949647347
C007712,26.11,Sciences,Capitale-Nationale,G1V,108433,12,4.6,0,0,Centre,0.06073853132072759
C010708,28.03,Sciences,Montreal,H1A,214986,7,30.4,1,1,Centre,0.4612875375826923
C009953,23.96,Sante,Cote-Nord,G5B,64912,13,286.1,0,0,Eloignee,0.001235662639360706
C001290,29.36,Sciences,Capitale-Nationale,G2E,41548,11,22.1,0,0,Centre,0.7135373220398983
C006125,33.18,Genie,Montreal,H2X,76528,12,10.1,0,1,Centre,0.9998512397565508
C008430,26.69,Genie,Capitale-Nationale,G1R,61056,11,20.2,1,0,Centre,0.13223644315894834
C001388,35.45,Sciences sociales,Gaspesie-Iles-de-la-Madeleine,G4X,79742,11,166.2,1,1,Eloignee,0.9997922628897865
C012596,23.46,Sante,Bas-Saint-Laurent,G5L,45258,9,67.6,1,0,Eloignee,7.114088497755174e-05
C012461,30.35,Arts et lettres,Cote-Nord,G4R,31696,16,586.9,1,1,Eloignee,0.9754979609984159
C003957,27.83,Genie,Montreal,H1A,59311,9,4.1,1,1,Centre,0.5175471114235716
C011774,21.45,Genie,Bas-Saint-Laurent,G5N,35983,15,118.9,0,0,Eloignee,0.0003208197806867925
C005456,28.82,Genie,Montreal,H2X,67222,12,17.1,1,1,Centre,0.8859640183130858
C010668,32.03,Sante,Gaspesie-Iles-de-la-Madeleine,G0C,37051,12,186.4,0,1,Eloignee,0.9997670552064265
C012990,26.24,Sciences,Montreal,H3T,46581,13,12.7,0,1,Centre,0.3879465407003939
C012979,29.9,Sciences sociales,Cote-Nord,G5B,46869,13,145.5,1,1,Eloignee,0.9975326165979773
C004850,33.64,Sante,Montreal,H3T,36379,8,30.4,0,1,Centre,0.9998934847037941
C012622,27.03,Genie,Capitale-Nationale,G1R,126689,4,36.0,0,0,Centre,0.1270024486998375
C009965,27.31,Genie,Montreal,H8N,89779,6,24.4,0,0,Centre,0.188581469306404
C013708,24.5,Sciences,Bas-Saint-Laurent,G5N,45156,7,177.6,1,0,Eloignee,0.00011516622190963149
C005406,32.99,Arts et lettres,Bas-Saint-Laurent,G5N,53862,16,251.2,0,1,Eloignee,0.9979482629008912
C006156,28.36,Arts et lettres,Cote-Nord,G0G,39955,10,178.0,1,0,Eloignee,0.508927666699221
C003110,30.92,Sciences sociales,Montreal,H3T,72085,10,22.8,1,1,Centre,0.9792976197061534
C006199,26.91,Arts et lettres,Cote-Nord,G0G,88244,17,252.3,0,0,Eloignee,0.9439116821856945
C001331,29.87,Arts et lettres,Montreal,H8N,78206,13,10.6,0,1,Centre,0.9980685464098444
C004396,30.56,Sciences sociales,Gaspesie-Iles-de-la-Madeleine,G0C,129497,17,229.1,1,1,Eloignee,0.9876346822791091
C004859,31.86,Arts et lettres,Gaspesie-Iles-de-la-Madeleine,G4X,36806,13,311.0,0,1,Eloignee,0.999658289096295
C011429,24.91,Sciences sociales,Cote-Nord,G0G,127389,12,228.0,0,0,Eloignee,0.011688793918559644
C013093,24.25,Sciences,Montreal,H4L,52326,8,9.1,1,0,Centre,0.00014284214479497032
C010145,24.09,Sciences,Montreal,H2X,109193,11,46.9,0,0,Centre,0.00029659840683586667
C006400,25.93,Genie,Montreal,H4L,60033,10,65.1,1,0,Centre,0.011171954472831609
C006351,31.26,Sciences,Montreal,H8N,59178,8,13.9,0,1,Centre,0.9952935987262167
C013865,26.53,Sciences sociales,Montreal,H2X,109246,9,32.2,0,1,Centre,0.04836441108776404
C012463,27.42,Arts et lettres,Bas-Saint-Laurent,G5L,56928,15,292.5,1,0,Eloignee,0.4781401169200277
C009006,27.8,Genie,Capitale-Nationale,G3A,67125,9,5.6,1,1,Centre,0.5489597415001991
C001244,32.21,Arts et lettres,Montreal,H1A,104766,5,25.4,0,1,Centre,0.9997813295948647
C005810,22.39,Genie,Montreal,H2X,67157,7,29.9,0,0,Centre,7.99748505032988e-05
C011846,28.39,Genie,Capitale-Nationale,G1V,61992,15,6.0,1,0,Centre,0.6816721897713214
C000714,28.12,Arts et lettres,Cote-Nord,G0G,57169,14,185.8,1,0,Eloignee,0.7133122708379983
C013025,27.96,Genie,Montreal,H3T,84971,8,36.9,0,0,Centre,0.3859669776233248
C008573,29.47,Sciences sociales,Capitale-Nationale,G1V,44974,7,8.4,0,1,Centre,0.7950391668108591
C001127,32.21,Genie,Montreal,H8N,62889,6,14.0,0,1,Centre,0.9992755377424813
C003439,21.18,Sciences,Gaspesie-Iles-de-la-Madeleine,G0C,90684,9,238.2,1,0,Eloignee,0.00020623622447845746
C006387,24.93,Sciences sociales,Bas-Saint-Laurent,G5N,155156,14,78.2,0,0,Eloignee,0.11524703009839098
C006949,26.73,Sciences,Montreal,H4L,102813,11,17.4,0,0,Centre,0.2425481603795652
C009756,32.16,Genie,Capitale-Nationale,G2E,147526,12,30.1,0,1,Centre,0.999877573565138
C007321,24.64,Sciences sociales,Bas-Saint-Laurent,G5L,36290,8,348.9,0,0,Eloignee,0.00010398419596060199
C009803,29.23,Sciences sociales,Cote-Nord,G4R,42076,14,453.9,1,1,Eloignee,0.7548303671022313
C000961,22.98,Genie,Montreal,H8N,81333,7,14.2,0,0,Centre,7.697881486399797e-05
C003492,29.16,Sciences,Montreal,H4L,166826,9,12.4,1,1,Centre,0.9806796310110901
C003214,31.56,Sciences sociales,Capitale-Nationale,G2E,63795,15,34.2,0,1,Centre,0.9983677117601665
C006663,27.03,Arts et lettres,Cote-Nord,G0G,36349,11,52.1,0,0,Eloignee,0.10388044351566222
C002473,30.85,Arts et lettres,Capitale-Nationale,G1V,37124,15,16.8,0,1,Centre,0.9858226124343762
C001225,31.28,Sciences,Montreal,H2X,63155,8,10.3,0,1,Centre,0.996816658186198
C007187,28.41,Arts et lettres,Montreal,H8N,114626,8,25.4,1,1,Centre,0.7980849488376335
C004672,26.67,Sciences sociales,Montreal,H1A,115839,7,34.7,1,1,Centre,0.1640510851596756
C007825,27.29,Arts et lettres,Montreal,H2X,82960,14,38.0,0,1,Centre,0.7353665180477349
C010028,30.75,Sciences sociales,Montreal,H8N,77465,9,5.9,0,1,Centre,0.9816421816114693
C003951,26.99,Sciences sociales,Montreal,H8N,198183,10,23.1,0,1,Centre,0.765173338539205
C011043,27.31,Sciences,Capitale-Nationale,G1V,73067,13,7.2,1,1,Centre,0.535388779904063
C004178,28.59,Arts et lettres,Capitale-Nationale,G2E,94835,12,18.6,0,1,Centre,0.789185122798815
C003150,26.24,Sciences sociales,Capitale-Nationale,G2E,75551,9,42.4,1,0,Centre,0.14184289749699358
C003831,29.65,Genie,Montreal,H1A,74099,9,24.9,0,1,Centre,0.9836422296019811
C005711,32.51,Sciences sociales,Montreal,H4L,43187,7,17.0,0,1,Centre,0.9982130919909378
C008634,24.8,Sciences,Cote-Nord,G5B,47754,9,74.0,0,0,Eloignee,0.00010591654850931912
C004067,24.65,Genie,Montreal,H4L,56033,8,24.2,0,0,Centre,0.0001534237344863042
C011870,29.55,Sciences sociales,Bas-Saint-Laurent,G5L,54231,9,364.4,1,1,Eloignee,0.9439328015261903
C007428,29.02,Sante,Bas-Saint-Laurent,G5L,63311,13,160.0,0,0,Eloignee,0.9597679307002052
C012424,25.76,Genie,Montreal,H3T,86662,6,4.8,0,0,Centre,0.027907348808902534
C008661,27.4,Sciences sociales,Montreal,H4L,58987,10,55.8,1,0,Centre,0.2783951328871904
C001340,24.07,Sciences,Bas-Saint-Laurent,G5N,21392,14,71.2,0,0,Eloignee,0.00036086209029203295
C009298,29.04,Sante,Bas-Saint-Laurent,G5L,25264,15,379.1,1,0,Eloignee,0.824558629146496
C002603,29.9,Genie,Bas-Saint-Laurent,G5L,53906,21,280.9,0,1,Eloignee,0.9931368303097882
C002969,28.78,Genie,Montreal,H1A,73212,11,5.0,0,0,Centre,0.6485199275396317
C011411,28.81,Genie,Capitale-Nationale,G3A,80500,8,6.2,1,1,Centre,0.7871776344695778
C009328,27.2,Genie,Bas-Saint-Laurent,G0L,43657,16,448.7,0,0,Eloignee,0.28910274212581366
C003787,29.62,Arts et lettres,Capitale-Nationale,G1R,140306,7,10.2,0,1,Centre,0.9946644134965136
C008134,24.48,Sciences,Capitale-Nationale,G1R,62708,14,16.9,0,0,Centre,0.0001872554570033582
C004292,31.06,Sante,Capitale-Nationale,G1R,121268,14,15.1,0,1,Centre,0.9986584745141865
C005541,24.59,Genie,Montreal,H1A,22236,7,39.2,0,0,Centre,0.0002036737071101858
C002503,24.96,Sciences,Gaspesie-Iles-de-la-Madeleine,G0C,29835,9,165.9,1,0,Eloignee,0.0023561527072755123
C004598,26.88,Arts et lettres,Bas-Saint-Laurent,G0L,14629,15,258.1,1,0,Eloignee,0.04472632532229849
C008782,27.72,Sciences sociales,Bas-Saint-Laurent,G0L,110908,10,106.8,1,0,Eloignee,0.45601202533612756
C008519,32.48,Sciences sociales,Gaspesie-Iles-de-la-Madeleine,G0C,43000,8,75.2,0,1,Eloignee,0.9990894262588913
C009387,28.07,Arts et lettres,Montreal,H2X,161809,5,7.2,0,0,Centre,0.4638713948786851
C011445,28.0,Sante,Gaspesie-Iles-de-la-Madeleine,G4X,67037,11,241.3,1,0,Eloignee,0.4550570974697315
C003633,26.74,Arts et lettres,Montreal,H8N,57090,5,10.1,0,0,Centre,0.015001308286996163
C012637,27.1,Arts et lettres,Montreal,H8N,43034,8,10.4,0,0,Centre,0.056672931177929584
C006787,30.28,Sciences,Montreal,H8N,97117,8,22.8,1,1,Centre,0.9741415944428207
C005080,28.12,Sciences sociales,Montreal,H4L,115338,11,20.1,1,1,Centre,0.8581261688491414
C004497,28.12,Genie,Capitale-Nationale,G1R,45733,9,58.6,0,0,Centre,0.12986044440783867
C012717,32.47,Sciences,Montreal,H4L,42564,9,8.2,0,1,Centre,0.9992785412898578
C012039,23.83,Sciences,Bas-Saint-Laurent,G0L,38681,13,176.7,1,0,Eloignee,0.00019623737305499156
C006348,23.45,Arts et lettres,Gaspesie-Iles-de-la-Madeleine,G0C,45349,9,89.8,0,0,Eloignee,0.00012205933699999836
C011629,28.59,Sciences,Montreal,H8N,49665,8,17.3,0,0,Centre,0.50148290743003
C012201,30.16,Sciences sociales,Montreal,H1A,43218,10,18.7,1,1,Centre,0.9223150572951414
C010679,30.61,Genie,Montreal,H1A,68602,7,7.8,0,1,Centre,0.9918269072356757
C006864,25.07,Arts et lettres,Cote-Nord,G4R,31137,13,200.3,0,0,Eloignee,0.007256847983121452
C010571,28.07,Sante,Montreal,H3T,59476,6,15.3,0,1,Centre,0.3230411286537396
C012850,26.99,Sciences,Capitale-Nationale,G1V,49595,9,5.7,0,0,Centre,0.09787034348401188
C000931,32.58,Genie,Bas-Saint-Laurent,G5L,55094,12,259.8,1,1,Eloignee,0.9982117672118488
C008787,29.26,Sciences sociales,Cote-Nord,G4R,83826,15,235.3,0,0,Eloignee,0.9840948422693058
C002821,27.83,Sciences,Montreal,H1A,101385,9,19.4,0,0,Centre,0.3121987051789327
C009732,26.4,Arts et lettres,Montreal,H4L,46853,7,16.3,0,0,Centre,0.007980778369089083
C004271,26.3,Arts et lettres,Bas-Saint-Laurent,G5L,71058,15,219.3,0,0,Eloignee,0.31016739564948015
C002202,26.79,Sciences sociales,Montreal,H4L,56920,5,23.2,0,0,Centre,0.02365968639601519
C013556,25.49,Sciences sociales,Gaspesie-Iles-de-la-Madeleine,G0C,25857,16,346.2,1,0,Eloignee,0.07556032234489077
C002101,27.61,Sciences sociales,Gaspesie-Iles-de-la-Madeleine,G4X,63952,10,188.2,1,0,Eloignee,0.41335417270187325
C008753,25.74,Arts et lettres,Gaspesie-Iles-de-la-Madeleine,G0C,106278,10,300.5,1,0,Eloignee,0.03679061813279642
C000147,31.07,Sante,Gaspesie-Iles-de-la-Madeleine,G5C,76592,16,228.1,0,1,Eloignee,0.9937507692983154
C008160,22.25,Genie,Montreal,H1A,50186,7,21.5,0,0,Centre,0.0002953127432648207
C005223,25.09,Genie,Montreal,H1A,86981,6,5.0,1,0,Centre,0.003600665937973454
C000780,30.05,Genie,Montreal,H3T,35112,14,1.5,0,1,Centre,0.8852882141022341
C010516,24.84,Sante,Montreal,H4L,118358,6,11.3,0,0,Centre,0.0003824423483938924
C012517,29.33,Genie,Montreal,H4L,66202,8,10.0,1,1,Centre,0.8150568632657306
C001379,26.14,Genie,Gaspesie-Iles-de-la-Madeleine,G4X,22334,10,287.3,1,0,Eloignee,0.05719391732421225
C012446,27.01,Sciences,Montreal,H4L,132740,12,16.6,1,0,Centre,0.5980411407761996
C008019,25.81,Sciences sociales,Capitale-Nationale,G1V,36672,8,34.6,0,0,Centre,0.0018315091214215692
C007352,24.16,Arts et lettres,Montreal,H4L,42546,10,22.0,0,0,Centre,0.0004202411087534543
C013317,26.89,Arts et lettres,Gaspesie-Iles-de-la-Madeleine,G0C,24131,6,138.6,0,0,Eloignee,0.010024369374939926
C004951,30.1,Sciences,Capitale-Nationale,G1V,119460,5,28.0,0,1,Centre,0.9403166627185392
C007094,27.79,Sciences sociales,Cote-Nord,G4R,71824,14,283.0,1,0,Eloignee,0.39248780112332415
C003700,26.54,Sciences sociales,Montreal,H3T,144489,7,30.9,0,0,Centre,0.11772124444522224
C010899,32.67,Arts et lettres,Montreal,H1A,58733,12,18.3,0,1,Centre,0.9997346096082669
C007762,25.13,Genie,Montreal,H8N,50181,10,11.7,0,1,Centre,0.4977088402245829
C010535,30.94,Sante,Montreal,H3T,61533,8,38.3,1,1,Centre,0.9970069358492423
C003614,28.85,Genie,Montreal,H1A,91662,13,23.8,0,1,Centre,0.9680601261297984
C013084,30.7,Sciences sociales,Montreal,H2X,82302,10,44.7,0,1,Centre,0.9861809523069558
C011614,29.96,Sciences,Capitale-Nationale,G1R,106877,7,49.3,1,1,Centre,0.97653021029835
C009395,27.6,Arts et lettres,Gaspesie-Iles-de-la-Madeleine,G5C,70674,9,261.5,0,0,Eloignee,0.41006155370530856
C003753,26.23,Sciences,Capitale-Nationale,G1V,57464,2,30.9,1,0,Centre,0.007434887115826892
C004172,29.51,Arts et lettres,Montreal,H4L,95129,10,13.8,0,0,Centre,0.6191944746710963
C008455,29.71,Genie,Montreal,H1A,113409,4,4.0,1,1,Centre,0.9174158472580346
C003362,28.34,Sciences sociales,Gaspesie-Iles-de-la-Madeleine,G4X,84296,10,301.8,1,0,Eloignee,0.7867329604347811
C009024,20.5,Arts et lettres,Gaspesie-Iles-de-la-Madeleine,G0C,62199,17,126.3,1,0,Eloignee,0.0036374952540964484
C004824,30.9,Arts et lettres,Montreal,H1A,86620,5,6.1,0,1,Centre,0.9846059600484701
C008429,27.72,Sante,Cote-Nord,G0G,22288,15,106.5,1,0,Eloignee,0.12008456253521381
C008539,29.79,Sciences sociales,Gaspesie-Iles-de-la-Madeleine,G0C,47007,20,316.0,0,1,Eloignee,0.9913511267957186
C007145,24.64,Sciences,Montreal,H4L,74051,16,8.5,0,0,Centre,0.015842439624293825
C006542,25.74,Sciences sociales,Capitale-Nationale,G1R,96282,10,17.5,1,0,Centre,0.022625525409404317
C003988,28.05,Sante,Capitale-Nationale,G1V,89084,13,39.5,0,1,Centre,0.7458781629949235
C008480,24.74,Sciences,Bas-Saint-Laurent,G5N,39778,19,180.9,0,0,Eloignee,0.012993887832290954
C007178,29.1,Sciences sociales,Montreal,H8N,95641,12,9.5,1,1,Centre,0.8512815415602736
C001850,29.05,Arts et lettres,Gaspesie-Iles-de-la-Madeleine,G4X,103478,15,205.4,1,1,Eloignee,0.9744216109692594
C004699,25.91,Genie,Gaspesie-Iles-de-la-Madeleine,G4X,55337,12,264.5,1,0,Eloignee,0.024053479610864067
C004322,27.54,Genie,Cote-Nord,G0G,58685,11,319.3,0,0,Eloignee,0.5602964530657945
C001281,17.63,Sciences,Montreal,H4L,82774,6,3.8,0,0,Centre,0.00011591092248962717
C013484,25.23,Genie,Cote-Nord,G5B,83337,14,185.8,1,0,Eloignee,0.022838643312079535
C013157,27.11,Arts et lettres,Cote-Nord,G0G,54047,15,156.1,1,0,Eloignee,0.39635859876777757
C002314,32.08,Arts et lettres,Montreal,H2X,36536,7,13.9,0,1,Centre,0.9997439406842418
C002901,22.0,Arts et lettres,Bas-Saint-Laurent,G5N,55967,12,194.1,0,0,Eloignee,0.00014159897871627528
C012256,32.75,Sciences sociales,Capitale-Nationale,G1R,48931,9,18.0,0,1,Centre,0.999751610337439
C012570,28.3,Arts et lettres,Bas-Saint-Laurent,G5L,48117,9,100.3,1,0,Eloignee,0.20737196183825604
C009425,23.37,Genie,Gaspesie-Iles-de-la-Madeleine,G4X,75455,8,349.6,0,0,Eloignee,9.16997261494965e-05
C010326,26.39,Genie,Montreal,H2X,53449,5,14.4,1,0,Centre,0.0029563536036905443
C005280,28.02,Sante,Bas-Saint-Laurent,G0L,35264,10,120.9,0,0,Eloignee,0.129535170816921
C004058,28.61,Arts et lettres,Cote-Nord,G5B,113877,17,194.6,0,0,Eloignee,0.9744647261802769
C011396,22.76,Sciences sociales,Montreal,H8N,32930,11,6.7,0,0,Centre,0.0002181512257275566
C009373,23.45,Genie,Gaspesie-Iles-de-la-Madeleine,G4X,46318,11,125.4,0,0,Eloignee,0.0004419734040327691
C002779,27.4,Sciences,Montreal,H2X,80568,4,27.4,1,0,Centre,0.11789159639131921
C007078,26.58,Sante,Capitale-Nationale,G3A,46934,8,27.1,0,0,Centre,0.009901534066275733
C004410,25.93,Sciences sociales,Bas-Saint-Laurent,G0L,73693,14,130.8,0,0,Eloignee,0.12791457227668093
C006747,23.93,Arts et lettres,Capitale-Nationale,G2E,50609,12,6.9,1,0,Centre,0.001745298203439906
C013345,31.45,Sciences,Cote-Nord,G5B,82392,12,73.8,1,1,Eloignee,0.9972556631960612
C002396,26.16,Sante,Montreal,H4L,61636,11,8.8,0,0,Centre,0.07619656103076351
C002080,30.9,Genie,Bas-Saint-Laurent,G5N,63123,15,233.6,0,1,Eloignee,0.9972080213860474
C010173,28.69,Sciences sociales,Gaspesie-Iles-de-la-Madeleine,G4X,54811,14,234.0,0,0,Eloignee,0.9298777729211498
C003087,25.9,Arts et lettres,Cote-Nord,G5B,63754,10,173.4,0,0,Eloignee,0.012392115820524626
C009844,28.18,Arts et lettres,Cote-Nord,G5B,40377,19,237.8,1,0,Eloignee,0.7293488302577373
C004703,25.01,Sciences sociales,Bas-Saint-Laurent,G0L,110198,17,293.1,1,0,Eloignee,0.391708430325224
C007414,27.19,Sante,Capitale-Nationale,G2E,67613,13,18.1,0,0,Centre,0.20017065213320046
C007191,29.48,Sante,Montreal,H4L,67938,8,19.1,1,0,Centre,0.7517418542330632
C012634,27.8,Arts et lettres,Bas-Saint-Laurent,G5L,48836,16,464.6,1,0,Eloignee,0.29489309299378486
C000230,25.96,Sante,Montreal,H1A,133600,6,15.5,0,0,Centre,0.02267237922896457
C008128,24.66,Arts et lettres,Bas-Saint-Laurent,G5N,107772,7,74.8,1,0,Eloignee,0.001721696257082228
C002895,27.29,Sante,Cote-Nord,G5B,58020,17,533.2,0,0,Eloignee,0.842378468987824
C009440,34.07,Sciences,Cote-Nord,G5B,54408,18,439.1,1,1,Eloignee,0.9975046849771948
C011748,17.75,Genie,Bas-Saint-Laurent,G5N,37073,10,325.0,1,0,Eloignee,0.000257243116328699
C001026,27.36,Sante,Capitale-Nationale,G1V,111975,12,16.3,1,1,Centre,0.5049464808773293
C009582,27.59,Sciences,Capitale-Nationale,G1V,31663,7,8.9,0,0,Centre,0.0685267443286967
C013156,23.01,Arts et lettres,Montreal,H3T,49432,9,15.6,0,0,Centre,0.00015250673280280916
C002088,25.82,Sante,Montreal,H2X,37498,11,15.1,0,0,Centre,0.013196442369285506
C001851,25.11,Sante,Bas-Saint-Laurent,G5N,26014,16,125.0,0,0,Eloignee,0.2682430461095304
C008620,31.69,Sciences,Capitale-Nationale,G2E,136566,8,7.8,1,1,Centre,0.9996473620278852
C000394,28.01,Genie,Montreal,H4L,40514,8,25.0,1,0,Centre,0.10178420847437625
C002373,26.31,Sciences sociales,Montreal,H2X,53540,9,33.0,0,0,Centre,0.020672698430739826
C005031,25.01,Sciences,Montreal,H1A,57636,13,4.2,0,0,Centre,0.0023273785790274676
C000146,28.77,Sciences,Montreal,H4L,56863,7,22.9,0,0,Centre,0.5108130469762
C004847,24.26,Sciences sociales,Cote-Nord,G5B,41557,19,127.8,0,0,Eloignee,0.005431651530732959
C007189,25.34,Sciences,Gaspesie-Iles-de-la-Madeleine,G0C,44902,10,145.5,1,0,Eloignee,0.02860983047081861
C010734,29.81,Sante,Montreal,H3T,80878,7,46.5,1,1,Centre,0.9769807625865793
C009436,29.28,Genie,Capitale-Nationale,G2E,101666,6,4.6,0,1,Centre,0.9581777649395665
C002788,26.15,Arts et lettres,Montreal,H2X,34684,7,9.4,1,0,Centre,0.004569590100236034
C008740,23.64,Sciences,Cote-Nord,G4R,49610,12,305.8,1,0,Eloignee,0.00010287311989469931
C011325,30.76,Arts et lettres,Capitale-Nationale,G3A,71303,7,20.1,0,1,Centre,0.9458984279191495
C000930,23.54,Arts et lettres,Gaspesie-Iles-de-la-Madeleine,G5C,20766,13,133.6,1,0,Eloignee,0.00043656165663685364
C005379,28.65,Sciences sociales,Montreal,H8N,117507,6,20.5,1,1,Centre,0.6926601870670519
C000592,27.97,Sante,Capitale-Nationale,G1R,70840,8,5.5,0,1,Centre,0.47380787082168085
C001074,27.06,Arts et lettres,Cote-Nord,G0G,41120,17,154.8,0,0,Eloignee,0.5451278394462992
C002089,27.38,Sante,Montreal,H3T,128051,12,35.7,0,0,Centre,0.5403975040135707
C009597,30.16,Sciences,Gaspesie-Iles-de-la-Madeleine,G4X,25581,10,276.7,0,0,Eloignee,0.9112351779534554
C008357,29.36,Sciences sociales,Montreal,H8N,55504,9,23.4,1,1,Centre,0.8067870733804825
C008765,26.96,Arts et lettres,Bas-Saint-Laurent,G5N,80193,7,309.0,1,0,Eloignee,0.12779566439414697
C009467,33.74,Genie,Montreal,H8N,56628,5,15.3,0,1,Centre,0.9991620729266857
C012689,31.26,Arts et lettres,Bas-Saint-Laurent,G5N,37968,14,146.7,1,1,Eloignee,0.9990133375334806
C006440,28.97,Arts et lettres,Capitale-Nationale,G1V,73481,7,13.3,0,0,Centre,0.6460216239059223
C003434,26.82,Arts et lettres,Capitale-Nationale,G1V,75582,7,11.9,0,1,Centre,0.3751405634335712
C012954,32.74,Arts et lettres,Capitale-Nationale,G3A,47047,8,12.2,0,1,Centre,0.9995837871466572
C010078,26.68,Sciences,Gaspesie-Iles-de-la-Madeleine,G4X,31938,10,144.3,0,0,Eloignee,0.00792147001835178
C010500,29.32,Sante,Cote-Nord,G0G,52683,10,614.6,0,0,Eloignee,0.7465497869543194
C008916,30.3,Sciences,Capitale-Nationale,G3A,92996,12,34.9,0,1,Centre,0.9946748661796317
C002061,28.0,Genie,Cote-Nord,G0G,68422,10,254.5,0,0,Eloignee,0.5410434171293531
C000112,30.66,Sciences,Capitale-Nationale,G1V,54152,13,25.2,0,1,Centre,0.9909581947284098
C005278,23.94,Sciences sociales,Gaspesie-Iles-de-la-Madeleine,G0C,44414,10,268.3,1,0,Eloignee,0.001689782133824636
C004815,26.77,Sciences,Gaspesie-Iles-de-la-Madeleine,G4X,77851,12,213.3,0,0,Eloignee,0.37588196215978587
C000384,25.92,Sciences,Bas-Saint-Laurent,G0L,45289,14,229.7,0,0,Eloignee,0.06694081743841572
C002254,30.81,Arts et lettres,Cote-Nord,G0G,84709,15,266.9,1,1,Eloignee,0.9949373486794082
C013965,27.48,Sante,Montreal,H8N,51204,8,25.4,0,0,Centre,0.10711741861809211
C003833,29.91,Sciences sociales,Cote-Nord,G4R,23924,18,63.7,0,1,Eloignee,0.9782844440186972
C000865,27.77,Sciences sociales,Montreal,H3T,35332,12,25.8,0,0,Centre,0.06572572929052593
C000824,29.01,Sante,Gaspesie-Iles-de-la-Madeleine,G0C,30385,13,127.7,0,1,Eloignee,0.8326722767710923
C006689,23.35,Genie,Capitale-Nationale,G3A,57405,7,2.4,0,0,Centre,0.000133110355160812
C003640,32.06,Arts et lettres,Cote-Nord,G0G,51006,9,383.5,0,1,Eloignee,0.9996327767716748
C013931,24.16,Sciences sociales,Montreal,H3T,128454,7,19.4,1,0,Centre,0.0005530396486404471
C000111,26.38,Sciences,Montreal,H4L,83437,9,36.7,0,0,Centre,0.08548376114360322
C008901,27.14,Genie,Cote-Nord,G4R,52865,12,276.0,0,0,Eloignee,0.2728668345272501
C002706,25.52,Sciences,Capitale-Nationale,G1V,98829,12,3.3,0,0,Centre,0.0065234421314762136
C005460,29.54,Sciences,Cote-Nord,G4R,20450,14,374.7,0,1,Eloignee,0.9746289348325221
C000904,28.99,Arts et lettres,Bas-Saint-Laurent,G5N,111756,12,307.2,0,1,Eloignee,0.940845499740067
C003219,22.76,Sciences,Gaspesie-Iles-de-la-Madeleine,G0C,39756,15,325.3,1,0,Eloignee,0.0003935569619536703
C001974,28.19,Sante,Gaspesie-Iles-de-la-Madeleine,G0C,44221,15,173.4,1,0,Eloignee,0.8632489532676753
C007009,26.83,Genie,Montreal,H3T,74571,7,18.1,1,0,Centre,0.2034853218930368
C005075,28.13,Sciences sociales,Bas-Saint-Laurent,G0L,44212,13,76.5,0,0,Eloignee,0.83723372708849
C004337,28.43,Sciences sociales,Capitale-Nationale,G3A,121737,11,23.7,0,0,Centre,0.6856250099160145
C003792,22.56,Genie,Gaspesie-Iles-de-la-Madeleine,G5C,32687,19,183.8,1,0,Eloignee,0.0011385568670539523
C006389,26.15,Arts et lettres,Montreal,H8N,48784,6,34.4,0,0,Centre,0.0038316806821081482
C005249,26.28,Sante,Bas-Saint-Laurent,G5L,59949,10,170.3,1,0,Eloignee,0.02791899989876531
C010373,23.72,Sciences sociales,Capitale-Nationale,G3A,63137,9,26.5,0,0,Centre,8.697031136962614e-05
C009165,36.53,Genie,Montreal,H4L,86540,4,48.2,0,1,Centre,0.9997653313979283
C010157,27.93,Sciences,Montreal,H3T,79466,10,44.7,0,1,Centre,0.6476344341576782
C003655,28.47,Arts et lettres,Montreal,H4L,52866,8,12.3,0,0,Centre,0.45071393339483484
C007104,30.07,Genie,Capitale-Nationale,G1R,139986,12,10.7,1,1,Centre,0.9969449056487336
C013362,24.69,Sciences,Montreal,H2X,88535,13,10.0,0,0,Centre,0.0005169834792547042
C012499,22.33,Sciences sociales,Gaspesie-Iles-de-la-Madeleine,G5C,36300,14,175.1,1,0,Eloignee,0.00010472790644294795
C011300,27.26,Sante,Bas-Saint-Laurent,G5L,52880,13,486.0,0,0,Eloignee,0.29228681140645674
C004688,27.99,Arts et lettres,Montreal,H4L,63154,6,31.6,1,0,Centre,0.08917434455038463
C001373,24.72,Genie,Montreal,H8N,57869,6,3.1,0,0,Centre,0.00021601670852836779
C004105,24.6,Sante,Capitale-Nationale,G1V,47978,1,11.1,0,0,Centre,0.0001625046892395941
C006898,30.16,Sante,Capitale-Nationale,G3A,133222,7,11.6,0,1,Centre,0.9978277154429809
C005949,29.01,Sciences,Montreal,H3T,79596,5,12.8,1,0,Centre,0.3904183118255541
C013892,30.37,Genie,Capitale-Nationale,G1R,60779,5,20.6,0,0,Centre,0.4039271878575219
C006197,27.62,Sante,Montreal,H8N,65541,13,16.7,1,0,Centre,0.3999955706084913
C000460,26.88,Arts et lettres,Gaspesie-Iles-de-la-Madeleine,G5C,53660,10,139.2,0,0,Eloignee,0.03703274144481736
C005690,27.99,Sante,Cote-Nord,G5B,84388,16,102.7,1,1,Eloignee,0.7138961801552419
C013923,26.46,Sante,Capitale-Nationale,G2E,48702,15,10.4,0,0,Centre,0.09455922436951739
C007527,30.3,Genie,Bas-Saint-Laurent,G0L,87749,8,263.4,0,1,Eloignee,0.9806608201274064
C005554,26.09,Sciences sociales,Cote-Nord,G5B,45722,10,134.4,0,0,Eloignee,0.3201523615069953
C004063,27.9,Sciences sociales,Montreal,H8N,67511,5,10.7,0,0,Centre,0.13641330645959082
C003760,31.2,Arts et lettres,Montreal,H4L,200422,6,5.7,0,1,Centre,0.9996285885309899
C002198,26.92,Sante,Cote-Nord,G0G,65103,17,73.8,1,0,Eloignee,0.7532081401624214
C013824,27.01,Arts et lettres,Bas-Saint-Laurent,G5N,24472,18,116.8,0,0,Eloignee,0.26629019902282997
C007632,31.16,Genie,Bas-Saint-Laurent,G5N,64611,13,123.0,1,1,Eloignee,0.9993548832254454
C011034,28.44,Sante,Montreal,H1A,107487,10,11.5,0,1,Centre,0.9354663535704011
C009882,33.12,Sante,Montreal,H2X,86209,7,3.0,1,1,Centre,0.9998760839543408
C006721,28.13,Arts et lettres,Montreal,H2X,52702,7,23.5,0,1,Centre,0.14225635537240516
C000317,29.51,Sciences sociales,Montreal,H3T,134410,10,9.3,0,1,Centre,0.974368610115823
C007833,23.93,Sante,Gaspesie-Iles-de-la-Madeleine,G4X,34339,17,97.9,1,0,Eloignee,0.03226389655385913
C010994,29.0,Arts et lettres,Gaspesie-Iles-de-la-Madeleine,G0C,88309,20,269.2,1,1,Eloignee,0.9750141797048762
C013488,28.58,Sciences sociales,Bas-Saint-Laurent,G5N,137616,7,318.7,1,1,Eloignee,0.8799726424979951
C002585,31.12,Sciences,Capitale-Nationale,G1R,62746,10,36.0,0,1,Centre,0.9990209730371841
C006115,32.13,Sciences,Capitale-Nationale,G3A,108288,13,5.7,0,1,Centre,0.9998790044205172
C000326,22.61,Genie,Cote-Nord,G0G,38748,13,320.0,0,0,Eloignee,0.00022341995787468304
C004289,32.91,Sciences,Capitale-Nationale,G1R,96746,14,29.4,0,1,Centre,0.9995618189377374
C003874,32.5,Sciences,Montreal,H4L,53895,9,18.7,0,1,Centre,0.9996472423711742
C001986,26.12,Sante,Capitale-Nationale,G3A,58914,9,26.0,1,0,Centre,0.040112010082287854
C006707,29.05,Sciences sociales,Capitale-Nationale,G3A,67462,9,8.8,0,1,Centre,0.7637430382080801
C011575,25.87,Sciences sociales,Gaspesie-Iles-de-la-Madeleine,G4X,66014,16,50.9,0,0,Eloignee,0.17534307694000728
C003261,28.31,Sciences sociales,Montreal,H8N,56001,10,5.1,1,0,Centre,0.4002350016198853
C011390,27.14,Genie,Montreal,H1A,70676,8,56.3,0,0,Centre,0.11667432668695231
C006740,30.46,Sante,Montreal,H3T,110371,5,11.0,1,1,Centre,0.9956901633619101
C009107,25.61,Sante,Bas-Saint-Laurent,G5L,32063,15,126.8,0,0,Eloignee,0.20054860307198877
C013380,26.55,Genie,Gaspesie-Iles-de-la-Madeleine,G0C,77873,9,191.1,0,0,Eloignee,0.13262535315996693
C008638,27.22,Sciences,Capitale-Nationale,G1R,58636,3,33.3,0,1,Centre,0.3387908187263109
C013868,25.59,Genie,Montreal,H1A,76502,9,10.2,1,0,Centre,0.031082006196614973
C005206,31.09,Genie,Montreal,H2X,97405,8,9.5,1,1,Centre,0.9991869274690894
C003720,30.72,Sante,Gaspesie-Iles-de-la-Madeleine,G0C,39640,15,296.1,0,1,Eloignee,0.9953269453138205
C001780,25.13,Sante,Montreal,H3T,36650,10,20.6,0,0,Centre,0.05507806685293902
C002010,32.65,Arts et lettres,Montreal,H2X,69513,7,11.8,0,1,Centre,0.998712646792517
C005498,31.15,Sciences,Montreal,H1A,92649,6,13.0,0,1,Centre,0.9990750247306976
C011570,25.63,Sciences sociales,Capitale-Nationale,G3A,61007,11,8.6,1,0,Centre,0.00822586048078909
C007616,26.93,Genie,Bas-Saint-Laurent,G0L,37877,14,73.4,1,0,Eloignee,0.06081151651357377
C009851,26.04,Sciences,Gaspesie-Iles-de-la-Madeleine,G4X,45514,9,166.9,1,0,Eloignee,0.0388014975911716
C007927,25.73,Arts et lettres,Montreal,H4L,100791,8,6.1,1,0,Centre,0.011579668334762606
C000413,31.57,Sciences,Capitale-Nationale,G2E,60723,8,6.1,0,1,Centre,0.9996281289015291
C008389,29.89,Arts et lettres,Montreal,H8N,79109,9,19.5,0,1,Centre,0.9921656419504166
C003416,26.4,Sciences sociales,Cote-Nord,G4R,23792,7,74.2,1,0,Eloignee,0.006367781205743138
C007180,26.91,Genie,Montreal,H2X,84037,8,17.0,1,0,Centre,0.051421112926134056
C006783,30.03,Genie,Capitale-Nationale,G1V,79702,8,26.1,1,1,Centre,0.9755529436563731
C003987,27.1,Sciences sociales,Gaspesie-Iles-de-la-Madeleine,G0C,86115,6,168.7,0,0,Eloignee,0.1122583215798001
C000748,29.12,Sciences,Montreal,H2X,60952,12,17.7,1,1,Centre,0.8531727475391898
C006636,23.2,Sante,Montreal,H4L,50556,11,31.0,1,0,Centre,0.00010611303067293668
C001613,25.07,Genie,Montreal,H8N,120174,9,24.6,0,0,Centre,0.004502421544065069
C003106,29.56,Genie,Capitale-Nationale,G2E,67436,5,5.8,0,1,Centre,0.9728225700359031
C012104,23.33,Sante,Gaspesie-Iles-de-la-Madeleine,G0C,47429,16,297.4,0,0,Eloignee,0.00148853352324837
C010343,29.98,Sante,Capitale-Nationale,G1R,42486,4,13.0,0,0,Centre,0.3498345024279785
C009648,24.3,Sciences sociales,Bas-Saint-Laurent,G0L,19778,13,324.6,0,0,Eloignee,0.00032083361005496387
C013349,22.21,Arts et lettres,Gaspesie-Iles-de-la-Madeleine,G4X,82577,15,205.9,0,0,Eloignee,0.0007865874382760673
C006230,30.14,Sante,Gaspesie-Iles-de-la-Madeleine,G0C,33407,11,183.3,1,1,Eloignee,0.9125872386882593
C006610,25.14,Genie,Montreal,H2X,85266,15,9.8,0,0,Centre,0.038058423361447116
C010681,25.11,Arts et lettres,Cote-Nord,G5B,97354,14,103.7,1,0,Eloignee,0.015437714630652943
C004053,34.57,Sciences sociales,Capitale-Nationale,G3A,61333,9,11.3,0,1,Centre,0.9998007378189133
C005935,29.87,Sciences sociales,Montreal,H3T,81333,12,24.0,0,1,Centre,0.9971396958437342
C002567,29.23,Sciences,Cote-Nord,G4R,30127,8,245.7,1,0,Eloignee,0.6989377424578246
C001329,30.11,Genie,Capitale-Nationale,G3A,38721,10,24.3,0,1,Centre,0.7291286206721779
C011113,28.64,Genie,Capitale-Nationale,G1V,26787,14,10.7,0,0,Centre,0.2045119170312786
C009509,30.07,Sciences,Gaspesie-Iles-de-la-Madeleine,G5C,23757,11,81.0,1,1,Eloignee,0.9290299747977603
C001750,25.49,Sciences,Bas-Saint-Laurent,G5L,46804,13,83.1,1,0,Eloignee,0.00931997698380294
C011859,32.05,Genie,Montreal,H1A,33203,14,11.5,0,1,Centre,0.999813071698337
C010927,25.7,Sciences sociales,Montreal,H1A,77218,12,34.3,1,0,Centre,0.022074188772146962
C013976,29.68,Sciences,Gaspesie-Iles-de-la-Madeleine,G4X,67901,18,79.2,1,1,Eloignee,0.986131603185076
C006026,25.28,Sante,Montreal,H3T,106945,11,9.4,1,1,Centre,0.4098112752245606
C013257,27.81,Sciences,Capitale-Nationale,G2E,42828,10,9.8,0,0,Centre,0.08287675231107641
C003904,30.11,Sante,Montreal,H2X,61041,9,35.6,0,1,Centre,0.8587848360892104
C000223,25.29,Arts et lettres,Montreal,H3T,56419,8,15.1,0,0,Centre,0.003362687032768293
C001629,31.16,Sciences,Capitale-Nationale,G2E,46144,8,40.2,0,1,Centre,0.9969055145536122
C009956,28.39,Sciences,Montreal,H1A,106189,9,10.3,0,0,Centre,0.6052882329807803
C012771,25.74,Sciences,Gaspesie-Iles-de-la-Madeleine,G0C,36445,10,123.4,0,0,Eloignee,0.00963448690894398
C012762,28.52,Sciences sociales,Montreal,H3T,89124,9,8.1,1,1,Centre,0.7983924033926242
C006322,25.67,Arts et lettres,Capitale-Nationale,G3A,37963,4,12.8,0,0,Centre,0.001563705751187984
C012891,24.81,Sante,Montreal,H3T,67718,13,5.8,0,0,Centre,0.0001599987565259614
C013132,29.3,Arts et lettres,Montreal,H2X,143831,6,10.4,0,1,Centre,0.9726575871632697
C002169,29.68,Sante,Montreal,H1A,68430,4,31.9,0,1,Centre,0.8803319723835246
C008294,26.7,Sciences sociales,Montreal,H8N,77381,7,19.1,0,1,Centre,0.23912221522386548
C007515,26.56,Sciences sociales,Cote-Nord,G0G,52405,13,507.0,1,0,Eloignee,0.08932114475557396
C001136,31.37,Sciences sociales,Capitale-Nationale,G1R,37568,8,6.8,0,1,Centre,0.9954607346456882
C007259,28.48,Sciences sociales,Capitale-Nationale,G1V,143056,4,14.3,0,1,Centre,0.9216559249861289
C009705,25.08,Sciences sociales,Montreal,H2X,103208,13,20.6,0,0,Centre,0.008705871416086341
C013666,29.99,Genie,Gaspesie-Iles-de-la-Madeleine,G5C,41609,17,277.9,0,1,Eloignee,0.9089900145002492
C010613,21.69,Sante,Montreal,H2X,55888,9,10.1,0,0,Centre,9.160195521995676e-05
C005191,27.08,Sciences,Capitale-Nationale,G3A,57422,6,10.5,0,1,Centre,0.05211499369922389
C001918,32.0,Arts et lettres,Gaspesie-Iles-de-la-Madeleine,G0C,109686,15,65.6,0,1,Eloignee,0.9966536681912876
C011697,24.72,Sante,Montreal,H1A,33922,6,7.2,1,0,Centre,0.0006912066514823189
C001944,26.73,Genie,Cote-Nord,G0G,60448,16,221.1,0,0,Eloignee,0.7670144224975076
C007638,28.42,Genie,Capitale-Nationale,G2E,38315,8,26.3,0,0,Centre,0.17485882506332417
C005680,30.12,Sciences sociales,Gaspesie-Iles-de-la-Madeleine,G4X,45400,9,185.5,1,0,Eloignee,0.9615239464095972
C001810,23.51,Sciences,Montreal,H8N,109825,8,7.9,0,0,Centre,0.00018945290313357433
C006523,21.42,Sciences sociales,Gaspesie-Iles-de-la-Madeleine,G4X,57485,18,322.9,1,0,Eloignee,0.0023201748211004016
C013361,31.08,Genie,Capitale-Nationale,G1V,74555,12,6.2,0,1,Centre,0.9983402733128127
C000387,31.08,Sciences sociales,Montreal,H8N,51588,7,9.0,0,1,Centre,0.9990312084887042
C008026,30.5,Genie,Capitale-Nationale,G2E,52967,12,45.1,0,1,Centre,0.978310713938594
C009812,29.23,Genie,Gaspesie-Iles-de-la-Madeleine,G0C,28828,13,129.7,1,0,Eloignee,0.479818107001111
C009947,27.51,Genie,Montreal,H4L,63815,12,26.9,1,0,Centre,0.37969432840640416
C000299,31.14,Arts et lettres,Bas-Saint-Laurent,G5N,102722,12,282.5,0,1,Eloignee,0.9996417456507949
C000151,25.34,Sante,Capitale-Nationale,G3A,53708,8,21.2,1,0,Centre,0.005808003062484703
C011593,28.31,Sciences sociales,Montreal,H1A,56290,10,20.4,0,0,Centre,0.43987840295763125
C001989,23.31,Sante,Bas-Saint-Laurent,G5N,21847,16,269.8,0,0,Eloignee,0.0017354260517852035
C002863,22.71,Sante,Montreal,H8N,113570,10,15.9,1,0,Centre,0.00036278145965683636
C007084,26.62,Sciences sociales,Gaspesie-Iles-de-la-Madeleine,G4X,53267,12,93.6,0,0,Eloignee,0.08965298442374461
C002643,24.53,Arts et lettres,Gaspesie-Iles-de-la-Madeleine,G0C,34628,14,135.9,1,0,Eloignee,0.00020421355404034823
C010595,27.15,Sciences sociales,Bas-Saint-Laurent,G0L,68610,11,138.2,0,0,Eloignee,0.15680695479824444
C011237,32.83,Sante,Montreal,H3T,60200,13,32.7,1,1,Centre,0.9999104714583237
C006226,25.71,Sante,Bas-Saint-Laurent,G0L,53709,12,171.5,1,0,Eloignee,0.011528534370367783
C000925,27.78,Sciences,Montreal,H3T,91256,10,31.0,1,1,Centre,0.699729633254284
C000527,29.39,Genie,Montreal,H8N,59412,6,55.5,1,1,Centre,0.8056645800229865
C009920,22.79,Sciences,Montreal,H4L,121218,9,31.1,0,0,Centre,0.0001905867358454622
C000465,22.59,Sante,Capitale-Nationale,G1R,60896,4,23.0,1,0,Centre,7.728859787021057e-05
C006526,22.92,Arts et lettres,Bas-Saint-Laurent,G0L,49393,14,207.8,0,0,Eloignee,0.00015830336821245732
C001191,31.5,Sciences sociales,Montreal,H4L,39540,11,17.4,0,1,Centre,0.9718924219650203
C011567,25.79,Sante,Cote-Nord,G5B,94422,10,301.8,0,0,Eloignee,0.0639640745846271
C005157,23.17,Genie,Capitale-Nationale,G2E,61893,9,10.3,0,0,Centre,8.891869582547609e-05
C002584,27.61,Genie,Montreal,H8N,62869,7,11.6,1,0,Centre,0.17648797605960154
C002387,27.5,Sciences sociales,Montreal,H3T,48017,5,4.9,0,0,Centre,0.02907280324114031
C012764,23.96,Sciences,Gaspesie-Iles-de-la-Madeleine,G0C,40354,11,178.3,1,0,Eloignee,0.0014915903112961986
C001594,27.52,Sciences sociales,Montreal,H1A,47801,10,10.4,1,0,Centre,0.12080219560613173
C009706,29.22,Arts et lettres,Bas-Saint-Laurent,G5N,43473,10,134.1,1,0,Eloignee,0.44830625929777124
C010208,35.64,Sciences sociales,Montreal,H3T,107938,8,29.2,0,1,Centre,0.9998754017612677
C004094,21.49,Genie,Montreal,H1A,63502,8,16.0,0,0,Centre,8.115795096034032e-05
C012543,24.55,Sciences sociales,Gaspesie-Iles-de-la-Madeleine,G5C,36390,7,385.8,1,0,Eloignee,0.0001252863029060916
C013196,27.0,Sciences,Gaspesie-Iles-de-la-Madeleine,G4X,71643,19,177.7,0,0,Eloignee,0.8596165773810189
C005643,27.7,Arts et lettres,Gaspesie-Iles-de-la-Madeleine,G4X,39759,13,96.6,0,0,Eloignee,0.15027824556630487
C009902,27.57,Genie,Capitale-Nationale,G1V,61628,10,16.6,0,1,Centre,0.47510871754258466
C011090,30.61,Sante,Gaspesie-Iles-de-la-Madeleine,G4X,30357,9,267.0,0,0,Eloignee,0.9845700171092632
C011987,32.05,Sciences sociales,Montreal,H2X,67358,8,5.6,0,1,Centre,0.9997810283889185
C010306,26.76,Arts et lettres,Cote-Nord,G4R,44081,24,232.3,0,0,Eloignee,0.3649882689465237
C006508,24.16,Genie,Gaspesie-Iles-de-la-Madeleine,G5C,48110,15,217.9,1,0,Eloignee,0.0031892345762365277
C004587,25.08,Genie,Montreal,H1A,67622,7,5.7,0,0,Centre,0.0006639465673272263
C005472,27.88,Sciences sociales,Gaspesie-Iles-de-la-Madeleine,G5C,78146,9,292.8,1,0,Eloignee,0.276049273811176
C000954,31.33,Sante,Bas-Saint-Laurent,G5N,42751,12,63.4,0,0,Eloignee,0.9968486010258076
C009745,26.73,Genie,Bas-Saint-Laurent,G0L,42480,18,306.3,0,1,Eloignee,0.4273382350516744
C000500,30.66,Genie,Cote-Nord,G5B,74899,14,162.0,1,1,Eloignee,0.9774786415933423
C003862,28.24,Sante,Montreal,H2X,56621,9,23.7,1,1,Centre,0.45402690698148973
C013822,29.05,Sciences,Montreal,H2X,62669,10,20.8,1,1,Centre,0.7133138691420473
C000470,28.31,Sciences,Cote-Nord,G0G,44263,12,251.6,0,0,Eloignee,0.7694033253147569
C000175,27.85,Genie,Capitale-Nationale,G2E,53816,9,33.4,0,0,Centre,0.10963440742323688
C009604,32.95,Arts et lettres,Montreal,H4L,75840,10,14.9,0,1,Centre,0.9998301153782989
C003688,25.84,Sante,Bas-Saint-Laurent,G5N,46421,18,90.6,0,0,Eloignee,0.7418968275372652
C001524,25.38,Sciences sociales,Gaspesie-Iles-de-la-Madeleine,G4X,29599,7,102.0,0,0,Eloignee,0.003948501229366201
C007593,30.52,Sciences sociales,Capitale-Nationale,G1V,101313,10,5.4,1,1,Centre,0.9974126016171074
C005343,25.28,Arts et lettres,Capitale-Nationale,G1V,117593,11,28.9,0,0,Centre,0.014199326118082204
C003616,25.13,Genie,Capitale-Nationale,G3A,65074,8,6.6,1,0,Centre,0.00130036751435676
C007065,26.87,Arts et lettres,Gaspesie-Iles-de-la-Madeleine,G5C,78735,16,391.2,0,0,Eloignee,0.7262261285130881
C002722,28.15,Genie,Montreal,H4L,65608,16,18.8,0,1,Centre,0.7968609036723682
C012010,26.53,Genie,Montreal,H2X,79320,9,20.3,0,0,Centre,0.065340166497309
C003139,35.73,Sciences sociales,Montreal,H1A,107354,10,32.5,0,1,Centre,0.999833185754844
C007744,27.16,Genie,Bas-Saint-Laurent,G0L,29208,14,198.6,1,0,Eloignee,0.037641190637988785
C003069,28.87,Sciences,Capitale-Nationale,G1R,73273,13,28.1,0,1,Centre,0.957568586424931
C002406,24.87,Sciences,Montreal,H8N,169918,11,2.3,0,0,Centre,0.0980187974095963
C006037,29.28,Arts et lettres,Gaspesie-Iles-de-la-Madeleine,G4X,117322,12,187.8,1,1,Eloignee,0.9670084073204196
C012509,30.86,Sante,Cote-Nord,G0G,124283,16,324.5,0,1,Eloignee,0.9977404410312686
C001445,28.17,Genie,Bas-Saint-Laurent,G0L,20867,17,200.1,0,0,Eloignee,0.21435517099273535
C007999,29.59,Arts et lettres,Montreal,H2X,54784,9,5.4,1,1,Centre,0.9346702756671241
C009870,29.32,Sante,Capitale-Nationale,G1V,95664,8,19.6,1,1,Centre,0.8844417947408845
C003192,25.09,Genie,Bas-Saint-Laurent,G5N,25659,17,330.4,0,0,Eloignee,0.08763264466688468
C009475,24.29,Genie,Capitale-Nationale,G3A,79228,8,22.6,0,0,Centre,0.0001566418203971944
C000584,29.19,Sciences sociales,Gaspesie-Iles-de-la-Madeleine,G4X,29695,10,267.4,1,0,Eloignee,0.3686023781146779
C005934,28.28,Sciences sociales,Montreal,H2X,69822,15,10.6,1,1,Centre,0.7342225140337527
C002495,25.11,Sciences sociales,Cote-Nord,G4R,84783,14,85.0,1,0,Eloignee,0.033813897990990466
C006946,30.47,Sante,Gaspesie-Iles-de-la-Madeleine,G5C,40372,13,319.1,1,1,Eloignee,0.9960095063530804
C010894,26.16,Sante,Gaspesie-Iles-de-la-Madeleine,G4X,67985,15,151.9,1,0,Eloignee,0.172851293062484
C013188,27.93,Sciences,Capitale-Nationale,G3A,53395,6,9.3,1,0,Centre,0.06522518344538226
C002225,24.36,Arts et lettres,Gaspesie-Iles-de-la-Madeleine,G4X,91960,11,282.6,0,0,Eloignee,0.0029616377398576097
C003123,28.19,Genie,Bas-Saint-Laurent,G0L,23184,21,181.5,1,0,Eloignee,0.23846387487876314
C009076,21.27,Sante,Capitale-Nationale,G1V,119234,13,21.0,0,0,Centre,0.0004418428399823504
C009484,27.44,Genie,Montreal,H4L,84939,8,15.9,0,0,Centre,0.33222208391847885
C000801,24.02,Sciences sociales,Cote-Nord,G0G,83327,15,187.2,0,0,Eloignee,0.006657838593577967
C012867,26.55,Genie,Montreal,H1A,86246,7,0.8,0,1,Centre,0.1602716965728776
C011088,29.24,Arts et lettres,Cote-Nord,G4R,54021,15,67.2,0,1,Eloignee,0.9592217677777967
C002142,26.25,Genie,Bas-Saint-Laurent,G0L,37295,10,133.2,1,0,Eloignee,0.057666171875060235
C006318,29.56,Arts et lettres,Cote-Nord,G4R,93233,8,493.6,0,1,Eloignee,0.9518529569970342
C009232,27.17,Sciences sociales,Cote-Nord,G0G,43841,8,236.8,0,0,Eloignee,0.10919862080690637
C006309,27.48,Genie,Montreal,H2X,95699,13,19.2,0,0,Centre,0.6050941118954472
C011267,31.56,Genie,Capitale-Nationale,G2E,65446,6,6.5,0,1,Centre,0.9996134649738599
C006410,26.69,Arts et lettres,Montreal,H8N,73619,7,17.3,1,1,Centre,0.5319490725826287
C008972,23.19,Sante,Capitale-Nationale,G2E,70050,13,5.9,0,0,Centre,0.00015871061994865603
C000890,31.51,Sciences sociales,Capitale-Nationale,G1R,94439,13,64.6,0,1,Centre,0.9992522507993729
C004842,29.49,Arts et lettres,Bas-Saint-Laurent,G5L,86931,5,227.8,0,0,Eloignee,0.8333084761360092
C010537,29.82,Sciences,Gaspesie-Iles-de-la-Madeleine,G5C,45326,6,486.0,0,0,Eloignee,0.9618435648946606
C005324,28.93,Sciences,Montreal,H4L,80223,11,19.4,1,0,Centre,0.9036310222939331
C005202,28.32,Sciences sociales,Montreal,H4L,54192,12,13.7,0,1,Centre,0.8032979160163481
C007391,26.95,Arts et lettres,Montreal,H2X,103259,16,35.3,0,0,Centre,0.8603837276600879
C008406,28.32,Sante,Montreal,H3T,69978,6,58.3,0,1,Centre,0.6142576049097728
C007311,19.99,Sciences sociales,Capitale-Nationale,G1V,126202,8,9.5,0,0,Centre,0.0001794493348832978
C001934,32.86,Genie,Montreal,H2X,41982,12,18.7,0,1,Centre,0.9995617946010422
C006011,25.25,Genie,Montreal,H8N,159989,12,10.5,0,0,Centre,0.09693263329943723
C006413,28.34,Genie,Capitale-Nationale,G3A,66094,13,10.3,0,1,Centre,0.8569479785177937
C005198,32.39,Genie,Capitale-Nationale,G3A,78736,6,16.9,0,1,Centre,0.9992606032002134
C009308,25.17,Sciences,Cote-Nord,G4R,77069,20,161.3,0,0,Eloignee,0.5104652335121316
C004132,22.06,Arts et lettres,Montreal,H1A,112657,8,12.0,0,0,Centre,0.0014536326174684336
C002235,26.16,Sciences sociales,Gaspesie-Iles-de-la-Madeleine,G4X,27774,11,222.7,0,0,Eloignee,0.0689045026093511
C001495,23.46,Genie,Gaspesie-Iles-de-la-Madeleine,G4X,55677,16,77.9,1,0,Eloignee,0.002181615442102249
C011075,31.74,Sante,Gaspesie-Iles-de-la-Madeleine,G4X,34769,7,28.8,1,1,Eloignee,0.9998938727782635
C012178,30.94,Genie,Capitale-Nationale,G3A,83949,9,6.8,0,1,Centre,0.9928303513566855
C013190,29.11,Sciences,Capitale-Nationale,G3A,135201,12,31.1,1,1,Centre,0.9521498403715255
C010318,25.33,Genie,Capitale-Nationale,G2E,66045,9,31.1,0,0,Centre,0.002732270095326205
C000062,24.4,Genie,Bas-Saint-Laurent,G5L,48000,21,221.5,0,0,Eloignee,0.021121237626008486
C001263,24.78,Sciences,Montreal,H2X,99685,12,2.3,0,0,Centre,0.00029659840683586667
C003165,31.47,Sante,Montreal,H2X,57559,7,5.2,0,1,Centre,0.9970261041894729
C000487,27.27,Sante,Capitale-Nationale,G3A,51336,15,17.9,0,1,Centre,0.6067259465272552
C010003,33.11,Sante,Cote-Nord,G4R,31037,12,343.8,1,1,Eloignee,0.9998799207388873
C005055,29.85,Genie,Bas-Saint-Laurent,G0L,28986,16,216.7,1,0,Eloignee,0.9674917631746861
C002042,27.61,Sciences,Bas-Saint-Laurent,G0L,56046,11,199.3,0,0,Eloignee,0.2341404894536028
C010704,26.48,Sante,Gaspesie-Iles-de-la-Madeleine,G5C,78872,11,179.3,1,0,Eloignee,0.24955492999283635
C008008,27.98,Genie,Capitale-Nationale,G1R,99688,1,16.7,0,0,Centre,0.17782995551645817
C009645,23.35,Sciences,Gaspesie-Iles-de-la-Madeleine,G5C,18012,16,54.9,0,0,Eloignee,0.0018709453993666699
C002564,29.8,Sciences,Montreal,H4L,97943,7,11.5,0,1,Centre,0.9439509333041333
C007194,29.08,Sante,Cote-Nord,G0G,45727,9,89.3,0,0,Eloignee,0.7516234689242848
C001901,25.17,Sante,Gaspesie-Iles-de-la-Madeleine,G4X,28311,7,200.0,0,0,Eloignee,0.00582421766065684
C012085,26.94,Arts et lettres,Montreal,H8N,44208,12,7.5,0,0,Centre,0.2685262772800052
C005838,26.97,Sante,Capitale-Nationale,G1R,59732,4,36.3,0,0,Centre,0.020661407657713387
C004741,25.24,Genie,Capitale-Nationale,G3A,44417,6,7.1,0,0,Centre,0.0034415596324851223
C004340,29.25,Sante,Gaspesie-Iles-de-la-Madeleine,G5C,31834,13,412.6,0,0,Eloignee,0.9768446253132038
C002931,28.34,Arts et lettres,Capitale-Nationale,G3A,42241,5,7.6,0,0,Centre,0.1695987790982547
C009491,29.43,Arts et lettres,Bas-Saint-Laurent,G5L,31999,15,83.6,1,1,Eloignee,0.9327031067404192
C010991,26.59,Sciences sociales,Montreal,H3T,78075,5,20.8,0,0,Centre,0.015367456837739057
C009040,29.48,Genie,Capitale-Nationale,G2E,95209,7,33.5,0,1,Centre,0.9093499575200636
C003284,27.18,Genie,Capitale-Nationale,G3A,76157,8,16.5,0,0,Centre,0.2253818781218702
C008882,24.96,Sciences,Bas-Saint-Laurent,G0L,70109,15,533.5,1,0,Eloignee,0.009792122934925178
C004220,27.47,Genie,Montreal,H2X,65642,13,27.7,1,0,Centre,0.4422229019589592
C012518,26.18,Arts et lettres,Montreal,H2X,94466,14,45.6,0,0,Centre,0.3085137564245739
C003549,32.55,Sciences sociales,Montreal,H1A,63467,8,14.5,0,1,Centre,0.999763045174988
C003294,32.7,Sciences,Capitale-Nationale,G2E,18234,8,15.7,1,1,Centre,0.9996630786365772
C004841,28.76,Sciences,Montreal,H4L,61643,13,32.8,0,1,Centre,0.9056174495593916
C000007,28.19,Sciences sociales,Gaspesie-Iles-de-la-Madeleine,G0C,149398,21,262.2,1,1,Eloignee,0.9685873890561358
C007199,31.05,Sante,Montreal,H2X,72512,10,30.7,1,1,Centre,0.9950624827950587
C011687,31.08,Sante,Gaspesie-Iles-de-la-Madeleine,G0C,30504,15,161.9,1,0,Eloignee,0.9992199812089262
C011631,33.35,Sciences sociales,Montreal,H2X,98016,11,14.5,0,1,Centre,0.9998186452174748
C011880,23.22,Sante,Gaspesie-Iles-de-la-Madeleine,G4X,27928,18,132.9,1,0,Eloignee,0.0014630780002230339
C010978,25.31,Sciences,Bas-Saint-Laurent,G0L,59092,12,221.7,0,0,Eloignee,0.004756914689646648
C013065,26.94,Sciences sociales,Montreal,H8N,59355,14,19.4,1,0,Centre,0.3970030987238306
C004562,28.67,Sciences,Cote-Nord,G4R,25255,11,55.6,0,0,Eloignee,0.5338270254719552
C005119,31.53,Sante,Bas-Saint-Laurent,G5L,39562,11,147.0,0,0,Eloignee,0.9933477951779712
C013267,28.22,Sciences sociales,Bas-Saint-Laurent,G0L,42658,12,364.1,0,1,Eloignee,0.34201132339430035
C013852,28.74,Genie,Gaspesie-Iles-de-la-Madeleine,G4X,100633,10,106.4,0,0,Eloignee,0.893055965568976
C011931,28.55,Sciences sociales,Bas-Saint-Laurent,G5N,60787,5,153.1,1,0,Eloignee,0.5048943171591999
C002131,30.82,Sciences,Montreal,H4L,31671,9,26.0,1,1,Centre,0.9905011956954203
C004007,32.77,Sante,Capitale-Nationale,G1R,39161,10,5.8,1,1,Centre,0.999870268244804
C003336,27.36,Arts et lettres,Bas-Saint-Laurent,G5N,29106,17,262.4,0,0,Eloignee,0.14135900257121095
C013238,30.17,Arts et lettres,Cote-Nord,G4R,64601,12,202.0,1,1,Eloignee,0.9230637602353245
C002538,25.05,Sciences,Gaspesie-Iles-de-la-Madeleine,G0C,64760,10,353.2,0,0,Eloignee,0.0013140818138855312
C002277,26.0,Sciences sociales,Capitale-Nationale,G1V,54545,9,26.0,0,1,Centre,0.2861075821476769
C006068,25.15,Sciences,Capitale-Nationale,G2E,48754,9,5.9,0,0,Centre,0.004274626107580469
C009840,23.51,Sciences sociales,Capitale-Nationale,G1R,61161,9,1.8,1,0,Centre,0.00012646293053747448
C011780,24.52,Sciences sociales,Bas-Saint-Laurent,G5L,83665,11,312.4,1,0,Eloignee,0.0003171217390163041
C006998,30.86,Arts et lettres,Capitale-Nationale,G2E,92541,9,58.7,0,1,Centre,0.9940058873612463
C010736,28.63,Arts et lettres,Gaspesie-Iles-de-la-Madeleine,G4X,57430,12,685.6,0,1,Eloignee,0.7144880562054785
C004738,26.84,Arts et lettres,Montreal,H8N,89772,12,24.1,0,1,Centre,0.699041469303048
C002469,28.21,Sciences sociales,Gaspesie-Iles-de-la-Madeleine,G4X,100843,9,633.3,0,0,Eloignee,0.7449571678297755
C002555,31.25,Sante,Montreal,H4L,84911,9,22.7,0,1,Centre,0.9992274841013487
C007770,26.43,Genie,Bas-Saint-Laurent,G5L,51778,16,279.1,1,0,Eloignee,0.333690217090212
C001076,27.23,Sciences,Montreal,H4L,38708,8,19.1,1,0,Centre,0.04468275438947832
C003959,34.65,Arts et lettres,Montreal,H8N,134707,6,5.2,0,1,Centre,0.9996941382791833
C012522,25.0,Sciences,Montreal,H4L,131553,9,11.9,1,0,Centre,0.009544119954810795
C001221,28.01,Sante,Bas-Saint-Laurent,G0L,63909,8,238.0,1,0,Eloignee,0.36355950837455286
C012802,30.23,Sante,Montreal,H8N,39627,16,42.2,1,1,Centre,0.9878533217939756
C004117,29.51,Sciences,Bas-Saint-Laurent,G5N,51137,12,353.4,0,1,Eloignee,0.7843137176238725
C006673,29.74,Arts et lettres,Cote-Nord,G4R,51601,7,310.3,0,1,Eloignee,0.5337431266950262
C006390,33.15,Genie,Montreal,H4L,78321,11,43.1,0,1,Centre,0.9998982416195787
C002324,26.46,Sante,Montreal,H8N,38429,7,27.4,0,0,Centre,0.004646601370961867
C002191,29.96,Sante,Montreal,H1A,58688,11,5.6,0,1,Centre,0.9488120736051309
C012857,33.18,Sciences,Gaspesie-Iles-de-la-Madeleine,G5C,24648,15,79.8,1,1,Eloignee,0.9978320966457735
C004085,26.23,Sciences,Montreal,H8N,77054,11,1.2,0,0,Centre,0.03568080893053814
C002975,24.76,Genie,Cote-Nord,G0G,48705,15,253.6,0,0,Eloignee,0.0077390201586499535
C009089,29.63,Genie,Bas-Saint-Laurent,G0L,42285,15,155.4,1,1,Eloignee,0.9480661207722466
C010385,27.06,Sciences sociales,Montreal,H8N,47323,7,16.4,0,0,Centre,0.12425768971422077
C007681,28.46,Sciences,Capitale-Nationale,G1R,67714,9,6.1,0,1,Centre,0.6233065825965263
C007863,29.0,Genie,Gaspesie-Iles-de-la-Madeleine,G0C,70371,14,158.4,0,1,Eloignee,0.9704919107177183
C010106,30.31,Arts et lettres,Capitale-Nationale,G2E,86881,12,11.0,1,1,Centre,0.9937974329431052
C000951,26.02,Genie,Montreal,H4L,55380,14,32.1,0,0,Centre,0.11043250358034841
C009736,26.82,Arts et lettres,Capitale-Nationale,G1V,60776,7,34.9,1,0,Centre,0.03136406629526678
C012007,31.12,Arts et lettres,Cote-Nord,G0G,45464,5,190.2,1,1,Eloignee,0.9628190327480793
C002494,26.61,Sciences,Capitale-Nationale,G1V,72102,8,12.7,0,0,Centre,0.058168998083464145
C006237,22.42,Sciences sociales,Gaspesie-Iles-de-la-Madeleine,G4X,75630,14,323.1,0,0,Eloignee,0.00016081960413461327
C009768,23.66,Arts et lettres,Gaspesie-Iles-de-la-Madeleine,G5C,32877,19,173.5,0,0,Eloignee,0.00223606720947378
C006457,21.07,Sciences,Capitale-Nationale,G2E,83340,12,10.5,0,0,Centre,0.00019717615991050115
C012792,28.11,Arts et lettres,Montreal,H1A,68294,10,16.5,0,0,Centre,0.5656027250952336
C005833,26.65,Sciences sociales,Capitale-Nationale,G2E,153068,11,27.2,0,0,Centre,0.423899672355783
C001930,32.24,Sante,Capitale-Nationale,G1R,25052,10,13.6,0,1,Centre,0.9994168290324333
C005401,31.92,Sciences,Montreal,H4L,45411,10,24.7,0,1,Centre,0.9998240349751035
C007765,31.35,Sante,Bas-Saint-Laurent,G5N,21288,16,85.7,1,1,Eloignee,0.9964361882625399
C011863,30.46,Genie,Capitale-Nationale,G3A,56971,8,37.3,0,1,Centre,0.8881491198115431
C007623,26.82,Genie,Capitale-Nationale,G1R,126417,7,4.4,0,0,Centre,0.10000897073770364
C000247,29.88,Arts et lettres,Cote-Nord,G4R,76819,12,193.6,1,0,Eloignee,0.9861576360924073
C011918,32.36,Genie,Montreal,H2X,40994,7,19.2,0,1,Centre,0.9992277778305477
C010754,25.3,Sciences,Bas-Saint-Laurent,G5N,60336,12,124.3,0,0,Eloignee,0.005747040011588069
C009997,24.2,Sciences,Gaspesie-Iles-de-la-Madeleine,G4X,58548,11,290.0,1,0,Eloignee,0.00014133160159561395
C001729,31.81,Sciences,Cote-Nord,G0G,50187,9,330.6,0,1,Eloignee,0.9996365448356409
C010209,27.23,Sciences sociales,Capitale-Nationale,G1R,69103,11,2.4,0,0,Centre,0.19329699862412372
C013674,28.78,Sciences,Montreal,H3T,101353,11,12.5,0,0,Centre,0.5568546377575516
C013828,27.64,Sante,Cote-Nord,G4R,66179,16,119.8,1,0,Eloignee,0.5659743722523598
C007227,26.59,Arts et lettres,Capitale-Nationale,G1R,110699,6,11.9,0,0,Centre,0.07369754945230926
C004215,29.14,Sciences,Gaspesie-Iles-de-la-Madeleine,G4X,54992,11,193.7,1,1,Eloignee,0.7424024800700247
C008173,29.15,Genie,Montreal,H1A,103666,10,13.4,0,1,Centre,0.8631020409426249
C003991,30.64,Genie,Gaspesie-Iles-de-la-Madeleine,G0C,33555,10,166.9,0,1,Eloignee,0.6198798468774249
C011440,27.63,Genie,Bas-Saint-Laurent,G5L,57907,13,170.2,1,0,Eloignee,0.5308946758468847
C008414,30.93,Genie,Gaspesie-Iles-de-la-Madeleine,G4X,19999,8,274.5,1,1,Eloignee,0.9914153190213466
C000967,29.4,Sante,Gaspesie-Iles-de-la-Madeleine,G5C,90291,18,249.9,1,1,Eloignee,0.9851171259812607
C000566,28.76,Arts et lettres,Montreal,H4L,78571,8,8.7,1,1,Centre,0.5897775077231951
C012911,27.38,Sante,Gaspesie-Iles-de-la-Madeleine,G4X,49383,11,218.6,0,0,Eloignee,0.3519230576832987
C002413,27.28,Sante,Bas-Saint-Laurent,G0L,32674,9,43.4,0,0,Eloignee,0.06027039802716998
C007211,21.84,Sciences,Gaspesie-Iles-de-la-Madeleine,G4X,36960,15,223.6,1,0,Eloignee,0.00042809662386269646
C001075,26.16,Arts et lettres,Capitale-Nationale,G3A,112616,10,32.0,0,0,Centre,0.17881076255693984
C010631,30.19,Sciences,Bas-Saint-Laurent,G0L,67924,15,125.8,1,1,Eloignee,0.9940575681790482
C011864,25.75,Sante,Capitale-Nationale,G1R,103673,9,10.3,1,0,Centre,0.08470542459454541
C006993,27.9,Sciences,Capitale-Nationale,G3A,71526,9,19.8,0,0,Centre,0.3744471521992786
C009857,31.88,Arts et lettres,Montreal,H8N,63152,8,45.0,0,1,Centre,0.9997315388765494
C004671,29.43,Arts et lettres,Capitale-Nationale,G2E,61095,6,6.1,0,1,Centre,0.7007814928733674
C006437,25.09,Genie,Gaspesie-Iles-de-la-Madeleine,G5C,57935,12,154.8,1,0,Eloignee,0.003023492565895842
C011959,25.17,Sante,Bas-Saint-Laurent,G5L,47198,14,193.8,1,0,Eloignee,0.051959783948720084
C001897,28.34,Arts et lettres,Cote-Nord,G5B,35474,14,221.7,0,0,Eloignee,0.5594126900694499
C011464,29.17,Sante,Montreal,H3T,62153,7,26.2,0,1,Centre,0.6643520940660957
C010783,25.15,Arts et lettres,Gaspesie-Iles-de-la-Madeleine,G5C,38979,12,237.1,1,0,Eloignee,0.02234437241673395
C008496,31.99,Genie,Montreal,H4L,82808,11,24.2,1,1,Centre,0.9994763965672515
C005152,28.2,Genie,Capitale-Nationale,G1V,73101,10,20.2,0,0,Centre,0.7905321894126406
C011191,29.03,Genie,Capitale-Nationale,G3A,38508,8,23.9,0,0,Centre,0.3487055805114085
C013288,33.13,Sciences sociales,Montreal,H2X,105136,13,42.7,1,1,Centre,0.9997548235467778
C012858,26.06,Arts et lettres,Gaspesie-Iles-de-la-Madeleine,G5C,32629,17,255.3,1,0,Eloignee,0.3979649494439164
C009785,26.41,Genie,Montreal,H4L,76330,8,14.4,0,1,Centre,0.33678296863337653
C005163,30.0,Arts et lettres,Montreal,H2X,71018,5,37.2,1,1,Centre,0.7799182086080668
C008526,26.3,Sante,Capitale-Nationale,G2E,131840,4,12.3,0,0,Centre,0.0220100079925583
C006353,25.85,Sante,Montreal,H3T,102226,6,47.2,0,0,Centre,0.022857071055225737
C007521,24.94,Genie,Montreal,H4L,72344,10,18.8,0,0,Centre,0.0021539909388556978
C009068,31.73,Sciences,Montreal,H4L,72674,10,48.5,0,1,Centre,0.9998252126396173
C013774,24.96,Sciences sociales,Capitale-Nationale,G2E,59953,8,1.4,1,0,Centre,0.0011528227743855912
C012273,23.71,Genie,Gaspesie-Iles-de-la-Madeleine,G5C,69512,8,67.8,1,0,Eloignee,8.713653393077064e-05
C007123,30.31,Sante,Capitale-Nationale,G1V,40860,8,54.4,0,1,Centre,0.9130088185732688
C002743,28.9,Genie,Montreal,H2X,34321,7,17.2,1,1,Centre,0.39680373883355813
C003631,29.77,Sciences,Montreal,H8N,39041,15,30.5,0,1,Centre,0.991532954122102
C007286,28.73,Genie,Capitale-Nationale,G3A,38704,10,43.2,0,0,Centre,0.3146626146279188
C002636,26.05,Sciences sociales,Capitale-Nationale,G1V,101440,11,18.9,0,0,Centre,0.20175564741129523
C006674,29.1,Sciences,Montreal,H4L,59615,11,13.4,0,0,Centre,0.7302441901735781
C005174,23.89,Sciences,Montreal,H2X,66250,10,40.8,0,0,Centre,8.722756020672095e-05
C006272,29.41,Sciences sociales,Capitale-Nationale,G1R,57458,10,7.2,1,0,Centre,0.7026745262211943
C003398,27.5,Sciences,Gaspesie-Iles-de-la-Madeleine,G4X,72273,19,248.6,1,1,Eloignee,0.8084077945672193
C004409,27.49,Sciences,Capitale-Nationale,G2E,63300,5,14.6,1,0,Centre,0.13358123352753715
C007006,29.76,Sciences sociales,Capitale-Nationale,G1V,50634,13,4.7,1,1,Centre,0.985380881357073
C004061,26.76,Sante,Montreal,H4L,66497,12,20.5,0,0,Centre,0.07512560013984465
C002168,25.0,Sciences sociales,Bas-Saint-Laurent,G0L,38844,14,251.4,0,0,Eloignee,0.006144509153512111
C009605,32.82,Sciences,Montreal,H3T,69179,9,21.2,0,1,Centre,0.9998290792945684
C005027,28.63,Sante,Montreal,H3T,51215,12,36.7,0,1,Centre,0.8460861429451726
C012810,23.45,Arts et lettres,Montreal,H4L,156819,13,31.8,0,0,Centre,0.0012685790224236848
C012378,30.18,Arts et lettres,Bas-Saint-Laurent,G5N,31429,15,175.6,0,1,Eloignee,0.9779334110221053
C002139,27.18,Genie,Montreal,H3T,75140,5,10.9,0,0,Centre,0.16183140980133706
C009332,29.45,Sciences,Bas-Saint-Laurent,G5L,62171,9,36.3,1,0,Eloignee,0.756649796375014
C009500,28.43,Sciences sociales,Gaspesie-Iles-de-la-Madeleine,G5C,46953,13,214.5,1,0,Eloignee,0.9088540243503854
C001539,26.11,Genie,Montreal,H4L,97819,10,46.4,0,1,Centre,0.1721957928828716
C002134,26.49,Sciences sociales,Montreal,H1A,127962,7,40.1,0,0,Centre,0.05464576486022968
C005296,32.11,Sciences,Capitale-Nationale,G1V,57030,7,9.5,0,1,Centre,0.999699268828181
C009483,27.14,Sciences,Capitale-Nationale,G2E,43621,10,1.9,1,0,Centre,0.041081531104486126
C009117,23.99,Arts et lettres,Montreal,H1A,72211,12,21.2,0,0,Centre,0.0015985507806562636
C003555,24.66,Sciences,Montreal,H8N,127266,9,39.2,0,0,Centre,0.00031881781292541946
C001668,25.62,Genie,Cote-Nord,G0G,57235,18,63.2,1,0,Eloignee,0.791753580833703
C000104,27.17,Sciences sociales,Capitale-Nationale,G3A,110312,10,10.0,0,1,Centre,0.30807264780646093
C013358,26.62,Sciences,Capitale-Nationale,G1R,39664,9,51.9,0,0,Centre,0.007484760617880622
C005019,27.93,Sciences sociales,Gaspesie-Iles-de-la-Madeleine,G0C,63124,8,114.3,1,0,Eloignee,0.30616184505508015
C005942,28.56,Genie,Montreal,H3T,76661,6,28.3,0,1,Centre,0.40929406508722643
C002282,30.34,Genie,Montreal,H1A,66102,15,6.3,0,1,Centre,0.9972379928470708
C002100,26.01,Sante,Montreal,H4L,150987,13,11.9,0,0,Centre,0.38867928613018676
C009865,28.11,Genie,Capitale-Nationale,G3A,84665,10,13.8,0,1,Centre,0.7840007695350139
C013629,28.36,Sante,Montreal,H2X,101695,7,18.7,1,1,Centre,0.7807536149385647
C005630,32.6,Sciences,Montreal,H8N,88165,7,20.4,0,1,Centre,0.9948996107832654
C013943,29.47,Sante,Capitale-Nationale,G3A,50961,6,52.1,0,1,Centre,0.7130702350444048
C009067,32.27,Sciences,Gaspesie-Iles-de-la-Madeleine,G0C,49877,18,128.0,1,1,Eloignee,0.994921842682002
C001932,27.57,Sciences,Capitale-Nationale,G3A,57287,9,9.2,1,0,Centre,0.1797508887509771
C008555,33.25,Sante,Capitale-Nationale,G2E,101154,13,12.2,1,1,Centre,0.9998573128718836
C005021,22.14,Sciences,Bas-Saint-Laurent,G5N,24762,13,75.8,0,0,Eloignee,0.0003340189827616922
C000596,28.7,Genie,Montreal,H1A,52093,10,11.7,0,0,Centre,0.5343296848711026
C007436,23.01,Genie,Bas-Saint-Laurent,G0L,100524,19,202.1,0,0,Eloignee,0.006692114066093544
C001873,28.41,Sciences sociales,Montreal,H2X,57021,8,4.5,0,1,Centre,0.579582417244762
C003658,37.02,Arts et lettres,Montreal,H4L,87838,13,54.8,0,1,Centre,0.9983290727578078
C005095,29.92,Genie,Montreal,H3T,65020,8,14.5,0,1,Centre,0.986685662550943
C011656,31.01,Sante,Montreal,H8N,120166,6,6.5,0,1,Centre,0.9975477325929387
C013428,28.69,Genie,Cote-Nord,G5B,42559,9,164.5,0,0,Eloignee,0.3639677620948887
C002862,32.33,Sciences,Gaspesie-Iles-de-la-Madeleine,G0C,50429,19,184.8,0,1,Eloignee,0.9956607163704977
C013890,28.42,Sciences sociales,Capitale-Nationale,G1V,68242,12,39.7,0,1,Centre,0.7522278482573052
C004237,30.29,Sciences,Capitale-Nationale,G1V,75545,13,11.7,0,1,Centre,0.9938971475912985
C000474,31.91,Genie,Montreal,H4L,36731,12,2.4,0,1,Centre,0.9994863654004789
C002784,25.97,Sciences sociales,Montreal,H8N,42931,12,20.2,1,0,Centre,0.03759768875196324
C007204,26.71,Genie,Capitale-Nationale,G3A,82243,8,28.4,0,0,Centre,0.08953247535267189
C003553,26.37,Sante,Cote-Nord,G4R,53661,12,207.4,1,0,Eloignee,0.057049195824956905
C008236,34.19,Sante,Gaspesie-Iles-de-la-Madeleine,G0C,41874,15,495.4,1,1,Eloignee,0.9996883725225932
C006129,25.34,Sciences,Montreal,H2X,29975,14,6.5,0,0,Centre,0.039925294152360506
C013623,24.44,Sciences,Gaspesie-Iles-de-la-Madeleine,G5C,65224,11,74.7,1,0,Eloignee,0.00014043694222452705
C004193,25.93,Sciences sociales,Capitale-Nationale,G3A,81933,9,79.3,0,0,Centre,0.10410074859707338
C005051,22.5,Sciences sociales,Cote-Nord,G4R,40421,17,153.0,0,0,Eloignee,0.0013709555386080064
C009341,28.44,Sciences sociales,Bas-Saint-Laurent,G5N,65446,13,115.5,0,0,Eloignee,0.8704531374479001
C009317,31.29,Sante,Gaspesie-Iles-de-la-Madeleine,G0C,66133,7,282.1,0,1,Eloignee,0.9981417246714691
C006027,28.94,Sciences sociales,Capitale-Nationale,G2E,90927,6,43.2,0,1,Centre,0.7639071977088611
C004291,27.57,Sciences sociales,Gaspesie-Iles-de-la-Madeleine,G4X,75456,13,96.0,0,0,Eloignee,0.3906083448820038
C012365,25.71,Sciences,Montreal,H3T,187736,5,8.3,0,0,Centre,0.016234347213159844
C002670,23.08,Sciences,Capitale-Nationale,G2E,61195,11,5.1,0,0,Centre,9.361541564275031e-05
C006870,25.84,Sante,Bas-Saint-Laurent,G0L,34988,8,341.9,1,0,Eloignee,0.0027565926040622668
C004366,25.67,Arts et lettres,Bas-Saint-Laurent,G5N,25210,12,260.4,0,0,Eloignee,0.028568984698637973
C002903,22.4,Sciences sociales,Montreal,H2X,85491,8,20.8,0,0,Centre,0.0001006533866771772
C007794,20.23,Genie,Gaspesie-Iles-de-la-Madeleine,G4X,77906,10,289.6,0,0,Eloignee,0.00014700413107176624
C010189,24.25,Sciences sociales,Gaspesie-Iles-de-la-Madeleine,G4X,105365,13,35.0,0,0,Eloignee,0.00033079237752552023
C013493,27.55,Arts et lettres,Montreal,H1A,66768,10,47.1,1,1,Centre,0.47186128423124085
C008253,31.4,Arts et lettres,Gaspesie-Iles-de-la-Madeleine,G0C,50173,13,168.2,0,1,Eloignee,0.9995666606843884
C001611,26.4,Genie,Bas-Saint-Laurent,G5L,30757,11,157.1,0,0,Eloignee,0.019353719146936614
C012903,26.77,Genie,Gaspesie-Iles-de-la-Madeleine,G0C,42527,19,156.7,0,0,Eloignee,0.32851021010159803
C013603,26.35,Sciences,Cote-Nord,G0G,28739,12,82.5,1,0,Eloignee,0.04767474823465491
C005914,27.34,Sciences,Gaspesie-Iles-de-la-Madeleine,G4X,62015,14,204.5,1,0,Eloignee,0.5170538866462892
C007881,33.33,Genie,Montreal,H2X,63628,5,31.9,0,1,Centre,0.9992222637303355
C007276,30.34,Arts et lettres,Capitale-Nationale,G3A,74937,7,12.0,0,1,Centre,0.9524613382109497
C013128,30.92,Sciences,Cote-Nord,G4R,30294,14,290.9,1,0,Eloignee,0.9946755953930035
C000296,31.47,Sciences sociales,Montreal,H3T,56946,7,31.4,1,1,Centre,0.99708879306258
C005396,30.52,Arts et lettres,Gaspesie-Iles-de-la-Madeleine,G5C,42970,21,193.4,0,1,Eloignee,0.9643887970890872
C013348,28.46,Arts et lettres,Capitale-Nationale,G2E,39563,6,17.6,0,0,Centre,0.26296548124385855
C013438,35.27,Sante,Cote-Nord,G4R,52465,10,266.7,1,1,Eloignee,0.9998256647857776
C001805,26.91,Genie,Montreal,H4L,104264,9,24.5,1,0,Centre,0.24430205843329098
C008847,22.64,Genie,Montreal,H3T,56446,9,6.1,0,0,Centre,8.450480343206052e-05
C009537,28.17,Sante,Bas-Saint-Laurent,G5L,56575,15,353.4,0,0,Eloignee,0.7133303618410807
C004523,26.06,Sciences sociales,Capitale-Nationale,G2E,110113,11,6.8,0,0,Centre,0.10826436392541121
C000045,24.49,Sante,Capitale-Nationale,G1R,61954,4,4.3,0,0,Centre,0.0001269957669154902
C005208,24.85,Sciences,Capitale-Nationale,G1R,62847,11,24.6,0,0,Centre,0.00014043694222452705
C003786,29.81,Arts et lettres,Gaspesie-Iles-de-la-Madeleine,G0C,41410,7,278.3,0,1,Eloignee,0.9009371511310255
C006212,25.61,Genie,Montreal,H1A,87276,11,14.6,0,1,Centre,0.41458873813113106
C006745,26.59,Sciences,Cote-Nord,G0G,46974,7,381.5,0,0,Eloignee,0.009810838186033873
C002719,28.98,Arts et lettres,Montreal,H1A,90283,3,27.7,1,0,Centre,0.2466308530869381
C010866,33.18,Sciences,Gaspesie-Iles-de-la-Madeleine,G0C,34208,13,304.3,1,1,Eloignee,0.9998455900587077
C010892,25.19,Genie,Cote-Nord,G4R,54912,10,227.6,0,0,Eloignee,0.006446617547035469
C002153,27.38,Sciences,Montreal,H2X,34209,10,20.4,1,0,Centre,0.036771216782746606
C004198,21.19,Genie,Montreal,H1A,139848,7,24.4,0,0,Centre,0.00044622777614411333
C006477,24.51,Arts et lettres,Gaspesie-Iles-de-la-Madeleine,G0C,20688,13,306.9,1,0,Eloignee,0.00041973018917768073
C007610,25.94,Sante,Capitale-Nationale,G1R,123844,8,6.2,0,0,Centre,0.06485718112632788
C001543,28.23,Genie,Gaspesie-Iles-de-la-Madeleine,G5C,50948,16,289.0,1,0,Eloignee,0.5364208747361863
C011952,27.77,Sante,Capitale-Nationale,G1V,153087,7,20.2,0,1,Centre,0.8188787298528466
C010104,31.51,Sciences sociales,Montreal,H1A,66792,10,56.6,0,1,Centre,0.9984658026606015
C000343,22.28,Sciences,Capitale-Nationale,G1V,82510,11,7.6,1,0,Centre,0.00021366881466226858
C003435,30.37,Sante,Gaspesie-Iles-de-la-Madeleine,G4X,39179,13,77.2,0,1,Eloignee,0.9923105665918918
C012508,25.92,Sciences,Gaspesie-Iles-de-la-Madeleine,G5C,35116,25,238.6,0,0,Eloignee,0.37909824665010833
C006613,28.0,Genie,Montreal,H1A,47607,9,9.2,0,0,Centre,0.11078338219612185
C005892,28.4,Sciences,Montreal,H1A,122500,8,31.9,0,1,Centre,0.5757193797655032
C005789,29.61,Genie,Capitale-Nationale,G1R,59826,6,3.2,0,1,Centre,0.8513759249786624
C007552,26.64,Sante,Montreal,H3T,91526,11,23.9,1,1,Centre,0.448318840888474
C005004,28.55,Sciences sociales,Cote-Nord,G0G,39329,9,292.8,1,0,Eloignee,0.44294040815308666
C008538,27.56,Sciences,Capitale-Nationale,G1V,48143,5,15.4,0,0,Centre,0.035954893057761894
C006640,28.26,Sante,Gaspesie-Iles-de-la-Madeleine,G5C,68983,10,165.8,0,0,Eloignee,0.6807336409417398
C013633,29.04,Sciences sociales,Cote-Nord,G5B,50047,5,203.8,1,0,Eloignee,0.4189988526766006
C013544,24.91,Genie,Montreal,H4L,109538,4,15.3,0,0,Centre,0.0015296612772261035
C007368,24.4,Genie,Montreal,H4L,72515,6,49.7,1,0,Centre,0.00013980472109456404
C000817,30.18,Sante,Montreal,H4L,96975,8,35.4,0,1,Centre,0.9844460458140383
C013119,25.46,Sciences sociales,Montreal,H1A,68384,8,31.1,0,0,Centre,0.0022644531598388505
C007464,26.9,Sciences,Gaspesie-Iles-de-la-Madeleine,G5C,59306,14,251.1,1,0,Eloignee,0.5241208442061733
C008860,31.22,Genie,Gaspesie-Iles-de-la-Madeleine,G5C,51091,10,70.7,0,1,Eloignee,0.997374303400215
C011234,26.26,Genie,Montreal,H8N,102354,7,61.3,0,1,Centre,0.5202033380140726
C009025,23.68,Genie,Montreal,H3T,27417,4,11.8,1,0,Centre,0.0001160516468102101
C009344,30.03,Sciences sociales,Montreal,H4L,96446,4,28.2,0,1,Centre,0.9424014501831555
C007913,35.21,Genie,Montreal,H2X,60139,7,32.3,0,1,Centre,0.999701091904736
C009985,25.76,Arts et lettres,Bas-Saint-Laurent,G5L,40768,13,247.0,0,0,Eloignee,0.049285428545734165
C003367,24.92,Sciences,Gaspesie-Iles-de-la-Madeleine,G0C,121385,8,166.8,0,0,Eloignee,0.005233080667703714
C002195,27.53,Sciences,Montreal,H2X,85463,11,28.2,0,1,Centre,0.6435805319164963
C004765,28.44,Sciences sociales,Montreal,H1A,58843,11,23.2,0,1,Centre,0.6620504865105027
C009711,28.6,Sciences sociales,Bas-Saint-Laurent,G0L,49028,13,159.3,0,0,Eloignee,0.9051401768532803
C004875,27.46,Arts et lettres,Cote-Nord,G0G,39323,10,451.1,0,0,Eloignee,0.05452753865645282
C009190,29.32,Sciences,Montreal,H3T,74019,10,26.7,0,0,Centre,0.7774029355591662
C012659,27.88,Sciences sociales,Montreal,H4L,63252,11,11.9,0,1,Centre,0.39100779370009414
C001562,29.37,Arts et lettres,Montreal,H4L,51974,5,13.1,0,0,Centre,0.5675269806837865
C012069,27.46,Genie,Montreal,H1A,116737,6,22.9,0,0,Centre,0.44515608793389055
C010179,27.42,Sante,Bas-Saint-Laurent,G5L,56822,22,349.7,0,0,Eloignee,0.8001009961492713
C000662,30.33,Arts et lettres,Montreal,H4L,102314,9,22.4,0,1,Centre,0.9968072154048976
C013260,25.67,Sciences sociales,Bas-Saint-Laurent,G0L,30055,10,394.5,0,0,Eloignee,0.012730409355629926
C013098,27.62,Arts et lettres,Montreal,H3T,94032,6,20.4,0,1,Centre,0.6070638312224632
C001003,23.57,Sante,Bas-Saint-Laurent,G0L,55529,14,128.8,0,0,Eloignee,0.00010304887876953416
C010527,25.37,Sciences,Cote-Nord,G0G,61627,13,250.2,1,0,Eloignee,0.011075120567808678
C007110,26.98,Sciences sociales,Capitale-Nationale,G2E,77455,8,31.6,1,0,Centre,0.21247960650655845
C006438,28.39,Genie,Gaspesie-Iles-de-la-Madeleine,G0C,57076,11,91.4,0,0,Eloignee,0.4522640067910748
C008497,18.99,Sante,Montreal,H8N,60340,6,23.9,0,0,Centre,9.19223887815481e-05
C008653,27.11,Sante,Cote-Nord,G5B,91175,14,273.3,0,0,Eloignee,0.6828257323579477
C011969,31.57,Sciences sociales,Bas-Saint-Laurent,G5L,48918,10,172.1,1,1,Eloignee,0.9997248798894333
C012801,26.67,Arts et lettres,Montreal,H1A,45399,7,9.8,1,0,Centre,0.006236477595181228
C006349,25.93,Sciences,Capitale-Nationale,G1R,90613,14,18.8,1,0,Centre,0.2568669500616587
C013497,22.82,Sciences,Montreal,H4L,93872,5,13.9,0,0,Centre,0.00012265382365350967
C006452,28.56,Arts et lettres,Cote-Nord,G0G,53653,9,102.8,0,0,Eloignee,0.46738772086122965
C001043,32.66,Arts et lettres,Cote-Nord,G5B,52395,10,168.5,1,1,Eloignee,0.9968259266441585
C001086,24.88,Sciences,Gaspesie-Iles-de-la-Madeleine,G4X,109895,5,76.0,1,0,Eloignee,0.0021216964187338243
C011500,23.76,Genie,Gaspesie-Iles-de-la-Madeleine,G4X,51664,7,129.6,1,0,Eloignee,8.294661637469202e-05
C000260,23.35,Genie,Montreal,H8N,70247,10,25.4,0,0,Centre,0.00012006770829347083
C013215,25.5,Genie,Montreal,H8N,70943,4,21.8,0,0,Centre,0.0013272002342773833
C003680,26.21,Sciences,Gaspesie-Iles-de-la-Madeleine,G5C,59334,15,415.7,1,0,Eloignee,0.2558081625578868
C004622,30.2,Arts et lettres,Montreal,H2X,56710,10,39.4,0,1,Centre,0.8677601517813722
C012488,25.41,Arts et lettres,Capitale-Nationale,G3A,51468,14,16.5,0,0,Centre,0.02037975096498934
C006768,25.86,Arts et lettres,Bas-Saint-Laurent,G5L,41035,12,125.2,0,0,Eloignee,0.023418589079140774
C004635,25.09,Sante,Gaspesie-Iles-de-la-Madeleine,G5C,35189,14,138.7,0,0,Eloignee,0.007406950150377982
C011568,28.64,Genie,Gaspesie-Iles-de-la-Madeleine,G5C,79042,13,105.7,1,1,Eloignee,0.9185271667329172
C000551,30.27,Genie,Montreal,H3T,40121,8,44.9,1,1,Centre,0.9396408641348273
C010939,29.08,Sciences,Gaspesie-Iles-de-la-Madeleine,G0C,80294,10,84.3,0,1,Eloignee,0.8895083566422959
C010879,30.45,Genie,Bas-Saint-Laurent,G5L,49632,13,399.0,1,1,Eloignee,0.9969884184710394
C013377,24.55,Sciences,Capitale-Nationale,G1V,86232,6,6.7,0,0,Centre,0.0004193313570385811
C009230,34.08,Sciences,Montreal,H4L,87165,7,9.9,1,1,Centre,0.9998814505971999
C002573,33.25,Genie,Cote-Nord,G0G,28165,11,99.5,0,1,Eloignee,0.9990895773697395
C009365,27.26,Sciences sociales,Montreal,H1A,46605,9,9.8,1,0,Centre,0.07959197098317047
C013653,25.15,Arts et lettres,Montreal,H4L,71864,8,80.8,0,0,Centre,0.003137809823429145
C009176,32.11,Sciences,Capitale-Nationale,G3A,77941,10,3.3,1,1,Centre,0.9999278013486859
C001678,32.4,Sante,Gaspesie-Iles-de-la-Madeleine,G5C,49608,14,253.7,0,1,Eloignee,0.9999288190287982
C001374,27.51,Arts et lettres,Montreal,H4L,41071,12,8.0,0,0,Centre,0.1477622455494451
C000325,30.67,Genie,Capitale-Nationale,G1R,87961,8,30.5,0,1,Centre,0.9866496473505223
C012526,31.52,Genie,Bas-Saint-Laurent,G5N,38236,15,339.3,1,1,Eloignee,0.997687747983866
C003120,28.11,Sciences sociales,Montreal,H3T,36773,4,6.8,1,1,Centre,0.21534355300825617
C008935,26.74,Genie,Montreal,H8N,68014,11,6.5,0,0,Centre,0.05738920154888498
C000121,25.97,Sante,Montreal,H4L,76895,9,46.4,0,0,Centre,0.029615743761512665
C003404,24.07,Sciences,Cote-Nord,G4R,98606,11,430.8,0,0,Eloignee,0.00029659840683586667
C007492,21.83,Sante,Gaspesie-Iles-de-la-Madeleine,G5C,39770,17,230.9,0,0,Eloignee,0.0017076592921244102
C007983,26.5,Sante,Montreal,H4L,28109,14,24.7,1,1,Centre,0.04081747556655761
C001945,24.56,Arts et lettres,Montreal,H4L,148053,9,2.5,0,0,Centre,0.0024757819776241655
C010881,31.75,Arts et lettres,Capitale-Nationale,G1R,87312,9,4.1,0,1,Centre,0.9992053448190238
C002881,28.53,Sciences sociales,Montreal,H2X,34852,8,43.7,1,0,Centre,0.3631417960282629
C002713,31.19,Genie,Gaspesie-Iles-de-la-Madeleine,G5C,54703,15,182.1,0,1,Eloignee,0.9988509096455648
C012387,25.53,Sante,Capitale-Nationale,G2E,83100,8,41.2,0,0,Centre,0.003554817885248841
C003409,28.1,Sciences sociales,Montreal,H1A,60561,6,36.6,1,0,Centre,0.29108508375950415
C005745,32.87,Sciences,Montreal,H3T,90623,9,6.6,0,1,Centre,0.9996713723628416
C011662,28.93,Sciences,Montreal,H8N,52852,10,5.3,1,0,Centre,0.5742700699680682
C007381,32.12,Sante,Montreal,H3T,37176,7,5.5,0,1,Centre,0.9998742108374743
C008014,27.75,Genie,Gaspesie-Iles-de-la-Madeleine,G5C,50616,16,323.8,0,0,Eloignee,0.25175982435512795
C011496,31.22,Genie,Capitale-Nationale,G1R,61394,7,31.1,0,1,Centre,0.998028868455272
C006896,28.84,Sciences sociales,Bas-Saint-Laurent,G0L,27684,19,239.0,0,0,Eloignee,0.7857100226410842
C006111,26.3,Arts et lettres,Montreal,H1A,101169,3,8.4,0,0,Centre,0.059415903709287586
C003768,26.6,Genie,Montreal,H4L,80461,13,0.7,0,0,Centre,0.2647373160164946
C001507,19.29,Arts et lettres,Cote-Nord,G5B,109904,8,127.1,1,0,Eloignee,0.0019186216699225505
C007140,34.94,Arts et lettres,Bas-Saint-Laurent,G5L,84576,12,75.8,0,1,Eloignee,0.9992302595942409
C011945,26.3,Arts et lettres,Montreal,H1A,35870,6,17.7,0,0,Centre,0.006010122456061916
C003350,26.69,Sciences sociales,Capitale-Nationale,G1R,75255,10,11.2,1,1,Centre,0.4755485029807966
C013906,26.2,Arts et lettres,Montreal,H4L,111376,7,17.4,0,0,Centre,0.03891298440999266
C012173,30.17,Sciences sociales,Bas-Saint-Laurent,G5N,46633,25,175.1,1,1,Eloignee,0.9774458697539087
C005182,24.7,Sciences,Montreal,H4L,36471,6,9.3,0,0,Centre,0.00022220687259423192
C005682,28.47,Sciences,Bas-Saint-Laurent,G5N,53524,14,129.6,1,1,Eloignee,0.8905247542549624
C005451,29.53,Sciences sociales,Capitale-Nationale,G2E,225989,7,23.4,1,1,Centre,0.9809700334727235
C006744,28.65,Arts et lettres,Capitale-Nationale,G2E,86650,13,10.4,1,1,Centre,0.9261848614747188
C009023,29.85,Genie,Cote-Nord,G0G,49777,7,167.6,0,0,Eloignee,0.9634723529799816
C005067,27.35,Sciences,Montreal,H3T,98251,5,28.3,1,0,Centre,0.08660699638143297
C012100,31.02,Sciences,Montreal,H2X,46395,7,3.1,0,1,Centre,0.9959073750730693
C013846,31.1,Sante,Bas-Saint-Laurent,G5L,43666,13,106.9,1,1,Eloignee,0.9997171071065721
C004554,28.46,Sciences,Capitale-Nationale,G2E,72491,5,34.1,0,0,Centre,0.5853513181741353
C003583,26.56,Sciences,Montreal,H3T,66090,6,10.6,1,0,Centre,0.018105932362364845
C004188,24.27,Sante,Montreal,H8N,71145,11,21.5,0,0,Centre,0.00019345394457593
C000353,25.02,Sante,Bas-Saint-Laurent,G5L,64897,21,298.5,0,0,Eloignee,0.282622785872862
C011957,27.93,Sante,Capitale-Nationale,G1R,52580,3,9.0,0,0,Centre,0.05821755282626565
C000462,29.27,Genie,Montreal,H2X,79672,7,15.0,1,1,Centre,0.9171888662775023
C002694,31.69,Sciences,Capitale-Nationale,G2E,35863,10,17.9,0,1,Centre,0.9997175624882855
C009181,26.01,Sciences sociales,Gaspesie-Iles-de-la-Madeleine,G4X,60699,9,178.5,1,0,Eloignee,0.1411274559616935
C008114,25.91,Sciences,Montreal,H4L,111305,8,8.9,1,0,Centre,0.036605622853672644
C002531,30.8,Sciences sociales,Capitale-Nationale,G1R,57010,11,13.6,0,1,Centre,0.9860671877190013
C004235,28.91,Sciences,Cote-Nord,G4R,49373,18,152.7,0,1,Eloignee,0.9780023588320482
C010249,32.35,Arts et lettres,Capitale-Nationale,G1R,166735,12,29.2,0,1,Centre,0.9997241625799625
C002415,30.94,Genie,Capitale-Nationale,G2E,83289,7,47.1,1,1,Centre,0.9974306026114532
C007688,31.17,Sante,Montreal,H4L,107384,14,12.4,0,1,Centre,0.9996854774900955
C012887,23.26,Sciences sociales,Capitale-Nationale,G1V,81550,9,25.2,0,0,Centre,7.720337948714043e-05
C013374,22.05,Genie,Montreal,H2X,90268,6,5.5,0,0,Centre,0.00015218630308704362
C012670,22.6,Genie,Montreal,H3T,107499,9,17.3,1,0,Centre,0.00020408927029239314
C002558,25.22,Sante,Bas-Saint-Laurent,G5N,69071,15,221.9,1,0,Eloignee,0.050987650330295925
C001856,28.37,Genie,Bas-Saint-Laurent,G5N,76931,11,277.7,0,0,Eloignee,0.6154543056206603
C011319,30.66,Genie,Capitale-Nationale,G3A,50774,4,23.0,1,1,Centre,0.9666417739258388
C002210,28.5,Sante,Capitale-Nationale,G1V,42672,10,47.4,0,1,Centre,0.6464153180598076
C013331,24.09,Sante,Montreal,H3T,205853,11,13.7,0,0,Centre,0.0009260242802891693
C005076,23.81,Sciences sociales,Capitale-Nationale,G1V,42187,9,24.6,1,0,Centre,0.00011020781232864537
C002066,28.94,Genie,Montreal,H4L,51399,14,26.9,1,1,Centre,0.9533349178970772
C001351,30.13,Sante,Montreal,H2X,61598,12,16.0,1,1,Centre,0.9131225025392409
C005382,27.57,Arts et lettres,Bas-Saint-Laurent,G5L,49272,12,227.3,0,0,Eloignee,0.42256906961161705
C004675,24.37,Sante,Montreal,H3T,45831,7,9.5,0,0,Centre,0.00012076166868951181
C009361,23.24,Sciences sociales,Bas-Saint-Laurent,G5N,29000,11,307.2,1,0,Eloignee,0.00015654690349871652
C004922,28.97,Arts et lettres,Cote-Nord,G4R,67421,16,152.7,0,1,Eloignee,0.9644753728236704
C002593,34.78,Sciences,Capitale-Nationale,G2E,37909,8,32.8,0,1,Centre,0.9998879513744036
C000682,24.89,Sciences sociales,Montreal,H2X,72551,7,27.4,0,0,Centre,0.0015881857312565527
C010190,30.71,Sciences,Montreal,H4L,59201,13,26.7,0,1,Centre,0.9951282641371145
C010011,24.32,Genie,Capitale-Nationale,G2E,64878,10,4.2,0,0,Centre,0.00017646881836028133
C011907,24.33,Sante,Cote-Nord,G5B,25286,14,400.2,1,0,Eloignee,0.00022127865208819352
C011439,24.95,Sciences,Gaspesie-Iles-de-la-Madeleine,G4X,66236,10,305.9,0,0,Eloignee,0.0013140818138855312
C008975,28.19,Sante,Bas-Saint-Laurent,G5N,38649,11,218.5,0,0,Eloignee,0.33234768311141333
C006642,30.29,Sciences sociales,Montreal,H2X,35368,10,23.2,0,1,Centre,0.8001374449980062
C006201,27.21,Sciences sociales,Capitale-Nationale,G1V,118301,8,24.5,0,0,Centre,0.16646527041659565
C008968,26.19,Sciences,Cote-Nord,G5B,44851,8,294.4,0,0,Eloignee,0.00768233587488855
C013678,25.81,Sciences,Montreal,H2X,57020,8,9.0,0,0,Centre,0.002642218135871108
C010625,30.44,Sciences sociales,Capitale-Nationale,G2E,59125,10,10.2,0,1,Centre,0.9537429601216354
C009607,32.27,Genie,Montreal,H3T,98627,6,14.7,0,1,Centre,0.9998258297832138
C013710,28.59,Arts et lettres,Cote-Nord,G0G,66893,16,90.1,0,1,Eloignee,0.8948075953597703
C003547,24.3,Genie,Montreal,H4L,43818,11,27.6,0,0,Centre,0.0009762723158424436
C013467,33.62,Arts et lettres,Gaspesie-Iles-de-la-Madeleine,G5C,34452,11,276.1,1,1,Eloignee,0.9998487745131349
C002662,24.09,Sciences sociales,Gaspesie-Iles-de-la-Madeleine,G5C,95658,14,269.8,1,0,Eloignee,0.00030624006397719046
C008667,31.16,Sante,Bas-Saint-Laurent,G0L,32842,9,98.5,0,1,Eloignee,0.999274370035199
C013564,16.78,Genie,Gaspesie-Iles-de-la-Madeleine,G0C,100976,18,194.0,0,0,Eloignee,0.006692114066093544
C009277,26.95,Arts et lettres,Montreal,H2X,104719,6,45.9,0,1,Centre,0.37654304415973816
C006849,30.21,Sciences,Cote-Nord,G5B,31684,16,267.8,1,0,Eloignee,0.9746538176070023
C005473,25.83,Genie,Cote-Nord,G5B,68441,9,176.9,1,0,Eloignee,0.004550862856768639
C011377,26.61,Arts et lettres,Montreal,H3T,62791,8,7.9,0,0,Centre,0.01919248933558627
C002190,28.16,Sciences,Capitale-Nationale,G1V,79449,12,15.1,0,0,Centre,0.7559790923139534
C005649,26.52,Sciences,Bas-Saint-Laurent,G5N,21648,9,193.5,1,0,Eloignee,0.010147444157450216
C002905,26.84,Arts et lettres,Montreal,H4L,183840,11,13.7,0,1,Centre,0.8743828393824412
C013166,26.55,Genie,Cote-Nord,G0G,27915,13,270.4,1,0,Eloignee,0.018054557420759888
C010458,28.82,Sciences sociales,Bas-Saint-Laurent,G5N,124120,11,314.0,0,1,Eloignee,0.7299969867544555
C000379,26.31,Sciences sociales,Bas-Saint-Laurent,G5N,63097,16,180.7,0,0,Eloignee,0.38942739962518685
C010660,29.52,Sciences,Montreal,H4L,33000,4,12.7,0,0,Centre,0.33901771497114697
C001698,27.9,Sciences,Gaspesie-Iles-de-la-Madeleine,G5C,55165,13,340.0,1,0,Eloignee,0.23015105822330098
C004414,27.58,Sciences,Montreal,H1A,45528,5,24.0,0,0,Centre,0.03930426875441788
C007184,29.9,Genie,Montreal,H8N,99103,9,10.3,0,1,Centre,0.9955978330310777
C007134,24.21,Arts et lettres,Capitale-Nationale,G1R,80788,16,3.9,0,0,Centre,0.01927731645671318
C001898,28.94,Sciences,Montreal,H1A,40903,7,17.0,0,0,Centre,0.38184772310495735
C001661,26.84,Sciences,Montreal,H3T,43732,7,30.7,0,0,Centre,0.015805397516831222
C002579,28.12,Arts et lettres,Gaspesie-Iles-de-la-Madeleine,G4X,59354,17,75.3,0,0,Eloignee,0.8790158097711639
C011832,31.26,Sciences sociales,Cote-Nord,G0G,57290,10,347.9,0,1,Eloignee,0.9963343557216325
C012266,22.2,Sciences,Gaspesie-Iles-de-la-Madeleine,G0C,90452,9,141.2,1,0,Eloignee,0.00020623622447845746
C001684,25.97,Arts et lettres,Gaspesie-Iles-de-la-Madeleine,G5C,64096,16,192.4,0,0,Eloignee,0.18782328694955966
C009487,31.94,Sante,Montreal,H4L,43383,8,14.6,0,1,Centre,0.999861956863966
C001262,24.9,Sante,Montreal,H2X,108434,2,5.6,0,0,Centre,0.004476474102070244
C001220,24.66,Sciences sociales,Cote-Nord,G4R,68798,12,196.0,1,0,Eloignee,0.00014043694222452705
C007112,28.1,Sciences,Bas-Saint-Laurent,G5N,39394,19,219.4,0,0,Eloignee,0.722991397318245
C009977,30.2,Genie,Montreal,H3T,46025,12,24.4,0,1,Centre,0.810883362555578
C002949,24.88,Sciences,Capitale-Nationale,G1R,82777,8,18.2,1,0,Centre,0.003551996858888619
C002758,26.41,Sciences sociales,Gaspesie-Iles-de-la-Madeleine,G4X,29761,7,237.1,1,0,Eloignee,0.0028598804137378226
C007936,26.71,Genie,Gaspesie-Iles-de-la-Madeleine,G5C,56023,14,207.1,1,0,Eloignee,0.1813200523393817
C001880,27.23,Sciences sociales,Bas-Saint-Laurent,G0L,82391,13,63.7,0,0,Eloignee,0.5195364787624547
C007727,20.9,Arts et lettres,Montreal,H4L,42470,9,26.2,0,0,Centre,0.00012670599378829947
C005667,30.25,Arts et lettres,Gaspesie-Iles-de-la-Madeleine,G0C,69676,12,273.9,0,0,Eloignee,0.9906065500829957
C006024,25.08,Genie,Capitale-Nationale,G3A,156443,7,13.6,0,0,Centre,0.15081509261919468
C007025,29.93,Sante,Capitale-Nationale,G2E,65956,8,15.5,1,1,Centre,0.9762588052044103
C005362,28.78,Sciences,Montreal,H2X,55483,5,56.9,0,1,Centre,0.5216774550179175
C002021,26.13,Sciences,Capitale-Nationale,G1R,111244,12,14.1,1,0,Centre,0.08680589987780413
C003115,26.76,Genie,Gaspesie-Iles-de-la-Madeleine,G0C,89552,8,320.6,1,0,Eloignee,0.07156266447007746
C011779,28.03,Sciences,Montreal,H8N,49066,9,8.5,0,0,Centre,0.1347796631300553
C011205,33.21,Sciences,Cote-Nord,G0G,78129,10,323.3,1,1,Eloignee,0.9999067776708634
C010649,23.5,Sciences sociales,Montreal,H8N,176816,10,30.3,0,0,Centre,0.0003232034386002558
C008053,31.25,Sciences sociales,Bas-Saint-Laurent,G5N,26740,9,295.2,0,1,Eloignee,0.9916616183644019
C002466,30.87,Sciences sociales,Capitale-Nationale,G2E,71185,13,7.7,1,1,Centre,0.9728389388234813
C012655,30.29,Sciences sociales,Bas-Saint-Laurent,G0L,38613,25,124.5,1,1,Eloignee,0.9481226419497192
C010414,26.95,Arts et lettres,Montreal,H2X,66367,10,18.9,0,0,Centre,0.07967223934748786
C011161,28.28,Sante,Montreal,H1A,89194,9,11.5,1,1,Centre,0.6350014624562378
C010317,24.36,Sante,Gaspesie-Iles-de-la-Madeleine,G5C,49897,11,207.3,1,0,Eloignee,0.00017435503100715012
C011468,26.91,Sciences,Bas-Saint-Laurent,G5L,126274,14,109.1,0,0,Eloignee,0.5133744459003065
C011262,25.98,Sciences sociales,Bas-Saint-Laurent,G5N,40572,13,199.4,0,0,Eloignee,0.06582888458509262
C004697,33.51,Genie,Montreal,H1A,74124,5,5.1,0,1,Centre,0.9994539193956656
C012987,30.09,Arts et lettres,Montreal,H1A,72788,13,11.4,1,1,Centre,0.9888349387310084
C000729,23.53,Genie,Montreal,H4L,44267,3,15.8,0,0,Centre,0.00023503021750048703
C006240,30.01,Sante,Cote-Nord,G5B,25766,8,172.9,1,1,Eloignee,0.8325566484998057
C005899,30.82,Sante,Bas-Saint-Laurent,G5N,42958,15,275.4,0,1,Eloignee,0.9967473174707306
C004553,26.54,Sciences sociales,Bas-Saint-Laurent,G5L,42515,10,270.0,1,0,Eloignee,0.01216709397644188
C011103,24.65,Sciences,Cote-Nord,G0G,101804,13,449.9,0,0,Eloignee,0.0003882219709228292
C000911,29.7,Arts et lettres,Capitale-Nationale,G3A,92386,11,4.7,0,1,Centre,0.9565254144854625
C004833,28.86,Sciences sociales,Capitale-Nationale,G3A,44101,6,10.9,0,0,Centre,0.4882197836776949
C002704,24.61,Genie,Montreal,H2X,43458,9,4.1,0,0,Centre,0.0006102269319881436
C012758,22.59,Sciences sociales,Montreal,H4L,48901,6,19.7,0,0,Centre,0.00010735798103593781
C010276,23.2,Genie,Bas-Saint-Laurent,G0L,47607,12,362.2,1,0,Eloignee,0.00027123143513925924
C004789,28.69,Sciences sociales,Cote-Nord,G5B,87482,17,258.5,0,1,Eloignee,0.9703803524700038
C007372,28.6,Genie,Capitale-Nationale,G1V,128006,8,7.6,0,1,Centre,0.8438107914845141
C000949,24.37,Genie,Montreal,H3T,52250,10,46.3,0,0,Centre,0.00018891371857386423
C005026,28.5,Sciences sociales,Cote-Nord,G5B,30654,9,128.6,0,0,Eloignee,0.40878775457376604
C005814,27.43,Arts et lettres,Montreal,H2X,44895,12,1.4,0,1,Centre,0.3122837541293304
C000807,27.18,Genie,Montreal,H1A,85922,8,9.5,0,0,Centre,0.07504774554057977
C008514,21.31,Sciences sociales,Gaspesie-Iles-de-la-Madeleine,G0C,82549,12,144.1,1,0,Eloignee,0.00028411468507206556
C004506,28.22,Sante,Montreal,H4L,138997,11,25.1,1,0,Centre,0.8758304592028838
C009848,22.04,Sciences,Montreal,H8N,61332,12,12.9,0,0,Centre,9.361541564275031e-05
C007707,26.71,Sciences sociales,Montreal,H8N,54873,12,26.5,0,0,Centre,0.14214858659060733
C000653,26.01,Sante,Gaspesie-Iles-de-la-Madeleine,G4X,39452,8,254.7,1,0,Eloignee,0.011474370170719988
C000677,33.32,Sciences sociales,Capitale-Nationale,G3A,41433,9,26.1,0,1,Centre,0.9996221505926918
C013367,28.09,Sciences,Bas-Saint-Laurent,G5N,59688,11,130.4,1,0,Eloignee,0.5079721934664986
C011597,30.44,Genie,Montreal,H2X,80130,11,9.1,0,1,Centre,0.9955121484260611
C000173,25.04,Genie,Bas-Saint-Laurent,G0L,51822,7,257.0,1,0,Eloignee,0.0016228249847558994
C010220,28.84,Sciences,Montreal,H4L,38212,12,19.2,0,1,Centre,0.5267085758223093
C000583,27.39,Arts et lettres,Capitale-Nationale,G1R,102020,14,28.4,1,1,Centre,0.7391148057008481
C013585,27.73,Genie,Gaspesie-Iles-de-la-Madeleine,G4X,61786,12,297.9,0,0,Eloignee,0.5114840698206442
C003920,31.09,Sante,Montreal,H4L,39381,2,2.9,0,1,Centre,0.9893316726965062
C003891,35.47,Sciences sociales,Montreal,H3T,41714,9,9.9,0,1,Centre,0.9993344956877817
C011035,26.73,Arts et lettres,Montreal,H1A,40902,9,19.2,0,0,Centre,0.013515261476639768
C002308,27.83,Sante,Gaspesie-Iles-de-la-Madeleine,G0C,26235,13,255.8,0,0,Eloignee,0.08258822607589139
C001584,34.12,Sante,Gaspesie-Iles-de-la-Madeleine,G4X,61667,19,239.6,0,1,Eloignee,0.9987862600968807
C002233,25.28,Arts et lettres,Gaspesie-Iles-de-la-Madeleine,G5C,75911,13,136.0,1,0,Eloignee,0.015090464644283885
C010811,21.84,Sciences,Montreal,H2X,57090,6,12.7,1,0,Centre,8.766308210194828e-05
C011602,32.16,Sciences,Cote-Nord,G5B,24185,18,347.1,0,1,Eloignee,0.9888683062613571
C007442,27.85,Arts et lettres,Montreal,H3T,151869,9,23.9,0,0,Centre,0.6997629371795833
C000781,24.13,Sciences,Capitale-Nationale,G3A,52447,12,26.5,1,0,Centre,0.00014015480096363204
C007787,29.39,Genie,Capitale-Nationale,G3A,45704,10,11.6,0,0,Centre,0.45603984215359405
C007565,26.02,Sante,Montreal,H4L,59032,6,13.0,0,0,Centre,0.017224560231758956
C007238,28.42,Sante,Capitale-Nationale,G1R,143907,10,22.2,0,1,Centre,0.9025936966334205
C005598,24.87,Sante,Cote-Nord,G0G,91772,11,280.3,0,0,Eloignee,0.055692851879325656
C007509,27.34,Arts et lettres,Cote-Nord,G4R,70105,11,255.3,0,1,Eloignee,0.2106475919844552
C005215,25.66,Sciences sociales,Montreal,H4L,70682,8,37.8,0,0,Centre,0.007100905139464276
C005078,20.38,Sante,Bas-Saint-Laurent,G0L,42773,14,331.2,0,0,Eloignee,0.00014424391120425764
C004252,26.12,Sciences sociales,Bas-Saint-Laurent,G0L,37977,8,244.8,1,0,Eloignee,0.005652300050492359
C007019,28.17,Genie,Cote-Nord,G0G,47648,6,473.6,0,0,Eloignee,0.09162865191952022
C012460,27.99,Sciences,Montreal,H4L,81805,12,42.8,0,1,Centre,0.7324017256273578
C001502,24.49,Sciences sociales,Montreal,H3T,69390,10,13.9,1,0,Centre,0.00015569925457452764
C012951,35.31,Sciences sociales,Capitale-Nationale,G1R,94161,6,8.2,1,1,Centre,0.9998592590342232
C013631,26.82,Genie,Montreal,H4L,64733,9,25.4,0,0,Centre,0.04118121211499159
C012321,29.03,Arts et lettres,Montreal,H4L,53633,12,4.0,1,1,Centre,0.8646169071797559
C011040,24.96,Sciences sociales,Capitale-Nationale,G3A,99999,4,17.4,0,0,Centre,0.0016645024573093828
C009015,31.33,Sciences,Gaspesie-Iles-de-la-Madeleine,G5C,28800,9,268.8,1,1,Eloignee,0.9949585331160111
C008663,34.97,Sciences,Cote-Nord,G4R,66377,11,199.4,1,1,Eloignee,0.9998480513119321
C009221,20.9,Arts et lettres,Bas-Saint-Laurent,G0L,60068,13,120.1,1,0,Eloignee,0.00018018609115709588
C001239,27.75,Sante,Cote-Nord,G4R,57247,15,164.4,1,0,Eloignee,0.4501752228209968
C002716,22.84,Genie,Bas-Saint-Laurent,G5L,54022,13,281.3,0,0,Eloignee,8.475241597612088e-05
C001072,27.09,Sante,Montreal,H1A,86419,8,41.6,0,0,Centre,0.07682337557280625
C012323,27.81,Genie,Capitale-Nationale,G2E,100795,13,27.1,0,0,Centre,0.5814805695606475
C005281,28.62,Sante,Montreal,H1A,66325,18,11.2,0,1,Centre,0.9677832684830163
C003133,30.13,Sante,Capitale-Nationale,G3A,60081,8,8.7,0,0,Centre,0.4692561360152028
C009596,26.5,Sciences sociales,Capitale-Nationale,G3A,63050,7,27.9,1,0,Centre,0.02128336574954504
C013105,35.12,Genie,Montreal,H3T,55858,11,10.7,1,1,Centre,0.9997955425423591
C009160,26.25,Sante,Montreal,H2X,55765,13,11.9,1,0,Centre,0.13684069715054584
C010711,26.77,Sante,Montreal,H8N,127008,4,28.5,0,0,Centre,0.0202023958850344
C001784,27.72,Genie,Gaspesie-Iles-de-la-Madeleine,G0C,19913,21,189.0,1,0,Eloignee,0.09939786008350011
C001965,30.32,Genie,Montreal,H3T,79611,9,6.0,0,1,Centre,0.9898123728810231
C013437,28.35,Genie,Montreal,H3T,76154,11,14.1,0,1,Centre,0.8523233375898895
C011646,25.49,Genie,Capitale-Nationale,G1R,78275,7,16.6,1,0,Centre,0.007777915424216141
C011983,23.62,Sante,Montreal,H3T,44963,9,10.4,0,0,Centre,7.742822491411381e-05
C008281,27.28,Genie,Cote-Nord,G4R,46156,20,131.7,0,0,Eloignee,0.6325548430644858
C010685,30.3,Arts et lettres,Gaspesie-Iles-de-la-Madeleine,G5C,75314,17,205.1,0,1,Eloignee,0.9513455426138734
C000736,30.0,Sciences,Montreal,H4L,100586,9,17.0,0,1,Centre,0.9880288045349422
C002658,28.75,Genie,Capitale-Nationale,G3A,58883,9,7.5,1,0,Centre,0.569170278079325
C009073,23.49,Sante,Gaspesie-Iles-de-la-Madeleine,G0C,111372,14,247.0,0,0,Eloignee,0.00047722584760106015
C006776,27.87,Genie,Montreal,H3T,111909,7,41.8,0,0,Centre,0.3375996931267278
C001919,22.8,Arts et lettres,Cote-Nord,G0G,47376,7,244.3,0,0,Eloignee,0.00012368779699612167
C004488,27.42,Genie,Montreal,H3T,111226,14,12.7,0,1,Centre,0.4750681658009234
C012485,31.71,Sciences,Montreal,H4L,124354,7,59.5,0,1,Centre,0.9996290461524028
C005699,22.44,Sciences sociales,Montreal,H4L,51139,9,10.9,0,0,Centre,0.00016915127210757566
C001648,22.62,Sciences sociales,Montreal,H1A,143616,9,47.5,0,0,Centre,0.0004626050431536623
C013706,24.82,Sante,Cote-Nord,G0G,60806,18,382.9,0,0,Eloignee,0.018777412449182646
C005064,26.35,Sante,Gaspesie-Iles-de-la-Madeleine,G0C,59910,18,171.2,1,0,Eloignee,0.9225865684380153
C006441,30.18,Arts et lettres,Capitale-Nationale,G3A,87061,11,19.9,0,1,Centre,0.9953966083234616
C009084,27.75,Sciences,Montreal,H1A,60641,9,33.9,0,1,Centre,0.371293621420389
C000710,26.54,Sciences sociales,Montreal,H2X,87032,8,31.9,0,0,Centre,0.12318013873743376
C007666,32.38,Sciences,Gaspesie-Iles-de-la-Madeleine,G0C,88741,17,246.9,0,1,Eloignee,0.9585873756169518
C003664,25.75,Sciences,Montreal,H3T,57085,6,34.7,0,0,Centre,0.002442105231260818
C006883,29.71,Sciences sociales,Montreal,H4L,115302,8,13.8,0,1,Centre,0.9503453507426406
C001631,24.89,Genie,Capitale-Nationale,G3A,58496,18,24.6,1,0,Centre,0.22010017696583872
C010313,30.17,Sciences sociales,Gaspesie-Iles-de-la-Madeleine,G0C,43681,13,102.7,0,1,Eloignee,0.9917646139668984
C012491,29.48,Genie,Montreal,H8N,40483,8,16.4,1,0,Centre,0.6281469440627182
C004584,29.54,Sante,Montreal,H8N,147924,8,22.2,0,1,Centre,0.9885842778135875
C007011,22.51,Sciences,Capitale-Nationale,G1R,64078,11,27.6,0,0,Centre,8.546923829464216e-05
C007893,31.72,Arts et lettres,Gaspesie-Iles-de-la-Madeleine,G0C,28812,11,384.5,1,0,Eloignee,0.9990133172676194
C010222,27.16,Sciences,Montreal,H1A,50711,6,1.9,0,0,Centre,0.04660195941355287
C005717,24.46,Sciences,Montreal,H2X,87713,6,22.5,1,0,Centre,0.000326062510860919
C001693,26.08,Sciences sociales,Gaspesie-Iles-de-la-Madeleine,G0C,56443,8,182.6,0,0,Eloignee,0.035123927244055324
C013993,27.38,Sante,Gaspesie-Iles-de-la-Madeleine,G5C,52162,6,176.2,0,0,Eloignee,0.047831717728609294
C005325,30.7,Sante,Montreal,H3T,101447,9,31.9,1,1,Centre,0.9985463331025058
C004700,31.56,Sciences sociales,Montreal,H3T,163379,7,24.8,1,1,Centre,0.9998990245715375
C011183,25.56,Sciences sociales,Gaspesie-Iles-de-la-Madeleine,G4X,71527,9,93.8,1,0,Eloignee,0.004799505689914719
C011698,26.44,Sante,Cote-Nord,G0G,41943,15,238.6,0,0,Eloignee,0.23996857222506812
C008874,32.34,Sante,Capitale-Nationale,G2E,55134,7,44.0,0,1,Centre,0.9998351970691851
C004613,23.83,Genie,Montreal,H1A,67170,10,16.5,1,0,Centre,0.00011019973574729479
C011838,28.77,Sciences,Montreal,H8N,43605,7,25.9,0,0,Centre,0.33600561167004117
C012084,28.43,Sante,Bas-Saint-Laurent,G5N,38945,16,187.5,0,1,Eloignee,0.8692790293694477
C013707,26.26,Genie,Bas-Saint-Laurent,G5L,87092,16,186.6,1,0,Eloignee,0.821236185240807
C011278,28.42,Genie,Capitale-Nationale,G3A,118900,10,34.8,0,0,Centre,0.7145632700321257
C006333,29.54,Sante,Montreal,H4L,46741,12,3.1,1,1,Centre,0.9814966631217956
C005863,24.23,Sciences,Bas-Saint-Laurent,G5N,55571,15,314.1,1,0,Eloignee,0.0006234776206817159
C002850,29.82,Sciences sociales,Bas-Saint-Laurent,G5L,23216,14,159.1,1,0,Eloignee,0.9792825992392529
C006138,29.59,Sante,Montreal,H8N,134562,10,30.5,0,1,Centre,0.9951877209684925
C013691,23.91,Arts et lettres,Bas-Saint-Laurent,G5N,39644,19,313.3,1,0,Eloignee,0.00277005711622051
C012564,28.0,Sciences sociales,Montreal,H1A,40474,11,23.8,0,0,Centre,0.13195650858425892
C000345,27.85,Sante,Montreal,H2X,84739,9,6.8,1,0,Centre,0.3485364437829348
C000400,30.54,Sciences,Gaspesie-Iles-de-la-Madeleine,G5C,16728,13,92.4,1,1,Eloignee,0.984972541993055
C000953,26.66,Sciences,Montreal,H2X,91966,8,11.8,0,0,Centre,0.24540171173101116
C004528,20.71,Sciences,Cote-Nord,G5B,39328,14,173.0,0,0,Eloignee,0.00017969048655984424
C005713,25.35,Sciences sociales,Capitale-Nationale,G1R,66935,8,10.1,0,0,Centre,0.0019386040818404836
C006688,33.21,Sante,Montreal,H2X,38646,15,23.1,1,1,Centre,0.9997038526510121
C001489,26.02,Sante,Montreal,H1A,47874,9,30.6,0,0,Centre,0.042636563734529606
C002915,27.59,Arts et lettres,Montreal,H2X,105790,5,24.7,0,0,Centre,0.39618263727104175
C009455,33.25,Sciences,Cote-Nord,G4R,65362,15,224.1,0,1,Eloignee,0.9988023870553743
C004074,29.44,Sciences,Montreal,H3T,82747,10,17.7,0,1,Centre,0.9014445931910503
C002651,28.15,Genie,Gaspesie-Iles-de-la-Madeleine,G4X,74551,15,81.5,1,1,Eloignee,0.8430951839070956
C003118,29.72,Sante,Cote-Nord,G4R,33149,19,322.7,1,1,Eloignee,0.9619218698640483
C001626,28.63,Sciences,Montreal,H1A,144994,8,15.9,0,1,Centre,0.8288940724761891
C003335,26.51,Sciences sociales,Bas-Saint-Laurent,G0L,138386,9,348.6,1,0,Eloignee,0.3056210108649806
C003986,26.51,Arts et lettres,Bas-Saint-Laurent,G5N,40348,10,40.5,1,0,Eloignee,0.014912454910082043
C013265,33.28,Sciences,Montreal,H3T,67739,1,32.5,0,1,Centre,0.9996590936222645
C001105,30.65,Genie,Capitale-Nationale,G2E,45875,10,10.2,0,0,Centre,0.5707991600144917
C005536,23.97,Sciences sociales,Montreal,H8N,51064,5,6.0,0,0,Centre,0.0013098644242421416
C004356,25.87,Sante,Montreal,H1A,54636,6,7.6,0,0,Centre,0.0032470805139404742
C007264,24.43,Sante,Cote-Nord,G4R,34421,15,131.2,0,0,Eloignee,0.00043687823951021117
C010247,30.59,Sciences,Bas-Saint-Laurent,G0L,55530,11,70.3,0,1,Eloignee,0.9608462828924076
C003140,27.08,Sciences sociales,Capitale-Nationale,G3A,141311,13,33.3,0,1,Centre,0.8973064448606064
C006177,26.55,Genie,Capitale-Nationale,G1V,106294,9,3.4,0,0,Centre,0.10660237199824452
C003853,28.83,Sciences,Montreal,H1A,67919,8,18.9,0,1,Centre,0.6860019385508535
C007997,24.0,Sciences,Capitale-Nationale,G2E,80598,10,31.5,0,0,Centre,0.001237586911500929
C001042,24.34,Arts et lettres,Cote-Nord,G4R,34665,13,166.4,1,0,Eloignee,0.0003276964326744501
C004325,27.07,Sciences sociales,Montreal,H8N,109191,8,20.7,0,0,Centre,0.18737176094975963
C011981,28.03,Genie,Capitale-Nationale,G2E,136532,5,9.9,0,0,Centre,0.20329758658033023
C003765,29.71,Genie,Montreal,H2X,70612,9,4.3,0,1,Centre,0.9663520466847937
C003080,30.59,Sante,Cote-Nord,G0G,83002,13,205.3,0,1,Eloignee,0.9971465171408809
C000731,27.78,Sciences sociales,Gaspesie-Iles-de-la-Madeleine,G5C,57019,9,214.8,0,0,Eloignee,0.2124858778023733
C011258,30.11,Genie,Montreal,H4L,203589,11,39.6,1,1,Centre,0.9983384080740835
C008416,26.2,Arts et lettres,Montreal,H1A,44376,7,4.1,0,0,Centre,0.007466570259589202
C001254,31.84,Sante,Bas-Saint-Laurent,G0L,51127,15,78.3,0,1,Eloignee,0.9993295981045865
C001836,25.56,Arts et lettres,Montreal,H4L,66868,14,25.7,0,0,Centre,0.0048881933454658615
C010871,22.96,Sciences,Capitale-Nationale,G1R,70589,12,1.8,0,0,Centre,0.00012381519898943633
C003489,28.88,Sciences sociales,Gaspesie-Iles-de-la-Madeleine,G5C,34482,14,102.2,0,0,Eloignee,0.534009425952189
C009995,32.41,Sante,Montreal,H3T,122959,7,22.8,0,1,Centre,0.9998399598510379
C000782,29.73,Sciences,Bas-Saint-Laurent,G5L,72251,17,382.2,1,1,Eloignee,0.9754367861574639
C009906,21.96,Sciences,Montreal,H1A,67645,7,40.2,0,0,Centre,8.710812638003549e-05
C004660,26.26,Sciences sociales,Capitale-Nationale,G2E,35730,6,19.9,0,0,Centre,0.005847888340886661
C002701,27.68,Arts et lettres,Cote-Nord,G0G,71982,8,69.0,0,0,Eloignee,0.46689698478194264
C012339,24.98,Sciences sociales,Capitale-Nationale,G1R,77093,11,3.1,0,0,Centre,0.0012901420974042446
C007845,28.15,Arts et lettres,Montreal,H3T,110394,7,13.7,0,1,Centre,0.762681962161228
C009789,28.12,Sciences sociales,Bas-Saint-Laurent,G5L,40596,12,125.3,0,0,Eloignee,0.3774622504808741
C011116,31.22,Sciences sociales,Montreal,H8N,44735,9,20.7,1,1,Centre,0.9995452592378256
C010779,25.4,Genie,Bas-Saint-Laurent,G5L,45753,15,480.8,1,0,Eloignee,0.045573998250801176
C013539,21.31,Sciences sociales,Montreal,H2X,74364,6,13.2,0,0,Centre,9.662113196743334e-05
C006754,30.31,Genie,Montreal,H2X,156739,10,12.6,0,1,Centre,0.995838272503778
C004240,24.08,Genie,Montreal,H1A,77297,6,49.5,0,0,Centre,0.0001071033938257563
C003823,23.67,Arts et lettres,Montreal,H3T,48625,10,10.3,0,0,Centre,0.0003832254554734566
C010252,28.84,Genie,Montreal,H2X,62532,10,21.9,0,1,Centre,0.6057123327539049
C013275,24.76,Sciences sociales,Montreal,H2X,56949,12,30.9,0,0,Centre,0.00017873531569738486
C011274,22.46,Genie,Montreal,H3T,76539,10,6.7,1,0,Centre,9.093665689643583e-05
C009859,34.08,Sciences sociales,Montreal,H4L,80590,4,10.3,0,1,Centre,0.9990943061839966
C009822,29.27,Arts et lettres,Capitale-Nationale,G1V,120124,4,19.8,0,1,Centre,0.9172675089182403
C002754,22.89,Sciences sociales,Bas-Saint-Laurent,G5L,68023,18,91.4,0,0,Eloignee,0.0030938727275491083
C013342,33.91,Arts et lettres,Montreal,H4L,117148,14,51.6,1,1,Centre,0.9993082192249886
C012435,29.18,Genie,Bas-Saint-Laurent,G5L,46777,17,395.6,1,0,Eloignee,0.9576768402158946
C002417,22.63,Genie,Montreal,H1A,103093,9,4.5,0,0,Centre,0.00016230535163007452
C001530,31.25,Arts et lettres,Bas-Saint-Laurent,G5L,87572,10,201.1,0,1,Eloignee,0.9956357767980043
C009421,29.75,Sante,Cote-Nord,G0G,111001,10,135.4,1,1,Eloignee,0.9611543082301781
C009359,25.21,Sciences,Cote-Nord,G5B,84370,14,260.0,0,0,Eloignee,0.041219136436312684
C008278,21.19,Sciences sociales,Cote-Nord,G0G,34750,11,226.9,0,0,Eloignee,0.0001351282927597902
C009989,31.81,Sciences,Montreal,H4L,84399,6,18.4,0,1,Centre,0.9998437899225908
C005287,29.63,Genie,Gaspesie-Iles-de-la-Madeleine,G5C,63947,13,123.9,1,0,Eloignee,0.9898789565533705
C009609,28.86,Arts et lettres,Capitale-Nationale,G1V,59358,12,30.2,0,1,Centre,0.8109564657088117
C006331,27.08,Sciences,Montreal,H3T,122303,10,30.5,0,0,Centre,0.2712974401811576
C005186,28.79,Sante,Capitale-Nationale,G1R,86439,8,38.7,0,1,Centre,0.5973281811244396
C003440,31.96,Sante,Montreal,H3T,46107,9,13.8,1,1,Centre,0.9998443240261189
C007465,27.82,Sciences sociales,Cote-Nord,G0G,136741,18,232.5,0,0,Eloignee,0.769782378643835
C011346,28.85,Sciences sociales,Montreal,H4L,45624,8,20.8,0,1,Centre,0.5806510075139077
C007108,32.73,Sciences,Gaspesie-Iles-de-la-Madeleine,G0C,58430,11,410.7,0,1,Eloignee,0.9998497417996337
C009712,26.49,Sciences,Cote-Nord,G0G,100294,9,229.0,1,0,Eloignee,0.0766316782767753
C000935,30.04,Sciences sociales,Cote-Nord,G0G,61917,18,123.7,0,1,Eloignee,0.930499233705493
C012586,25.97,Arts et lettres,Montreal,H4L,58569,10,9.6,0,0,Centre,0.016140858723448816
C007761,26.26,Sciences,Montreal,H1A,77475,11,13.4,0,0,Centre,0.39756045455431505
C003128,25.32,Sante,Capitale-Nationale,G2E,37268,9,7.2,0,0,Centre,0.010721255495258847
C006016,24.93,Genie,Cote-Nord,G5B,60332,14,244.6,1,0,Eloignee,0.00265962379685918
C008958,29.6,Sante,Capitale-Nationale,G3A,80694,14,16.2,0,1,Centre,0.9960659376409554
C001065,27.41,Sciences,Capitale-Nationale,G2E,23552,8,46.2,0,0,Centre,0.06329305969352322
C007653,26.93,Sante,Capitale-Nationale,G1V,66190,12,7.5,0,0,Centre,0.1102975622852066
C006232,28.21,Sante,Bas-Saint-Laurent,G5L,59252,12,509.2,0,1,Eloignee,0.5518654230820056
C013234,24.89,Arts et lettres,Montreal,H8N,177549,9,42.9,0,0,Centre,0.07403457441357536
C005422,24.37,Sciences,Capitale-Nationale,G1V,39506,9,13.2,0,0,Centre,0.0001475463389603564
C013951,29.04,Sciences sociales,Montreal,H4L,72449,15,13.0,1,1,Centre,0.9572567239152091
C004103,25.77,Sciences sociales,Montreal,H1A,30475,8,28.1,0,0,Centre,0.0020641349844722793
C010117,28.97,Sciences sociales,Cote-Nord,G0G,41065,19,95.4,1,0,Eloignee,0.9297030506543082
C011260,28.96,Sante,Cote-Nord,G5B,20491,13,355.4,0,0,Eloignee,0.7270696523738446
C007348,33.2,Genie,Montreal,H2X,122093,9,31.3,0,1,Centre,0.999779324815936
C002986,29.13,Genie,Montreal,H8N,112658,8,7.4,0,0,Centre,0.7486061363557489
C010074,23.85,Genie,Montreal,H1A,51069,9,24.3,0,0,Centre,0.00016136466175870368
C001038,26.55,Genie,Montreal,H3T,48089,6,9.6,0,0,Centre,0.00573535254329388
C005491,30.31,Arts et lettres,Montreal,H8N,133340,10,34.2,0,1,Centre,0.9981560352199956
C004335,21.92,Sante,Montreal,H2X,143121,11,11.6,0,0,Centre,0.0008424451635390425
C011296,28.8,Sciences,Cote-Nord,G0G,67944,12,122.7,1,1,Eloignee,0.5766755840521874
C013825,28.73,Sciences,Capitale-Nationale,G1V,44433,7,16.0,0,1,Centre,0.7374019831654621
C010561,26.21,Sante,Capitale-Nationale,G3A,95927,13,29.3,0,0,Centre,0.19270135958610932
C002690,31.73,Sante,Montreal,H8N,164842,9,3.4,0,1,Centre,0.9999018405534011
C008544,26.86,Genie,Montreal,H8N,53938,5,23.5,0,0,Centre,0.012418872269257709
C006941,29.71,Sciences,Bas-Saint-Laurent,G0L,69353,15,190.5,0,1,Eloignee,0.9915854756561481
C010094,27.83,Arts et lettres,Montreal,H4L,71372,12,14.8,1,0,Centre,0.4503090177764321
C007973,27.54,Genie,Bas-Saint-Laurent,G5N,36030,16,231.5,0,0,Eloignee,0.04064283042667564
C008303,30.26,Genie,Montreal,H8N,44226,9,9.7,1,1,Centre,0.9700602908788994
C011070,25.92,Sante,Montreal,H8N,102767,7,41.6,1,0,Centre,0.12277098505455446
C002885,28.08,Genie,Montreal,H3T,116251,4,6.7,1,0,Centre,0.17975194603697137
C006726,28.17,Genie,Montreal,H8N,116904,8,24.9,0,1,Centre,0.7095580512764008
C009619,35.06,Sciences,Gaspesie-Iles-de-la-Madeleine,G0C,45032,8,376.6,1,1,Eloignee,0.9998363408828761
C011467,31.84,Sciences sociales,Montreal,H2X,50597,7,1.0,0,1,Centre,0.9996268915365359
C008383,35.72,Arts et lettres,Cote-Nord,G5B,46797,12,79.0,0,1,Eloignee,0.9997527245764101
C001861,29.78,Arts et lettres,Montreal,H1A,46431,9,14.2,0,1,Centre,0.9493753047729729
C011290,32.86,Sciences,Bas-Saint-Laurent,G0L,26555,14,155.9,0,1,Eloignee,0.9995620574851934
C009910,28.83,Sciences,Gaspesie-Iles-de-la-Madeleine,G5C,64396,10,235.8,0,0,Eloignee,0.8244862741230532
C012583,26.83,Sciences,Montreal,H2X,62385,12,32.7,0,1,Centre,0.3928234094512452
C002525,29.59,Genie,Capitale-Nationale,G3A,114304,8,27.6,1,1,Centre,0.9782277598756687
C013542,23.92,Arts et lettres,Montreal,H1A,50446,13,28.1,0,0,Centre,0.0002101977653765511
C002715,26.17,Sciences sociales,Cote-Nord,G0G,58270,13,297.8,0,0,Eloignee,0.2538127469956453
C006725,25.22,Sante,Bas-Saint-Laurent,G5N,56463,11,207.2,1,0,Eloignee,0.017962779963349808
C002432,32.25,Sciences,Cote-Nord,G0G,38959,13,129.1,1,1,Eloignee,0.9998611781462442
C013204,24.03,Sciences sociales,Capitale-Nationale,G3A,68003,10,7.5,1,0,Centre,0.001100402524472021
C004681,26.7,Genie,Gaspesie-Iles-de-la-Madeleine,G5C,42448,21,237.4,1,0,Eloignee,0.4454557214985336
C005562,22.17,Sciences,Montreal,H2X,46694,9,35.1,0,0,Centre,9.759693698240779e-05
C009954,23.2,Genie,Bas-Saint-Laurent,G0L,68216,14,79.4,0,0,Eloignee,7.953219612385407e-05
C007843,28.81,Sciences,Gaspesie-Iles-de-la-Madeleine,G5C,36362,11,207.5,1,0,Eloignee,0.4220090635547121
C007137,30.65,Genie,Montreal,H4L,38625,10,15.2,0,1,Centre,0.6787884300724738
C000178,25.24,Sante,Montreal,H2X,169687,6,29.8,0,1,Centre,0.5680744290236931
C012295,26.44,Sante,Montreal,H8N,53861,13,5.2,0,0,Centre,0.11035185115261688
C007972,26.0,Arts et lettres,Montreal,H8N,45352,7,2.0,0,0,Centre,0.011620806440774659
C009031,28.55,Sante,Capitale-Nationale,G3A,49143,7,43.8,0,0,Centre,0.512920034336683
C000409,26.4,Sciences sociales,Gaspesie-Iles-de-la-Madeleine,G4X,70853,17,190.5,0,0,Eloignee,0.8709417680858603
C011554,22.56,Arts et lettres,Gaspesie-Iles-de-la-Madeleine,G4X,41496,8,214.7,0,0,Eloignee,0.00014095391049106227
C000494,25.92,Sante,Gaspesie-Iles-de-la-Madeleine,G0C,173063,10,249.1,1,0,Eloignee,0.2684681275545274
C004451,22.81,Sante,Bas-Saint-Laurent,G5L,61198,11,197.7,0,0,Eloignee,9.65637902143197e-05
C010303,28.02,Sciences,Capitale-Nationale,G2E,79292,7,24.8,0,0,Centre,0.25877786960712135
C007663,27.3,Arts et lettres,Montreal,H3T,137221,6,10.6,1,1,Centre,0.6533888140646749
C000783,28.63,Sciences sociales,Montreal,H3T,86546,10,35.6,0,1,Centre,0.8548992966724008
C003478,21.33,Sciences sociales,Bas-Saint-Laurent,G0L,47128,23,227.9,0,0,Eloignee,0.0012442843283198939
C013122,27.89,Sante,Montreal,H8N,90101,11,6.4,0,1,Centre,0.7128084573617861
C004190,28.99,Sante,Montreal,H3T,43753,11,35.4,0,1,Centre,0.7804344685604252
C002634,29.18,Sante,Capitale-Nationale,G1V,78233,11,4.3,0,1,Centre,0.9415682087802475
C011061,30.24,Genie,Capitale-Nationale,G2E,51784,12,25.0,1,1,Centre,0.9804266919324787
C000136,30.32,Arts et lettres,Gaspesie-Iles-de-la-Madeleine,G0C,106014,10,291.5,1,1,Eloignee,0.9961203547375124
C002959,28.95,Genie,Cote-Nord,G0G,38115,19,124.6,0,1,Eloignee,0.7899412696461192
C011135,26.52,Genie,Montreal,H4L,170484,5,8.3,0,0,Centre,0.007124268929541909
C007780,29.37,Sante,Montreal,H4L,76073,12,13.8,0,1,Centre,0.9533323503773224
C010847,28.33,Sante,Montreal,H2X,73801,11,18.1,0,0,Centre,0.8416300214637713
C013891,30.33,Sciences sociales,Bas-Saint-Laurent,G5N,22688,11,222.5,1,0,Eloignee,0.9600870585384715
C007904,23.29,Sciences sociales,Montreal,H8N,45950,9,14.2,0,0,Centre,0.00010333394276508554
C006252,27.77,Sciences,Gaspesie-Iles-de-la-Madeleine,G4X,55518,10,337.4,0,0,Eloignee,0.14452075245297935
C010616,29.13,Genie,Capitale-Nationale,G1V,134316,13,40.5,0,1,Centre,0.9790674991951464
C000056,29.85,Sante,Gaspesie-Iles-de-la-Madeleine,G0C,44426,22,459.6,0,1,Eloignee,0.9946597230483798
C007756,29.62,Arts et lettres,Bas-Saint-Laurent,G5L,52696,12,117.3,0,0,Eloignee,0.9382042092524757
C001400,32.79,Genie,Montreal,H2X,135200,9,13.1,0,1,Centre,0.9998946321349615
C001637,32.81,Sciences sociales,Montreal,H1A,19377,8,32.4,0,1,Centre,0.999373543737823
C010457,28.84,Sante,Cote-Nord,G0G,32780,8,50.2,0,0,Eloignee,0.7309299994859858
C010901,28.86,Arts et lettres,Montreal,H3T,79142,6,31.8,0,1,Centre,0.5735278380499758
C013243,28.58,Sciences,Montreal,H8N,68413,10,32.7,1,1,Centre,0.710709790836326
C001125,29.47,Arts et lettres,Montreal,H2X,49704,11,10.6,0,1,Centre,0.8860568227739937
C003109,27.96,Arts et lettres,Montreal,H8N,78382,12,20.9,0,0,Centre,0.6310713221314632
C005139,24.87,Genie,Montreal,H3T,94210,14,13.2,0,0,Centre,0.006997063126349863
C004353,24.69,Sante,Montreal,H8N,42573,13,5.8,1,0,Centre,0.00021585717730590272
C002391,26.12,Sante,Montreal,H1A,63434,7,17.9,0,0,Centre,0.004000462537006928
C009199,34.38,Genie,Montreal,H4L,69992,10,11.3,0,1,Centre,0.9998191579288089
C003239,26.47,Arts et lettres,Montreal,H2X,67743,4,49.5,0,0,Centre,0.005816503031999056
C000493,27.47,Genie,Montreal,H8N,70780,13,39.0,1,1,Centre,0.5922937505397574
C000993,25.59,Arts et lettres,Capitale-Nationale,G1V,65870,6,63.4,0,0,Centre,0.0022662952853862626
C012081,26.28,Arts et lettres,Capitale-Nationale,G3A,44752,13,3.3,0,1,Centre,0.4892135200050684
C012260,27.0,Sciences sociales,Montreal,H3T,70080,9,24.2,0,0,Centre,0.1400028878629231
C002892,25.88,Arts et lettres,Cote-Nord,G5B,66055,17,178.4,0,0,Eloignee,0.6370358521689107
C003863,26.29,Sante,Montreal,H3T,100004,8,3.0,0,0,Centre,0.24701455896876903
C012215,25.32,Sciences,Capitale-Nationale,G1R,48336,6,6.2,0,0,Centre,0.0019295167764061003
C007328,28.38,Sciences,Gaspesie-Iles-de-la-Madeleine,G0C,114025,16,403.0,0,1,Eloignee,0.8399004464009027
C001503,24.24,Sciences,Cote-Nord,G0G,51468,14,253.2,0,0,Eloignee,0.0001938853329111275
C009942,26.04,Genie,Montreal,H4L,118555,9,19.7,1,1,Centre,0.32776296448767867
C002493,27.36,Sante,Cote-Nord,G5B,73542,14,70.8,1,0,Eloignee,0.5352564958510626
C002958,29.06,Arts et lettres,Montreal,H1A,66035,19,5.8,0,1,Centre,0.9813630024343111
C012735,25.4,Sciences,Bas-Saint-Laurent,G5N,25839,15,196.9,0,0,Eloignee,0.13735961021398593
C004184,30.68,Arts et lettres,Bas-Saint-Laurent,G5L,71660,18,233.1,0,1,Eloignee,0.9484301808621732
C010858,22.23,Sciences sociales,Capitale-Nationale,G2E,70099,6,7.8,0,0,Centre,9.490852828461176e-05
C002309,25.07,Sciences sociales,Cote-Nord,G0G,99641,13,162.1,0,0,Eloignee,0.004687531872846148
C011643,27.68,Sante,Capitale-Nationale,G1R,54315,8,16.7,1,1,Centre,0.11369619194571728
C008079,24.16,Sciences,Montreal,H8N,51424,13,29.6,0,0,Centre,0.00023845637125978134
C012642,27.86,Sciences sociales,Capitale-Nationale,G1R,42729,6,12.9,0,0,Centre,0.028611374120018095
C003637,23.14,Sciences,Gaspesie-Iles-de-la-Madeleine,G0C,56296,10,198.5,1,0,Eloignee,8.778327676082515e-05
C007851,33.05,Genie,Bas-Saint-Laurent,G0L,17491,13,252.6,1,1,Eloignee,0.9994275820142791
C009313,29.07,Sante,Cote-Nord,G0G,69103,14,222.2,1,0,Eloignee,0.9667485536253186
C009093,25.75,Genie,Capitale-Nationale,G3A,39864,10,19.1,0,0,Centre,0.025761373294313217
C008094,30.98,Arts et lettres,Capitale-Nationale,G2E,57570,13,22.6,0,1,Centre,0.9973367570157147
C006678,28.18,Genie,Montreal,H3T,144702,8,9.6,0,1,Centre,0.9166299443713372
C011078,25.27,Genie,Montreal,H4L,48140,11,20.2,1,0,Centre,0.020782154069341318
C004691,26.27,Genie,Bas-Saint-Laurent,G5L,45476,17,332.0,0,0,Eloignee,0.5864520230432747
C002239,23.88,Sciences,Cote-Nord,G4R,36462,11,171.6,0,0,Eloignee,0.00010475248680827163
C001653,32.93,Sante,Capitale-Nationale,G1V,120542,15,15.3,0,1,Centre,0.9986722231858773
C001350,23.78,Sciences,Gaspesie-Iles-de-la-Madeleine,G4X,56944,21,161.8,1,0,Eloignee,0.0034311159086382837
C011379,23.99,Arts et lettres,Bas-Saint-Laurent,G0L,89507,18,197.1,1,0,Eloignee,0.6182394830567272
C002330,31.6,Sciences,Capitale-Nationale,G2E,62167,6,29.8,1,1,Centre,0.9996430366569414
C001876,22.58,Sciences sociales,Capitale-Nationale,G2E,39561,6,20.9,0,0,Centre,7.364631860189157e-05
C013855,25.2,Sante,Cote-Nord,G0G,41630,14,277.9,1,0,Eloignee,0.06839471755161843
C013907,28.53,Sciences,Cote-Nord,G4R,72434,13,167.6,1,1,Eloignee,0.8518827577150584
C000461,26.16,Arts et lettres,Gaspesie-Iles-de-la-Madeleine,G5C,43713,11,278.0,0,0,Eloignee,0.2880099674466049
C009846,22.55,Arts et lettres,Capitale-Nationale,G2E,85499,5,3.8,1,0,Centre,0.0002151001466044001
C003035,25.3,Arts et lettres,Cote-Nord,G4R,91661,14,366.4,0,0,Eloignee,0.04875649681522224
C006347,28.5,Genie,Montreal,H2X,62898,7,11.2,0,1,Centre,0.4730872787499432
C008947,25.8,Genie,Bas-Saint-Laurent,G5N,51750,15,182.6,1,0,Eloignee,0.026965341923266283
C011415,27.62,Sante,Montreal,H3T,44677,10,22.6,1,0,Centre,0.21728435545233687
C008493,28.13,Genie,Bas-Saint-Laurent,G5N,45659,12,128.2,1,0,Eloignee,0.20757032383324336
C004529,36.19,Genie,Montreal,H3T,109669,14,37.9,1,1,Centre,0.9998251776774507
C001501,28.36,Genie,Montreal,H1A,44024,12,19.2,0,0,Centre,0.5296106457921521
C013325,26.62,Genie,Montreal,H4L,50438,11,14.9,0,0,Centre,0.055873813199703165
C011306,28.95,Sciences,Bas-Saint-Laurent,G5L,138868,10,322.4,0,1,Eloignee,0.9440110848715095
C013403,27.4,Sciences,Montreal,H2X,63770,11,5.3,1,1,Centre,0.45488985585092306
C007699,29.16,Sciences sociales,Montreal,H4L,46511,8,13.2,0,0,Centre,0.5933596437474662
C010050,25.45,Sante,Montreal,H8N,128530,6,26.1,1,0,Centre,0.0902443413400435
C008239,33.34,Sante,Montreal,H4L,75693,11,12.6,1,1,Centre,0.9999008235622374
C007678,25.87,Sciences,Gaspesie-Iles-de-la-Madeleine,G5C,44132,18,324.3,0,0,Eloignee,0.5660670914078285
C001866,26.54,Sciences sociales,Montreal,H1A,39399,9,21.9,0,0,Centre,0.0059408060976821045
C001824,26.64,Genie,Montreal,H2X,48861,10,12.1,0,0,Centre,0.018038469831270564
C011910,26.56,Genie,Montreal,H1A,74053,6,31.7,0,0,Centre,0.06127388820821175
C001179,30.65,Sciences sociales,Montreal,H4L,62154,10,5.3,1,1,Centre,0.9791608133747928
C013089,23.19,Arts et lettres,Gaspesie-Iles-de-la-Madeleine,G5C,62063,8,159.6,1,0,Eloignee,0.00013259611877389
C000673,28.4,Sciences sociales,Bas-Saint-Laurent,G5L,44824,10,294.9,0,0,Eloignee,0.7904087713161546
C004631,31.02,Genie,Capitale-Nationale,G1V,55268,3,8.9,1,1,Centre,0.9313345164218932
C009319,28.25,Genie,Montreal,H3T,127035,8,4.4,0,1,Centre,0.592891381443775
C005592,26.87,Genie,Cote-Nord,G4R,60201,12,228.4,1,0,Eloignee,0.25561520498726775
C006587,23.3,Genie,Montreal,H4L,53254,6,24.2,0,0,Centre,0.000133110355160812
C006204,29.43,Arts et lettres,Gaspesie-Iles-de-la-Madeleine,G5C,42728,13,248.1,0,1,Eloignee,0.9387229015877878
C013809,22.92,Genie,Gaspesie-Iles-de-la-Madeleine,G5C,47228,9,132.3,0,0,Eloignee,0.00027638902859783687
C005508,27.72,Arts et lettres,Montreal,H3T,101021,8,29.8,0,1,Centre,0.6098068897533263
C012073,27.69,Sciences sociales,Montreal,H2X,35115,11,38.2,1,0,Centre,0.09067510936323794
C013360,24.21,Sciences,Capitale-Nationale,G1V,87097,12,26.2,0,0,Centre,0.0008982007341519229
C012910,29.33,Sciences sociales,Cote-Nord,G4R,53905,15,342.2,0,1,Eloignee,0.9824388651161137
C006981,27.1,Sante,Bas-Saint-Laurent,G5N,29825,9,253.5,1,0,Eloignee,0.035334961474394674
C002370,29.82,Sciences sociales,Montreal,H3T,60779,5,17.4,0,0,Centre,0.7359008626025173
C007840,23.96,Sciences,Montreal,H4L,24224,10,11.8,0,0,Centre,0.0032081623090395657
C011707,24.74,Sciences,Montreal,H8N,91566,12,6.9,1,0,Centre,0.0004408760202253598
C011121,31.98,Sciences,Montreal,H3T,77087,8,15.8,0,1,Centre,0.9996760718924169
C002950,25.66,Sciences sociales,Capitale-Nationale,G2E,109455,9,39.9,0,0,Centre,0.01920910653774916
C011566,28.85,Sciences sociales,Cote-Nord,G5B,44952,15,84.6,0,0,Eloignee,0.9456977055067644
C010316,29.97,Genie,Montreal,H2X,97954,13,19.2,1,1,Centre,0.9962545140402699
C006609,27.75,Genie,Montreal,H2X,93138,11,12.5,0,0,Centre,0.676982166717272
C010532,25.41,Sciences sociales,Montreal,H1A,43845,15,25.2,0,0,Centre,0.055163232334222954
C002894,24.64,Sante,Bas-Saint-Laurent,G5N,90743,14,107.0,1,0,Eloignee,0.000819033191895434
C001250,29.89,Arts et lettres,Cote-Nord,G5B,48400,12,192.6,0,1,Eloignee,0.9889351553219176
C004281,23.27,Arts et lettres,Montreal,H2X,55955,11,28.8,1,0,Centre,0.00013010151226149067
C004069,28.45,Sciences,Capitale-Nationale,G1V,62587,8,3.7,0,0,Centre,0.5704895231405546
C007095,34.76,Genie,Montreal,H2X,166172,11,6.2,0,1,Centre,0.9999057511081799
C004987,27.56,Genie,Bas-Saint-Laurent,G0L,41412,10,259.2,1,0,Eloignee,0.1537485871932473
C010286,24.79,Arts et lettres,Montreal,H4L,39987,7,15.1,1,0,Centre,0.00011756427847724348
C008037,32.4,Sciences,Montreal,H2X,69283,9,16.6,0,1,Centre,0.999814434411236
C012828,25.88,Sante,Gaspesie-Iles-de-la-Madeleine,G5C,72600,7,88.1,0,0,Eloignee,0.007316546926736943
C010381,22.3,Arts et lettres,Montreal,H3T,160023,12,6.6,0,0,Centre,0.0012300028942518937
C003078,24.05,Genie,Montreal,H3T,78068,5,20.6,0,0,Centre,0.0002173564391545115
C012482,24.28,Arts et lettres,Gaspesie-Iles-de-la-Madeleine,G5C,56330,13,292.6,1,0,Eloignee,0.00019628224466332643
C011752,30.0,Sciences sociales,Gaspesie-Iles-de-la-Madeleine,G0C,40074,10,144.6,0,0,Eloignee,0.9028180425068744
C002569,27.73,Genie,Gaspesie-Iles-de-la-Madeleine,G4X,47019,9,244.8,1,0,Eloignee,0.10551342098487665
C012885,28.1,Genie,Cote-Nord,G4R,68694,15,90.2,1,1,Eloignee,0.7688534982254681
C005684,23.39,Genie,Capitale-Nationale,G1R,84045,4,14.2,0,0,Centre,0.00010547632345349434
C010008,26.75,Genie,Capitale-Nationale,G3A,64080,11,10.3,0,0,Centre,0.07470214150340602
C010584,32.87,Sante,Bas-Saint-Laurent,G5N,73492,10,348.9,0,1,Eloignee,0.9998691365162442
C013498,27.01,Sciences,Capitale-Nationale,G1R,93960,9,4.7,0,0,Centre,0.20430858617443262
C002185,26.46,Genie,Cote-Nord,G4R,59864,18,343.1,1,0,Eloignee,0.8198699111900376
C007750,27.97,Sciences sociales,Montreal,H8N,35310,4,3.2,0,0,Centre,0.0630144829646741
C010519,28.23,Sciences sociales,Gaspesie-Iles-de-la-Madeleine,G5C,61857,10,253.7,0,0,Eloignee,0.48281663158712324
C001537,32.4,Genie,Montreal,H4L,57973,7,13.3,0,1,Centre,0.9995690518431994
C004561,31.52,Sante,Capitale-Nationale,G1V,48626,9,25.4,0,1,Centre,0.9957161241176563
C013471,30.55,Arts et lettres,Bas-Saint-Laurent,G5L,32918,14,142.5,0,1,Eloignee,0.9795426271840673
C010733,27.2,Sciences,Montreal,H3T,64407,9,6.3,0,0,Centre,0.09654633892412828
C000130,26.43,Sciences,Cote-Nord,G0G,41422,8,62.7,1,0,Eloignee,0.005635680530998229
C009776,27.36,Sciences,Montreal,H1A,69039,5,18.0,1,0,Centre,0.06903088175508017
C004756,33.95,Sciences sociales,Montreal,H1A,60422,10,15.9,0,1,Centre,0.9997556585617379
C000634,29.88,Sciences,Montreal,H4L,25651,17,4.5,0,1,Centre,0.9798238655044014
C012666,28.24,Genie,Montreal,H1A,50227,6,16.4,0,0,Centre,0.1246919563380497
C010553,28.27,Sante,Montreal,H4L,53964,8,30.3,0,0,Centre,0.38786885366966295
C006824,26.8,Sciences,Gaspesie-Iles-de-la-Madeleine,G4X,23388,12,516.9,0,0,Eloignee,0.0620551790504046
C013883,26.96,Sciences sociales,Gaspesie-Iles-de-la-Madeleine,G0C,44450,14,483.3,0,0,Eloignee,0.20407255949646802
C001593,29.37,Arts et lettres,Montreal,H1A,91752,11,19.1,0,1,Centre,0.9431127248580267
C012088,23.18,Genie,Bas-Saint-Laurent,G5N,27848,13,76.4,1,0,Eloignee,0.00011888395796103907
C002219,31.55,Sciences sociales,Montreal,H8N,39202,7,15.3,1,1,Centre,0.9923865362393572
C008080,24.17,Sciences,Capitale-Nationale,G1R,97934,13,27.8,0,0,Centre,0.0003882219709228292
C012797,26.74,Sciences sociales,Gaspesie-Iles-de-la-Madeleine,G5C,118265,13,195.5,1,0,Eloignee,0.3811321611250044
C009649,29.58,Genie,Capitale-Nationale,G3A,67989,8,31.5,1,1,Centre,0.9490771718984651
C011903,25.49,Genie,Gaspesie-Iles-de-la-Madeleine,G4X,53331,14,84.2,0,0,Eloignee,0.005636921861250839
C010806,28.84,Sciences,Montreal,H3T,39672,10,13.2,0,1,Centre,0.6155353607372236
C004429,27.48,Genie,Montreal,H3T,35279,14,14.4,0,0,Centre,0.04648170577557019
C007637,29.84,Sante,Montreal,H4L,94072,7,10.3,0,1,Centre,0.9872779825857698
C013621,27.31,Sciences,Capitale-Nationale,G2E,35887,6,5.7,1,0,Centre,0.04921532873114894
C006161,29.38,Sciences sociales,Cote-Nord,G0G,28015,9,77.1,1,0,Eloignee,0.7580310542954933
C013393,23.68,Sante,Montreal,H4L,76387,5,20.1,0,0,Centre,0.0001299547901810582
C005345,31.47,Sciences,Capitale-Nationale,G2E,80884,11,12.5,0,1,Centre,0.9993374553892362
C003149,26.97,Sante,Capitale-Nationale,G1R,121120,5,8.5,0,0,Centre,0.040977045722750884
C009793,30.19,Sciences sociales,Capitale-Nationale,G1V,35102,9,4.5,1,1,Centre,0.880709333587241
C001790,26.82,Sciences sociales,Montreal,H4L,25755,8,44.9,0,0,Centre,0.012762540140818845
C005524,31.41,Genie,Montreal,H3T,67198,9,7.9,0,1,Centre,0.9992833261014091
C008188,26.6,Sciences,Montreal,H4L,40067,15,11.7,1,0,Centre,0.08467188281082723
C008981,25.8,Arts et lettres,Gaspesie-Iles-de-la-Madeleine,G5C,148591,7,389.2,0,0,Eloignee,0.045034833136135446
C001386,26.1,Sciences sociales,Montreal,H2X,41551,9,29.0,0,0,Centre,0.1140953457141676
C005381,28.41,Sciences sociales,Montreal,H3T,120390,8,6.2,1,0,Centre,0.607476183022034
C005979,28.48,Sciences,Montreal,H4L,70503,9,2.6,0,0,Centre,0.6002724663390174
C012470,27.44,Sante,Capitale-Nationale,G1R,57416,11,16.3,0,1,Centre,0.3674007272492152
C009678,32.88,Genie,Montreal,H3T,131488,11,12.5,0,1,Centre,0.999874607526676
C009080,30.35,Arts et lettres,Bas-Saint-Laurent,G5L,77450,12,243.0,1,0,Eloignee,0.9918115241050135
C007859,27.95,Sante,Capitale-Nationale,G3A,38222,9,11.7,0,0,Centre,0.11201714459029478
C000348,26.28,Sciences sociales,Montreal,H4L,39464,9,31.1,0,0,Centre,0.01712976639955642
C012547,23.31,Sciences sociales,Gaspesie-Iles-de-la-Madeleine,G0C,30599,9,221.1,1,0,Eloignee,0.00013677972632929498
C000077,30.67,Genie,Montreal,H4L,81534,12,17.3,1,1,Centre,0.9918162981662799
C005006,27.28,Genie,Capitale-Nationale,G1R,82166,8,10.1,0,0,Centre,0.07155634396846315
C012566,29.44,Sciences,Montreal,H4L,162862,12,4.3,0,1,Centre,0.9903241924532704
C010830,25.72,Sante,Montreal,H4L,75453,8,29.2,0,0,Centre,0.008124161848710287
C008734,32.37,Genie,Montreal,H1A,54696,13,10.4,0,1,Centre,0.9998914697184701
C003981,34.96,Sciences,Montreal,H1A,54032,8,12.2,0,1,Centre,0.9997739524817296
C009560,27.54,Genie,Montreal,H1A,81131,10,27.0,0,1,Centre,0.48601853674539475
C010088,29.23,Sciences sociales,Bas-Saint-Laurent,G5N,48761,23,238.8,0,1,Eloignee,0.9687340769810876
C001339,23.06,Sciences sociales,Bas-Saint-Laurent,G0L,26387,13,102.1,1,0,Eloignee,0.0002029730061439545
C006581,27.47,Sciences sociales,Cote-Nord,G0G,46295,6,159.3,0,0,Eloignee,0.033611679792320874
C000469,25.84,Sciences sociales,Capitale-Nationale,G2E,104366,9,36.5,0,0,Centre,0.04817375772437701
C007362,24.41,Sciences sociales,Montreal,H1A,40574,5,15.5,0,0,Centre,0.00011071529983637162
C011664,31.59,Sante,Capitale-Nationale,G1V,69991,7,7.2,0,1,Centre,0.9998245590737203
C003919,22.85,Arts et lettres,Capitale-Nationale,G1V,57573,13,39.3,0,0,Centre,0.000156382744853519
C008540,27.58,Genie,Montreal,H4L,83596,11,22.5,0,0,Centre,0.4123803377526935
C001017,29.83,Genie,Capitale-Nationale,G3A,97680,7,9.6,0,1,Centre,0.9848515193154875
C001183,24.4,Arts et lettres,Bas-Saint-Laurent,G5L,61754,10,104.3,1,0,Eloignee,0.00014463967223764357
C005728,31.84,Genie,Cote-Nord,G0G,44807,15,93.6,0,1,Eloignee,0.9989460457099731
C013332,27.1,Genie,Montreal,H1A,76996,12,30.5,0,0,Centre,0.20107075144100928
C002341,31.24,Sante,Montreal,H3T,116185,5,15.9,0,1,Centre,0.9988538196766883
C010053,26.83,Sciences,Montreal,H2X,86517,13,26.6,0,0,Centre,0.4944753467675344
C001112,30.69,Sciences sociales,Montreal,H2X,66145,15,23.7,0,1,Centre,0.9969188106720618
C004146,28.91,Sciences,Montreal,H2X,100271,14,11.8,0,1,Centre,0.9468090575044046
C000625,22.01,Sante,Bas-Saint-Laurent,G5N,43203,18,114.4,1,0,Eloignee,0.0019256491016119226
C001205,27.16,Sciences sociales,Capitale-Nationale,G1R,94004,8,10.7,1,0,Centre,0.1852437483832293
C001217,26.51,Genie,Montreal,H4L,49486,10,3.6,1,0,Centre,0.01750086285812269
C000211,28.2,Genie,Montreal,H4L,61880,9,42.1,0,1,Centre,0.3360185668126853
C000660,30.62,Sante,Montreal,H1A,28312,5,7.8,0,1,Centre,0.9690890802482945
C005040,31.41,Genie,Capitale-Nationale,G1R,86226,7,15.4,0,1,Centre,0.9991763577105838
C013990,25.73,Sciences,Montreal,H1A,101665,13,29.7,1,0,Centre,0.03459653010348233
C011866,25.08,Sciences sociales,Capitale-Nationale,G1R,34746,9,34.0,0,0,Centre,0.0018964298622295044
C001051,31.85,Sciences,Montreal,H3T,49126,12,3.0,0,1,Centre,0.9998381323686298
C012981,22.39,Sciences,Montreal,H2X,128108,6,41.0,0,0,Centre,0.00024100542721499596
C005943,30.46,Genie,Capitale-Nationale,G1V,52381,6,7.3,0,1,Centre,0.9758001008314816
C006786,33.82,Arts et lettres,Bas-Saint-Laurent,G5L,28275,8,173.2,0,1,Eloignee,0.9993885284153188
C006617,26.79,Sciences,Bas-Saint-Laurent,G5N,62839,16,220.8,1,0,Eloignee,0.4404813210584816
C000166,29.52,Sciences sociales,Bas-Saint-Laurent,G5L,91890,13,166.2,0,0,Eloignee,0.9725560875584919
C001216,29.32,Sante,Montreal,H1A,59358,9,6.6,1,1,Centre,0.853859875207521
C001666,20.36,Sante,Montreal,H3T,74457,10,46.9,1,0,Centre,9.276427288501926e-05
C005546,29.06,Sciences sociales,Gaspesie-Iles-de-la-Madeleine,G5C,37670,8,140.9,0,0,Eloignee,0.3232794721906859
C002155,27.43,Sante,Montreal,H2X,80555,11,33.4,0,0,Centre,0.2816629624941922
C008495,26.61,Sciences,Bas-Saint-Laurent,G5N,86952,17,84.6,1,1,Eloignee,0.9022078818940117
C006042,29.95,Sciences,Montreal,H8N,99437,6,18.0,0,1,Centre,0.987093086066138
C007429,29.33,Arts et lettres,Montreal,H3T,60963,12,19.5,1,1,Centre,0.8480259900760655
C000555,30.79,Sante,Montreal,H2X,72575,17,4.0,0,1,Centre,0.9705005858876248
C008195,24.52,Sante,Capitale-Nationale,G2E,59176,14,6.1,1,0,Centre,0.00019509290188105167
C008327,28.55,Sciences,Bas-Saint-Laurent,G5N,71952,14,56.2,1,0,Eloignee,0.8588594464760234
C007752,26.3,Sante,Montreal,H4L,76406,4,3.0,0,0,Centre,0.035638814977710535
C006831,31.52,Sciences,Gaspesie-Iles-de-la-Madeleine,G0C,60692,14,203.5,0,1,Eloignee,0.9987849868948355
C006332,23.73,Sciences,Montreal,H3T,50238,15,6.0,0,0,Centre,0.00036365759085638127
C011153,29.15,Sciences sociales,Gaspesie-Iles-de-la-Madeleine,G0C,44641,13,87.7,1,1,Eloignee,0.9594182273849747
C001236,24.97,Arts et lettres,Montreal,H8N,60309,6,6.6,1,0,Centre,0.0010800012182751375
C002652,25.94,Genie,Montreal,H4L,72871,5,7.2,0,0,Centre,0.0016474698325347234
C012383,25.93,Arts et lettres,Montreal,H4L,48453,7,14.1,0,0,Centre,0.004119545531959007
C011665,28.95,Genie,Montreal,H3T,58209,9,15.2,0,1,Centre,0.6256353633964877
C011610,28.73,Sante,Montreal,H8N,62918,6,8.3,0,0,Centre,0.4636526792952075
C006952,29.08,Sciences sociales,Bas-Saint-Laurent,G5N,86715,15,213.2,0,1,Eloignee,0.9589285772818528
C003524,26.69,Arts et lettres,Montreal,H1A,31039,7,17.7,0,0,Centre,0.0034875259310537064
C011145,26.3,Sciences sociales,Capitale-Nationale,G2E,138000,8,33.9,1,0,Centre,0.366746432539645
C012143,26.3,Sante,Gaspesie-Iles-de-la-Madeleine,G4X,62499,14,162.0,1,0,Eloignee,0.3773145705083148
C011693,24.51,Genie,Bas-Saint-Laurent,G0L,36535,13,133.2,0,0,Eloignee,0.0006829479305135649
C003352,27.94,Genie,Cote-Nord,G5B,43689,12,269.2,1,0,Eloignee,0.20040500883502993
C003596,27.9,Arts et lettres,Cote-Nord,G5B,37899,24,71.6,0,0,Eloignee,0.18534086012701176
C008890,29.43,Sante,Bas-Saint-Laurent,G5L,54344,14,110.9,1,0,Eloignee,0.9843916117142605
C013962,27.58,Sciences sociales,Bas-Saint-Laurent,G0L,40841,9,156.5,1,0,Eloignee,0.08148418794739402
C006118,25.56,Arts et lettres,Cote-Nord,G0G,23901,13,389.0,0,0,Eloignee,0.02624245304229772
C011532,28.96,Genie,Gaspesie-Iles-de-la-Madeleine,G0C,25994,11,314.3,0,0,Eloignee,0.202793109989898
C013169,26.33,Sciences sociales,Gaspesie-Iles-de-la-Madeleine,G0C,23084,14,181.5,0,0,Eloignee,0.057427284180650295
C009971,25.54,Genie,Cote-Nord,G4R,34376,12,195.5,1,0,Eloignee,0.010538435546710363
C011669,29.35,Arts et lettres,Montreal,H1A,291491,10,46.3,0,1,Centre,0.9943953425983939
C010749,29.92,Sciences,Bas-Saint-Laurent,G0L,48686,11,133.9,0,1,Eloignee,0.9886966280012837
C006573,26.9,Sante,Gaspesie-Iles-de-la-Madeleine,G0C,86526,10,165.9,1,0,Eloignee,0.354016821536462
C001446,27.3,Sciences sociales,Capitale-Nationale,G2E,117222,6,18.3,0,0,Centre,0.3091714664390087
C005243,27.07,Genie,Gaspesie-Iles-de-la-Madeleine,G4X,42578,13,123.7,1,0,Eloignee,0.1333559567479735
C012258,25.08,Arts et lettres,Gaspesie-Iles-de-la-Madeleine,G0C,52311,15,204.4,1,0,Eloignee,0.010887287721121445
C008537,31.62,Sciences sociales,Montreal,H1A,82599,10,8.8,0,1,Centre,0.9991891450598234
C003941,27.68,Arts et lettres,Montreal,H8N,33784,8,11.8,0,0,Centre,0.0673684425671008
C013686,25.24,Arts et lettres,Capitale-Nationale,G1V,66211,7,25.3,0,0,Centre,0.0019338125027842188
C013523,30.19,Genie,Capitale-Nationale,G2E,97426,13,14.3,1,1,Centre,0.9967695868524017
C004502,25.5,Genie,Montreal,H4L,57972,10,5.0,1,0,Centre,0.005871600659652377
C001243,30.15,Sciences sociales,Cote-Nord,G5B,19004,12,114.8,1,0,Eloignee,0.900924493034342
C000532,24.58,Sante,Montreal,H3T,47454,5,18.7,0,0,Centre,0.00013531891986203137
C003962,26.54,Sciences,Montreal,H3T,81608,6,25.1,0,0,Centre,0.03140872517499515
C012038,31.97,Genie,Gaspesie-Iles-de-la-Madeleine,G5C,68670,14,73.6,0,1,Eloignee,0.9998965439031741
C013521,28.36,Genie,Cote-Nord,G4R,33841,19,222.6,0,1,Eloignee,0.7053079958621015
C002793,27.11,Genie,Montreal,H3T,61621,14,31.4,1,0,Centre,0.3844847063016294
C007839,31.72,Sciences,Cote-Nord,G5B,70995,18,202.0,1,1,Eloignee,0.9927867821125386
C001323,28.11,Arts et lettres,Montreal,H1A,62676,8,19.6,0,0,Centre,0.26889946140442583
C008350,28.65,Sante,Montreal,H3T,38644,13,21.4,0,1,Centre,0.8628317731368583
C003433,23.17,Arts et lettres,Montreal,H3T,41778,6,1.0,0,0,Centre,0.00011102884544214497
C009589,29.07,Sante,Gaspesie-Iles-de-la-Madeleine,G4X,48534,13,62.1,1,0,Eloignee,0.9671301108568825
C010764,20.45,Sciences sociales,Montreal,H8N,55450,7,14.6,0,0,Centre,0.00011086488131060399
C007114,27.16,Sante,Montreal,H4L,80870,6,0.3,1,0,Centre,0.10545060182424788
C009512,32.08,Sciences sociales,Cote-Nord,G0G,69356,8,395.1,0,1,Eloignee,0.9997810283889185
C007047,32.59,Arts et lettres,Capitale-Nationale,G1V,24390,10,11.7,0,1,Centre,0.9907857581127386
C001461,26.84,Sciences,Capitale-Nationale,G1R,163521,4,8.5,0,0,Centre,0.036806051331849374
C006887,27.7,Sciences,Bas-Saint-Laurent,G0L,45381,18,111.4,0,0,Eloignee,0.5317239443891173
C008777,26.77,Sciences,Montreal,H1A,59116,10,19.5,0,0,Centre,0.16653643931974274
C013113,28.0,Arts et lettres,Montreal,H2X,35358,9,49.7,0,0,Centre,0.08023661114063471
C007695,30.23,Sciences,Gaspesie-Iles-de-la-Madeleine,G0C,39783,8,83.2,0,1,Eloignee,0.8747554296692187
C001878,29.81,Sciences,Montreal,H1A,79480,8,5.0,0,1,Centre,0.9866914943523543
C013700,23.75,Genie,Montreal,H3T,97982,7,4.7,1,0,Centre,0.00014457177706216886
C006561,24.43,Arts et lettres,Gaspesie-Iles-de-la-Madeleine,G0C,64795,19,117.4,1,0,Eloignee,0.012654029681801406
C009284,24.3,Genie,Montreal,H2X,64125,13,11.6,1,0,Centre,0.00011547740636921368
C001005,33.73,Arts et lettres,Montreal,H2X,70515,15,15.8,1,1,Centre,0.997972755624755
C001745,28.63,Genie,Bas-Saint-Laurent,G0L,44590,9,269.2,1,0,Eloignee,0.4836734498668751
C011993,32.28,Sante,Montreal,H3T,79556,7,80.0,0,1,Centre,0.9998696341382453
C006418,22.99,Arts et lettres,Bas-Saint-Laurent,G5N,42153,15,230.6,1,0,Eloignee,0.000551073227650568
C004826,25.26,Sciences sociales,Gaspesie-Iles-de-la-Madeleine,G5C,61075,12,128.0,0,0,Eloignee,0.0075239534971291875
C007318,25.18,Arts et lettres,Cote-Nord,G4R,81289,5,201.1,0,0,Eloignee,0.0010881228044537213
C005890,30.77,Sciences,Montreal,H8N,47441,8,17.8,0,1,Centre,0.9666013793643305
C008788,28.47,Sante,Capitale-Nationale,G2E,99215,6,20.7,0,1,Centre,0.6645256682795947
C007273,29.15,Sante,Gaspesie-Iles-de-la-Madeleine,G0C,43306,22,120.9,0,1,Eloignee,0.9314645496122298
C003130,24.36,Genie,Montreal,H3T,65816,9,29.0,0,0,Centre,0.00012810705487018855
C005165,30.15,Genie,Capitale-Nationale,G1V,51062,13,10.6,1,1,Centre,0.9947183020709561
C013793,26.57,Genie,Capitale-Nationale,G3A,72936,10,23.8,0,0,Centre,0.22605141144643998
C012302,24.04,Sciences,Capitale-Nationale,G1V,56281,11,4.7,0,0,Centre,0.00015382135253299146
C008075,22.23,Sciences sociales,Montreal,H1A,67397,17,41.5,1,0,Centre,0.002328549405717644
C001979,26.98,Sante,Cote-Nord,G4R,75142,15,85.3,0,1,Eloignee,0.5386763869176474
C012548,24.91,Genie,Montreal,H3T,76996,10,37.1,0,0,Centre,0.0017524312683850532
C005883,31.17,Genie,Bas-Saint-Laurent,G5N,22968,14,212.9,0,0,Eloignee,0.9904338368983114
C005466,27.43,Arts et lettres,Montreal,H4L,31720,10,35.2,0,0,Centre,0.04261746150729987
C004593,29.25,Sciences,Montreal,H1A,83053,14,20.7,0,1,Centre,0.9894237867359084
C006583,31.63,Arts et lettres,Capitale-Nationale,G3A,62238,15,12.2,1,1,Centre,0.9974706005587193
C011224,30.85,Genie,Montreal,H3T,44138,10,34.3,0,1,Centre,0.9356066674139608
C005385,27.55,Sciences sociales,Montreal,H2X,78093,9,10.8,0,0,Centre,0.5117783871581438
C007290,29.97,Sciences,Cote-Nord,G5B,70707,14,263.6,0,1,Eloignee,0.9963079758997411
C007910,30.97,Sante,Cote-Nord,G5B,53164,7,148.9,1,0,Eloignee,0.9979076596597812
C006847,27.56,Genie,Gaspesie-Iles-de-la-Madeleine,G0C,56318,16,261.7,1,0,Eloignee,0.3651005395442951
C001699,29.07,Arts et lettres,Gaspesie-Iles-de-la-Madeleine,G0C,52699,14,296.5,0,0,Eloignee,0.9553584109611715
C013444,30.1,Arts et lettres,Cote-Nord,G0G,44519,14,464.8,0,1,Eloignee,0.9895069472936433
C003474,29.72,Sciences,Montreal,H3T,76109,6,31.6,0,1,Centre,0.9325242202080408
C000618,22.23,Sante,Bas-Saint-Laurent,G0L,39381,13,272.4,1,0,Eloignee,0.00013344783451357781
C007141,22.33,Genie,Gaspesie-Iles-de-la-Madeleine,G4X,37904,16,349.0,0,0,Eloignee,0.001681242753846382
C013266,27.94,Genie,Cote-Nord,G4R,56724,12,229.4,0,0,Eloignee,0.4320662153220731
C002106,20.3,Arts et lettres,Bas-Saint-Laurent,G5L,49169,8,193.4,0,0,Eloignee,0.00015125855948600948
C012953,27.63,Sciences sociales,Montreal,H2X,98221,7,6.9,0,0,Centre,0.5114772035996634
C008234,26.04,Sciences,Gaspesie-Iles-de-la-Madeleine,G5C,80262,10,213.4,1,0,Eloignee,0.2693704401497118
C013571,29.03,Sciences sociales,Montreal,H4L,45867,4,12.6,0,0,Centre,0.26135237541753825
C011019,23.07,Sciences,Montreal,H1A,58842,7,37.2,1,0,Centre,8.766308210194828e-05
C000171,30.47,Genie,Gaspesie-Iles-de-la-Madeleine,G0C,90407,14,291.1,0,1,Eloignee,0.9981500047729684
C011261,28.04,Sciences sociales,Montreal,H4L,49848,12,2.6,0,1,Centre,0.5814080015803729
C002859,30.74,Sciences,Gaspesie-Iles-de-la-Madeleine,G4X,46738,15,136.4,0,1,Eloignee,0.9973308865065463
C006098,33.39,Genie,Montreal,H1A,221655,8,16.0,0,1,Centre,0.9999108341850828
C001712,27.47,Genie,Cote-Nord,G4R,67442,17,136.3,0,0,Eloignee,0.8486782210645952
C007029,29.85,Arts et lettres,Montreal,H2X,95922,12,4.3,0,1,Centre,0.9757875620091196
C003965,29.63,Sciences sociales,Montreal,H8N,93454,8,32.4,0,1,Centre,0.9704603734012334
C000533,31.04,Sciences,Cote-Nord,G5B,39717,9,235.5,0,0,Eloignee,0.9919778695484396
C013023,28.14,Genie,Montreal,H1A,89344,14,17.6,1,1,Centre,0.8467672701655319
C008045,24.81,Genie,Capitale-Nationale,G2E,48952,8,46.2,1,0,Centre,0.0006242983974377507
C006323,29.65,Sciences,Montreal,H3T,109495,15,42.7,0,1,Centre,0.9946102418718359
C009155,27.32,Arts et lettres,Montreal,H4L,60671,9,23.6,0,0,Centre,0.07148474312894988
C005847,24.92,Genie,Montreal,H3T,49629,12,12.8,1,0,Centre,0.02398165406677284
C007627,24.33,Genie,Capitale-Nationale,G1V,58379,5,24.9,0,0,Centre,0.00020646974703857136
C009303,22.77,Sciences,Cote-Nord,G5B,58895,14,365.4,1,0,Eloignee,0.00013131252364567122
C009783,28.43,Arts et lettres,Montreal,H1A,107661,8,16.5,0,1,Centre,0.8279800589747226
C005520,28.8,Sciences,Montreal,H1A,82130,6,14.6,0,1,Centre,0.5884973028780379
C012325,28.1,Sciences sociales,Capitale-Nationale,G1R,116520,10,2.6,1,1,Centre,0.80491000273108
C005261,25.44,Sciences sociales,Cote-Nord,G4R,116706,18,265.1,0,0,Eloignee,0.5971734473546172
C001721,26.06,Sciences,Gaspesie-Iles-de-la-Madeleine,G4X,40186,9,141.6,1,0,Eloignee,0.039613476286224275
C000499,27.4,Sciences,Montreal,H8N,23659,12,2.6,0,0,Centre,0.0793627437120557
C003429,22.84,Sante,Montreal,H3T,90550,10,15.0,0,0,Centre,0.00025582070223288976
C005674,31.14,Genie,Bas-Saint-Laurent,G5L,163920,9,114.2,0,1,Eloignee,0.9997969101941249
C013558,26.65,Sante,Capitale-Nationale,G1R,139028,10,21.6,0,0,Centre,0.3071312135222022
C011276,29.42,Genie,Capitale-Nationale,G1R,66260,14,0.9,0,1,Centre,0.9888620880298487
C001669,31.68,Genie,Montreal,H8N,45982,7,14.9,1,1,Centre,0.9982248584987113
C003748,23.12,Sciences,Bas-Saint-Laurent,G0L,68691,11,182.3,1,0,Eloignee,8.546923829464216e-05
C011792,20.52,Sciences,Capitale-Nationale,G3A,42587,5,52.5,1,0,Centre,7.855804733284748e-05
C004421,25.99,Arts et lettres,Montreal,H2X,166948,12,13.0,0,0,Centre,0.3062300197097929
C012388,27.06,Genie,Montreal,H8N,58083,10,23.3,1,0,Centre,0.22382775923120143
C002022,31.83,Arts et lettres,Cote-Nord,G0G,70908,20,123.1,0,0,Eloignee,0.987979948009339
C001949,29.55,Sciences sociales,Montreal,H1A,89905,16,11.5,0,1,Centre,0.9934669572444309
C004994,32.5,Sante,Capitale-Nationale,G3A,61715,11,51.2,0,1,Centre,0.9998584023788373
C006281,28.59,Genie,Cote-Nord,G5B,56507,13,398.7,1,0,Eloignee,0.8469952739188917
C012736,26.46,Sciences sociales,Montreal,H4L,63298,9,5.5,1,0,Centre,0.013199937638561851
C007048,24.35,Arts et lettres,Montreal,H4L,60350,7,11.3,0,0,Centre,0.00015720618779463692
C002626,21.79,Sciences,Cote-Nord,G0G,47332,11,224.3,0,0,Eloignee,0.00010837751876702488
C012506,30.75,Genie,Montreal,H4L,61871,7,13.5,0,1,Centre,0.9596272473761036
C013673,32.2,Sante,Capitale-Nationale,G2E,86929,12,69.0,0,1,Centre,0.9998875520009036
C008186,26.39,Genie,Montreal,H2X,113673,9,25.1,0,0,Centre,0.17674934886568078
C013804,27.78,Sciences,Montreal,H1A,76551,7,14.1,1,0,Centre,0.12716261842914406
C003202,35.18,Sante,Capitale-Nationale,G3A,36787,11,5.1,0,1,Centre,0.9998704950591843
C004352,25.72,Sciences sociales,Gaspesie-Iles-de-la-Madeleine,G0C,72319,19,180.3,0,0,Eloignee,0.8320148262927917
C008682,22.92,Sciences sociales,Capitale-Nationale,G1V,78361,7,2.4,0,0,Centre,8.808659721936147e-05
C010507,28.13,Genie,Capitale-Nationale,G2E,92250,12,52.9,0,1,Centre,0.8689271772104992
C009316,29.16,Sciences,Montreal,H1A,51172,13,12.4,0,1,Centre,0.9564090956036968
C000366,24.32,Sciences sociales,Montreal,H8N,71001,10,22.2,0,0,Centre,0.00015569925457452764
C004486,28.65,Sciences sociales,Montreal,H4L,134416,11,13.3,0,1,Centre,0.8838450113391286
C004391,26.12,Genie,Capitale-Nationale,G1V,68198,9,15.6,0,0,Centre,0.01977332895563699
C008546,27.35,Sciences,Cote-Nord,G4R,43697,15,212.6,0,0,Eloignee,0.2844986686684767
C001755,32.37,Sciences sociales,Capitale-Nationale,G1R,155110,5,19.7,0,1,Centre,0.9997164453612906
C004369,24.51,Genie,Cote-Nord,G5B,50939,12,136.9,0,0,Eloignee,0.00050183298385272
C010212,29.45,Sciences,Capitale-Nationale,G2E,92351,5,46.0,0,0,Centre,0.7279133669117962
C003502,28.61,Genie,Capitale-Nationale,G1R,33197,13,36.2,0,0,Centre,0.3248897060403912
C005993,21.86,Genie,Montreal,H2X,41111,7,9.7,0,0,Centre,0.00012772042296124657
C005603,29.02,Arts et lettres,Gaspesie-Iles-de-la-Madeleine,G5C,119537,11,101.2,0,0,Eloignee,0.8000968914070773
C001188,25.5,Genie,Montreal,H8N,42308,10,5.6,0,0,Centre,0.02261938731248204
C005804,31.99,Sciences,Cote-Nord,G5B,25643,13,445.2,0,1,Eloignee,0.9994035244189572
C001190,27.37,Arts et lettres,Montreal,H4L,217523,8,17.7,0,0,Centre,0.6401274153972341
C001957,26.9,Genie,Cote-Nord,G5B,25150,18,244.8,1,1,Eloignee,0.10672903213587295
C007408,32.99,Genie,Bas-Saint-Laurent,G5L,71293,16,248.7,0,1,Eloignee,0.9980337423595795
C010324,29.36,Genie,Montreal,H8N,57628,12,4.4,0,1,Centre,0.8552392274785557
C003178,27.9,Sante,Bas-Saint-Laurent,G5N,28785,17,231.5,1,1,Eloignee,0.24593442457877931
C005532,27.36,Arts et lettres,Capitale-Nationale,G3A,76880,5,44.4,0,0,Centre,0.14592788054580536
C003733,31.2,Genie,Montreal,H2X,29574,9,25.3,0,1,Centre,0.9891399857419384
C006346,25.12,Sciences,Capitale-Nationale,G1V,63492,12,7.7,1,0,Centre,0.00367487820212005
C004655,32.77,Sciences,Montreal,H8N,50748,10,10.8,0,1,Centre,0.9997610918327559
C011259,34.28,Sciences,Gaspesie-Iles-de-la-Madeleine,G4X,61580,14,125.2,1,1,Eloignee,0.9998741840848232
C012780,25.05,Arts et lettres,Capitale-Nationale,G2E,66640,8,23.1,1,0,Centre,0.0008437410202369721
C006249,29.68,Genie,Capitale-Nationale,G3A,49492,12,20.2,0,1,Centre,0.9218181234886992
C002360,28.8,Sante,Montreal,H8N,40296,7,7.7,1,0,Centre,0.35241863021556297
C007567,24.92,Arts et lettres,Montreal,H2X,81793,15,16.8,0,0,Centre,0.01419800688922276
C006206,28.73,Sante,Gaspesie-Iles-de-la-Madeleine,G0C,27702,17,116.5,0,1,Eloignee,0.8639099299390368
C013651,31.12,Genie,Montreal,H4L,101841,7,21.4,0,1,Centre,0.9994819389866586
C008766,24.86,Sciences,Bas-Saint-Laurent,G0L,64918,17,209.3,1,0,Eloignee,0.021347911189365385
C007218,26.5,Sciences sociales,Montreal,H3T,78003,6,9.4,0,0,Centre,0.056229838227585184
C009627,27.79,Arts et lettres,Bas-Saint-Laurent,G5L,38220,21,248.3,0,0,Eloignee,0.18534086012701176
C000103,29.24,Arts et lettres,Montreal,H2X,79058,10,37.7,1,1,Centre,0.8842355488497559
C009927,29.55,Sciences,Montreal,H3T,103631,15,4.6,1,1,Centre,0.9844144448235953
C012169,26.57,Sciences,Bas-Saint-Laurent,G5L,52241,7,421.9,1,0,Eloignee,0.008307715491103625
C011399,23.15,Sciences,Capitale-Nationale,G1V,97214,9,4.3,0,0,Centre,0.00016419074812754593
C013460,23.45,Sante,Montreal,H1A,240247,8,18.7,1,0,Centre,0.0006171283518471435
C004247,26.84,Arts et lettres,Montreal,H4L,49826,14,15.6,0,0,Centre,0.12525714618320324
C007737,31.26,Sante,Montreal,H4L,62735,10,8.9,1,1,Centre,0.9986084266774042
C012219,23.65,Sciences sociales,Montreal,H8N,65765,11,20.8,1,0,Centre,8.546923829464216e-05
C010026,25.78,Genie,Bas-Saint-Laurent,G5N,27554,11,210.1,0,0,Eloignee,0.008893361545898553
C011457,26.52,Sciences sociales,Gaspesie-Iles-de-la-Madeleine,G0C,82556,22,242.7,0,0,Eloignee,0.9201801302334661
C000363,24.14,Sciences sociales,Montreal,H1A,172550,10,20.0,0,0,Centre,0.0006511511030251527
C006925,26.11,Sciences sociales,Montreal,H1A,55590,14,17.5,0,0,Centre,0.1671893364354127
C001285,29.53,Arts et lettres,Montreal,H8N,103318,9,9.5,1,1,Centre,0.9000404212257879
C013401,30.78,Sciences sociales,Capitale-Nationale,G1R,94993,9,28.1,0,1,Centre,0.992134466428517
C007251,26.38,Sciences,Montreal,H2X,47872,5,29.5,1,0,Centre,0.0021528011444117406
C005311,30.4,Sciences,Capitale-Nationale,G2E,57826,6,21.8,1,1,Centre,0.9252846558965101
C001547,29.39,Genie,Montreal,H3T,49328,16,15.1,0,1,Centre,0.9862461282408405
C006502,25.56,Sante,Gaspesie-Iles-de-la-Madeleine,G4X,63327,14,145.1,1,0,Eloignee,0.01235551854479053
C009555,26.3,Genie,Montreal,H4L,121388,9,25.7,1,0,Centre,0.3144668802161179
C001476,30.23,Genie,Gaspesie-Iles-de-la-Madeleine,G4X,86621,12,71.5,0,1,Eloignee,0.996261274817818
C000908,25.88,Sante,Gaspesie-Iles-de-la-Madeleine,G5C,31527,12,153.1,0,0,Eloignee,0.017424589794219795
C002753,27.08,Genie,Montreal,H4L,76318,8,38.0,1,0,Centre,0.296716179765371
C006706,27.38,Sciences,Cote-Nord,G5B,23659,11,279.3,1,0,Eloignee,0.06032533817947677
C005923,24.48,Sciences,Montreal,H1A,103234,12,27.2,0,0,Centre,0.00029659840683586667
C002138,26.2,Genie,Gaspesie-Iles-de-la-Madeleine,G5C,16717,14,115.5,0,0,Eloignee,0.05699838563833821
C002935,23.08,Sciences sociales,Gaspesie-Iles-de-la-Madeleine,G0C,43211,8,273.5,1,0,Eloignee,7.639478439566112e-05
C007561,25.6,Sciences,Gaspesie-Iles-de-la-Madeleine,G5C,57217,10,157.5,0,0,Eloignee,0.005422530675004911
C009853,24.59,Genie,Gaspesie-Iles-de-la-Madeleine,G0C,46888,10,136.9,1,0,Eloignee,0.0024499949946465965
C009924,28.29,Arts et lettres,Cote-Nord,G0G,49211,11,479.2,1,0,Eloignee,0.4956873637375062
C001475,31.65,Sciences,Montreal,H4L,48673,14,15.3,0,1,Centre,0.9999257592986581
C000777,24.78,Sciences,Bas-Saint-Laurent,G0L,57599,13,245.5,0,0,Eloignee,0.0001955151413578652
C004782,26.97,Sciences,Capitale-Nationale,G1V,138162,3,9.8,0,0,Centre,0.054494029162549355
C010886,30.46,Sciences,Capitale-Nationale,G3A,25106,15,8.8,1,1,Centre,0.9830799342022881
C001413,28.88,Sciences,Montreal,H2X,84319,7,7.2,0,1,Centre,0.7128114127082762
C009401,22.46,Genie,Capitale-Nationale,G1R,32069,10,14.5,0,0,Centre,0.00028169776289158267
C003072,25.4,Genie,Montreal,H8N,82382,6,18.0,0,0,Centre,0.004346738749082912
C012763,30.84,Sciences sociales,Montreal,H1A,38853,6,35.0,0,1,Centre,0.9818695589943802
C011922,27.35,Sciences,Montreal,H4L,40328,12,14.2,1,0,Centre,0.05138988632746463
C004970,27.54,Sante,Cote-Nord,G0G,48850,15,116.9,1,0,Eloignee,0.5012830663288854
C004458,29.59,Arts et lettres,Bas-Saint-Laurent,G5N,38810,8,105.7,0,0,Eloignee,0.8924990869774502
C010861,28.56,Sciences sociales,Montreal,H2X,79318,7,43.3,1,1,Centre,0.36793309528225115
C004685,22.51,Arts et lettres,Montreal,H2X,60135,7,10.0,1,0,Centre,0.00013259611877389
C013107,25.91,Genie,Gaspesie-Iles-de-la-Madeleine,G4X,49279,18,317.2,0,0,Eloignee,0.522852158754469
C006846,30.04,Sciences,Gaspesie-Iles-de-la-Madeleine,G0C,48507,14,324.4,1,1,Eloignee,0.993617165834277
C007260,22.87,Arts et lettres,Montreal,H4L,48047,8,27.8,1,0,Centre,7.505870117387863e-05
C009494,31.73,Sante,Capitale-Nationale,G1V,46671,8,23.6,0,1,Centre,0.99976436379901
C001458,26.47,Sante,Capitale-Nationale,G1V,56368,8,38.1,0,0,Centre,0.010346717749977882
C004710,30.32,Sciences sociales,Bas-Saint-Laurent,G5N,44397,15,564.3,1,1,Eloignee,0.9955481213644206
C006962,31.43,Sciences sociales,Capitale-Nationale,G1V,75907,5,23.9,0,1,Centre,0.9949238037067052
C012226,25.52,Arts et lettres,Montreal,H8N,67398,3,13.2,0,0,Centre,0.003236861806856699
C013878,34.35,Genie,Montreal,H8N,80769,12,4.2,1,1,Centre,0.9998874421397825
C003299,26.23,Genie,Montreal,H8N,59483,6,71.2,0,0,Centre,0.006786584674975987
C000667,24.75,Arts et lettres,Montreal,H1A,36912,8,41.4,1,0,Centre,0.00022278209889641757
C000806,31.28,Genie,Gaspesie-Iles-de-la-Madeleine,G5C,74839,15,268.7,1,1,Eloignee,0.9942668874353768
C000963,24.88,Sciences sociales,Montreal,H1A,61282,6,36.2,0,0,Centre,0.0014822484472612261
C003088,29.72,Arts et lettres,Montreal,H8N,59737,7,14.0,0,0,Centre,0.49168311330177644
C005666,28.27,Sciences sociales,Cote-Nord,G4R,67217,13,183.5,1,1,Eloignee,0.7313586425915295
C004177,27.33,Genie,Montreal,H4L,120619,11,44.9,0,0,Centre,0.303906180454784
C001933,28.53,Genie,Cote-Nord,G4R,33933,12,201.5,1,0,Eloignee,0.2557379201746007
C012127,26.49,Genie,Montreal,H3T,62234,10,12.9,0,0,Centre,0.08652902945510836
C009928,20.9,Sciences,Gaspesie-Iles-de-la-Madeleine,G4X,85918,16,218.1,1,0,Eloignee,0.009696938396188754
C004565,25.16,Sante,Gaspesie-Iles-de-la-Madeleine,G4X,59076,11,439.4,1,0,Eloignee,0.011506707301972115
C010195,26.07,Sante,Bas-Saint-Laurent,G0L,33882,14,208.7,0,0,Eloignee,0.3331752909321804
C005837,26.64,Genie,Gaspesie-Iles-de-la-Madeleine,G4X,89167,5,145.8,1,0,Eloignee,0.006587107117502965
C003268,24.54,Genie,Capitale-Nationale,G1V,70575,9,51.0,1,0,Centre,0.00014145311309853603
C010329,31.89,Arts et lettres,Gaspesie-Iles-de-la-Madeleine,G5C,38055,13,253.7,1,0,Eloignee,0.9997308030417329
C011369,28.75,Sciences sociales,Montreal,H8N,43661,7,44.4,0,1,Centre,0.6362805562657353
C010743,28.42,Sciences sociales,Capitale-Nationale,G2E,44690,13,14.5,0,1,Centre,0.9273209759291642
C011303,32.18,Sante,Capitale-Nationale,G3A,57245,11,19.0,0,1,Centre,0.9998565182745746
C010700,24.18,Sciences,Gaspesie-Iles-de-la-Madeleine,G0C,63102,14,153.3,0,0,Eloignee,0.0001872554570033582
C008755,30.81,Sante,Cote-Nord,G4R,47820,11,151.8,0,1,Eloignee,0.9901326934087895
C002006,31.2,Sante,Montreal,H8N,79842,14,18.4,0,1,Centre,0.9995558375756415
C001312,27.75,Sciences,Bas-Saint-Laurent,G5N,31911,10,135.5,0,0,Eloignee,0.06968567079910107
C008174,34.84,Genie,Montreal,H2X,58848,10,3.5,0,1,Centre,0.9997632605469249
C000432,30.1,Sciences,Montreal,H3T,59517,6,41.6,1,1,Centre,0.8126018719871646
C000726,25.53,Genie,Capitale-Nationale,G2E,151460,9,16.5,0,0,Centre,0.03444701506360164
C009952,30.07,Sciences sociales,Bas-Saint-Laurent,G5N,125351,12,303.0,1,1,Eloignee,0.9908358670747356
C003193,27.31,Sante,Cote-Nord,G4R,72597,17,316.2,0,0,Eloignee,0.8588731151175748
C002864,36.4,Sante,Capitale-Nationale,G1V,61310,9,6.3,1,1,Centre,0.9998182844005471
C004570,24.48,Genie,Capitale-Nationale,G2E,122122,17,23.7,0,0,Centre,0.02734401801030762
C005125,23.59,Sciences sociales,Montreal,H1A,91880,11,16.5,1,0,Centre,0.00025622518084191003
C005465,23.13,Arts et lettres,Montreal,H2X,57692,18,18.4,0,0,Centre,0.004171660104103508
C007819,24.57,Sciences,Gaspesie-Iles-de-la-Madeleine,G5C,47484,15,179.6,0,0,Eloignee,0.0006086043886436576
C012369,31.49,Sante,Montreal,H4L,113839,9,16.8,1,1,Centre,0.9992592203319268
C003566,27.77,Genie,Gaspesie-Iles-de-la-Madeleine,G4X,37536,17,103.7,0,0,Eloignee,0.09447448965830181
C011659,27.32,Genie,Cote-Nord,G4R,84482,10,158.7,0,0,Eloignee,0.3416463324950676
C012291,31.55,Sante,Montreal,H2X,42039,9,7.4,0,1,Centre,0.9908791466234834
C008190,27.1,Genie,Cote-Nord,G4R,102793,11,204.6,0,0,Eloignee,0.44328646268070676
C000938,30.92,Sciences,Montreal,H4L,81850,5,47.4,1,1,Centre,0.9958058459358523
C013299,26.51,Arts et lettres,Cote-Nord,G5B,56499,12,207.9,1,0,Eloignee,0.0894301897933094
C005655,28.3,Sciences sociales,Gaspesie-Iles-de-la-Madeleine,G5C,36046,14,344.7,0,0,Eloignee,0.26807584289273084
C013076,30.67,Sciences,Montreal,H4L,56875,8,13.2,0,0,Centre,0.5222304728982721
C002481,25.5,Arts et lettres,Cote-Nord,G5B,38584,11,214.9,0,0,Eloignee,0.020011261894323045
C013937,31.34,Sciences sociales,Montreal,H2X,28637,6,16.9,0,1,Centre,0.9580614330681122
C004347,26.3,Arts et lettres,Montreal,H8N,65200,9,23.1,1,0,Centre,0.015110595596136159
C003127,30.39,Sciences,Capitale-Nationale,G2E,64887,9,27.9,0,1,Centre,0.9884930732134132
C013160,23.39,Sciences sociales,Gaspesie-Iles-de-la-Madeleine,G5C,30957,12,130.2,0,0,Eloignee,0.00012834617769320834
C007040,29.36,Arts et lettres,Gaspesie-Iles-de-la-Madeleine,G0C,39346,10,192.6,1,1,Eloignee,0.7064080905277021
C007333,26.7,Sante,Bas-Saint-Laurent,G5L,69231,13,236.0,0,0,Eloignee,0.08023259123210706
C013181,19.56,Sciences,Capitale-Nationale,G2E,62609,14,15.1,1,0,Centre,0.00013131252364567122
C007142,29.04,Sciences,Capitale-Nationale,G1V,85621,10,19.6,0,1,Centre,0.8520112335950258
C009967,27.13,Sante,Montreal,H4L,64127,7,35.5,1,0,Centre,0.07262890661411134
C003626,32.87,Sciences sociales,Cote-Nord,G4R,59024,7,354.1,0,1,Eloignee,0.9998253236472789
C012862,21.27,Sciences,Cote-Nord,G4R,57531,14,175.3,0,0,Eloignee,0.00011396484680964447
C006900,29.8,Sciences,Capitale-Nationale,G1R,83861,10,17.2,0,1,Centre,0.9834040714925735
C008691,21.41,Genie,Montreal,H4L,94181,9,27.6,0,0,Centre,0.00020046164807968037
C008511,27.28,Arts et lettres,Cote-Nord,G4R,25372,11,137.7,1,0,Eloignee,0.03388761183636417
C007526,28.56,Arts et lettres,Capitale-Nationale,G3A,74334,8,17.3,0,1,Centre,0.6506248334677327
C013442,30.26,Genie,Gaspesie-Iles-de-la-Madeleine,G5C,40519,10,463.2,0,1,Eloignee,0.6608232834535326
C006313,24.06,Sciences sociales,Gaspesie-Iles-de-la-Madeleine,G4X,112250,11,326.5,0,0,Eloignee,0.0003169776134451784
C003855,20.97,Arts et lettres,Montreal,H1A,76595,13,18.3,0,0,Centre,0.00013759613551087867
C006718,28.96,Sciences sociales,Cote-Nord,G0G,106471,21,623.7,0,1,Eloignee,0.9821494341048673
C010603,32.44,Sciences sociales,Montreal,H8N,76376,13,53.7,0,1,Centre,0.9997029415345194
C006194,30.62,Genie,Gaspesie-Iles-de-la-Madeleine,G5C,48543,16,289.7,0,1,Eloignee,0.9824097027420863
C003667,23.73,Sciences sociales,Montreal,H1A,36267,9,15.2,0,0,Centre,9.983480320768581e-05
C008359,23.32,Sciences,Gaspesie-Iles-de-la-Madeleine,G0C,38300,10,327.1,0,0,Eloignee,0.0001568745533126632
C005265,26.23,Sciences,Montreal,H2X,54764,4,12.0,0,0,Centre,0.0024240278564356434
C012045,26.51,Arts et lettres,Capitale-Nationale,G3A,111292,14,17.2,0,0,Centre,0.2363153285214731
C011914,28.21,Sante,Montreal,H8N,76495,11,22.2,1,1,Centre,0.8277184652035225
C008322,30.81,Genie,Montreal,H2X,28602,10,7.6,0,0,Centre,0.5325190670068987
C006630,25.97,Genie,Capitale-Nationale,G1R,40420,13,22.5,0,0,Centre,0.08026409755125401
C001726,32.33,Genie,Montreal,H3T,86532,9,19.8,0,1,Centre,0.9995361365915367
C001689,32.35,Genie,Capitale-Nationale,G1V,92485,10,9.6,0,1,Centre,0.9998652670825285
C013125,22.78,Sciences,Montreal,H2X,70961,10,16.8,1,0,Centre,9.503865621458137e-05
C011835,22.72,Arts et lettres,Bas-Saint-Laurent,G5L,56190,8,86.4,1,0,Eloignee,0.00013259611877389
C004923,30.86,Arts et lettres,Bas-Saint-Laurent,G5N,83698,15,209.1,0,1,Eloignee,0.9881583680282873
C001361,27.25,Arts et lettres,Montreal,H1A,42771,16,24.1,0,0,Centre,0.14062557512833437
C010421,29.74,Genie,Montreal,H3T,113796,11,33.2,0,1,Centre,0.9812172959671015
C012638,31.89,Genie,Montreal,H8N,32638,8,29.1,1,1,Centre,0.9998494848952698
C011712,23.57,Sciences,Gaspesie-Iles-de-la-Madeleine,G0C,61031,13,91.7,1,0,Eloignee,0.00013710494955702942
C008610,23.57,Sciences sociales,Montreal,H2X,108286,8,27.9,1,0,Centre,0.00025474855082068004
C006491,26.18,Sciences sociales,Montreal,H8N,60488,8,43.1,0,0,Centre,0.014008462014342478
C008157,29.53,Sciences,Capitale-Nationale,G1V,45797,11,27.1,1,1,Centre,0.801452488432052
C000624,29.14,Sciences sociales,Montreal,H4L,61074,9,45.7,1,1,Centre,0.672106767229015
C007272,23.87,Sciences sociales,Cote-Nord,G0G,51259,15,567.6,0,0,Eloignee,0.0002932634251878081
C008712,26.6,Sciences sociales,Capitale-Nationale,G1V,67276,12,13.7,0,0,Centre,0.047808899746405675
C008607,32.2,Sciences sociales,Montreal,H1A,139826,8,6.9,1,1,Centre,0.9998854216800701
C003985,27.29,Sciences,Gaspesie-Iles-de-la-Madeleine,G0C,27984,10,341.3,0,0,Eloignee,0.033753999788600525
C012612,32.42,Arts et lettres,Montreal,H4L,64367,12,10.1,1,1,Centre,0.999187904683079
C006540,27.7,Sciences,Capitale-Nationale,G2E,63977,8,16.1,0,1,Centre,0.40167250922671827
C000727,29.5,Sciences,Montreal,H8N,88052,9,37.9,0,1,Centre,0.8544400998104141
C004751,28.2,Sante,Gaspesie-Iles-de-la-Madeleine,G4X,37187,16,112.1,0,0,Eloignee,0.41043829814387806
C013078,27.33,Sciences sociales,Gaspesie-Iles-de-la-Madeleine,G4X,38785,25,91.1,1,0,Eloignee,0.2761308689727505
C004413,25.48,Sante,Gaspesie-Iles-de-la-Madeleine,G5C,85464,13,188.9,1,0,Eloignee,0.056021187297483156
C013193,23.31,Sciences sociales,Gaspesie-Iles-de-la-Madeleine,G4X,40467,13,214.7,0,0,Eloignee,0.00015469650147296245
C005910,21.29,Genie,Gaspesie-Iles-de-la-Madeleine,G0C,38685,11,123.0,1,0,Eloignee,0.00017860903215146835
C013046,25.02,Arts et lettres,Cote-Nord,G5B,48255,20,154.0,1,0,Eloignee,0.10583857808081586
C005276,33.91,Genie,Montreal,H1A,95924,9,26.6,0,1,Centre,0.9998508595695419
C003691,30.75,Sante,Capitale-Nationale,G2E,44412,10,33.6,1,1,Centre,0.9970344380262232
C009911,23.25,Sante,Capitale-Nationale,G1R,38425,10,14.1,0,0,Centre,0.00015040669056671425
C001865,28.05,Sciences,Montreal,H3T,53999,7,29.3,0,1,Centre,0.14377149146170154
C001706,30.08,Sante,Montreal,H8N,77823,16,31.1,0,1,Centre,0.9923717128327606
C010788,29.23,Sciences,Capitale-Nationale,G2E,78648,5,17.8,0,1,Centre,0.6389714306900969
C007652,25.98,Genie,Capitale-Nationale,G2E,123654,6,26.2,0,0,Centre,0.02570103470901803
C003262,29.79,Sciences sociales,Cote-Nord,G4R,90372,19,294.1,0,1,Eloignee,0.992765512068067
C008818,27.07,Genie,Montreal,H1A,80597,7,29.2,0,0,Centre,0.05556942007729055
C008722,28.52,Sante,Montreal,H8N,79674,10,13.1,0,1,Centre,0.8613910737729334
C011934,29.04,Sciences sociales,Gaspesie-Iles-de-la-Madeleine,G0C,70329,11,356.6,1,0,Eloignee,0.8897619084095263
C002032,25.17,Sciences,Bas-Saint-Laurent,G0L,48616,9,215.7,0,0,Eloignee,0.004274626107580469
C006582,30.37,Sante,Montreal,H4L,76830,6,29.7,0,1,Centre,0.9734462814566855
C009262,25.29,Arts et lettres,Montreal,H1A,73589,7,5.4,0,0,Centre,0.0036145689453537387
C012148,30.2,Sciences sociales,Montreal,H2X,50365,9,55.0,0,1,Centre,0.9049722581036068
C012057,21.66,Sciences sociales,Bas-Saint-Laurent,G5L,85358,14,112.9,0,0,Eloignee,0.0002925831450365378
C009005,25.33,Sciences,Gaspesie-Iles-de-la-Madeleine,G5C,24365,17,166.3,0,0,Eloignee,0.45038965324346875
C011381,29.8,Genie,Montreal,H2X,108687,7,17.4,0,1,Centre,0.9937212707404833
C013319,27.17,Sante,Capitale-Nationale,G1R,69099,7,11.0,0,0,Centre,0.07376401204819613
C013719,29.76,Sciences sociales,Montreal,H2X,57501,9,23.2,0,1,Centre,0.6114871078895653
C010876,24.1,Sciences sociales,Gaspesie-Iles-de-la-Madeleine,G4X,36941,13,348.8,1,0,Eloignee,0.00021646975138394254
C005876,27.48,Sante,Bas-Saint-Laurent,G5L,61960,18,157.6,1,0,Eloignee,0.8001009961492713
C003860,28.79,Sciences sociales,Capitale-Nationale,G1V,46793,9,16.5,0,1,Centre,0.5403268723716922
C000745,27.87,Sciences sociales,Cote-Nord,G4R,61377,18,94.2,0,1,Eloignee,0.6059194979145445
C002873,28.68,Genie,Capitale-Nationale,G1V,62473,6,15.2,0,1,Centre,0.5848622521611556
C005656,24.47,Genie,Cote-Nord,G5B,31889,17,238.3,1,0,Eloignee,0.006144947088261063
C004071,24.83,Sante,Gaspesie-Iles-de-la-Madeleine,G5C,52636,15,221.9,0,0,Eloignee,0.0008926866737961203
C007690,25.79,Sante,Cote-Nord,G0G,36445,16,565.8,1,0,Eloignee,0.18922633069017936
C008588,29.04,Sciences sociales,Capitale-Nationale,G1R,47143,10,26.7,0,1,Centre,0.7919417973714882
C006020,29.7,Genie,Montreal,H8N,28038,11,18.3,1,1,Centre,0.6938007352317502
C002375,26.68,Sciences sociales,Montreal,H4L,56691,11,6.5,0,1,Centre,0.37141166305380563
C005266,25.95,Sciences,Montreal,H2X,46694,7,6.7,0,0,Centre,0.003986647967433695
C009249,28.26,Genie,Montreal,H3T,120060,8,40.5,0,1,Centre,0.6450968036111498
C009930,30.51,Genie,Cote-Nord,G0G,40631,7,97.9,0,0,Eloignee,0.8542869371159982
C002065,26.18,Sciences,Capitale-Nationale,G1R,90345,3,9.4,0,0,Centre,0.004413619516216243
C000133,26.34,Sciences sociales,Gaspesie-Iles-de-la-Madeleine,G4X,45760,13,166.7,0,0,Eloignee,0.10185705211926849
C007597,23.89,Sciences,Gaspesie-Iles-de-la-Madeleine,G4X,62502,10,281.3,0,0,Eloignee,9.554130934795551e-05
C012425,28.1,Arts et lettres,Montreal,H3T,71563,8,5.5,0,1,Centre,0.5056304821902263
C013636,25.28,Sciences sociales,Montreal,H3T,164207,7,8.6,0,0,Centre,0.20978886864476806
C004687,30.02,Sante,Bas-Saint-Laurent,G5N,36976,20,246.7,0,1,Eloignee,0.8590429864227153
C004785,29.37,Genie,Montreal,H4L,67877,9,11.7,0,1,Centre,0.8940608234639998
C010510,25.87,Genie,Montreal,H1A,45666,13,25.6,0,0,Centre,0.011702887150432377
C004924,26.85,Sante,Bas-Saint-Laurent,G5N,45992,12,166.5,0,0,Eloignee,0.09073170731025651
C004610,26.82,Sciences sociales,Montreal,H2X,76213,14,13.5,0,1,Centre,0.5648929863805657
C010119,27.44,Sante,Montreal,H4L,35453,4,6.2,0,0,Centre,0.05305297927617709
C001159,29.53,Genie,Montreal,H2X,48275,5,37.0,1,1,Centre,0.6949748464144332
C000482,29.07,Sante,Capitale-Nationale,G3A,67922,11,30.7,1,1,Centre,0.88986282330467
C009135,33.73,Sciences,Bas-Saint-Laurent,G5N,39671,21,85.0,0,1,Eloignee,0.9991463436655258
C012193,23.2,Arts et lettres,Montreal,H1A,64915,9,11.8,0,0,Centre,0.00013193739300915538
C008894,30.92,Genie,Montreal,H1A,96595,5,18.2,0,1,Centre,0.9974048560565023
C004514,25.33,Sciences sociales,Cote-Nord,G5B,62518,15,236.6,0,0,Eloignee,0.02617374148037618
C008057,26.45,Sciences,Gaspesie-Iles-de-la-Madeleine,G4X,32151,15,262.8,1,0,Eloignee,0.07697624716490008
C008241,27.94,Sante,Montreal,H8N,82199,8,6.8,0,1,Centre,0.5322381598011997
C004574,23.02,Sciences,Capitale-Nationale,G1V,110703,8,5.7,0,0,Centre,0.00018945290313357433
C003137,28.08,Genie,Montreal,H8N,94971,6,4.9,1,0,Centre,0.17803417113785683
C001138,24.1,Sante,Cote-Nord,G0G,35773,13,245.5,1,0,Eloignee,0.00026062912785311954
C002756,24.22,Sante,Bas-Saint-Laurent,G0L,46399,10,163.3,1,0,Eloignee,0.0003674563435655941
C003303,31.12,Arts et lettres,Capitale-Nationale,G3A,34891,11,37.2,0,1,Centre,0.9963408677193628
C012251,30.14,Sante,Capitale-Nationale,G1V,217743,10,16.8,0,1,Centre,0.9989068447214267
C002664,23.43,Sciences,Montreal,H8N,87908,10,8.5,0,0,Centre,0.0002511408995145034
C004734,29.97,Sante,Capitale-Nationale,G1R,74087,6,6.8,0,0,Centre,0.7044245305496034
C003569,26.65,Genie,Montreal,H1A,164056,6,31.0,0,0,Centre,0.04385098339275703
C002220,27.95,Arts et lettres,Bas-Saint-Laurent,G5L,16610,20,265.6,0,0,Eloignee,0.13935344369645639
C005039,27.84,Arts et lettres,Montreal,H1A,76095,19,14.6,1,0,Centre,0.7144848656229392
C011334,27.81,Sciences sociales,Montreal,H3T,118763,6,24.8,0,1,Centre,0.5433245541042242
C011050,28.5,Sciences sociales,Montreal,H3T,42840,10,34.6,0,0,Centre,0.44966475052645233
C009704,26.08,Sante,Gaspesie-Iles-de-la-Madeleine,G5C,61346,12,98.3,1,0,Eloignee,0.19488666328125298
C001786,32.45,Genie,Montreal,H4L,50431,8,44.6,0,1,Centre,0.9995754560698473
C012056,27.12,Genie,Montreal,H8N,96585,8,21.1,0,0,Centre,0.1137258967404497
C010768,32.36,Sciences,Montreal,H2X,89150,11,10.4,0,1,Centre,0.9996825716752241
C006929,25.33,Sante,Cote-Nord,G5B,129634,13,172.4,0,0,Eloignee,0.13769041650429417
C006815,27.13,Sciences sociales,Montreal,H1A,68755,8,30.0,0,0,Centre,0.07361990458728555
C011676,26.12,Sciences,Montreal,H2X,99498,12,5.6,0,0,Centre,0.09789176581720614
C000926,32.99,Genie,Montreal,H2X,67044,15,13.8,1,1,Centre,0.9985469363056036
C000023,23.93,Sciences sociales,Montreal,H4L,65248,10,17.3,0,0,Centre,0.0011037618283245205
C004632,26.32,Sciences sociales,Gaspesie-Iles-de-la-Madeleine,G5C,68658,12,206.9,0,0,Eloignee,0.06050701770202213
C012315,24.47,Sciences,Gaspesie-Iles-de-la-Madeleine,G4X,52505,16,146.2,0,0,Eloignee,0.005366890832854946
C011876,29.56,Arts et lettres,Cote-Nord,G4R,53326,19,97.3,0,1,Eloignee,0.9905275930730276
C003766,30.21,Sciences,Gaspesie-Iles-de-la-Madeleine,G0C,93395,12,324.9,0,1,Eloignee,0.9933540736204016
C003755,29.75,Sciences sociales,Montreal,H2X,86975,11,5.0,0,1,Centre,0.9781985182758662
C011740,24.34,Sciences sociales,Capitale-Nationale,G2E,48268,8,8.1,0,0,Centre,0.00019092777453040503
C009402,29.36,Sciences sociales,Gaspesie-Iles-de-la-Madeleine,G5C,68913,20,226.5,0,1,Eloignee,0.984904869594704
C001733,33.37,Sante,Capitale-Nationale,G3A,109136,5,1.5,1,1,Centre,0.9998786154285451
C008944,27.58,Sante,Montreal,H3T,75557,9,28.7,0,0,Centre,0.4905594743263444
C008739,31.61,Sciences,Capitale-Nationale,G1R,49600,6,24.8,1,1,Centre,0.9995129509249894
C002448,29.77,Sante,Gaspesie-Iles-de-la-Madeleine,G0C,31109,8,234.7,1,0,Eloignee,0.961571945170941
C008349,27.4,Genie,Montreal,H2X,69052,11,35.6,0,1,Centre,0.5083853653385317
C000071,27.01,Sciences sociales,Montreal,H2X,131802,10,6.5,0,0,Centre,0.44415497237622725
C010669,25.72,Sante,Montreal,H8N,44160,10,18.5,0,0,Centre,0.039319259492437364
C011843,24.28,Sciences sociales,Montreal,H4L,88936,7,6.7,1,0,Centre,0.00023227210587722946
C000559,26.69,Arts et lettres,Cote-Nord,G0G,71240,14,256.2,0,0,Eloignee,0.27003955830919885
C000606,28.91,Arts et lettres,Gaspesie-Iles-de-la-Madeleine,G4X,28645,13,119.8,0,0,Eloignee,0.542592988203394
C011190,25.37,Genie,Montreal,H1A,62903,12,5.6,0,0,Centre,0.005247449149188103
C004329,27.21,Sante,Montreal,H8N,76446,6,17.1,0,1,Centre,0.2726531583875049
C009490,21.53,Sante,Montreal,H3T,56384,9,21.8,0,0,Centre,9.160195521995676e-05
C001510,26.29,Arts et lettres,Bas-Saint-Laurent,G5L,102590,14,679.2,1,0,Eloignee,0.7723001188520812
C011634,21.77,Arts et lettres,Gaspesie-Iles-de-la-Madeleine,G5C,59396,11,353.6,1,0,Eloignee,0.00013010151226149067
C001364,33.6,Genie,Montreal,H3T,58957,11,18.5,1,1,Centre,0.9997945582543067
C013770,28.36,Sante,Montreal,H3T,105651,10,32.0,0,1,Centre,0.9018342914103176
C003525,29.47,Sante,Capitale-Nationale,G1V,100590,9,4.8,1,1,Centre,0.9685404616944644
C003499,27.76,Sante,Bas-Saint-Laurent,G0L,57133,12,216.0,1,0,Eloignee,0.38506617256719056
C003708,28.23,Genie,Gaspesie-Iles-de-la-Madeleine,G4X,61845,18,175.4,0,1,Eloignee,0.8121902625579392
C004657,25.22,Arts et lettres,Montreal,H3T,92429,7,18.2,0,0,Centre,0.00943754314126074
C011861,31.74,Genie,Gaspesie-Iles-de-la-Madeleine,G0C,129085,17,151.4,1,1,Eloignee,0.9946081433599501
C012894,29.73,Genie,Cote-Nord,G0G,47671,12,81.2,0,1,Eloignee,0.8813738051151032
C003507,25.2,Sante,Cote-Nord,G0G,75177,10,520.2,0,0,Eloignee,0.01199723311844249
C000048,33.59,Sante,Montreal,H1A,95608,8,36.7,0,1,Centre,0.9998738698824218
C012905,30.34,Arts et lettres,Montreal,H8N,50968,8,25.2,0,0,Centre,0.6961260989950792
C013985,27.83,Arts et lettres,Gaspesie-Iles-de-la-Madeleine,G5C,46639,11,217.3,1,0,Eloignee,0.34170982107455866
C003558,24.62,Sciences,Gaspesie-Iles-de-la-Madeleine,G0C,34727,13,115.6,1,0,Eloignee,0.0003832367514474387
C006897,29.4,Sciences,Cote-Nord,G4R,30158,17,177.7,1,1,Eloignee,0.9505787017055077
C010032,29.54,Sciences sociales,Montreal,H3T,92054,5,22.2,0,1,Centre,0.9475890277183336
C012380,25.19,Sciences,Capitale-Nationale,G1R,46413,7,19.4,1,0,Centre,0.002385296314291007
C005073,27.4,Genie,Cote-Nord,G0G,38760,14,282.7,0,0,Eloignee,0.05844124685612625
C009869,26.63,Genie,Capitale-Nationale,G1R,82028,7,45.1,1,0,Centre,0.0902204052354083
C010333,26.43,Sciences,Gaspesie-Iles-de-la-Madeleine,G0C,32108,12,351.0,0,0,Eloignee,0.02778983981590006
C004877,28.03,Genie,Montreal,H3T,101184,9,5.6,0,1,Centre,0.5906054426213656
C003172,27.48,Sciences sociales,Capitale-Nationale,G2E,79876,4,31.4,0,0,Centre,0.20737128118957518
C003201,32.46,Sciences,Montreal,H1A,66934,9,16.8,0,1,Centre,0.999814434411236
C000486,29.98,Sciences,Cote-Nord,G0G,21193,13,313.0,1,0,Eloignee,0.9851333539752867
C002677,28.1,Genie,Gaspesie-Iles-de-la-Madeleine,G5C,31499,8,225.7,1,0,Eloignee,0.13194859273428375
C000959,31.15,Genie,Montreal,H1A,70088,8,16.0,1,1,Centre,0.999131528907478
C009269,28.71,Sciences,Capitale-Nationale,G2E,55100,12,25.5,0,1,Centre,0.785934608846514
C011644,25.29,Sciences,Capitale-Nationale,G1V,51709,10,1.3,0,0,Centre,0.01615082558518355
C002844,27.65,Genie,Cote-Nord,G0G,46548,22,360.9,0,0,Eloignee,0.4339264831902903
C008159,27.28,Genie,Montreal,H8N,57754,12,17.8,0,1,Centre,0.47558530387503833
C004358,30.66,Arts et lettres,Montreal,H2X,112546,12,8.2,0,1,Centre,0.9983269692796721
C002186,28.66,Genie,Montreal,H3T,102614,11,5.5,0,1,Centre,0.9229602282160011
C011727,25.11,Arts et lettres,Gaspesie-Iles-de-la-Madeleine,G4X,76207,12,182.3,0,0,Eloignee,0.008638929268902307
C007648,26.04,Sciences sociales,Gaspesie-Iles-de-la-Madeleine,G5C,76028,9,282.8,1,0,Eloignee,0.30832329984109397
C013391,29.09,Sciences,Capitale-Nationale,G1R,131505,9,5.6,0,1,Centre,0.9523410017677144
C006019,30.82,Sciences sociales,Montreal,H3T,49296,9,17.8,0,1,Centre,0.985701649303394
C005399,24.09,Arts et lettres,Capitale-Nationale,G3A,46738,11,2.8,0,0,Centre,0.0002137011293599802
C007748,25.27,Genie,Montreal,H8N,60347,11,19.2,0,0,Centre,0.005739027918390547
C011962,23.75,Sante,Capitale-Nationale,G2E,142831,5,15.8,1,0,Centre,0.0005085474106782325
C001904,28.43,Sciences,Montreal,H1A,91541,9,6.5,0,1,Centre,0.6958807101832664
C009090,23.37,Sciences,Gaspesie-Iles-de-la-Madeleine,G5C,26645,19,166.7,1,0,Eloignee,0.001965717947692383
C002058,28.65,Sciences sociales,Montreal,H1A,72720,16,5.7,0,1,Centre,0.9324146739348858
C000594,24.32,Sciences,Bas-Saint-Laurent,G5L,224129,14,165.4,0,0,Eloignee,0.0007332798979062858
C004286,27.6,Arts et lettres,Montreal,H1A,97188,11,5.8,0,1,Centre,0.6265709208195054
C004524,30.91,Sciences,Capitale-Nationale,G1V,87135,5,17.5,0,1,Centre,0.9930206735348671
C004626,27.48,Sciences,Montreal,H2X,56182,8,16.8,1,0,Centre,0.06872959121281565
C001575,28.95,Genie,Capitale-Nationale,G1V,102209,14,29.8,1,1,Centre,0.9679187840517007
C010024,23.03,Genie,Bas-Saint-Laurent,G5L,94046,10,212.1,0,0,Eloignee,0.0002761304897735281
C013870,23.64,Sciences sociales,Montreal,H2X,86788,12,37.2,1,0,Centre,0.00034527197002454503
C013002,32.24,Arts et lettres,Montreal,H8N,47270,6,11.6,0,1,Centre,0.9916048116108321
C000408,24.46,Sante,Capitale-Nationale,G1V,35366,7,31.8,1,0,Centre,0.00026040844733262564
C005414,33.26,Sciences,Montreal,H3T,162388,10,42.1,1,1,Centre,0.9997506105059488
C009922,32.08,Sciences sociales,Gaspesie-Iles-de-la-Madeleine,G5C,34491,20,199.9,1,1,Eloignee,0.99503928394718
C008917,26.49,Sciences,Capitale-Nationale,G3A,123243,8,29.5,0,0,Centre,0.08062165281833507
C009179,30.98,Sciences sociales,Capitale-Nationale,G1R,43153,9,27.1,0,1,Centre,0.995757076965526
C003750,30.89,Sante,Capitale-Nationale,G1V,47155,13,27.6,0,1,Centre,0.9982339681764917
C013984,26.93,Arts et lettres,Montreal,H4L,70599,9,6.9,0,0,Centre,0.07928468313984958
C013902,26.77,Arts et lettres,Capitale-Nationale,G2E,35189,11,11.9,0,0,Centre,0.036237842812979794
C007858,26.27,Sciences,Montreal,H1A,103051,11,0.3,0,1,Centre,0.4623101397694877
C010172,25.83,Sante,Bas-Saint-Laurent,G5L,84409,19,218.4,0,1,Eloignee,0.9037042991581896
C000244,23.47,Arts et lettres,Gaspesie-Iles-de-la-Madeleine,G0C,64280,14,234.6,0,0,Eloignee,0.00013866171012055887
C007046,19.82,Sante,Bas-Saint-Laurent,G5L,18309,9,110.1,1,0,Eloignee,0.0001295951702787216
C003315,32.23,Sciences sociales,Montreal,H8N,61410,8,23.5,1,1,Centre,0.9998644590314324
C010514,30.21,Sante,Montreal,H8N,59664,9,4.2,0,1,Centre,0.8355818225260762
C009532,29.8,Genie,Montreal,H3T,34144,11,5.4,0,1,Centre,0.8181105017433913
C002188,27.44,Genie,Cote-Nord,G5B,25828,11,305.0,1,0,Eloignee,0.02772458526956882
C007221,26.21,Sciences sociales,Bas-Saint-Laurent,G0L,27674,10,131.2,1,0,Eloignee,0.034990757995797775
C006001,31.52,Sciences,Capitale-Nationale,G1V,55164,11,8.0,0,1,Centre,0.997013219705637
C001620,29.05,Arts et lettres,Gaspesie-Iles-de-la-Madeleine,G4X,54482,13,125.3,0,1,Eloignee,0.9643729556633418
C003759,30.28,Sciences sociales,Montreal,H3T,155142,11,11.2,0,1,Centre,0.9960425099459143
C008760,26.17,Sciences,Capitale-Nationale,G1V,56667,8,12.7,0,0,Centre,0.007590718798759536
C012457,27.49,Genie,Montreal,H2X,181602,9,30.2,0,1,Centre,0.8587577227070933
C009409,27.12,Sciences sociales,Gaspesie-Iles-de-la-Madeleine,G0C,45457,13,244.2,1,0,Eloignee,0.16042906100859394
C003266,27.24,Sante,Montreal,H3T,49654,12,12.3,0,0,Centre,0.3092183175049879
C006251,30.19,Sciences,Montreal,H3T,70869,8,12.0,0,1,Centre,0.9645271657908326
C000675,31.24,Genie,Cote-Nord,G0G,81456,15,356.4,0,1,Eloignee,0.9990947873566504
C005486,25.49,Sciences sociales,Cote-Nord,G4R,83537,10,344.4,0,0,Eloignee,0.011126353084845685
C006235,32.73,Sciences,Montreal,H3T,47088,13,17.3,0,1,Centre,0.999875423630978
C010759,25.65,Genie,Montreal,H1A,113041,13,69.8,0,0,Centre,0.032892182920294416
C002748,31.42,Genie,Capitale-Nationale,G1R,34963,4,45.9,0,1,Centre,0.9505418345860831
C004654,25.72,Sciences sociales,Cote-Nord,G0G,35454,16,160.9,0,0,Eloignee,0.06972827537162408
C009419,25.59,Sante,Bas-Saint-Laurent,G0L,50521,15,348.4,0,0,Eloignee,0.07134579919077888
C009451,29.22,Sante,Bas-Saint-Laurent,G5L,62771,12,93.5,1,0,Eloignee,0.8639879820350895
C012061,26.32,Sante,Capitale-Nationale,G1V,35592,5,20.5,1,0,Centre,0.006137612581021777
C003341,26.51,Sciences sociales,Bas-Saint-Laurent,G5N,20293,17,169.0,0,0,Eloignee,0.23701986403551764
C000553,27.53,Sciences sociales,Montreal,H8N,64246,11,30.2,0,0,Centre,0.4054789964564145
C009474,30.17,Sciences,Montreal,H8N,51206,10,12.0,1,1,Centre,0.9682554932590604
C007364,27.77,Arts et lettres,Gaspesie-Iles-de-la-Madeleine,G0C,52113,8,248.4,0,0,Eloignee,0.09056795350171111
C002718,30.34,Sciences,Capitale-Nationale,G1R,55439,10,33.7,1,1,Centre,0.9379238856142808
C004666,19.21,Genie,Bas-Saint-Laurent,G0L,104677,12,226.7,0,0,Eloignee,0.0002484052296883136
C008704,19.83,Sciences,Montreal,H8N,51722,9,22.6,0,0,Centre,0.00010268662099333148
C009550,26.99,Sciences,Montreal,H8N,182752,9,20.4,0,0,Centre,0.5620644568150748
C008583,30.11,Sante,Bas-Saint-Laurent,G5N,52575,12,214.3,0,1,Eloignee,0.9499035936560414
C006144,29.18,Sciences,Montreal,H4L,169890,6,6.4,0,1,Centre,0.9825348277626477
C009690,30.86,Arts et lettres,Bas-Saint-Laurent,G0L,71002,11,61.1,1,1,Eloignee,0.9875086068587534
C002031,31.97,Genie,Bas-Saint-Laurent,G0L,49335,10,104.0,1,0,Eloignee,0.9997786090457436
C013967,28.13,Arts et lettres,Cote-Nord,G4R,23257,16,479.5,1,0,Eloignee,0.2011181248083175
C007255,29.84,Sciences sociales,Gaspesie-Iles-de-la-Madeleine,G4X,42237,13,201.5,0,1,Eloignee,0.9915725683881117
C012840,22.38,Arts et lettres,Capitale-Nationale,G3A,117981,11,29.2,0,0,Centre,0.001917566303847976
C001034,24.9,Arts et lettres,Montreal,H1A,41603,6,19.3,0,0,Centre,0.0006490246476357222
C009229,30.57,Genie,Montreal,H2X,116836,12,2.2,0,1,Centre,0.9980306313570282
C000123,22.5,Genie,Capitale-Nationale,G2E,28712,11,35.9,1,0,Centre,0.000100443445029124
C013434,26.15,Arts et lettres,Montreal,H1A,58843,11,23.9,0,0,Centre,0.057157768599952294
C009293,29.92,Sciences sociales,Montreal,H1A,44240,11,8.5,0,1,Centre,0.9901673906935098
C013805,22.16,Sciences sociales,Cote-Nord,G0G,39725,14,124.5,0,0,Eloignee,0.00013114853924654625
C013749,23.63,Sante,Montreal,H8N,88802,7,9.5,1,0,Centre,0.00014104644457809892
C010393,26.99,Sciences,Gaspesie-Iles-de-la-Madeleine,G0C,62440,16,173.0,0,0,Eloignee,0.7029268544704308
C005770,30.4,Sciences sociales,Capitale-Nationale,G1V,31813,6,7.3,0,1,Centre,0.9673918572562215
C002951,27.52,Arts et lettres,Bas-Saint-Laurent,G5N,34050,11,212.5,0,0,Eloignee,0.0662613575790991
C010925,19.77,Arts et lettres,Capitale-Nationale,G3A,120451,12,20.6,1,0,Centre,0.00253058270537351
C000857,26.36,Arts et lettres,Bas-Saint-Laurent,G5N,127637,12,165.2,1,0,Eloignee,0.7261352661931111
C004315,28.8,Sciences,Capitale-Nationale,G2E,123180,11,17.5,1,0,Centre,0.5323752204505708
C010645,27.87,Arts et lettres,Montreal,H4L,57515,6,44.5,0,0,Centre,0.07106448089929683
C009178,28.48,Genie,Cote-Nord,G4R,66317,11,172.1,0,0,Eloignee,0.826466063829185
C009741,28.31,Arts et lettres,Gaspesie-Iles-de-la-Madeleine,G5C,86563,15,134.8,1,0,Eloignee,0.8247669737336525
C000316,27.63,Genie,Montreal,H3T,71255,4,1.1,0,0,Centre,0.4319940342381922
C005830,27.4,Sante,Gaspesie-Iles-de-la-Madeleine,G4X,46686,17,160.8,0,0,Eloignee,0.5203475929821804
C013626,34.87,Arts et lettres,Montreal,H8N,116571,7,4.3,0,1,Centre,0.9997264309191908
C000891,28.18,Sante,Montreal,H2X,119457,9,11.0,0,0,Centre,0.5344133260535069
C004028,26.83,Sciences sociales,Capitale-Nationale,G1V,30941,7,22.0,0,0,Centre,0.009219625674189451
C013896,26.94,Sciences,Cote-Nord,G4R,47524,16,160.5,0,0,Eloignee,0.2178812836184353
C013020,27.87,Sciences sociales,Montreal,H4L,88534,9,21.8,0,1,Centre,0.5049760660778693
C003576,29.66,Arts et lettres,Montreal,H3T,46332,7,14.5,1,1,Centre,0.942337621194503
C002476,28.68,Sciences sociales,Cote-Nord,G4R,23733,8,158.3,1,0,Eloignee,0.4050974013330312
C003029,30.61,Genie,Montreal,H1A,73576,14,7.2,1,1,Centre,0.9814407732904048
C006742,30.15,Sciences sociales,Bas-Saint-Laurent,G5L,14094,9,268.0,0,0,Eloignee,0.8889745151977989
C003711,27.42,Sante,Montreal,H1A,95641,11,30.7,1,0,Centre,0.38380711010813207
C007773,25.64,Arts et lettres,Montreal,H2X,96865,8,10.5,0,0,Centre,0.0061439053035617025
C002939,30.01,Arts et lettres,Montreal,H4L,107469,9,37.9,0,1,Centre,0.994478873247631
C009376,31.09,Sciences sociales,Bas-Saint-Laurent,G5L,74443,16,279.5,1,1,Eloignee,0.9624109808317459
C010379,30.26,Sante,Montreal,H2X,56884,8,51.0,1,1,Centre,0.8894033724823002
C000873,28.39,Genie,Capitale-Nationale,G3A,60757,11,5.9,0,0,Centre,0.4164323443057946
C013386,21.78,Sciences,Montreal,H4L,106412,9,9.8,0,0,Centre,0.0001905867358454622
C013529,26.12,Genie,Bas-Saint-Laurent,G0L,31326,21,115.1,0,0,Eloignee,0.34495347828883527
C004719,30.27,Sciences,Montreal,H2X,41629,8,23.4,0,1,Centre,0.8577048799202318
C008814,26.25,Sciences sociales,Bas-Saint-Laurent,G5N,48464,16,231.1,1,0,Eloignee,0.21005324433817413
C008592,32.42,Sciences,Bas-Saint-Laurent,G0L,48798,11,291.1,0,1,Eloignee,0.9998816999769824
C007813,23.76,Sante,Gaspesie-Iles-de-la-Madeleine,G0C,44415,12,149.9,0,0,Eloignee,0.00011842030632876125
C011941,25.68,Sciences sociales,Bas-Saint-Laurent,G5L,31692,17,285.8,0,0,Eloignee,0.4877520045602481
C001522,21.41,Genie,Montreal,H1A,87498,10,32.9,0,0,Centre,0.0003078785979165432
C008201,35.52,Sciences,Capitale-Nationale,G2E,57028,10,44.8,0,1,Centre,0.9996162557603203
C005971,28.6,Sciences sociales,Cote-Nord,G4R,30073,12,222.8,0,0,Eloignee,0.5350906424020484
C006056,29.39,Sciences sociales,Capitale-Nationale,G1R,59703,7,15.7,0,0,Centre,0.6512100096382376
C002712,21.75,Sciences sociales,Gaspesie-Iles-de-la-Madeleine,G5C,195572,14,374.5,0,0,Eloignee,0.00030071968089838863
C002992,27.97,Sciences,Montreal,H8N,45201,10,14.3,1,0,Centre,0.17969697604842627
C008025,26.95,Sciences sociales,Bas-Saint-Laurent,G5L,35576,12,276.8,0,0,Eloignee,0.04732576930987704
C007049,24.01,Sciences,Capitale-Nationale,G1V,71701,12,13.7,0,0,Centre,0.0015659146135429405
C001532,20.71,Genie,Capitale-Nationale,G2E,78730,5,20.2,0,0,Centre,7.027903807022487e-05
C007850,25.17,Sciences,Cote-Nord,G4R,29490,5,113.0,1,0,Eloignee,0.0031604436347845745
C007514,29.75,Arts et lettres,Gaspesie-Iles-de-la-Madeleine,G0C,78271,11,310.6,0,0,Eloignee,0.9869997691508915
C002691,25.43,Genie,Capitale-Nationale,G2E,50011,2,2.5,1,0,Centre,0.002422822997215634
C006010,25.76,Sciences,Bas-Saint-Laurent,G5L,197713,18,427.4,1,0,Eloignee,0.8052967930019614
C004915,22.7,Sante,Capitale-Nationale,G3A,35881,7,33.9,0,0,Centre,0.00010754444394201595
C008856,32.57,Arts et lettres,Montreal,H1A,77704,10,14.8,1,1,Centre,0.9985201540009399
C008815,25.71,Sante,Cote-Nord,G5B,68373,14,334.7,0,0,Eloignee,0.012474339700670037
C005582,25.11,Sante,Montreal,H1A,66385,7,19.0,1,0,Centre,0.002811023635701009
C008888,24.06,Sciences,Bas-Saint-Laurent,G5L,67746,13,123.2,0,0,Eloignee,0.0001955151413578652
C005435,27.0,Arts et lettres,Montreal,H2X,56963,12,20.7,0,0,Centre,0.34968058322078677
C013347,27.49,Sante,Montreal,H4L,49772,10,7.5,1,1,Centre,0.23472186885887325
C013104,26.97,Sante,Montreal,H4L,46095,10,7.4,0,0,Centre,0.0770016817226431
C010770,28.71,Sciences,Cote-Nord,G4R,71199,11,92.2,0,0,Eloignee,0.8202677553474585
C007353,26.74,Sciences sociales,Montreal,H4L,189468,9,20.8,0,0,Centre,0.1429984776825716
C012841,27.99,Genie,Montreal,H3T,40624,11,23.2,0,0,Centre,0.1330883441337102
C007435,28.51,Sciences sociales,Capitale-Nationale,G1V,72855,14,15.7,0,1,Centre,0.8971291716580762
C001304,26.07,Sciences,Montreal,H3T,82577,4,14.2,0,0,Centre,0.0029960589200941252
C005134,31.33,Arts et lettres,Montreal,H2X,29104,8,12.1,0,1,Centre,0.9897534571961324
C003712,28.03,Sante,Montreal,H1A,63991,9,17.5,0,0,Centre,0.36561256735934416
C007768,29.18,Sciences sociales,Montreal,H8N,40402,4,11.7,0,0,Centre,0.21649952638861789
C010947,29.04,Genie,Capitale-Nationale,G1R,133767,8,12.1,1,1,Centre,0.961163984560285
C002587,30.29,Sciences sociales,Gaspesie-Iles-de-la-Madeleine,G5C,54396,16,270.7,1,1,Eloignee,0.9783995794853426
C012965,23.18,Sciences sociales,Montreal,H4L,111401,9,12.9,1,0,Centre,0.00032242140875178257
C001256,31.08,Sante,Capitale-Nationale,G1V,50764,18,8.6,0,1,Centre,0.9968841004156312
C010480,27.95,Sciences,Cote-Nord,G4R,43994,13,273.5,0,0,Eloignee,0.31835537532384106
C009215,25.33,Sciences sociales,Montreal,H4L,74735,10,9.8,0,0,Centre,0.007017918934918085
C000916,30.86,Arts et lettres,Montreal,H2X,73190,9,60.7,0,1,Centre,0.9724353242480632
C007642,26.54,Sante,Montreal,H8N,133693,16,26.4,1,1,Centre,0.7376399858211047
C011923,25.69,Sciences,Cote-Nord,G4R,62065,18,298.4,0,0,Eloignee,0.7748849383230424
C007777,28.65,Genie,Cote-Nord,G4R,59568,5,120.4,0,0,Eloignee,0.6059961692346651
C003041,26.87,Genie,Gaspesie-Iles-de-la-Madeleine,G4X,50022,13,331.0,1,0,Eloignee,0.14235555873661362
C009358,23.02,Arts et lettres,Montreal,H4L,80993,8,20.8,0,0,Centre,0.0001489476278583013
C003806,30.96,Arts et lettres,Montreal,H1A,89263,11,14.2,0,1,Centre,0.9969154468491437
C011125,25.15,Genie,Gaspesie-Iles-de-la-Madeleine,G5C,35608,21,436.4,1,0,Eloignee,0.3371009788783407
C002624,30.26,Sciences sociales,Gaspesie-Iles-de-la-Madeleine,G4X,54388,8,110.6,1,0,Eloignee,0.8667395205794117
C008997,26.86,Arts et lettres,Bas-Saint-Laurent,G5L,55595,14,90.8,0,0,Eloignee,0.15496179517542313
C004780,26.57,Genie,Montreal,H3T,83866,4,9.4,1,0,Centre,0.006969443783869442
C000100,27.98,Genie,Montreal,H3T,81458,5,4.9,0,0,Centre,0.15433549219523124
C005781,31.51,Arts et lettres,Montreal,H2X,57674,8,33.2,0,1,Centre,0.9931240778070277
C002995,25.66,Sciences sociales,Montreal,H3T,28977,7,46.8,0,0,Centre,0.003459278816253301
C003677,29.65,Genie,Gaspesie-Iles-de-la-Madeleine,G5C,117920,12,152.1,0,1,Eloignee,0.9938992259345776
C013929,25.4,Genie,Bas-Saint-Laurent,G5L,43726,24,222.9,0,0,Eloignee,0.3708695746178711
C001623,26.5,Sciences sociales,Cote-Nord,G0G,82585,19,168.2,0,0,Eloignee,0.9201801302334661
C009339,23.3,Sciences sociales,Bas-Saint-Laurent,G0L,33660,14,236.4,0,0,Eloignee,0.0001650047147843143
C010397,33.14,Sciences,Gaspesie-Iles-de-la-Madeleine,G4X,40888,20,111.8,0,1,Eloignee,0.9991463436655258
C009731,27.52,Genie,Cote-Nord,G0G,27503,5,160.0,1,0,Eloignee,0.023026000007765786
C013915,28.69,Sciences sociales,Capitale-Nationale,G3A,149340,4,18.9,1,1,Centre,0.7512668738646292
C008649,28.29,Sante,Montreal,H8N,159925,10,11.1,0,1,Centre,0.9277744077928233
C010608,27.49,Sciences,Montreal,H8N,44267,11,2.4,0,0,Centre,0.28761754300365094
C003945,26.26,Arts et lettres,Montreal,H2X,57433,9,11.8,0,0,Centre,0.02489640407510836
C004046,26.88,Genie,Montreal,H1A,100852,7,16.5,0,0,Centre,0.1617407789269778
C003312,24.68,Sciences sociales,Gaspesie-Iles-de-la-Madeleine,G0C,60983,6,224.2,1,0,Eloignee,0.00014404150628328282
C007661,27.93,Sciences,Montreal,H3T,70986,6,19.3,1,0,Centre,0.1104053970349368
C003364,29.49,Sante,Bas-Saint-Laurent,G5N,37197,7,82.3,0,0,Eloignee,0.6166131447936043
C010323,27.95,Sciences sociales,Capitale-Nationale,G2E,77408,9,25.4,0,0,Centre,0.535500336672586
C008983,25.76,Genie,Montreal,H3T,70133,12,4.2,0,0,Centre,0.015680787116107126
C011021,31.28,Sante,Capitale-Nationale,G1V,67551,14,9.8,1,1,Centre,0.999247492290414
C007295,26.19,Sciences,Gaspesie-Iles-de-la-Madeleine,G4X,66458,14,323.3,0,0,Eloignee,0.09525505744648424
C007149,29.35,Sante,Capitale-Nationale,G1R,57779,6,11.3,0,1,Centre,0.7157720321054192
C000020,27.16,Arts et lettres,Gaspesie-Iles-de-la-Madeleine,G4X,78336,15,283.5,1,0,Eloignee,0.692344659638481
C006147,27.75,Sante,Capitale-Nationale,G1V,52692,4,55.0,0,0,Centre,0.04803714999755692
C007035,28.06,Sciences,Gaspesie-Iles-de-la-Madeleine,G5C,39498,19,180.8,0,1,Eloignee,0.410901375678272
C003001,27.27,Sante,Montreal,H4L,64277,10,13.3,0,1,Centre,0.08372966237060406
C011491,28.58,Genie,Montreal,H1A,79161,7,24.0,0,0,Centre,0.41625671293254907
C005748,29.38,Genie,Bas-Saint-Laurent,G5L,48917,17,108.2,1,1,Eloignee,0.980090647500297
C009306,29.46,Sante,Cote-Nord,G0G,48864,19,110.6,1,1,Eloignee,0.9874549182987614
C000975,26.12,Genie,Gaspesie-Iles-de-la-Madeleine,G4X,28865,10,253.9,1,0,Eloignee,0.05719391732421225
C000516,25.77,Genie,Capitale-Nationale,G1R,53153,9,4.2,0,0,Centre,0.004190190855353359
C011805,27.96,Sciences sociales,Gaspesie-Iles-de-la-Madeleine,G5C,105410,9,209.9,0,0,Eloignee,0.47460577579630014
C010110,30.73,Sante,Montreal,H2X,37269,9,20.2,0,1,Centre,0.9882566737957663
C001579,25.93,Sciences,Capitale-Nationale,G1V,62210,8,40.1,0,0,Centre,0.006998359314963256
C008952,24.85,Sciences sociales,Montreal,H3T,70821,13,44.1,0,0,Centre,0.00023538596426237476
C008720,29.88,Arts et lettres,Capitale-Nationale,G3A,34392,5,41.8,0,1,Centre,0.9581485822055037
C009156,21.41,Genie,Capitale-Nationale,G1V,59797,12,12.5,0,0,Centre,0.0001196875415052798
C011127,31.7,Genie,Montreal,H1A,106431,8,12.7,0,1,Centre,0.9998843863659231
C007723,23.69,Arts et lettres,Bas-Saint-Laurent,G5L,48892,7,225.5,0,0,Eloignee,0.00015125855948600948
C010762,26.77,Sciences sociales,Montreal,H2X,69328,9,22.4,0,0,Centre,0.037520351278501354
C001803,31.05,Genie,Capitale-Nationale,G1R,85198,7,13.5,0,1,Centre,0.9975375757543057
C003754,28.35,Sante,Gaspesie-Iles-de-la-Madeleine,G4X,54752,14,231.8,0,0,Eloignee,0.878581707370972
C001381,32.73,Sante,Gaspesie-Iles-de-la-Madeleine,G4X,97536,16,67.7,0,1,Eloignee,0.9987437875636773
C007824,27.72,Arts et lettres,Montreal,H3T,57567,5,10.2,0,0,Centre,0.1288064166613908
C002928,25.26,Sante,Capitale-Nationale,G3A,59395,10,10.0,1,0,Centre,0.010197962657026749
C011281,27.9,Arts et lettres,Gaspesie-Iles-de-la-Madeleine,G4X,22219,17,466.0,1,0,Eloignee,0.13991598204472452
C005495,24.56,Genie,Capitale-Nationale,G3A,119899,9,11.6,0,0,Centre,0.00022105769511825688
C013812,22.91,Genie,Montreal,H3T,95804,5,23.2,0,0,Centre,9.325911429113653e-05
C010401,28.83,Genie,Gaspesie-Iles-de-la-Madeleine,G0C,19426,7,164.8,0,0,Eloignee,0.31586998244353376
C008518,27.86,Sante,Gaspesie-Iles-de-la-Madeleine,G0C,50228,13,393.5,1,0,Eloignee,0.5076329569923648
C004430,26.44,Arts et lettres,Cote-Nord,G0G,55290,14,185.5,1,0,Eloignee,0.14181510103290793
C010304,28.96,Genie,Capitale-Nationale,G1V,26672,10,8.7,0,0,Centre,0.215841970000803
C005880,28.79,Genie,Montreal,H2X,101782,12,32.1,0,0,Centre,0.7311557756166042
C009842,24.98,Sciences,Capitale-Nationale,G1R,54309,9,10.8,0,0,Centre,0.002462065568617735
C008692,26.08,Sante,Montreal,H3T,62643,7,23.2,0,0,Centre,0.012327438406423207
C005920,25.9,Genie,Montreal,H4L,88188,8,40.3,0,0,Centre,0.034330053336909166
C002318,27.16,Genie,Cote-Nord,G4R,34024,10,186.1,0,0,Eloignee,0.055028153119910835
C005462,25.07,Arts et lettres,Capitale-Nationale,G1V,38819,10,2.1,0,0,Centre,0.009979498694234687
C002725,31.67,Sante,Gaspesie-Iles-de-la-Madeleine,G5C,36613,12,126.7,0,1,Eloignee,0.9997670552064265
C006471,28.57,Genie,Montreal,H4L,46981,7,8.7,0,0,Centre,0.2944674939991892
C009787,25.97,Genie,Capitale-Nationale,G2E,113822,11,6.8,0,0,Centre,0.18945851836917338
C003452,25.87,Arts et lettres,Cote-Nord,G4R,71264,16,230.2,0,1,Eloignee,0.3620566761106197
C003922,26.7,Sciences sociales,Bas-Saint-Laurent,G5N,80530,12,296.9,1,0,Eloignee,0.35088982248631356
C012852,26.95,Arts et lettres,Montreal,H4L,52757,11,40.8,1,0,Centre,0.22237092180169798
C000756,24.92,Genie,Capitale-Nationale,G1R,33242,8,9.5,0,0,Centre,0.005314497274623133
C006209,33.06,Sciences sociales,Montreal,H1A,67110,11,27.0,0,1,Centre,0.9998009424681077
C005149,27.3,Arts et lettres,Cote-Nord,G0G,58692,13,150.0,0,0,Eloignee,0.4839092222943077
C007516,31.19,Sciences sociales,Gaspesie-Iles-de-la-Madeleine,G0C,33460,12,405.0,0,1,Eloignee,0.9951033305185989
C011896,30.04,Sante,Bas-Saint-Laurent,G5N,128380,13,121.2,1,1,Eloignee,0.9973830926286111
C001956,29.98,Genie,Bas-Saint-Laurent,G5L,75976,12,415.2,0,1,Eloignee,0.9951507210427855
C003241,18.93,Genie,Gaspesie-Iles-de-la-Madeleine,G5C,76391,11,123.8,0,0,Eloignee,0.00013315048028315356
C001451,27.35,Genie,Montreal,H2X,73197,12,42.5,0,0,Centre,0.2917435963008642
C012167,28.2,Sciences,Montreal,H2X,67754,6,12.6,1,0,Centre,0.20872053316292632
C002938,25.68,Arts et lettres,Gaspesie-Iles-de-la-Madeleine,G5C,36842,15,77.8,0,0,Eloignee,0.058736794818191586
C013661,25.22,Sante,Bas-Saint-Laurent,G0L,34844,15,279.7,0,0,Eloignee,0.08987019398851262
C003998,23.63,Sciences,Montreal,H2X,39236,5,2.5,0,0,Centre,7.914829822955941e-05
C005957,25.13,Sciences,Montreal,H2X,48406,14,28.1,1,0,Centre,0.017488884079549825
C007203,28.46,Sciences,Gaspesie-Iles-de-la-Madeleine,G5C,111368,10,259.1,1,0,Eloignee,0.8554188050060223
C013562,26.68,Sciences sociales,Montreal,H2X,90428,6,12.4,1,0,Centre,0.0471262653347171
C010659,32.76,Sante,Montreal,H3T,30154,7,18.2,0,1,Centre,0.9997813517260764
C002393,25.48,Arts et lettres,Bas-Saint-Laurent,G0L,59447,7,171.4,1,0,Eloignee,0.0025488297091624127
C012224,29.28,Genie,Bas-Saint-Laurent,G0L,35764,7,291.3,1,0,Eloignee,0.7743929528931034
C005225,29.17,Sciences,Montreal,H2X,128319,7,15.9,1,1,Centre,0.9337415728912436
C010360,23.69,Sciences,Montreal,H4L,47924,10,27.5,1,0,Centre,0.00013243975708564546
C007350,30.18,Arts et lettres,Montreal,H3T,68264,7,20.8,1,1,Centre,0.9645611383719596
C003937,31.94,Sante,Montreal,H2X,115382,10,20.6,0,1,Centre,0.9998132439492363
C006996,29.77,Arts et lettres,Gaspesie-Iles-de-la-Madeleine,G0C,81448,8,117.8,0,1,Eloignee,0.9864670660019588
C009958,28.36,Arts et lettres,Bas-Saint-Laurent,G0L,62141,11,297.3,0,0,Eloignee,0.46273004978965676
C000907,29.24,Sciences,Montreal,H3T,45731,14,7.5,0,1,Centre,0.9652579664091473
C008249,25.84,Sciences sociales,Bas-Saint-Laurent,G5N,101699,11,152.5,1,0,Eloignee,0.02708476262230663
C008151,24.15,Sante,Montreal,H3T,65828,7,38.6,0,0,Centre,0.00013789726879889685
C011837,30.61,Sante,Capitale-Nationale,G1V,89507,14,12.6,1,1,Centre,0.9967026596984009
C008584,24.36,Arts et lettres,Gaspesie-Iles-de-la-Madeleine,G0C,42714,10,145.4,1,0,Eloignee,0.0003861273680227193
C001450,30.03,Sciences,Cote-Nord,G0G,21490,14,97.7,0,0,Eloignee,0.9796734778511301
C001265,29.5,Genie,Cote-Nord,G0G,38890,6,104.1,1,0,Eloignee,0.5545800299482326
C003318,25.09,Sciences,Capitale-Nationale,G1V,124137,15,26.9,0,0,Centre,0.023524413635258316
C002313,28.1,Genie,Gaspesie-Iles-de-la-Madeleine,G4X,36569,13,197.5,0,0,Eloignee,0.12444603918485171
C010251,26.02,Arts et lettres,Cote-Nord,G5B,50018,8,226.2,0,0,Eloignee,0.020632249701559444
C002681,28.02,Sciences,Gaspesie-Iles-de-la-Madeleine,G0C,45978,8,162.8,0,0,Eloignee,0.17209376019719044
C004572,28.29,Sciences,Montreal,H8N,32165,7,17.2,0,1,Centre,0.46938202938519785
C000138,28.51,Sciences,Montreal,H2X,101551,6,26.4,0,0,Centre,0.5904315650693156
C005894,26.32,Arts et lettres,Montreal,H1A,22028,11,27.9,0,0,Centre,0.037634397962078424
C012549,30.77,Sante,Montreal,H2X,143694,8,6.7,0,1,Centre,0.9980696052885367
C002366,30.6,Genie,Montreal,H8N,85815,7,3.4,0,1,Centre,0.9954135455523597
C012895,27.22,Sante,Cote-Nord,G0G,44078,17,213.1,1,0,Eloignee,0.554336212894922
C002221,29.53,Sciences sociales,Montreal,H8N,64070,7,24.3,0,1,Centre,0.48104076746117364
C003692,30.28,Sante,Montreal,H8N,47562,7,19.5,0,1,Centre,0.91922993854341
C012107,25.34,Arts et lettres,Capitale-Nationale,G2E,48989,3,58.3,0,0,Centre,0.002835790192625804
C006889,26.73,Arts et lettres,Montreal,H2X,87797,6,27.3,0,0,Centre,0.11707189939470714
C009094,35.18,Sciences sociales,Cote-Nord,G4R,54881,13,173.6,0,1,Eloignee,0.9998654173475793
C008706,27.66,Arts et lettres,Montreal,H1A,85617,5,5.4,0,1,Centre,0.5175734930686828
C003586,25.77,Arts et lettres,Gaspesie-Iles-de-la-Madeleine,G4X,69538,13,102.7,1,0,Eloignee,0.02129179776166243
C010213,33.52,Sciences sociales,Montreal,H2X,50032,14,41.4,0,1,Centre,0.9999051777458302
C002816,32.67,Sciences sociales,Gaspesie-Iles-de-la-Madeleine,G5C,32005,13,382.3,0,1,Eloignee,0.9998209912752953
C010231,27.4,Sante,Capitale-Nationale,G1R,124975,6,12.1,1,0,Centre,0.5020838893634864
C006629,26.79,Sciences,Capitale-Nationale,G1R,69480,7,1.6,0,0,Centre,0.08667437480369314
C006960,28.76,Genie,Montreal,H8N,72239,8,16.5,0,1,Centre,0.6388100525176391
C003374,26.85,Genie,Cote-Nord,G0G,22088,13,202.4,0,0,Eloignee,0.017735747458321773
C010483,25.5,Genie,Gaspesie-Iles-de-la-Madeleine,G0C,80924,19,100.6,1,0,Eloignee,0.6974367801915193
C000881,29.34,Sciences,Gaspesie-Iles-de-la-Madeleine,G0C,69055,17,175.8,0,0,Eloignee,0.9791532239154618
C006834,24.44,Sante,Cote-Nord,G0G,37180,12,223.0,1,0,Eloignee,0.00014824302199014646
C008959,28.43,Sante,Gaspesie-Iles-de-la-Madeleine,G0C,54536,15,162.0,1,1,Eloignee,0.8920004448289115
C004764,27.97,Sciences,Montreal,H4L,71040,11,23.9,0,1,Centre,0.5002155744628929
C011628,26.03,Genie,Montreal,H2X,169377,9,35.0,1,0,Centre,0.24508942640119963
C010716,23.85,Sciences sociales,Cote-Nord,G0G,45518,15,366.8,1,0,Eloignee,0.00026661613108459057
C005138,31.17,Arts et lettres,Montreal,H3T,60035,10,39.6,0,1,Centre,0.9977592740203491
C003574,27.21,Arts et lettres,Montreal,H2X,70750,7,4.9,0,0,Centre,0.08170912948107865
C000420,25.98,Arts et lettres,Gaspesie-Iles-de-la-Madeleine,G4X,48379,18,251.8,1,0,Eloignee,0.5048605224184873
C011471,30.13,Genie,Cote-Nord,G4R,43767,14,195.4,1,0,Eloignee,0.9848031139268812
C010910,32.07,Sciences,Cote-Nord,G4R,37887,11,340.3,1,1,Eloignee,0.9998358959742492
C013898,25.08,Arts et lettres,Gaspesie-Iles-de-la-Madeleine,G4X,48228,11,162.3,1,0,Eloignee,0.0028211869828215276
C006862,27.52,Genie,Bas-Saint-Laurent,G0L,76623,8,189.4,0,0,Eloignee,0.31022421607430073
C012874,29.82,Arts et lettres,Montreal,H1A,47564,5,16.2,1,0,Centre,0.9070859246415924
C001940,30.92,Sciences,Capitale-Nationale,G1R,80729,7,30.7,0,1,Centre,0.9956302729575947
C009505,26.8,Sante,Montreal,H1A,103621,6,41.0,0,0,Centre,0.13770066641540174
C008109,27.32,Sciences sociales,Montreal,H1A,60330,7,1.5,0,0,Centre,0.09767121825186856
C004606,24.7,Arts et lettres,Gaspesie-Iles-de-la-Madeleine,G5C,47111,14,241.0,1,0,Eloignee,0.00016945841777218722
C002692,28.76,Sante,Gaspesie-Iles-de-la-Madeleine,G5C,53041,11,220.6,1,1,Eloignee,0.6925663566831035
C008611,32.11,Sciences,Capitale-Nationale,G3A,36679,7,44.2,1,1,Centre,0.9998662082531835
C013971,32.52,Arts et lettres,Montreal,H4L,66169,8,33.0,0,1,Centre,0.9998115034123322
C007440,27.51,Sciences sociales,Bas-Saint-Laurent,G0L,88909,20,128.8,0,0,Eloignee,0.8964313574027876
C010812,25.46,Sciences sociales,Gaspesie-Iles-de-la-Madeleine,G5C,50154,12,180.0,1,0,Eloignee,0.02882114840012111
C012200,26.6,Sciences sociales,Gaspesie-Iles-de-la-Madeleine,G0C,28236,18,168.1,1,0,Eloignee,0.2178241559648019
C008485,29.17,Sante,Montreal,H3T,61001,10,19.2,0,1,Centre,0.7638967071587986
C011374,25.27,Sciences,Cote-Nord,G0G,35262,11,245.9,0,0,Eloignee,0.027332222170945723
C001483,29.24,Genie,Montreal,H1A,69947,21,21.8,1,1,Centre,0.9794624938529016
C004768,27.48,Genie,Capitale-Nationale,G1R,131093,8,16.6,0,0,Centre,0.5699380672798167
C010979,25.99,Genie,Montreal,H2X,64884,9,27.7,0,0,Centre,0.008286806330549864
C001226,27.95,Arts et lettres,Montreal,H4L,81683,7,9.5,0,0,Centre,0.41049097069837714
C012478,21.54,Sciences,Bas-Saint-Laurent,G0L,33128,10,111.7,0,0,Eloignee,0.00030818318097809353
C003395,33.17,Sciences sociales,Montreal,H3T,159781,7,17.9,1,1,Centre,0.9999106356627611
C002301,25.96,Sciences sociales,Bas-Saint-Laurent,G5L,43288,9,65.6,0,0,Eloignee,0.01463109882451101
C011060,29.22,Genie,Capitale-Nationale,G2E,57788,6,12.8,1,1,Centre,0.5932580499598573
C010395,26.07,Sciences,Bas-Saint-Laurent,G0L,32280,9,139.8,0,0,Eloignee,0.030437662981276217
C001468,24.41,Sante,Gaspesie-Iles-de-la-Madeleine,G4X,44755,15,98.6,1,0,Eloignee,0.000650521676528294
C012581,24.05,Sante,Gaspesie-Iles-de-la-Madeleine,G0C,47833,14,101.5,1,0,Eloignee,0.00012133182797627604
C003601,30.03,Sante,Montreal,H2X,52426,11,40.4,0,1,Centre,0.9200181819291304
C009383,30.3,Sciences,Montreal,H3T,83640,11,2.7,1,1,Centre,0.9905296092907573
C004170,24.32,Sante,Cote-Nord,G0G,38254,17,248.3,0,0,Eloignee,0.005425319147877684
C007082,29.16,Sciences,Gaspesie-Iles-de-la-Madeleine,G4X,65775,12,237.6,0,1,Eloignee,0.8853292559781719
C002680,30.26,Genie,Montreal,H2X,79811,6,18.6,0,1,Centre,0.9615166705012302
C008192,27.42,Sciences sociales,Montreal,H3T,49843,11,30.5,1,0,Centre,0.47487854499922505
C007120,23.95,Sciences,Montreal,H4L,119492,9,18.9,0,0,Centre,0.0023753364353256297
C004676,25.02,Genie,Cote-Nord,G4R,86318,14,489.6,1,0,Eloignee,0.026163705420057394
C007530,31.14,Arts et lettres,Cote-Nord,G5B,33931,18,121.7,0,1,Eloignee,0.9933925708914149
C009557,30.97,Genie,Gaspesie-Iles-de-la-Madeleine,G5C,42463,13,480.5,1,1,Eloignee,0.997813275263735
C003415,31.26,Sciences sociales,Bas-Saint-Laurent,G5N,68157,15,60.0,1,1,Eloignee,0.9970493949704756
C009982,26.23,Sciences,Bas-Saint-Laurent,G5N,29443,14,392.2,1,0,Eloignee,0.1365592705552871
C010836,25.37,Arts et lettres,Gaspesie-Iles-de-la-Madeleine,G4X,70505,10,342.7,1,0,Eloignee,0.007011392080349224
C004522,30.62,Sciences sociales,Gaspesie-Iles-de-la-Madeleine,G5C,34973,16,469.0,0,1,Eloignee,0.9136898716551007
C001525,22.26,Arts et lettres,Capitale-Nationale,G1V,81542,6,5.6,0,0,Centre,0.00012090311242208937
C010644,25.31,Sciences sociales,Bas-Saint-Laurent,G5L,158898,16,330.5,1,0,Eloignee,0.5275971097542397
C001397,27.26,Sante,Capitale-Nationale,G1V,60445,10,41.0,0,0,Centre,0.10271979309859894
C012138,24.82,Genie,Montreal,H3T,80938,6,14.5,1,0,Centre,0.00016011312425468106
C006288,24.59,Sante,Montreal,H8N,105242,13,20.4,0,0,Centre,0.0010351596916231705
C000431,27.7,Arts et lettres,Bas-Saint-Laurent,G0L,63607,11,146.0,1,1,Eloignee,0.4277306415699835
C006938,31.21,Sante,Bas-Saint-Laurent,G0L,72458,15,169.9,1,1,Eloignee,0.9974018890568067
C003612,28.18,Arts et lettres,Montreal,H8N,125156,8,7.4,1,1,Centre,0.6062936655888191
C007885,25.26,Genie,Montreal,H3T,48999,6,12.1,0,0,Centre,0.004766350135207336
C007613,26.29,Genie,Bas-Saint-Laurent,G0L,35516,19,68.4,0,0,Eloignee,0.4870060227171471
C004586,27.38,Arts et lettres,Capitale-Nationale,G1R,68414,9,21.1,0,0,Centre,0.05639299178805226
C000406,22.98,Sciences sociales,Montreal,H3T,91232,12,23.2,0,0,Centre,0.00029870433007357487
C007519,28.77,Sante,Montreal,H2X,94879,11,18.9,0,1,Centre,0.8243595090840279
C002861,25.68,Sciences sociales,Capitale-Nationale,G1R,84345,11,24.7,1,0,Centre,0.06998450992679725
C004273,28.79,Sante,Montreal,H1A,85725,13,9.5,0,1,Centre,0.8486028226133303
C005978,26.93,Arts et lettres,Bas-Saint-Laurent,G0L,66675,6,94.5,0,0,Eloignee,0.03010292391946268
C003004,33.78,Arts et lettres,Capitale-Nationale,G1V,43209,13,16.2,0,1,Centre,0.9998227807261082
C003369,32.91,Arts et lettres,Montreal,H8N,70644,3,15.3,0,1,Centre,0.9994239753299535
C001597,31.8,Sciences sociales,Cote-Nord,G0G,47616,12,302.5,0,1,Eloignee,0.999755071189245
C004151,31.49,Arts et lettres,Cote-Nord,G0G,56944,8,85.6,1,1,Eloignee,0.9969578915352179
C001362,29.14,Genie,Capitale-Nationale,G1R,45110,8,22.3,0,1,Centre,0.4411809180180143
C001019,29.44,Sciences sociales,Montreal,H3T,55700,8,38.0,0,0,Centre,0.5867742886554432
C007327,28.98,Arts et lettres,Montreal,H4L,66078,8,35.8,1,1,Centre,0.7093473039606248
C002329,26.43,Arts et lettres,Capitale-Nationale,G1R,108392,4,15.9,0,0,Centre,0.029428525702803396
C010101,26.17,Sciences sociales,Capitale-Nationale,G1R,78864,9,10.8,0,0,Centre,0.12839397176240275
C005015,23.8,Sciences sociales,Montreal,H3T,80082,5,29.2,0,0,Centre,7.973619533299278e-05
C004351,25.51,Sciences,Cote-Nord,G5B,104006,10,190.9,0,0,Eloignee,0.013640484328229143
C006701,29.71,Genie,Montreal,H8N,61929,8,10.5,0,1,Centre,0.6028972202170827
C000670,30.67,Sante,Montreal,H8N,87294,11,32.0,0,1,Centre,0.9947827128880092
C007052,23.49,Sante,Cote-Nord,G5B,45566,15,240.7,1,0,Eloignee,0.0003601077578834177
C008259,24.66,Sante,Cote-Nord,G5B,62639,13,198.4,1,0,Eloignee,0.00018435240208332455
C003345,32.41,Sante,Bas-Saint-Laurent,G0L,70741,15,175.5,1,1,Eloignee,0.9991461242080681
C013619,27.33,Sciences sociales,Gaspesie-Iles-de-la-Madeleine,G0C,30980,14,241.0,0,0,Eloignee,0.04979977367748888
C006807,33.11,Sciences,Capitale-Nationale,G2E,50809,9,34.5,0,1,Centre,0.9997304332212055
C009026,20.62,Sciences,Cote-Nord,G4R,68188,11,185.2,0,0,Eloignee,8.546923829464216e-05
C010878,32.43,Genie,Capitale-Nationale,G1R,94192,11,29.9,0,1,Centre,0.9998909022967709
C002355,25.38,Sciences,Cote-Nord,G5B,50768,19,261.9,0,0,Eloignee,0.3655697789155436
C010717,31.56,Genie,Gaspesie-Iles-de-la-Madeleine,G0C,44052,14,105.7,0,1,Eloignee,0.9998519373151945
C010136,31.46,Genie,Cote-Nord,G4R,18578,13,274.2,0,1,Eloignee,0.987981692232127
C011765,33.6,Genie,Montreal,H8N,56324,10,38.7,0,1,Centre,0.9997203054016918
C003338,27.82,Sciences,Capitale-Nationale,G1R,95140,9,5.5,0,0,Centre,0.34645514434235136
C008018,28.55,Genie,Montreal,H4L,62836,7,30.2,0,1,Centre,0.49189446407982035
C000172,30.69,Sciences sociales,Montreal,H8N,77875,10,29.1,0,1,Centre,0.989149936802519
C012150,24.4,Sciences sociales,Montreal,H8N,60849,9,7.7,0,0,Centre,0.00026277665137067327
C005816,32.42,Sante,Gaspesie-Iles-de-la-Madeleine,G4X,45106,12,158.5,1,1,Eloignee,0.9998915469853166
C004530,26.24,Genie,Capitale-Nationale,G1R,96995,10,16.8,1,0,Centre,0.0942753188565032
C010464,29.65,Genie,Montreal,H1A,97547,9,8.4,0,1,Centre,0.9805611103773414
C006185,29.37,Sante,Montreal,H3T,41190,9,4.6,0,1,Centre,0.857114021059694
C008237,32.64,Sciences,Gaspesie-Iles-de-la-Madeleine,G4X,25120,11,76.1,0,1,Eloignee,0.994207822981322
C002945,26.69,Sciences,Gaspesie-Iles-de-la-Madeleine,G0C,47514,23,206.2,1,0,Eloignee,0.4497591651647233
C000815,26.31,Sante,Gaspesie-Iles-de-la-Madeleine,G4X,71677,13,499.0,0,0,Eloignee,0.15412426931190623
C007980,27.94,Sante,Montreal,H8N,89222,7,25.1,0,1,Centre,0.4220077100213054
C009453,27.85,Sciences sociales,Montreal,H1A,91907,9,29.6,1,0,Centre,0.3670336358189079
C000046,29.43,Sciences,Montreal,H1A,62314,7,31.8,0,0,Centre,0.6238237204008465
C004047,29.07,Arts et lettres,Capitale-Nationale,G3A,69565,17,29.9,0,1,Centre,0.9729825728686506
C009171,31.01,Sciences,Montreal,H1A,54126,12,13.4,0,1,Centre,0.9951869189013123
C003065,32.68,Sciences sociales,Montreal,H4L,100148,6,19.3,1,1,Centre,0.9998595815477304
C002054,23.92,Genie,Montreal,H3T,140189,7,21.7,0,0,Centre,0.00044622777614411333
C003329,24.57,Sciences sociales,Cote-Nord,G0G,94617,10,290.1,0,0,Eloignee,0.0002928487074102753
C009872,30.61,Sciences,Gaspesie-Iles-de-la-Madeleine,G5C,36153,10,180.6,1,1,Eloignee,0.9585379349351343
C000108,27.85,Sciences,Montreal,H4L,104399,11,58.8,0,1,Centre,0.5284521962802727
C012712,28.5,Sciences,Cote-Nord,G0G,52915,14,169.2,0,0,Eloignee,0.9050058191575397
C003391,25.29,Sciences,Cote-Nord,G0G,32087,18,136.3,0,0,Eloignee,0.3293451839215891
C004244,24.29,Sante,Capitale-Nationale,G1V,137226,13,26.9,0,0,Centre,0.0009440081639203632
C003642,30.18,Genie,Montreal,H4L,78648,10,18.8,1,1,Centre,0.9942963629425909
C007614,27.9,Sciences,Montreal,H8N,39267,12,21.9,0,1,Centre,0.11131242068374064
C012428,26.27,Sante,Gaspesie-Iles-de-la-Madeleine,G4X,31146,17,450.2,1,0,Eloignee,0.5758523206594666
C004248,29.15,Genie,Capitale-Nationale,G2E,59963,11,11.0,1,1,Centre,0.8035064315408186
C006507,33.3,Sante,Montreal,H1A,117172,6,17.2,0,1,Centre,0.9998391225637103
C013701,25.12,Arts et lettres,Montreal,H2X,57924,6,15.4,1,0,Centre,0.0033886563588592334
C003073,28.74,Genie,Capitale-Nationale,G2E,82523,11,16.0,0,1,Centre,0.8727950852266687
C010868,28.8,Sciences sociales,Bas-Saint-Laurent,G0L,104125,9,152.4,1,1,Eloignee,0.7665004940253413
C011270,30.86,Genie,Montreal,H4L,70386,9,10.4,0,1,Centre,0.9945369873717024
C007621,23.22,Sciences,Bas-Saint-Laurent,G0L,68602,7,245.9,1,0,Eloignee,8.710812638003549e-05
C004158,24.08,Arts et lettres,Montreal,H3T,73855,11,27.3,0,0,Centre,0.00015618694077651198
C005903,23.1,Sciences sociales,Montreal,H3T,52469,12,7.9,1,0,Centre,8.529751907807429e-05
C013116,36.91,Sante,Montreal,H1A,47866,9,28.5,0,1,Centre,0.9997198954219972
C005242,24.91,Arts et lettres,Cote-Nord,G5B,26355,13,187.9,0,0,Eloignee,0.01044593571372131
C002082,24.05,Sciences sociales,Gaspesie-Iles-de-la-Madeleine,G4X,25759,15,325.5,1,0,Eloignee,0.00044010577139957414
C010971,28.59,Genie,Bas-Saint-Laurent,G5L,27058,12,191.3,1,0,Eloignee,0.1726321682221773
C002972,25.37,Sciences,Montreal,H8N,88631,11,9.6,0,0,Centre,0.027074167195166372
C009095,24.21,Sciences,Bas-Saint-Laurent,G0L,42476,11,107.3,0,0,Eloignee,0.00021673992645067044
C001002,30.65,Sciences,Montreal,H4L,56027,5,6.8,1,1,Centre,0.8511975623923751
C009364,32.01,Sante,Montreal,H3T,79394,5,13.3,0,1,Centre,0.9998658180515954
C013005,28.53,Sante,Capitale-Nationale,G3A,87607,6,22.4,1,0,Centre,0.2513152651899892
C000964,26.75,Sante,Bas-Saint-Laurent,G0L,38498,17,75.0,1,0,Eloignee,0.4593176700873116
C004867,31.91,Sciences sociales,Montreal,H4L,57476,7,9.5,1,1,Centre,0.9997974034003778
C008078,24.36,Sciences,Montreal,H1A,141149,9,5.6,1,0,Centre,0.0005746286982684129
C003101,27.27,Sciences,Cote-Nord,G5B,39033,10,104.6,1,0,Eloignee,0.040705045520000205
C003453,24.19,Sciences sociales,Montreal,H4L,45284,6,16.9,0,0,Centre,0.00010356435281089684
C008671,24.18,Genie,Montreal,H3T,67522,6,23.3,0,0,Centre,0.0001297906221410859
C001103,30.5,Sciences,Cote-Nord,G4R,28055,11,363.3,0,1,Eloignee,0.848354226644035
C009226,32.29,Sante,Montreal,H3T,75304,8,67.1,0,1,Centre,0.9998651746395657
C003926,27.31,Sciences sociales,Capitale-Nationale,G1V,65619,7,11.4,1,0,Centre,0.06447667281370853
C010544,26.88,Arts et lettres,Montreal,H2X,89834,8,34.4,0,0,Centre,0.1452490102055577
C013155,28.92,Genie,Capitale-Nationale,G3A,59773,11,27.9,0,0,Centre,0.7081948692683855
C003761,26.3,Sciences sociales,Montreal,H4L,71703,10,22.1,1,0,Centre,0.08839297826452769
C009468,27.14,Sante,Capitale-Nationale,G3A,44659,8,36.3,0,1,Centre,0.189732119883689
C005991,26.15,Sciences,Cote-Nord,G5B,50334,11,379.6,0,0,Eloignee,0.1004356930106476
C008113,26.99,Sciences,Capitale-Nationale,G3A,47356,6,6.2,0,0,Centre,0.03242136395351772
C006350,25.4,Arts et lettres,Montreal,H3T,53025,13,32.3,0,0,Centre,0.009279196155514736
C005213,32.97,Sante,Montreal,H8N,58314,6,30.3,0,1,Centre,0.9998253410592307
C002497,32.59,Sciences,Montreal,H1A,58652,2,33.1,0,1,Centre,0.9945830740793055
C008965,26.25,Sciences sociales,Bas-Saint-Laurent,G0L,39793,13,112.3,0,0,Eloignee,0.21618214128401206
C000982,28.57,Arts et lettres,Gaspesie-Iles-de-la-Madeleine,G0C,29732,17,748.2,0,0,Eloignee,0.832173636141826
C002999,30.45,Genie,Montreal,H4L,59054,11,35.1,0,1,Centre,0.9635109974245342
C005344,30.42,Genie,Gaspesie-Iles-de-la-Madeleine,G4X,73982,8,109.2,0,1,Eloignee,0.9765088140796857
C011155,26.76,Sciences,Capitale-Nationale,G1V,66529,4,6.4,0,0,Centre,0.01791762660429753
C007975,25.14,Arts et lettres,Montreal,H2X,70203,8,13.0,1,0,Centre,0.0037472139034330563
C005376,33.92,Sciences sociales,Montreal,H3T,51948,4,17.7,0,1,Centre,0.9995939649790165
C006916,31.69,Sciences,Cote-Nord,G4R,45498,16,187.1,0,1,Eloignee,0.9986768995913556
C009103,28.56,Sante,Bas-Saint-Laurent,G5L,51605,8,278.0,0,0,Eloignee,0.5487106896859646
C005371,26.15,Genie,Bas-Saint-Laurent,G5L,35079,13,298.6,0,0,Eloignee,0.1691955166351184
C001842,30.2,Sante,Montreal,H3T,54592,10,33.3,0,1,Centre,0.8731126959435286
C003886,22.85,Sciences sociales,Cote-Nord,G0G,58534,12,114.9,1,0,Eloignee,8.601375374971482e-05
C000809,26.13,Sciences sociales,Cote-Nord,G0G,54056,9,396.2,0,0,Eloignee,0.11466246037710712
C006514,30.84,Sciences sociales,Gaspesie-Iles-de-la-Madeleine,G0C,64289,14,112.1,0,1,Eloignee,0.996718912752367
C005835,30.2,Arts et lettres,Montreal,H3T,64408,5,14.5,1,0,Centre,0.47840949704009456
C000994,22.38,Sciences sociales,Montreal,H2X,48402,10,22.6,0,0,Centre,0.00019127744369977837
C004399,28.93,Arts et lettres,Cote-Nord,G4R,20962,13,358.5,0,0,Eloignee,0.5674185807208262
C010408,24.62,Sante,Capitale-Nationale,G2E,61765,5,34.0,0,0,Centre,0.00014264945067110095
C007234,29.59,Genie,Capitale-Nationale,G1V,99552,13,28.3,0,1,Centre,0.9938411235753819
C009173,24.76,Genie,Gaspesie-Iles-de-la-Madeleine,G5C,56988,11,240.5,0,0,Eloignee,0.00014893154409023845
C003854,31.07,Sciences,Montreal,H1A,64217,11,38.8,1,1,Centre,0.9985591415818922
C002912,32.87,Sciences,Montreal,H1A,46718,8,20.1,1,1,Centre,0.9997244082604014
C001014,29.47,Sciences sociales,Gaspesie-Iles-de-la-Madeleine,G0C,39883,11,447.5,0,0,Eloignee,0.8044157306313476
C010531,28.21,Sante,Montreal,H4L,46022,10,18.5,0,1,Centre,0.5305434350169937
C012161,25.28,Sciences,Montreal,H2X,115037,11,12.0,0,0,Centre,0.020029797720356648
C010065,21.39,Sciences,Gaspesie-Iles-de-la-Madeleine,G0C,32449,11,316.6,1,0,Eloignee,0.0002181512257275566
C013217,25.26,Sante,Montreal,H2X,28131,12,7.3,0,0,Centre,0.03703557449630437
C000188,23.22,Genie,Montreal,H2X,62064,5,20.8,0,0,Centre,0.0001030824750012214
C001716,28.1,Sciences sociales,Montreal,H3T,75184,6,9.4,1,0,Centre,0.2430701821006548
C008343,28.67,Sciences,Bas-Saint-Laurent,G5N,36108,13,118.5,0,0,Eloignee,0.4929013843804486
C008851,28.03,Genie,Gaspesie-Iles-de-la-Madeleine,G4X,90034,13,102.4,1,1,Eloignee,0.7251870380312427
C002904,26.33,Genie,Capitale-Nationale,G1V,103786,8,10.8,0,1,Centre,0.5156864412951347
C001572,26.26,Sciences sociales,Montreal,H4L,51903,7,8.9,0,0,Centre,0.025727863546628205
C010471,36.56,Sante,Gaspesie-Iles-de-la-Madeleine,G5C,34596,16,147.6,0,1,Eloignee,0.9996072266948897
C012577,21.9,Sante,Cote-Nord,G5B,57701,7,78.2,1,0,Eloignee,8.445819068785633e-05
C008911,30.94,Sciences sociales,Capitale-Nationale,G3A,63100,13,11.4,1,1,Centre,0.9981963640470317
C002164,29.79,Arts et lettres,Montreal,H2X,83839,11,6.8,0,1,Centre,0.9913550528600286
C003770,25.56,Sciences,Montreal,H8N,122527,9,9.9,1,0,Centre,0.008642899238019346
C005706,27.98,Arts et lettres,Gaspesie-Iles-de-la-Madeleine,G5C,31218,13,248.2,1,0,Eloignee,0.11097299125942058
C005843,24.99,Arts et lettres,Gaspesie-Iles-de-la-Madeleine,G4X,63842,13,245.2,1,0,Eloignee,0.0017119981337325562
C010382,25.59,Arts et lettres,Montreal,H4L,60173,11,4.4,0,0,Centre,0.007124087745390062
C002303,25.26,Sciences,Montreal,H3T,92531,6,13.8,0,0,Centre,0.009846138529419197
C013741,32.94,Sciences sociales,Montreal,H1A,56628,12,49.3,0,1,Centre,0.999764400631447
C013301,34.71,Sciences,Montreal,H8N,36403,14,25.5,0,1,Centre,0.9998378596410539
C002211,25.15,Arts et lettres,Bas-Saint-Laurent,G0L,28060,14,112.0,1,0,Eloignee,0.016767335845318216
C002839,31.32,Genie,Gaspesie-Iles-de-la-Madeleine,G5C,65700,17,217.9,1,1,Eloignee,0.9908998514626354
C013082,29.64,Sante,Montreal,H8N,43922,4,22.7,0,1,Centre,0.8550751373026805
C010356,27.69,Sciences,Capitale-Nationale,G3A,76310,7,24.3,0,1,Centre,0.5498273352934742
C011100,29.06,Sante,Montreal,H4L,52976,12,7.5,0,1,Centre,0.886299328466566
C005308,28.01,Sciences sociales,Montreal,H4L,34218,8,29.0,0,0,Centre,0.11388019342514528
C009561,21.45,Sciences sociales,Gaspesie-Iles-de-la-Madeleine,G4X,96402,14,137.9,0,0,Eloignee,0.00023785995887705508
C008022,30.63,Arts et lettres,Bas-Saint-Laurent,G5N,73831,12,165.6,0,1,Eloignee,0.9552192724612668
C005955,30.82,Genie,Montreal,H1A,55737,7,30.8,0,1,Centre,0.9728509798356533
C013071,29.62,Sciences,Capitale-Nationale,G3A,55363,5,32.2,0,1,Centre,0.8556378347811241
C006919,29.26,Genie,Montreal,H8N,43124,12,22.9,0,1,Centre,0.7649309355189532
C011004,26.56,Sciences,Cote-Nord,G0G,73970,10,83.8,0,0,Eloignee,0.22659340038129164
C010162,29.69,Arts et lettres,Gaspesie-Iles-de-la-Madeleine,G4X,35691,14,199.4,1,1,Eloignee,0.932232494215753
C013668,31.21,Genie,Bas-Saint-Laurent,G5N,62395,16,217.0,1,1,Eloignee,0.9949614192581511
C002874,30.49,Sciences sociales,Montreal,H3T,67284,7,18.5,1,1,Centre,0.9922437039334094
C000216,24.29,Genie,Montreal,H1A,43076,13,9.5,0,0,Centre,0.000977272470165334
C007138,29.42,Sciences,Bas-Saint-Laurent,G5N,34347,10,79.8,0,0,Eloignee,0.5752102549692729
C005483,27.55,Sciences sociales,Gaspesie-Iles-de-la-Madeleine,G4X,46808,16,399.1,1,0,Eloignee,0.21419492148116362
C008085,26.58,Arts et lettres,Gaspesie-Iles-de-la-Madeleine,G4X,46240,5,256.2,1,0,Eloignee,0.0032684898617814113
C000832,26.04,Sante,Gaspesie-Iles-de-la-Madeleine,G0C,109657,10,210.1,0,0,Eloignee,0.20561943104242256
C006472,29.96,Sciences sociales,Montreal,H2X,64698,8,41.8,0,1,Centre,0.9367729585534033
C005742,22.14,Sciences,Montreal,H3T,51131,6,5.4,0,0,Centre,0.00010856669900385156
C003151,26.95,Sciences,Capitale-Nationale,G1R,28608,8,39.3,0,0,Centre,0.031223591507493667
C006003,32.37,Sante,Bas-Saint-Laurent,G0L,35649,12,113.4,1,1,Eloignee,0.9998578902937475
C006850,31.08,Sciences,Capitale-Nationale,G1R,159988,8,18.2,1,1,Centre,0.9995561629233025
C007796,22.1,Sante,Montreal,H4L,28677,7,21.4,0,0,Centre,0.00011293449975920545
C005326,25.75,Genie,Montreal,H8N,57071,11,73.8,1,0,Centre,0.007400798303694241
C004816,29.91,Sciences,Montreal,H4L,121914,5,7.0,1,1,Centre,0.954795852780878
C008626,25.22,Sciences sociales,Montreal,H1A,37803,10,34.6,0,0,Centre,0.014302833746501329
C000827,33.33,Sciences,Gaspesie-Iles-de-la-Madeleine,G5C,56654,10,302.1,1,1,Eloignee,0.9997908120193969
C013171,25.88,Genie,Montreal,H2X,47279,12,36.8,0,0,Centre,0.010264615749212532
C011641,31.92,Arts et lettres,Bas-Saint-Laurent,G0L,41139,15,152.6,0,1,Eloignee,0.9989885325962867
C004721,26.18,Genie,Gaspesie-Iles-de-la-Madeleine,G4X,37452,15,227.6,0,0,Eloignee,0.23184920070643722
C010594,23.8,Sciences sociales,Montreal,H2X,74576,7,33.9,0,0,Centre,9.662113196743334e-05
C003252,30.57,Sciences,Capitale-Nationale,G2E,34688,5,16.3,0,1,Centre,0.9490131444987593
C008823,26.2,Sciences,Montreal,H8N,50480,14,12.1,1,0,Centre,0.1276742487500468
C012080,27.52,Sciences sociales,Bas-Saint-Laurent,G5N,70342,9,183.6,0,0,Eloignee,0.2840953400625123
C010969,26.74,Sciences sociales,Montreal,H8N,71529,4,15.3,1,0,Centre,0.01809342908748459
C002757,36.52,Arts et lettres,Montreal,H2X,140545,13,34.6,0,1,Centre,0.9997681802231673
C006752,26.89,Sciences sociales,Montreal,H1A,35717,6,36.6,0,0,Centre,0.007212256085132913
C003306,26.95,Sciences,Bas-Saint-Laurent,G5L,67123,10,293.0,1,0,Eloignee,0.0697509602725565
C007306,27.28,Sante,Capitale-Nationale,G2E,61229,3,30.8,1,0,Centre,0.17590834944529993
C011736,27.51,Genie,Cote-Nord,G0G,58639,13,115.7,0,0,Eloignee,0.5455545864241526
C007365,33.18,Arts et lettres,Montreal,H2X,103813,7,10.2,0,1,Centre,0.9998208831745384
C009118,25.34,Sante,Bas-Saint-Laurent,G5N,15505,13,245.8,0,0,Eloignee,0.08621553154827159
C002812,32.72,Sante,Montreal,H3T,58902,15,40.3,1,1,Centre,0.9993253845854859
C008463,24.08,Sciences sociales,Montreal,H1A,81673,13,18.6,0,0,Centre,0.0003681694161898039
C002174,24.97,Arts et lettres,Cote-Nord,G5B,38576,17,90.2,0,0,Eloignee,0.07232708746854691
C010515,30.19,Sciences,Capitale-Nationale,G1V,68979,11,28.5,1,1,Centre,0.991276979759795
C004052,30.0,Sciences,Gaspesie-Iles-de-la-Madeleine,G0C,44573,10,187.5,0,0,Eloignee,0.9678743218112845
C005525,31.91,Genie,Capitale-Nationale,G3A,70029,10,10.3,1,1,Centre,0.9998632778970805
C005708,31.96,Genie,Cote-Nord,G4R,83505,13,76.8,1,1,Eloignee,0.9993971472722784
C004930,20.5,Arts et lettres,Gaspesie-Iles-de-la-Madeleine,G0C,63801,17,361.6,0,0,Eloignee,0.0036374952540964484
C006082,26.49,Sciences sociales,Montreal,H8N,56614,10,8.8,0,0,Centre,0.13145902175985838
C007280,28.89,Genie,Montreal,H3T,89772,10,25.3,1,1,Centre,0.8718124499394295
C002205,30.64,Genie,Montreal,H8N,53151,10,57.9,0,1,Centre,0.9495641461172822
C002517,23.59,Arts et lettres,Gaspesie-Iles-de-la-Madeleine,G5C,70379,13,190.1,0,0,Eloignee,0.00020792048150088796
C009811,28.34,Genie,Gaspesie-Iles-de-la-Madeleine,G4X,49575,13,256.3,1,0,Eloignee,0.8009824205283873
C006936,25.17,Sciences,Montreal,H3T,73389,10,37.0,0,0,Centre,0.005835771349518344
C009420,30.67,Genie,Montreal,H4L,80650,8,15.5,0,1,Centre,0.9889945083427393
C002344,29.62,Sante,Capitale-Nationale,G3A,60756,7,2.5,0,1,Centre,0.6880218176400703
C012376,32.71,Sciences sociales,Gaspesie-Iles-de-la-Madeleine,G5C,49295,10,192.4,1,1,Eloignee,0.9998754668080648
C008131,29.79,Sante,Gaspesie-Iles-de-la-Madeleine,G4X,77935,10,468.3,0,0,Eloignee,0.9919626149195965
C001527,25.64,Sciences,Cote-Nord,G0G,121954,18,258.8,1,0,Eloignee,0.860513330705138
C009611,23.56,Sciences sociales,Capitale-Nationale,G1V,65368,10,11.3,0,0,Centre,8.697031136962614e-05
C009133,21.52,Arts et lettres,Capitale-Nationale,G1R,125232,12,6.7,1,0,Centre,0.00253058270537351
C013560,23.96,Sciences,Cote-Nord,G5B,31864,17,166.7,0,0,Eloignee,0.0403605225698341
C011898,29.79,Genie,Montreal,H3T,42659,8,33.7,1,0,Centre,0.7929405411036341
C013121,26.09,Sante,Bas-Saint-Laurent,G0L,41334,15,130.6,0,0,Eloignee,0.6289130222286878
C002529,25.22,Arts et lettres,Capitale-Nationale,G1V,127401,8,19.5,0,0,Centre,0.01086493543050405
C000127,27.11,Arts et lettres,Montreal,H8N,163554,5,41.7,0,1,Centre,0.35545740871273396
C001327,27.34,Arts et lettres,Cote-Nord,G4R,77798,20,231.9,0,1,Eloignee,0.888347207587888
C010342,25.72,Genie,Montreal,H3T,100757,7,29.6,1,0,Centre,0.010081072597118898
C011119,33.65,Sciences,Capitale-Nationale,G2E,71260,3,16.1,0,1,Centre,0.9991620095573105
C005718,29.67,Genie,Montreal,H2X,56498,7,12.0,1,1,Centre,0.934209644254891
C006694,26.69,Sciences sociales,Bas-Saint-Laurent,G5L,108837,14,99.1,1,0,Eloignee,0.20106597352048058
C000026,30.27,Sciences,Montreal,H4L,35157,4,6.6,1,1,Centre,0.8933103332742864
C006698,22.56,Arts et lettres,Gaspesie-Iles-de-la-Madeleine,G5C,23382,15,109.8,1,0,Eloignee,0.0006043075980427087
C010294,27.54,Arts et lettres,Gaspesie-Iles-de-la-Madeleine,G5C,51154,20,528.4,1,1,Eloignee,0.5304938095587013
C007538,23.59,Genie,Montreal,H1A,39687,4,13.5,1,0,Centre,0.00016449693681119245
C009377,18.95,Sciences sociales,Capitale-Nationale,G1R,85432,10,26.7,0,0,Centre,0.0002445601797863542
C008300,26.86,Genie,Montreal,H1A,45027,9,26.8,0,0,Centre,0.01167701072585461
C001048,22.19,Sciences,Montreal,H3T,62292,12,45.0,0,0,Centre,9.361541564275031e-05
C011081,30.37,Sciences,Bas-Saint-Laurent,G0L,46881,12,355.8,1,1,Eloignee,0.9854517434681132
C007985,31.89,Genie,Capitale-Nationale,G1R,92413,8,26.6,0,1,Centre,0.9998458988250429
C013206,26.91,Sciences sociales,Capitale-Nationale,G1R,105605,11,28.0,0,0,Centre,0.3489234742013484
C005248,23.94,Arts et lettres,Montreal,H1A,55947,12,28.3,0,0,Centre,0.001795920703869081
C002805,25.15,Arts et lettres,Bas-Saint-Laurent,G5L,56981,15,141.6,1,0,Eloignee,0.020941056852205694
C013220,29.0,Genie,Capitale-Nationale,G2E,89555,6,15.7,0,1,Centre,0.7448854405631168
C000985,24.04,Sciences,Montreal,H1A,59554,12,24.1,1,0,Centre,0.00014133160159561395
C002136,25.67,Sciences sociales,Gaspesie-Iles-de-la-Madeleine,G0C,40813,12,93.5,0,0,Eloignee,0.020394930864114053
C001886,25.83,Arts et lettres,Gaspesie-Iles-de-la-Madeleine,G0C,29006,10,381.2,0,0,Eloignee,0.01954687588754717
C010518,22.33,Sciences,Montreal,H8N,104446,16,35.6,0,0,Centre,0.008383887291331993
C009800,28.07,Sante,Montreal,H3T,34693,7,10.4,0,0,Centre,0.2130623223610126
C013949,26.1,Sciences sociales,Montreal,H2X,105001,9,31.7,0,1,Centre,0.5348014842377542
C009979,33.19,Arts et lettres,Gaspesie-Iles-de-la-Madeleine,G4X,54019,18,167.8,1,1,Eloignee,0.9963851881584198
C012558,28.56,Sciences sociales,Gaspesie-Iles-de-la-Madeleine,G4X,26152,12,81.7,0,0,Eloignee,0.41191492693195086
C004917,25.95,Genie,Montreal,H3T,42633,16,34.5,0,0,Centre,0.1017890496743754
C012621,26.67,Arts et lettres,Capitale-Nationale,G3A,70295,13,12.3,0,0,Centre,0.2044066779561857
C012031,23.25,Sciences,Cote-Nord,G4R,46689,13,116.1,0,0,Eloignee,0.00016454391044551836
C013389,27.47,Genie,Capitale-Nationale,G2E,61659,6,28.4,0,0,Centre,0.19027158301869027
C002178,22.21,Sciences,Montreal,H4L,62414,7,15.5,0,0,Centre,9.541049324568819e-05
C005475,28.07,Genie,Montreal,H3T,55962,5,29.1,1,0,Centre,0.13857410733006076
C010256,20.49,Sciences,Gaspesie-Iles-de-la-Madeleine,G0C,53751,18,340.4,0,0,Eloignee,0.003157753740426248
C007450,28.69,Arts et lettres,Capitale-Nationale,G3A,86144,8,9.8,1,0,Centre,0.4194708829475275
C001720,30.55,Genie,Montreal,H2X,141803,10,2.9,1,1,Centre,0.9993414761175113
C009524,27.4,Genie,Gaspesie-Iles-de-la-Madeleine,G0C,46913,19,189.8,0,0,Eloignee,0.4641063277816956
C007728,27.75,Genie,Gaspesie-Iles-de-la-Madeleine,G5C,87661,18,98.7,1,1,Eloignee,0.9103374880111504
C009684,27.36,Genie,Montreal,H3T,55499,6,39.7,0,0,Centre,0.0755296047390318
C008223,27.87,Sciences,Capitale-Nationale,G1R,97199,7,15.2,0,0,Centre,0.3113080425953697
C010795,24.39,Sciences,Gaspesie-Iles-de-la-Madeleine,G0C,88770,14,255.3,0,0,Eloignee,0.0005470926938607785
C006997,26.97,Sciences sociales,Capitale-Nationale,G1V,66638,9,17.5,0,0,Centre,0.039818755639096
C004417,30.85,Arts et lettres,Capitale-Nationale,G3A,45160,15,15.8,0,1,Centre,0.9957959507656391
C004874,26.59,Arts et lettres,Montreal,H1A,61835,8,26.1,0,0,Centre,0.04773070212835797
C009521,30.19,Arts et lettres,Capitale-Nationale,G3A,90870,11,11.0,1,1,Centre,0.9889216423700022
C005544,28.64,Genie,Montreal,H3T,61076,10,9.4,1,0,Centre,0.3718602427924254
C008513,28.03,Genie,Montreal,H3T,55908,7,7.3,0,1,Centre,0.21211271706116933
C008705,32.26,Sciences sociales,Montreal,H3T,84024,9,3.0,1,1,Centre,0.9992904584539923
C010012,27.15,Genie,Capitale-Nationale,G1R,146550,12,18.4,0,0,Centre,0.935229146953375
C004278,25.69,Genie,Montreal,H2X,78097,13,7.5,0,0,Centre,0.05194331596844829
C002818,23.45,Sciences sociales,Montreal,H4L,60330,5,3.5,0,0,Centre,0.00010470612804567104
C005614,25.13,Sante,Montreal,H2X,70248,9,8.1,0,0,Centre,0.00816072163260927
C006406,25.74,Sciences,Montreal,H4L,115327,9,7.5,1,0,Centre,0.016153515783613282
C010257,25.58,Genie,Montreal,H3T,80140,13,9.2,0,0,Centre,0.014869849084883755
C009703,29.46,Sciences sociales,Montreal,H4L,51402,9,35.5,1,1,Centre,0.8395248972268626
C011711,29.54,Genie,Gaspesie-Iles-de-la-Madeleine,G5C,69422,8,140.9,1,0,Eloignee,0.9728880792395853
C010596,27.65,Sante,Capitale-Nationale,G1V,83217,14,26.9,0,0,Centre,0.4972829152305626
C008970,24.69,Sciences,Capitale-Nationale,G1R,71361,7,41.4,0,0,Centre,0.00015594596194882675
C001106,27.07,Sciences,Montreal,H8N,57174,8,4.0,0,0,Centre,0.0807592448693858
C011169,30.42,Sciences,Capitale-Nationale,G1R,111421,8,19.0,0,1,Centre,0.9974177655193687
C011503,28.01,Arts et lettres,Gaspesie-Iles-de-la-Madeleine,G0C,44991,19,201.6,0,1,Eloignee,0.5385885466664114
C012888,23.94,Genie,Montreal,H3T,42664,7,27.5,0,0,Centre,0.002653600589570156
C006794,34.97,Sciences sociales,Montreal,H1A,82627,9,16.8,1,1,Centre,0.9988443513688174
C000611,27.76,Sante,Gaspesie-Iles-de-la-Madeleine,G4X,81679,13,267.0,0,0,Eloignee,0.6700601188708412
C002224,28.62,Sciences,Montreal,H3T,50592,9,16.5,0,1,Centre,0.555976522132085
C007686,25.37,Arts et lettres,Montreal,H4L,69482,9,7.3,1,0,Centre,0.0054028588429407874
C004185,28.59,Genie,Montreal,H3T,66958,9,70.3,1,1,Centre,0.7465015878017794
C004607,30.86,Sciences,Capitale-Nationale,G3A,58249,5,8.6,0,0,Centre,0.2851388527886003
C005141,28.72,Genie,Bas-Saint-Laurent,G5N,40411,7,196.8,0,0,Eloignee,0.3163382436049465
C006295,31.26,Sciences,Gaspesie-Iles-de-la-Madeleine,G4X,39783,14,322.0,0,1,Eloignee,0.9985763970190428
C012111,28.0,Sante,Capitale-Nationale,G1V,110877,9,26.4,0,1,Centre,0.5810177397551389
C013305,24.89,Arts et lettres,Capitale-Nationale,G1V,64791,9,21.3,1,0,Centre,0.0015199146795625042
C012180,32.24,Arts et lettres,Gaspesie-Iles-de-la-Madeleine,G0C,25936,9,227.4,0,1,Eloignee,0.9991549133708579
C007212,25.49,Arts et lettres,Montreal,H3T,36194,6,36.7,0,0,Centre,0.0013023314858564311
C007216,26.2,Sante,Capitale-Nationale,G1R,61016,9,19.5,1,0,Centre,0.014975569859793132
C007252,25.96,Sciences sociales,Capitale-Nationale,G3A,92580,8,19.2,0,0,Centre,0.09892536212807254
C010642,27.45,Sante,Capitale-Nationale,G1R,56428,6,54.3,0,0,Centre,0.0619401190188929
C007586,25.86,Arts et lettres,Bas-Saint-Laurent,G0L,98861,9,375.4,0,0,Eloignee,0.011399255762490196
C012639,29.69,Genie,Montreal,H2X,69518,12,9.2,1,1,Centre,0.9740480077317482
C008293,32.78,Sciences sociales,Capitale-Nationale,G3A,91004,12,2.4,0,1,Centre,0.9998287197412093
C012846,31.03,Sante,Capitale-Nationale,G2E,100688,7,5.9,0,1,Centre,0.9992017968855247
C002024,24.16,Arts et lettres,Cote-Nord,G4R,48843,7,252.9,0,0,Eloignee,0.00016477102158461278
C013031,27.71,Sante,Montreal,H4L,74060,11,25.2,0,0,Centre,0.3636317896550968
C001390,26.42,Sciences,Bas-Saint-Laurent,G5N,62048,17,134.0,1,0,Eloignee,0.9010024612949562
C001207,30.69,Sante,Bas-Saint-Laurent,G5N,34332,15,334.5,0,1,Eloignee,0.9947878811097068
C002728,27.64,Genie,Montreal,H4L,51277,15,10.8,0,0,Centre,0.2821201515927434
C008881,28.16,Arts et lettres,Capitale-Nationale,G1R,56959,13,49.2,1,1,Centre,0.7555941711712517
C000909,37.23,Sciences,Cote-Nord,G0G,43150,13,385.1,1,1,Eloignee,0.9998401471771445
C005356,28.96,Genie,Montreal,H2X,70889,9,41.4,0,0,Centre,0.7805960107013614
C004086,25.05,Sante,Montreal,H2X,50977,8,23.6,0,0,Centre,0.0035844599850935305
C002509,28.61,Genie,Gaspesie-Iles-de-la-Madeleine,G4X,59657,10,350.8,0,0,Eloignee,0.4719673947022384
C003932,28.82,Sante,Montreal,H8N,106743,13,6.4,0,1,Centre,0.9680092806497111
C013028,23.48,Sante,Montreal,H3T,45373,11,31.4,0,0,Centre,0.00011330977153423865
C002853,33.98,Arts et lettres,Cote-Nord,G0G,92495,16,192.5,1,1,Eloignee,0.9896013001124526
C004812,26.03,Sciences sociales,Gaspesie-Iles-de-la-Madeleine,G5C,25481,12,88.8,0,0,Eloignee,0.11571745797287937
C010391,33.32,Sante,Montreal,H4L,139182,10,25.5,0,1,Centre,0.9998984970082133
C007848,28.76,Sciences sociales,Cote-Nord,G4R,35503,13,142.4,0,0,Eloignee,0.5147447162609076
C012263,32.86,Sante,Capitale-Nationale,G3A,198685,10,7.9,0,1,Centre,0.9999166556445395
C004822,28.17,Sante,Gaspesie-Iles-de-la-Madeleine,G5C,53515,16,161.4,1,1,Eloignee,0.7215973268222027
C010560,30.53,Sante,Bas-Saint-Laurent,G5L,76405,17,310.5,1,1,Eloignee,0.9692590375480006
C003587,24.67,Sciences,Capitale-Nationale,G3A,137025,7,16.6,0,0,Centre,0.00041131924007808767
C011804,30.91,Sante,Capitale-Nationale,G1V,40955,12,32.8,1,1,Centre,0.9938183199366486
C004480,29.65,Sciences sociales,Capitale-Nationale,G2E,83156,10,49.5,0,1,Centre,0.9832876642244434
C013295,31.89,Genie,Bas-Saint-Laurent,G5L,111793,15,242.8,0,1,Eloignee,0.9989857145329748
C001001,29.94,Arts et lettres,Montreal,H2X,110795,7,14.0,1,1,Centre,0.9932328570359906
C012023,28.62,Genie,Capitale-Nationale,G1V,98787,9,7.4,0,1,Centre,0.7792543094099222
C002769,26.93,Arts et lettres,Cote-Nord,G0G,45556,8,104.3,1,0,Eloignee,0.02623323931831616
C001434,30.9,Genie,Montreal,H8N,65915,13,16.3,0,1,Centre,0.9987508333439469
C013274,27.74,Sciences sociales,Gaspesie-Iles-de-la-Madeleine,G5C,24717,13,431.8,1,0,Eloignee,0.04854504159379209
C004000,27.65,Arts et lettres,Montreal,H3T,87558,12,13.2,1,1,Centre,0.8106937039062673
C008023,29.09,Genie,Montreal,H2X,92239,12,26.3,0,1,Centre,0.9110594696826281
C000733,33.2,Sciences,Gaspesie-Iles-de-la-Madeleine,G0C,58361,9,175.8,1,1,Eloignee,0.9998204853137566
C006764,32.71,Sciences,Capitale-Nationale,G1R,104028,15,25.4,1,1,Centre,0.9957235575412676
C005854,28.44,Genie,Montreal,H1A,69686,11,12.9,0,1,Centre,0.8561518800526918
C010046,29.62,Sante,Montreal,H1A,120917,9,22.1,0,1,Centre,0.9671530421202805
C000145,27.51,Sciences sociales,Montreal,H4L,61680,11,18.5,0,1,Centre,0.43111703320857997
C010014,21.7,Sciences sociales,Montreal,H2X,79743,10,12.0,1,0,Centre,0.00013147621678096492
C010440,24.52,Sciences,Montreal,H1A,85555,6,6.5,0,0,Centre,0.0002405215588404556
C003656,28.05,Sciences,Montreal,H1A,75757,10,23.1,0,1,Centre,0.7130634869594565
C010016,25.71,Genie,Capitale-Nationale,G1V,49477,5,13.6,1,0,Centre,0.0012917032837923277
C006154,24.75,Genie,Gaspesie-Iles-de-la-Madeleine,G4X,37302,17,141.6,1,0,Eloignee,0.017462039275170985
C006497,26.22,Genie,Bas-Saint-Laurent,G5L,33853,17,116.2,1,0,Eloignee,0.3064069952480995
C005123,26.19,Genie,Montreal,H2X,75819,7,11.7,0,0,Centre,0.039969099262674355
C007749,29.43,Sciences sociales,Montreal,H2X,31339,11,10.9,0,1,Centre,0.7600198382391907
C011763,28.94,Genie,Montreal,H3T,56797,9,23.9,0,1,Centre,0.6256353633964877
C009673,29.91,Sciences sociales,Montreal,H1A,92348,7,20.7,0,1,Centre,0.9912661790986333
C001559,24.33,Sciences sociales,Capitale-Nationale,G1R,64603,6,26.5,0,0,Centre,0.00014312969508954926
C010977,27.25,Arts et lettres,Bas-Saint-Laurent,G5N,53626,13,102.7,0,0,Eloignee,0.29526650864119647
C012459,27.75,Genie,Cote-Nord,G5B,55131,11,234.8,0,0,Eloignee,0.3064625873080302
C007359,28.35,Genie,Gaspesie-Iles-de-la-Madeleine,G0C,75347,10,245.8,1,0,Eloignee,0.7986991422940335
C005003,27.13,Sciences sociales,Montreal,H4L,41289,14,28.0,0,0,Centre,0.14587475275270728
C006364,32.09,Genie,Montreal,H8N,56875,7,9.9,1,1,Centre,0.9997233823612119
C013244,24.29,Arts et lettres,Capitale-Nationale,G3A,37546,4,11.1,1,0,Centre,0.00027773708600146237
C012512,27.07,Genie,Bas-Saint-Laurent,G5L,31104,12,116.0,1,0,Eloignee,0.043132848797984555
C003377,25.25,Sciences,Montreal,H1A,61245,8,17.7,0,0,Centre,0.0030209960979656583
C003623,23.4,Sante,Capitale-Nationale,G1R,53060,8,35.4,0,0,Centre,9.19223887815481e-05
C000613,25.96,Sciences sociales,Bas-Saint-Laurent,G5L,40379,12,100.6,0,0,Eloignee,0.03756067171353765
C001908,27.57,Sciences,Montreal,H1A,83825,6,25.2,0,0,Centre,0.2838766217023189
C004960,30.33,Sciences sociales,Bas-Saint-Laurent,G5L,62993,15,200.5,0,1,Eloignee,0.9865007000321764
C010036,27.64,Sante,Capitale-Nationale,G1R,44210,9,36.8,0,1,Centre,0.3167919367614951
C007563,25.37,Sante,Montreal,H4L,93126,8,10.1,0,0,Centre,0.02594784814171553
C013680,27.89,Sante,Montreal,H2X,33929,9,15.3,0,0,Centre,0.20186795407334052
C010198,21.59,Sante,Cote-Nord,G4R,48376,12,390.8,0,0,Eloignee,0.00011549080689290585
C001762,24.99,Sciences,Cote-Nord,G5B,74371,15,228.5,0,0,Eloignee,0.009713346383945925
C006876,29.71,Arts et lettres,Montreal,H2X,65537,11,17.1,0,1,Centre,0.9678961023351296
C012115,23.9,Genie,Gaspesie-Iles-de-la-Madeleine,G4X,48061,19,136.4,0,0,Eloignee,0.003623931816828953
C013645,25.38,Sante,Gaspesie-Iles-de-la-Madeleine,G5C,87329,12,97.4,1,0,Eloignee,0.18178471539805502
C013549,24.32,Arts et lettres,Montreal,H2X,91570,9,9.9,0,0,Centre,0.0024403153271984786
C010404,25.82,Sciences,Capitale-Nationale,G2E,57638,6,18.6,0,0,Centre,0.002442105231260818
C003166,24.46,Sciences sociales,Capitale-Nationale,G1R,61081,12,37.7,0,0,Centre,0.00017873531569738486
C000952,29.24,Sciences sociales,Gaspesie-Iles-de-la-Madeleine,G0C,89833,13,124.6,1,1,Eloignee,0.9577677859292034
C011132,28.01,Genie,Montreal,H1A,48115,16,34.5,1,0,Centre,0.20231465649677483
C002182,31.08,Sciences sociales,Bas-Saint-Laurent,G0L,27290,10,290.4,0,1,Eloignee,0.9887708712451143
C008059,23.56,Arts et lettres,Gaspesie-Iles-de-la-Madeleine,G5C,24603,16,247.2,0,0,Eloignee,0.0025567031488264867
C012538,23.69,Sante,Bas-Saint-Laurent,G0L,40780,17,250.8,0,0,Eloignee,0.0017076592921244102
C001158,33.4,Arts et lettres,Capitale-Nationale,G2E,73623,9,36.2,0,1,Centre,0.9997696795776161
C006551,24.77,Genie,Gaspesie-Iles-de-la-Madeleine,G5C,99715,20,444.6,0,0,Eloignee,0.04623452620535134
C003530,24.38,Sciences,Bas-Saint-Laurent,G0L,66540,13,138.1,0,0,Eloignee,0.0001955151413578652
C013272,28.25,Sciences sociales,Cote-Nord,G4R,48832,14,239.0,1,0,Eloignee,0.723975787533859
C008285,25.5,Genie,Bas-Saint-Laurent,G0L,18605,17,112.5,1,0,Eloignee,0.15727509708297893
C009213,25.82,Arts et lettres,Bas-Saint-Laurent,G0L,93738,19,162.0,0,0,Eloignee,0.8798768011337951
C007591,33.22,Sciences sociales,Cote-Nord,G4R,88254,13,325.6,1,1,Eloignee,0.9984240588056624
C005042,27.21,Sciences sociales,Gaspesie-Iles-de-la-Madeleine,G0C,100172,13,283.1,0,0,Eloignee,0.5961370745963515
C007443,19.94,Sciences,Cote-Nord,G4R,31907,11,171.4,1,0,Eloignee,0.0002181512257275566
C006134,25.76,Genie,Capitale-Nationale,G3A,77686,6,8.6,0,0,Centre,0.006196277248805555
C002206,26.71,Sante,Montreal,H1A,83475,14,5.1,0,0,Centre,0.27405091556205385
C008207,26.94,Genie,Capitale-Nationale,G1V,81804,8,21.7,0,0,Centre,0.07174282818340558
C013525,25.89,Sciences sociales,Montreal,H4L,53763,11,28.0,1,0,Centre,0.023157197650526432
C001883,27.57,Sante,Capitale-Nationale,G1V,64154,7,15.0,0,0,Centre,0.21377640455080216
C010760,30.95,Sciences,Montreal,H3T,66806,7,30.5,1,1,Centre,0.9978428763007773
C009152,35.5,Genie,Capitale-Nationale,G2E,79247,8,3.8,1,1,Centre,0.999826764793671
C007182,24.95,Sciences,Montreal,H4L,51155,11,28.3,0,0,Centre,0.00460978765201817
C009472,20.92,Sciences,Cote-Nord,G4R,35668,10,134.8,1,0,Eloignee,0.00020039567530115036
C005069,29.89,Sciences sociales,Capitale-Nationale,G3A,40152,7,17.5,1,1,Centre,0.9712844429557633
C005779,30.83,Sante,Capitale-Nationale,G1R,177148,9,15.8,1,1,Centre,0.9995918496358243
C006757,26.98,Genie,Montreal,H2X,124602,12,33.1,1,1,Centre,0.834807572486513
C012681,21.94,Sante,Capitale-Nationale,G2E,138467,9,37.8,0,0,Centre,0.0004621315966116415
C008162,26.08,Sciences,Bas-Saint-Laurent,G5N,41972,14,180.0,1,0,Eloignee,0.2879450978884177
C010699,30.52,Sciences sociales,Montreal,H3T,72969,7,14.8,0,1,Centre,0.9761893529400025
C001452,25.09,Arts et lettres,Bas-Saint-Laurent,G5N,64814,14,146.1,1,0,Eloignee,0.002066561742394632
C004547,29.76,Sciences sociales,Cote-Nord,G5B,92135,16,169.7,0,1,Eloignee,0.9878929646831817
C001477,28.76,Sante,Capitale-Nationale,G1R,156272,7,13.5,0,0,Centre,0.6326412567403324
C011130,28.78,Genie,Montreal,H8N,74804,5,14.5,1,1,Centre,0.49302555090180145
C002350,32.1,Sciences,Capitale-Nationale,G2E,124365,15,20.0,1,1,Centre,0.9970820061712173
C009488,30.84,Arts et lettres,Montreal,H4L,85080,12,41.0,0,1,Centre,0.9893047317307168
C005952,32.0,Sciences,Montreal,H8N,49770,8,26.8,1,1,Centre,0.9997576891701782
C004392,31.51,Sciences,Capitale-Nationale,G3A,84608,4,20.0,1,1,Centre,0.9987279158536191
C011465,19.96,Genie,Capitale-Nationale,G1R,81983,7,16.7,0,0,Centre,9.901760764270894e-05
C006827,28.13,Sante,Montreal,H3T,75196,13,25.0,0,1,Centre,0.8458127260093118
C004600,25.88,Sciences sociales,Bas-Saint-Laurent,G5N,42699,16,108.5,0,0,Eloignee,0.07475265978924739
C003790,31.97,Sciences,Capitale-Nationale,G1R,60859,6,26.2,0,1,Centre,0.9994018703888996
C010588,29.48,Arts et lettres,Cote-Nord,G5B,45924,10,66.2,0,0,Eloignee,0.8048451581711779
C002627,27.12,Sciences,Montreal,H2X,76460,7,26.0,0,0,Centre,0.21545836602191692
C001359,24.62,Sante,Cote-Nord,G5B,49909,15,564.7,1,0,Eloignee,0.0005345120656493409
C007528,27.28,Arts et lettres,Montreal,H1A,81389,9,17.2,0,0,Centre,0.08047492770522445
C006685,31.17,Sciences sociales,Montreal,H1A,75958,7,22.5,0,1,Centre,0.9983985139518353
C012274,27.6,Sciences,Montreal,H8N,42742,2,24.9,0,0,Centre,0.05121883169358489
C007651,24.65,Sciences,Cote-Nord,G4R,87335,10,126.4,0,0,Eloignee,0.0005478191198636539
C001505,31.16,Sciences sociales,Gaspesie-Iles-de-la-Madeleine,G0C,57174,11,433.2,0,1,Eloignee,0.9982994691491582
C011407,26.97,Sciences sociales,Bas-Saint-Laurent,G0L,38626,14,342.9,0,0,Eloignee,0.05659020815901292
C011009,29.49,Genie,Montreal,H4L,46946,6,67.6,0,1,Centre,0.7766836093170141
C010970,21.83,Sante,Montreal,H4L,68870,10,13.6,1,0,Centre,8.363096946535707e-05
C007398,25.75,Sante,Montreal,H2X,40390,13,19.7,0,0,Centre,0.038029342959643025
C011016,35.78,Sciences sociales,Capitale-Nationale,G2E,106683,15,6.4,1,1,Centre,0.9967559579020169
C013893,28.73,Genie,Bas-Saint-Laurent,G5L,35252,12,168.6,0,0,Eloignee,0.27125969001647904
C008277,29.02,Sciences sociales,Cote-Nord,G4R,55201,19,248.2,1,1,Eloignee,0.9701629671473874
C008267,29.4,Sciences,Cote-Nord,G4R,68412,18,264.5,1,1,Eloignee,0.9791272567537378
C006868,25.39,Sciences sociales,Montreal,H2X,75282,13,51.7,0,0,Centre,0.008247024593095724
C006047,27.31,Sciences,Montreal,H4L,108134,6,17.4,0,1,Centre,0.34411971752608816
C004623,23.06,Sciences,Gaspesie-Iles-de-la-Madeleine,G4X,51137,10,126.3,0,0,Eloignee,0.000101049001692709
C002532,30.95,Genie,Capitale-Nationale,G3A,53357,6,14.1,1,1,Centre,0.9950679335936484
C002729,20.51,Sciences,Cote-Nord,G5B,49929,7,124.0,1,0,Eloignee,9.188177730647289e-05
C013061,31.42,Sciences,Capitale-Nationale,G2E,81417,6,20.3,0,1,Centre,0.9972442667702207
C005668,27.14,Arts et lettres,Montreal,H4L,201594,6,22.2,0,0,Centre,0.4350191502124406
C003325,30.69,Sante,Gaspesie-Iles-de-la-Madeleine,G0C,47344,15,50.8,1,1,Eloignee,0.9989785327712296
C002120,28.92,Genie,Bas-Saint-Laurent,G0L,122032,7,355.9,0,0,Eloignee,0.4402288895823911
C002591,29.84,Genie,Montreal,H3T,95758,9,29.3,0,1,Centre,0.9901026378229351
C010260,31.49,Genie,Capitale-Nationale,G1V,33915,11,17.6,1,1,Centre,0.9972986930232253
C003716,24.57,Genie,Montreal,H2X,46341,10,73.9,0,0,Centre,0.003992674127090192
C001318,27.67,Sciences sociales,Montreal,H8N,73614,10,20.7,0,1,Centre,0.445014011817044
C001444,21.11,Genie,Bas-Saint-Laurent,G5N,143078,12,314.4,1,0,Eloignee,0.0007942412861520894
C002485,27.36,Sciences sociales,Bas-Saint-Laurent,G5N,53083,19,210.9,0,1,Eloignee,0.5499150354139225
C004792,29.21,Genie,Bas-Saint-Laurent,G5N,40521,14,173.6,0,1,Eloignee,0.7980962674236148
C010330,29.89,Genie,Montreal,H2X,143342,10,12.3,0,1,Centre,0.9971169898102892
C001521,26.86,Sante,Bas-Saint-Laurent,G5L,28874,21,143.8,0,0,Eloignee,0.22319432922351914
C013975,27.57,Sciences sociales,Capitale-Nationale,G3A,86101,9,66.3,0,1,Centre,0.5480915384681286
C000341,30.74,Genie,Gaspesie-Iles-de-la-Madeleine,G4X,100712,11,338.4,1,1,Eloignee,0.9987888736040356
C001887,26.72,Sante,Montreal,H8N,32560,13,4.7,0,0,Centre,0.04685129971860428
C011948,27.94,Sciences sociales,Capitale-Nationale,G1V,39668,9,28.3,0,1,Centre,0.16654686750618206
C001052,27.93,Sciences sociales,Cote-Nord,G4R,33530,11,305.8,0,0,Eloignee,0.10801183510197516
C003129,23.74,Arts et lettres,Bas-Saint-Laurent,G5N,24787,13,229.9,0,0,Eloignee,0.0004932988421228473
C010769,35.84,Genie,Gaspesie-Iles-de-la-Madeleine,G0C,85341,13,138.3,1,1,Eloignee,0.9994927954331839
C013850,29.79,Sciences sociales,Capitale-Nationale,G1V,51737,12,27.5,0,1,Centre,0.9607097692061066
C010321,26.57,Arts et lettres,Capitale-Nationale,G3A,73661,9,11.5,0,0,Centre,0.24908210782082704
C001818,30.26,Sciences sociales,Montreal,H2X,88037,11,10.9,0,1,Centre,0.9880895985358706
C006080,32.65,Sciences,Capitale-Nationale,G1R,60024,6,15.2,1,1,Centre,0.9975644813514452
C010972,28.3,Sciences,Gaspesie-Iles-de-la-Madeleine,G0C,40833,13,283.3,0,0,Eloignee,0.566063080899313
C006456,30.13,Sciences,Capitale-Nationale,G3A,65438,7,23.8,0,1,Centre,0.9721389149806493
C006052,26.48,Sante,Gaspesie-Iles-de-la-Madeleine,G0C,42771,14,275.0,1,0,Eloignee,0.08661240365406497
C003816,27.58,Sciences,Montreal,H3T,90619,5,12.2,0,0,Centre,0.41541603802384086
C011286,27.49,Genie,Montreal,H2X,56277,10,49.6,0,0,Centre,0.14510541240471037
C002336,27.33,Sciences sociales,Capitale-Nationale,G1V,48325,8,35.1,0,1,Centre,0.201789521469415
C012692,29.42,Genie,Bas-Saint-Laurent,G5L,68390,15,375.6,1,1,Eloignee,0.9862923859151891
C013725,24.08,Sciences,Capitale-Nationale,G1V,75773,6,15.5,0,0,Centre,0.00020612648919971098
C000538,27.68,Sante,Gaspesie-Iles-de-la-Madeleine,G4X,27127,13,179.2,1,0,Eloignee,0.08472891062459517
C013705,26.0,Genie,Cote-Nord,G4R,50063,8,429.7,0,0,Eloignee,0.01947556857150717
C001701,29.69,Sante,Bas-Saint-Laurent,G5N,52080,8,160.9,0,1,Eloignee,0.5004224855982745
C006033,24.01,Genie,Gaspesie-Iles-de-la-Madeleine,G0C,36244,16,74.2,0,0,Eloignee,0.044964404281373056
C000678,22.87,Genie,Montreal,H8N,53524,5,48.5,1,0,Centre,7.164977079986265e-05
C007923,28.9,Genie,Gaspesie-Iles-de-la-Madeleine,G0C,83437,11,157.9,1,1,Eloignee,0.8236556917713029
C005893,21.75,Genie,Montreal,H3T,110492,6,20.7,0,0,Centre,0.00013606432293899507
C006975,36.62,Arts et lettres,Montreal,H2X,115349,12,1.3,0,1,Centre,0.9996015261520648
C000140,29.48,Sante,Montreal,H8N,197461,5,11.9,0,1,Centre,0.9896641204452779
C009892,34.09,Genie,Bas-Saint-Laurent,G5N,52259,10,164.4,1,1,Eloignee,0.9998132682754236
C006498,28.51,Sciences sociales,Montreal,H3T,57296,13,18.5,0,1,Centre,0.8834762802363291
C002869,23.79,Genie,Bas-Saint-Laurent,G5L,113884,9,267.1,1,0,Eloignee,0.00020408927029239314
C004298,28.2,Genie,Montreal,H8N,57158,7,59.8,0,0,Centre,0.3527425954820449
C013787,23.32,Sciences,Bas-Saint-Laurent,G5L,21520,18,114.0,1,0,Eloignee,0.001965717947692383
C005035,26.07,Sciences sociales,Montreal,H2X,124202,5,64.2,0,0,Centre,0.008025942426053229
C007631,29.54,Sciences,Montreal,H8N,96281,8,10.4,0,1,Centre,0.9523411397482493
C011916,31.01,Sciences,Montreal,H1A,66017,11,14.3,0,1,Centre,0.9986939499459537
C012268,30.01,Genie,Montreal,H1A,40542,12,15.0,1,1,Centre,0.7986964918693849
C007782,25.56,Sante,Montreal,H1A,52566,12,13.5,1,0,Centre,0.009747912906089473
C011184,25.26,Sciences,Bas-Saint-Laurent,G5L,39509,10,360.4,0,0,Eloignee,0.021420833453833464
C011336,29.12,Sciences sociales,Cote-Nord,G0G,52861,8,206.8,0,0,Eloignee,0.553779700951069
C003221,31.42,Arts et lettres,Capitale-Nationale,G1V,101010,11,12.7,0,1,Centre,0.9993464711612308
C007517,28.02,Genie,Cote-Nord,G5B,49738,7,147.1,0,0,Eloignee,0.1500857635748403
C005086,21.65,Arts et lettres,Bas-Saint-Laurent,G0L,117273,8,131.6,1,0,Eloignee,0.0019186216699225505
C001816,24.92,Genie,Gaspesie-Iles-de-la-Madeleine,G5C,37358,13,394.8,0,0,Eloignee,0.010567508170264441
C002046,27.77,Sciences,Capitale-Nationale,G2E,80940,12,3.6,1,1,Centre,0.7316746081180548
C007689,27.8,Sante,Montreal,H3T,74020,8,30.4,0,1,Centre,0.4545723489031348
C001991,33.93,Sante,Bas-Saint-Laurent,G5L,42166,10,545.4,1,1,Eloignee,0.999827416205751
C007284,28.94,Sciences sociales,Montreal,H4L,67068,3,20.1,0,1,Centre,0.6480111778885268
C013276,31.94,Sante,Montreal,H2X,162528,7,2.4,0,1,Centre,0.9999018405534011
C005859,31.75,Sante,Capitale-Nationale,G2E,38194,9,7.9,1,1,Centre,0.9998991027713955
C010469,31.75,Sante,Gaspesie-Iles-de-la-Madeleine,G0C,52723,10,233.6,1,1,Eloignee,0.999807222865994
C010023,26.85,Genie,Montreal,H2X,202608,14,26.7,0,1,Centre,0.9458646750063849
C009418,24.31,Sante,Bas-Saint-Laurent,G0L,47636,16,246.5,1,0,Eloignee,0.004729163964075751
C011462,26.19,Sante,Capitale-Nationale,G2E,67592,13,22.5,0,0,Centre,0.07332942629251149
C011858,31.14,Sciences,Montreal,H1A,60986,9,9.5,0,1,Centre,0.9978405124709433
C012832,22.39,Sciences,Montreal,H1A,72143,8,16.7,0,0,Centre,9.490852828461176e-05
C009062,27.85,Sante,Montreal,H1A,106723,11,14.6,1,0,Centre,0.4186677142873178
C013263,24.14,Sante,Montreal,H4L,39139,10,8.9,0,0,Centre,0.00021203195630955133
C003479,26.04,Genie,Bas-Saint-Laurent,G5L,53599,12,36.7,1,0,Eloignee,0.11573287472669416
C013433,32.39,Sante,Montreal,H1A,36383,11,30.2,0,1,Centre,0.9998368720373417
C008260,26.14,Sciences sociales,Bas-Saint-Laurent,G5L,29793,10,141.1,0,0,Eloignee,0.048896866560194034
C012117,29.2,Sciences sociales,Montreal,H8N,44192,6,20.6,0,1,Centre,0.696006385454732
C006988,25.54,Sciences sociales,Gaspesie-Iles-de-la-Madeleine,G4X,28791,13,83.0,0,0,Eloignee,0.009333786266686107
C002610,27.21,Sante,Bas-Saint-Laurent,G5L,58055,15,180.1,1,0,Eloignee,0.5669030518461201
C009478,31.57,Sciences sociales,Montreal,H1A,86844,4,24.9,0,1,Centre,0.9997229245424709
C000099,28.94,Arts et lettres,Bas-Saint-Laurent,G5N,54767,12,304.5,1,1,Eloignee,0.7997983614576368
C008927,28.82,Genie,Montreal,H8N,46179,12,15.8,0,1,Centre,0.7819180665964641
C006338,30.62,Sciences,Cote-Nord,G4R,55825,16,227.7,1,1,Eloignee,0.9667229308298946
C000037,28.22,Genie,Montreal,H3T,57439,6,20.3,1,0,Centre,0.20485520335731636
C002062,28.75,Sciences,Cote-Nord,G5B,113748,15,439.5,0,1,Eloignee,0.940356492924504
C002296,31.78,Genie,Capitale-Nationale,G3A,75458,15,7.4,0,1,Centre,0.9978755175270029
C012574,30.03,Arts et lettres,Capitale-Nationale,G3A,63692,16,19.3,1,1,Centre,0.9592489858955673
C005305,28.34,Arts et lettres,Bas-Saint-Laurent,G5N,62174,14,207.3,1,0,Eloignee,0.8408727623629564
C007871,26.39,Sante,Bas-Saint-Laurent,G0L,77095,11,186.6,1,0,Eloignee,0.25968782137272695
C004686,26.34,Sante,Montreal,H4L,54139,6,4.7,1,0,Centre,0.008997399188569608
C001063,27.94,Genie,Bas-Saint-Laurent,G0L,71903,15,133.5,0,0,Eloignee,0.5115930668489049
C006220,23.35,Genie,Montreal,H8N,86619,5,29.6,0,0,Centre,0.00013066649998580958
C002123,26.48,Sciences sociales,Capitale-Nationale,G1V,42359,9,33.9,0,0,Centre,0.004682253049611332
C009638,26.84,Arts et lettres,Gaspesie-Iles-de-la-Madeleine,G4X,29309,11,158.8,1,0,Eloignee,0.017751878851025207
C000287,26.83,Genie,Montreal,H8N,100906,7,12.7,0,0,Centre,0.15611864072942946
C005256,26.7,Arts et lettres,Gaspesie-Iles-de-la-Madeleine,G4X,55499,17,202.6,0,0,Eloignee,0.6941810981507127
C006223,25.51,Genie,Montreal,H1A,52175,9,7.9,0,0,Centre,0.004785461114909406
C007834,23.18,Sciences sociales,Montreal,H4L,59272,10,24.5,0,0,Centre,0.00015993224810515139
C000848,26.49,Sciences sociales,Montreal,H2X,65279,11,2.9,0,0,Centre,0.030793884660952276
C002534,30.9,Sciences sociales,Capitale-Nationale,G2E,64089,10,8.1,0,1,Centre,0.9876160646843465
C003036,28.63,Arts et lettres,Capitale-Nationale,G2E,69028,7,11.8,0,0,Centre,0.5244126591431717
C011221,24.41,Sciences,Montreal,H2X,72017,7,12.3,1,0,Centre,0.00015594596194882675
C006501,30.47,Sciences sociales,Bas-Saint-Laurent,G5N,63372,10,433.8,1,1,Eloignee,0.9554813441931712
C000869,30.45,Sciences sociales,Bas-Saint-Laurent,G5N,55184,20,263.1,1,1,Eloignee,0.9627336035230337
C012207,24.8,Arts et lettres,Montreal,H3T,48413,8,26.4,0,0,Centre,0.00016477102158461278
C000201,24.15,Arts et lettres,Cote-Nord,G0G,58330,13,79.3,1,0,Eloignee,0.00019628224466332643
C007774,28.01,Genie,Montreal,H8N,72367,5,11.3,1,1,Centre,0.15346340644322587
C001471,32.06,Sciences,Montreal,H3T,158098,7,6.8,0,1,Centre,0.9997724596306254
C004509,29.89,Sciences,Bas-Saint-Laurent,G5N,27224,13,189.8,0,1,Eloignee,0.9887398975851889
C004256,26.35,Genie,Montreal,H8N,48013,8,25.5,0,0,Centre,0.01365208917649238
C010365,33.08,Sciences,Montreal,H3T,39831,16,2.1,0,1,Centre,0.9994346839655585
C003173,27.09,Sciences,Montreal,H8N,51170,10,36.9,1,0,Centre,0.16119420567868414
C010857,25.34,Arts et lettres,Montreal,H2X,120919,7,5.5,0,0,Centre,0.009444625981754632
C008979,29.67,Sciences,Montreal,H3T,54912,6,14.3,0,1,Centre,0.9062209411364859
C007507,31.1,Genie,Montreal,H1A,106002,5,36.1,1,1,Centre,0.9990943941470878
C010336,29.13,Sciences,Montreal,H1A,90786,19,24.4,0,1,Centre,0.9728312428084498
C010916,30.18,Sciences sociales,Montreal,H3T,75947,7,17.9,0,1,Centre,0.9846295583193642
C006604,32.99,Genie,Capitale-Nationale,G1V,62867,10,3.6,0,1,Centre,0.9997910058191448
C004884,25.76,Genie,Gaspesie-Iles-de-la-Madeleine,G5C,66863,16,266.4,0,0,Eloignee,0.2001909970519184
C011298,27.67,Genie,Montreal,H1A,73282,6,2.4,0,0,Centre,0.42018137371002
C009981,21.33,Genie,Montreal,H8N,101781,7,4.7,1,0,Centre,0.00020309512671509125
C008135,31.28,Sciences,Bas-Saint-Laurent,G5L,29925,17,83.0,0,1,Eloignee,0.9844372994000916
C005800,24.04,Sciences,Montreal,H8N,131309,5,16.8,1,0,Centre,0.00033009141850525196
C003075,26.27,Arts et lettres,Gaspesie-Iles-de-la-Madeleine,G5C,62020,13,555.5,0,0,Eloignee,0.2864244400126625
C006792,29.82,Sciences sociales,Gaspesie-Iles-de-la-Madeleine,G0C,37072,11,79.7,0,1,Eloignee,0.900797055123745
C000034,30.5,Sciences sociales,Gaspesie-Iles-de-la-Madeleine,G0C,88783,11,213.7,0,0,Eloignee,0.9969386513639557
C002424,31.11,Genie,Bas-Saint-Laurent,G5L,40569,10,215.7,0,1,Eloignee,0.9883330827603297
C002829,24.61,Sciences,Capitale-Nationale,G2E,59441,6,2.8,1,0,Centre,0.00014404150628328282
C002260,30.61,Genie,Capitale-Nationale,G2E,35812,11,16.0,1,1,Centre,0.9355075429331104
C007332,30.56,Sciences,Montreal,H4L,75407,14,18.4,0,1,Centre,0.9943285045246401
C012960,25.5,Sante,Bas-Saint-Laurent,G5N,52079,17,190.7,0,0,Eloignee,0.36584428051914825
C010585,25.09,Sciences sociales,Montreal,H4L,82292,7,10.7,1,0,Centre,0.0024666558636259363
C003634,27.1,Sante,Cote-Nord,G4R,47316,10,212.4,1,0,Eloignee,0.15759999829102267
C011606,27.47,Sciences,Capitale-Nationale,G1V,55105,7,35.2,0,0,Centre,0.07983071136929336
C009674,31.63,Sciences sociales,Montreal,H8N,123693,10,9.4,0,1,Centre,0.9998341428991917
C013554,30.14,Arts et lettres,Bas-Saint-Laurent,G5N,42229,16,228.0,0,1,Eloignee,0.9665038669735687
C011023,28.63,Sciences sociales,Montreal,H2X,80932,9,54.9,0,0,Centre,0.47479984884759835
C008012,30.4,Genie,Gaspesie-Iles-de-la-Madeleine,G0C,36751,13,139.8,0,1,Eloignee,0.919121618419192
C004537,25.46,Genie,Montreal,H2X,124763,9,17.2,1,0,Centre,0.041365428984142444
C004907,27.29,Arts et lettres,Gaspesie-Iles-de-la-Madeleine,G5C,70108,7,115.2,0,0,Eloignee,0.06836588220142456
C011174,27.5,Sciences,Bas-Saint-Laurent,G5N,89606,14,136.7,1,1,Eloignee,0.6656232175459869
C003408,26.71,Arts et lettres,Gaspesie-Iles-de-la-Madeleine,G0C,25086,14,228.6,0,0,Eloignee,0.03594195584525744
C005153,27.92,Arts et lettres,Montreal,H8N,80640,7,23.0,0,0,Centre,0.3244018355101929
C000816,33.76,Sante,Capitale-Nationale,G1V,76535,7,10.5,0,1,Centre,0.9999011984744661
C007714,25.8,Sciences sociales,Cote-Nord,G5B,73036,11,193.8,1,0,Eloignee,0.020409518087237427
C009082,26.32,Sciences sociales,Capitale-Nationale,G1R,34356,8,9.4,0,0,Centre,0.004945887970795563
C003625,23.71,Arts et lettres,Montreal,H3T,53919,10,11.5,0,0,Centre,0.00014451186677140479
C009186,29.76,Sante,Capitale-Nationale,G1R,50816,8,23.0,0,0,Centre,0.4685298339099754
C003929,25.57,Sciences sociales,Montreal,H1A,61822,17,5.3,0,0,Centre,0.2621211957274828
C001981,25.46,Genie,Capitale-Nationale,G2E,38631,8,8.2,0,0,Centre,0.0032368667942858443
C007734,23.71,Sante,Gaspesie-Iles-de-la-Madeleine,G4X,34179,17,83.1,1,0,Eloignee,0.003150206542593062
C009167,23.66,Genie,Gaspesie-Iles-de-la-Madeleine,G0C,28008,15,110.3,0,0,Eloignee,0.00026464572428658506
C004542,28.76,Genie,Montreal,H8N,66286,8,24.0,0,0,Centre,0.5992475807517593
C007383,27.77,Genie,Montreal,H4L,116669,12,8.4,0,0,Centre,0.38849196288133964
C008317,22.94,Sciences sociales,Cote-Nord,G0G,112656,12,234.3,1,0,Eloignee,0.00033618156915068254
C001844,29.85,Arts et lettres,Montreal,H2X,87868,7,17.7,0,1,Centre,0.9860687354036322
C012340,25.79,Sciences sociales,Montreal,H2X,55851,9,10.4,1,0,Centre,0.006749774177204894
C003039,28.37,Arts et lettres,Montreal,H8N,58763,9,14.9,0,0,Centre,0.420152481097041
C003883,25.27,Sciences,Gaspesie-Iles-de-la-Madeleine,G4X,81474,12,200.5,1,0,Eloignee,0.048043632957318415
C000232,30.56,Sante,Capitale-Nationale,G1R,127683,8,21.1,0,1,Centre,0.9985215109537726
C009697,26.01,Sante,Bas-Saint-Laurent,G5N,54436,11,144.8,1,0,Eloignee,0.17362921655844246
C009523,23.71,Sante,Cote-Nord,G5B,90891,15,175.3,0,0,Eloignee,0.0008323061621690324
C004941,25.24,Sciences sociales,Bas-Saint-Laurent,G5N,36151,13,166.6,1,0,Eloignee,0.01418363254368667
C009137,28.17,Sciences,Montreal,H3T,85933,12,12.0,1,0,Centre,0.7274930066387999
C000336,31.08,Sciences sociales,Cote-Nord,G5B,73094,13,129.2,1,1,Eloignee,0.9951105903073837
C013507,28.77,Arts et lettres,Montreal,H8N,49697,7,14.3,0,1,Centre,0.46879911238871885
C000177,26.31,Genie,Capitale-Nationale,G2E,47368,9,8.2,0,0,Centre,0.014859842219904435
C013735,28.34,Sciences sociales,Capitale-Nationale,G3A,82175,11,14.5,0,1,Centre,0.844791931144101
C008938,31.57,Arts et lettres,Montreal,H1A,38471,10,15.3,1,1,Centre,0.9996537417111246
C007271,29.73,Sante,Gaspesie-Iles-de-la-Madeleine,G5C,92773,15,233.8,1,1,Eloignee,0.9852735172826514
C001453,25.89,Sciences,Gaspesie-Iles-de-la-Madeleine,G0C,49449,9,285.7,1,0,Eloignee,0.010838915171830464
C013192,28.1,Arts et lettres,Gaspesie-Iles-de-la-Madeleine,G0C,73810,15,370.5,1,1,Eloignee,0.8504689474322189
C011182,24.46,Sciences,Montreal,H3T,66366,15,26.0,1,0,Centre,0.000677600304079349
C005962,25.83,Sciences,Montreal,H2X,68664,9,9.3,0,0,Centre,0.004319921278320408
C006072,29.29,Sciences sociales,Montreal,H4L,86609,10,36.8,1,1,Centre,0.947575860971867
C009635,32.89,Genie,Capitale-Nationale,G3A,85937,8,4.8,0,1,Centre,0.9998097617285991
C008510,30.99,Sante,Bas-Saint-Laurent,G5L,33781,11,184.4,1,0,Eloignee,0.9982668204945234
C006622,32.14,Sante,Montreal,H2X,66318,10,21.0,1,1,Centre,0.9998551705485769
C009407,26.31,Sciences sociales,Capitale-Nationale,G2E,33514,7,19.6,0,0,Centre,0.006825583088365634
C010646,27.65,Genie,Cote-Nord,G4R,51878,8,280.0,0,0,Eloignee,0.11405197971383445
C009493,24.13,Arts et lettres,Cote-Nord,G0G,24477,13,286.8,0,0,Eloignee,0.00047428093214220977
C013776,29.82,Sciences sociales,Capitale-Nationale,G1V,41151,6,3.0,1,1,Centre,0.9216016290413972
C010799,24.12,Sciences sociales,Gaspesie-Iles-de-la-Madeleine,G4X,65233,20,325.7,1,0,Eloignee,0.010618351286244027
C006150,24.98,Arts et lettres,Gaspesie-Iles-de-la-Madeleine,G4X,61889,15,307.3,0,0,Eloignee,0.0069012226832037525
C006420,29.83,Arts et lettres,Cote-Nord,G0G,50337,12,251.8,0,1,Eloignee,0.9900089720750936
C001206,28.12,Sciences sociales,Capitale-Nationale,G3A,107404,6,3.0,1,0,Centre,0.2646214219995539
C012477,32.51,Sciences sociales,Cote-Nord,G0G,32686,18,125.8,1,1,Eloignee,0.9950965309618126
C011387,28.06,Sante,Capitale-Nationale,G3A,59274,11,18.7,1,0,Centre,0.4151064823866261
C000837,24.95,Sciences,Montreal,H8N,123396,8,2.5,0,0,Centre,0.004601863073191509
C009078,27.5,Sante,Gaspesie-Iles-de-la-Madeleine,G4X,61417,14,422.7,1,0,Eloignee,0.4553750909589883
C012750,26.7,Genie,Montreal,H2X,91433,5,5.0,0,0,Centre,0.009184855210474834
C001869,25.1,Arts et lettres,Montreal,H8N,38892,8,5.0,0,0,Centre,0.0034432790094008773
C007340,29.79,Sciences sociales,Montreal,H2X,76375,10,38.7,0,1,Centre,0.9899569094245819
C007732,28.26,Sciences,Capitale-Nationale,G2E,60473,8,4.9,0,1,Centre,0.4556789715021952
C003461,31.82,Sciences,Capitale-Nationale,G2E,63142,7,4.3,1,1,Centre,0.9997644420336208
C006034,23.83,Sciences,Cote-Nord,G0G,63406,13,89.2,1,0,Eloignee,0.00013710494955702942
C004503,29.17,Genie,Bas-Saint-Laurent,G0L,34864,9,332.6,0,0,Eloignee,0.26701497948863034
C011002,29.45,Arts et lettres,Capitale-Nationale,G2E,44637,12,7.6,0,1,Centre,0.8702387807911093
C007413,23.13,Sciences,Montreal,H8N,49032,14,5.8,1,0,Centre,0.0001116735651847667
C011353,25.01,Sante,Montreal,H4L,60683,9,35.0,0,0,Centre,0.0027708238851100533
C006989,32.93,Sciences,Montreal,H3T,73998,8,31.5,0,1,Centre,0.9997529012458514
C003145,30.64,Sciences,Bas-Saint-Laurent,G5N,95720,10,228.6,0,1,Eloignee,0.9886519581698283
C003337,21.91,Sciences sociales,Bas-Saint-Laurent,G5N,31703,11,54.2,1,0,Eloignee,0.0002181512257275566
C009471,28.68,Arts et lettres,Bas-Saint-Laurent,G5N,25430,7,288.2,0,0,Eloignee,0.2571394647485496
C007900,32.35,Genie,Montreal,H1A,50829,9,15.7,0,1,Centre,0.9996927762312318
C008351,27.74,Sciences sociales,Cote-Nord,G4R,52701,10,144.1,0,0,Eloignee,0.12073311800146477
C003849,29.27,Genie,Capitale-Nationale,G2E,103446,6,10.9,0,1,Centre,0.9631311785776389
C003343,22.21,Arts et lettres,Cote-Nord,G5B,40019,12,284.5,1,0,Eloignee,0.0002635863980080742
C001573,23.42,Sciences sociales,Bas-Saint-Laurent,G5L,96041,15,149.9,0,0,Eloignee,0.0007430357700663065
C013035,31.06,Arts et lettres,Capitale-Nationale,G1V,71598,3,19.4,1,0,Centre,0.35529886327154764
C009529,26.98,Arts et lettres,Montreal,H3T,148466,8,20.0,1,1,Centre,0.7066983387302435
C008700,32.41,Genie,Cote-Nord,G5B,43186,12,154.1,1,1,Eloignee,0.9996665571282541
C009092,31.93,Genie,Montreal,H4L,141032,10,20.0,0,1,Centre,0.999894029063185
C000106,27.28,Genie,Gaspesie-Iles-de-la-Madeleine,G0C,30455,9,171.8,0,0,Eloignee,0.019701800353591568
C001035,28.65,Arts et lettres,Bas-Saint-Laurent,G5L,58263,9,125.2,0,1,Eloignee,0.4416356775128462
C007393,32.06,Sciences sociales,Montreal,H2X,48006,5,21.5,0,1,Centre,0.9987394961481944
C010825,20.63,Sciences sociales,Cote-Nord,G5B,48157,14,189.7,1,0,Eloignee,5.158995276476463e-05
C006228,23.95,Sciences sociales,Gaspesie-Iles-de-la-Madeleine,G5C,45229,10,57.6,1,0,Eloignee,0.0014637939630078793
C011729,26.04,Genie,Cote-Nord,G0G,65579,18,221.5,1,0,Eloignee,0.7226240644612097
C003469,24.02,Sciences sociales,Gaspesie-Iles-de-la-Madeleine,G0C,55432,20,224.4,0,0,Eloignee,0.05649004410884014
C008553,27.27,Sciences sociales,Montreal,H2X,86297,7,31.3,0,0,Centre,0.10772061682858851
C007705,26.16,Sciences,Montreal,H8N,63086,9,14.2,0,0,Centre,0.019860463068735738
C013601,24.88,Sciences sociales,Capitale-Nationale,G1R,214382,6,10.1,0,1,Centre,0.4845020789441688
C007489,31.56,Genie,Montreal,H8N,71340,11,13.6,0,1,Centre,0.999802015819157
C006489,24.92,Sciences,Capitale-Nationale,G1R,83733,9,39.2,0,0,Centre,0.004213727800905158
C006822,28.99,Arts et lettres,Capitale-Nationale,G2E,67796,13,16.7,0,1,Centre,0.9620456759492476
C010178,25.49,Arts et lettres,Bas-Saint-Laurent,G5N,35737,15,306.1,1,0,Eloignee,0.033252429319646386
C002954,27.2,Genie,Capitale-Nationale,G1R,45340,15,6.8,0,1,Centre,0.31579230712967526
C009280,31.43,Sciences sociales,Gaspesie-Iles-de-la-Madeleine,G0C,28018,13,185.0,0,1,Eloignee,0.9926534681274498
C002346,22.58,Genie,Capitale-Nationale,G2E,100186,4,7.7,0,0,Centre,0.00011144612894885836
C004581,28.74,Sante,Montreal,H2X,83474,5,8.7,0,1,Centre,0.640840281536824
C008745,22.64,Sciences,Montreal,H3T,120390,9,20.8,0,0,Centre,0.0001905867358454622
C009022,29.82,Arts et lettres,Montreal,H4L,186791,7,17.4,0,1,Centre,0.9978803050881545
C012306,25.87,Genie,Montreal,H8N,94371,10,26.9,0,0,Centre,0.022905914245467555
C005237,29.12,Genie,Capitale-Nationale,G1R,65201,6,0.7,1,1,Centre,0.6848939308513917
C001333,28.21,Arts et lettres,Gaspesie-Iles-de-la-Madeleine,G4X,67054,10,213.3,0,0,Eloignee,0.626074061810671
C002451,25.55,Sciences,Capitale-Nationale,G3A,103680,13,13.4,1,0,Centre,0.020066785561324442
C008479,27.27,Arts et lettres,Montreal,H4L,61434,14,4.7,1,1,Centre,0.5556341043096606
C004135,23.23,Sciences sociales,Montreal,H8N,72994,16,2.9,1,0,Centre,0.003524707391653922
C013794,19.98,Sante,Gaspesie-Iles-de-la-Madeleine,G4X,30418,10,85.3,0,0,Eloignee,0.00020181140756881646
C001173,35.29,Sciences sociales,Montreal,H3T,91822,13,9.9,0,1,Centre,0.99978688621695
C010863,29.37,Sante,Montreal,H8N,80741,9,14.6,0,1,Centre,0.9419798042105251
C003542,21.2,Arts et lettres,Montreal,H8N,91964,12,14.1,1,0,Centre,0.0025968363450522064
C003827,26.79,Genie,Montreal,H2X,50185,8,5.0,0,0,Centre,0.029403447293911505
C006415,29.95,Genie,Montreal,H4L,49479,10,33.0,1,1,Centre,0.9843801011362765
C000280,24.8,Arts et lettres,Montreal,H4L,87183,13,16.7,0,0,Centre,0.001087526919472925
C006759,28.28,Sciences,Montreal,H4L,75105,6,27.9,0,1,Centre,0.611800991103626
C007105,36.75,Sante,Bas-Saint-Laurent,G0L,51502,16,244.1,0,1,Eloignee,0.9992856089093565
C006790,27.07,Sciences,Montreal,H2X,29940,9,31.7,1,0,Centre,0.030956615527476066
C001911,26.13,Genie,Montreal,H1A,56054,10,8.0,0,0,Centre,0.046835260594483355
C007037,25.67,Genie,Montreal,H4L,145430,1,9.5,0,0,Centre,0.018347363053456446
