id_candidat,region_administrative,cote_r_equivalent,revenu_familial_estime,heures_travail_semaine,qualification_estimate,decision_octroi,baseline_decision,changed_vs_baseline
C011476,Capitale-Nationale,28.06,52153,8,0.35853459429911055,0,0,False
C000471,Bas-Saint-Laurent,27.5,57169,17,0.6024397325778827,0,0,False
C006911,Capitale-Nationale,26.0,127089,12,0.06884137949985239,0,0,False
C007718,Gaspesie-Iles-de-la-Madeleine,24.07,65030,11,0.004371659611456031,0,0,False
C003531,Montreal,26.39,17629,9,0.0653628166615236,0,0,False
C013582,Montreal,27.58,44823,8,0.2252479993346857,0,0,False
C001802,Cote-Nord,28.01,34853,15,0.6723889579193134,1,0,True
C002621,Montreal,33.65,79546,9,0.999272856579684,1,1,False
C000214,Gaspesie-Iles-de-la-Madeleine,26.72,45817,18,0.38913962492211784,0,0,False
C011333,Cote-Nord,23.7,46477,14,0.004747315790463749,0,0,False
C005995,Capitale-Nationale,26.12,40332,7,0.0317083373630359,0,0,False
C000764,Capitale-Nationale,31.95,123992,5,0.9841498965157679,1,1,False
C009637,Capitale-Nationale,21.71,80240,16,0.0004691652249919203,0,0,False
C010951,Gaspesie-Iles-de-la-Madeleine,26.94,48236,11,0.17943456642864325,0,0,False
C003989,Bas-Saint-Laurent,29.32,43362,9,0.79076532367042,1,1,False
C001997,Gaspesie-Iles-de-la-Madeleine,23.48,23171,12,0.0023852061818600474,0,0,False
C008268,Montreal,29.24,26647,6,0.6533892274702938,1,1,False
C004195,Cote-Nord,27.17,18062,12,0.26669654052073555,0,0,False
C008521,Bas-Saint-Laurent,28.73,134962,13,0.787234157112189,1,1,False
C003182,Cote-Nord,32.29,40271,15,0.9985676995688813,1,1,False
C002397,Bas-Saint-Laurent,28.53,88287,10,0.6104862436078912,0,1,True
C011557,Capitale-Nationale,24.92,83861,8,0.0077104798961521595,0,0,False
C008762,Gaspesie-Iles-de-la-Madeleine,23.38,33383,11,0.0017129959846494947,0,0,False
C011840,Montreal,30.09,65981,13,0.9593099621956616,1,1,False
C011316,Bas-Saint-Laurent,31.08,73745,17,0.994985970584363,1,1,False
C010291,Montreal,26.85,65024,8,0.09714351833470992,0,0,False
C006829,Montreal,33.84,29314,10,0.999538204607757,1,1,False
C000068,Cote-Nord,31.93,32418,11,0.994906312457366,1,1,False
C010665,Montreal,28.82,73992,9,0.656717477388189,1,1,False
C008332,Capitale-Nationale,28.78,116980,11,0.7281635848774217,1,0,True
C004852,Capitale-Nationale,29.16,82504,6,0.6283244579930114,0,1,True
C002565,Montreal,30.61,41606,7,0.9367328116489289,1,1,False
C010674,Capitale-Nationale,28.46,102301,9,0.539540257464729,0,0,False
C001872,Cote-Nord,30.31,40693,17,0.9858248464061062,1,1,False
C005733,Bas-Saint-Laurent,29.25,37988,13,0.8825094857855796,1,1,False
C000703,Capitale-Nationale,30.53,61802,7,0.9299613700645519,1,1,False
C011867,Montreal,29.3,107952,11,0.8446712540590384,1,1,False
C006713,Capitale-Nationale,31.13,54527,4,0.9435594026533012,1,1,False
C000064,Capitale-Nationale,33.82,69558,6,0.9989631260816363,1,1,False
C004628,Cote-Nord,23.8,69619,13,0.004474862615373065,0,0,False
C012124,Gaspesie-Iles-de-la-Madeleine,27.07,41786,12,0.2409246017521637,0,0,False
C004326,Capitale-Nationale,28.22,120630,5,0.2787845037776013,0,0,False
C008918,Cote-Nord,24.03,27974,12,0.005030701010469716,0,0,False
C012871,Montreal,35.02,51534,8,0.9998630321555217,1,1,False
C010864,Montreal,25.53,110564,8,0.017518844721714062,0,0,False
C000878,Gaspesie-Iles-de-la-Madeleine,24.14,52545,6,0.001813566255602268,0,0,False
C012033,Cote-Nord,23.7,72353,11,0.0026460009029818715,0,0,False
C003603,Montreal,30.27,19345,6,0.8845774702236276,1,1,False
C012032,Bas-Saint-Laurent,27.97,30247,13,0.5679395895059638,0,0,False
C008543,Montreal,31.31,83994,8,0.979035966641657,1,1,False
C009273,Montreal,21.95,67163,7,0.00011196659087395376,0,0,False
C009255,Cote-Nord,25.76,129056,14,0.07307831885893527,0,0,False
C003722,Capitale-Nationale,32.82,83703,11,0.9984785213916295,1,1,False
C009983,Cote-Nord,24.88,20660,15,0.028111083838318878,0,0,False
C011185,Montreal,26.75,33450,5,0.049633478486448494,0,0,False
C011178,Montreal,28.54,56920,9,0.5664611567046629,0,0,False
C008130,Montreal,27.91,46030,7,0.272588332943902,0,0,False
C009829,Bas-Saint-Laurent,26.66,53642,11,0.12994376704328042,0,0,False
C003554,Montreal,30.1,39748,7,0.8808568803294753,1,1,False
C007210,Montreal,26.02,55759,9,0.040542006144811016,0,0,False
C005321,Capitale-Nationale,27.58,22423,8,0.2252479993346857,0,0,False
C011236,Montreal,28.96,44059,8,0.6556097515203894,1,1,False
C001439,Montreal,28.09,43892,15,0.6959202495443819,1,0,True
C003104,Gaspesie-Iles-de-la-Madeleine,27.96,35527,9,0.37230226398795024,0,0,False
C004474,Montreal,29.01,112674,7,0.6262888169647054,0,1,True
C011529,Gaspesie-Iles-de-la-Madeleine,30.34,54640,6,0.8939584955705419,1,1,False
C007668,Montreal,29.36,145166,8,0.7664665939905156,1,1,False
C005977,Cote-Nord,23.54,112122,15,0.004642997822291424,0,0,False
C009064,Bas-Saint-Laurent,26.24,116550,12,0.09297670141601767,0,0,False
C005597,Montreal,27.68,51571,11,0.3745999266700829,0,0,False
C011831,Montreal,27.83,54804,7,0.2515307266721565,0,0,False
C003361,Montreal,28.02,64917,13,0.5845631268837765,0,0,False
C004450,Capitale-Nationale,25.91,69081,9,0.03510025760499905,0,0,False
C008210,Bas-Saint-Laurent,23.89,51308,11,0.003424616132417362,0,0,False
C012014,Capitale-Nationale,27.64,39753,11,0.3619292222955834,0,0,False
C012665,Gaspesie-Iles-de-la-Madeleine,22.61,49850,9,0.00040655268008717464,0,0,False
C005946,Gaspesie-Iles-de-la-Madeleine,27.95,25647,10,0.4157066770184005,0,0,False
C007529,Montreal,30.82,64091,9,0.9668204381340384,1,1,False
C002940,Capitale-Nationale,24.74,60921,9,0.007340416470533661,0,0,False
C012024,Cote-Nord,26.04,93778,19,0.23481268165190936,0,0,False
C004250,Montreal,29.65,115129,10,0.8780881332901843,1,1,False
C003108,Montreal,29.15,71684,9,0.7498959786624316,1,1,False
C009847,Cote-Nord,27.82,68238,17,0.7008568983709478,1,0,True
C011904,Gaspesie-Iles-de-la-Madeleine,31.67,69400,16,0.9972635103787476,1,1,False
C001380,Montreal,29.87,92915,5,0.785209673482083,1,1,False
C001665,Montreal,28.43,93051,14,0.7493921549056115,1,0,True
C009318,Capitale-Nationale,22.61,89109,12,0.0007307184524870808,0,0,False
C012553,Bas-Saint-Laurent,23.76,34805,10,0.002361953826594613,0,0,False
C006434,Gaspesie-Iles-de-la-Madeleine,34.2,57329,18,0.9999407985741845,1,1,False
C002777,Gaspesie-Iles-de-la-Madeleine,30.1,57684,12,0.9515841776503502,1,1,False
C004436,Cote-Nord,22.19,38314,12,0.00041258285453432323,0,0,False
C006265,Capitale-Nationale,28.22,67976,6,0.31974312901318974,0,0,False
C007230,Montreal,28.45,45273,13,0.7164785444955659,1,0,True
C000924,Montreal,23.67,212392,15,0.00553715657281232,0,0,False
C010771,Gaspesie-Iles-de-la-Madeleine,29.8,125268,11,0.9148424144830806,1,1,False
C013731,Gaspesie-Iles-de-la-Madeleine,29.53,45638,12,0.9004413921441216,1,1,False
C013586,Capitale-Nationale,27.13,149771,10,0.1889253035739835,0,0,False
C012137,Cote-Nord,30.98,45199,12,0.984881289946747,1,1,False
C002258,Montreal,24.6,59702,12,0.010868166158648072,0,0,False
C002275,Montreal,28.55,108161,9,0.5698021577538824,0,0,False
C012863,Bas-Saint-Laurent,33.03,35098,14,0.9993636617973755,1,1,False
C003726,Montreal,26.45,102493,8,0.05874268762856604,0,0,False
C012102,Gaspesie-Iles-de-la-Madeleine,26.86,62387,19,0.48381881623756356,0,0,False
C007245,Gaspesie-Iles-de-la-Madeleine,26.18,57205,9,0.049918332689505435,0,0,False
C010270,Cote-Nord,24.96,55527,11,0.014538240743867965,0,0,False
C003803,Capitale-Nationale,28.38,53867,22,0.9303228632899434,1,0,True
C013694,Montreal,29.78,38106,12,0.9270721574540212,1,1,False
C007928,Cote-Nord,29.37,100446,14,0.9149290578853411,1,1,False
C003414,Montreal,23.61,50075,17,0.007529786839277778,0,0,False
C001985,Montreal,33.69,38656,6,0.9987625792511571,1,1,False
C013889,Gaspesie-Iles-de-la-Madeleine,33.08,69717,17,0.9996692666676846,1,1,False
C010308,Bas-Saint-Laurent,26.4,34497,11,0.0948765074106596,0,0,False
C009835,Montreal,31.48,104543,7,0.9797610734507536,1,1,False
C008685,Montreal,33.63,43277,6,0.9986573769619906,1,1,False
C006117,Montreal,26.82,77912,12,0.18421618414616134,0,0,False
C011054,Bas-Saint-Laurent,28.14,83534,14,0.6682948895522919,1,1,False
C009764,Montreal,30.35,98889,3,0.8261820419929019,1,1,False
C007962,Montreal,27.76,47000,5,0.1712383776452556,0,0,False
C006820,Bas-Saint-Laurent,26.83,32906,14,0.25287639985065147,0,0,False
C006695,Cote-Nord,23.76,54681,11,0.0028706128154130472,0,0,False
C003339,Gaspesie-Iles-de-la-Madeleine,27.58,118433,5,0.1391964544676108,0,0,False
C004906,Cote-Nord,26.25,80854,14,0.13318232647182596,0,0,False
C004834,Montreal,26.04,50237,8,0.034478165401265706,0,0,False
C002836,Montreal,30.74,187003,10,0.9694892386053168,1,1,False
C007995,Cote-Nord,25.43,95540,16,0.06922844070963445,0,0,False
C011917,Capitale-Nationale,25.32,57001,5,0.007395960651002295,0,0,False
C003676,Capitale-Nationale,25.49,65337,9,0.02011981336501099,0,0,False
C008311,Gaspesie-Iles-de-la-Madeleine,33.33,114724,16,0.9997138600442134,1,1,False
C012715,Bas-Saint-Laurent,21.02,35623,16,0.00018340104212012092,0,0,False
C010853,Bas-Saint-Laurent,23.45,46057,14,0.0033822045163946226,0,0,False
C006031,Montreal,30.85,110367,11,0.9782046466188331,1,1,False
C009961,Capitale-Nationale,29.22,70466,8,0.7306316145655882,1,1,False
C004133,Gaspesie-Iles-de-la-Madeleine,24.78,57787,11,0.011414034326556157,0,0,False
C011114,Cote-Nord,24.33,122196,21,0.04234129719446722,0,0,False
C007215,Montreal,22.95,68281,10,0.0007851348003267452,0,0,False
C004465,Capitale-Nationale,30.36,87334,7,0.9132998726349171,1,1,False
C010296,Montreal,26.79,50183,11,0.15130060417850735,0,0,False
C008570,Bas-Saint-Laurent,26.97,39840,12,0.21690644973251147,0,0,False
C010116,Bas-Saint-Laurent,30.03,80922,14,0.9635286760593756,1,1,False
C003093,Cote-Nord,27.51,59571,12,0.36621857320348267,0,0,False
C002337,Montreal,31.18,76764,7,0.9698569482423449,1,1,False
C011621,Montreal,24.7,47557,9,0.006954001198956697,0,0,False
C005587,Montreal,35.3,59177,12,0.9999572066830623,1,1,False
C001167,Montreal,28.26,74302,6,0.33170471586683603,0,0,False
C001230,Bas-Saint-Laurent,24.27,15034,19,0.0268173525118425,0,0,False
C002710,Gaspesie-Iles-de-la-Madeleine,24.4,50176,13,0.010072915042689014,0,0,False
C002053,Capitale-Nationale,31.66,79166,10,0.9910883482280476,1,1,False
C013670,Bas-Saint-Laurent,22.03,42875,15,0.0005964657663432471,0,0,False
C011444,Montreal,20.98,179423,12,7.944986648138956e-05,0,0,False
C001936,Cote-Nord,32.23,68703,18,0.9991350537025454,1,1,False
C008831,Cote-Nord,25.41,30177,9,0.018080765236772944,0,0,False
C000847,Capitale-Nationale,26.15,58492,10,0.05778719497349157,0,0,False
C013477,Montreal,28.66,63348,11,0.6946442898645064,1,0,True
C008690,Capitale-Nationale,29.86,93591,11,0.9209954533501659,1,1,False
C003701,Montreal,25.55,53416,5,0.010088600691522863,0,0,False
C012673,Gaspesie-Iles-de-la-Madeleine,20.36,73311,9,1.8997364095652663e-05,0,0,False
C000236,Montreal,26.96,62265,8,0.11109661454755844,0,0,False
C007520,Capitale-Nationale,26.93,87545,13,0.24182365741061151,0,0,False
C013939,Capitale-Nationale,26.72,59674,12,0.1646253066335272,0,0,False
C012683,Montreal,24.02,48718,15,0.008887957062050264,0,0,False
C004294,Gaspesie-Iles-de-la-Madeleine,31.04,102921,16,0.993570925420056,1,1,False
C002322,Gaspesie-Iles-de-la-Madeleine,25.92,50200,12,0.06217795064405494,0,0,False
C007776,Capitale-Nationale,30.69,41014,8,0.9525521093963697,1,1,False
C002656,Cote-Nord,27.01,108662,10,0.16514817515344057,0,0,False
C005904,Gaspesie-Iles-de-la-Madeleine,27.53,58154,9,0.24826650619856866,0,0,False
C011586,Cote-Nord,26.41,75570,9,0.06704636659087115,0,0,False
C009228,Montreal,28.84,85629,15,0.864034560611089,1,1,False
C001140,Capitale-Nationale,27.06,77142,7,0.10536684261061864,0,0,False
C010244,Capitale-Nationale,25.15,106246,8,0.010516413473061075,0,0,False
C000184,Montreal,23.69,52963,11,0.0026103082054725712,0,0,False
C000568,Capitale-Nationale,25.51,107291,12,0.03654954301113085,0,0,False
C007633,Montreal,33.57,68337,7,0.9988016750874597,1,1,False
C012476,Bas-Saint-Laurent,33.92,35128,16,0.999871844755061,1,1,False
C013158,Capitale-Nationale,33.89,46034,11,0.9996451844339751,1,1,False
C013016,Bas-Saint-Laurent,26.61,44703,16,0.27055496649488053,0,0,False
C009497,Capitale-Nationale,33.54,49653,10,0.9993053586098515,1,1,False
C012613,Montreal,27.98,55629,11,0.47401688217740134,0,0,False
C000388,Capitale-Nationale,29.71,60561,9,0.8653672859374173,1,1,False
C001162,Montreal,21.85,60640,5,6.60878404470146e-05,0,0,False
C011810,Cote-Nord,27.14,64758,11,0.22307337003650726,0,0,False
C012658,Montreal,23.91,62828,9,0.0023825600304142563,0,0,False
C011492,Bas-Saint-Laurent,28.07,50973,11,0.504631331851618,0,0,False
C007185,Gaspesie-Iles-de-la-Madeleine,31.67,94987,16,0.9972635103787476,1,1,False
C010623,Montreal,29.42,53643,10,0.8404070773447785,1,1,False
C006278,Montreal,24.53,50742,11,0.008147572940556215,0,0,False
C000503,Gaspesie-Iles-de-la-Madeleine,25.05,65240,23,0.14839823765043375,0,0,False
C003224,Montreal,24.87,65047,12,0.015621942480391199,0,0,False
C003249,Gaspesie-Iles-de-la-Madeleine,24.38,65075,14,0.011897377350079567,0,0,False
C009682,Cote-Nord,26.63,62766,15,0.23864524397138762,0,0,False
C012375,Montreal,28.95,77106,11,0.7715021111881629,1,1,False
C004306,Gaspesie-Iles-de-la-Madeleine,31.4,35560,9,0.9846603910872217,1,1,False
C003236,Montreal,25.81,107504,9,0.03076931677279198,0,0,False
C007387,Montreal,28.98,151892,7,0.616679430844545,0,1,True
C013861,Montreal,29.25,97379,9,0.7745574569814803,1,1,False
C004620,Bas-Saint-Laurent,29.06,46335,9,0.7262155092206165,1,1,False
C012265,Montreal,27.91,35610,6,0.2355783089440123,0,0,False
C011642,Bas-Saint-Laurent,25.58,76767,15,0.06979159495724228,0,0,False
C006565,Gaspesie-Iles-de-la-Madeleine,30.22,56104,15,0.9765313935203317,1,1,False
C007404,Montreal,29.82,58575,13,0.9422732608707488,1,1,False
C011657,Montreal,33.23,53085,8,0.9984348442468575,1,1,False
C013948,Capitale-Nationale,27.06,47536,11,0.20476408112899985,0,0,False
C003295,Montreal,32.31,126408,9,0.9955081817145184,1,1,False
C003227,Gaspesie-Iles-de-la-Madeleine,29.17,63621,19,0.9560918875199791,1,1,False
C007403,Montreal,31.68,48683,9,0.9894719834356706,1,1,False
C012155,Montreal,23.1,75144,9,0.0007919954096159463,0,0,False
C005331,Bas-Saint-Laurent,26.44,40135,11,0.09965823976950652,0,0,False
C003703,Montreal,29.54,67684,10,0.8611246819032365,1,1,False
C008153,Capitale-Nationale,25.79,92082,7,0.02046601636862445,0,0,False
C007810,Cote-Nord,24.39,46741,16,0.01772737264831928,0,0,False
C007763,Bas-Saint-Laurent,28.58,52736,13,0.7510238143033644,1,1,False
C000804,Bas-Saint-Laurent,30.02,58569,17,0.979104368322715,1,1,False
C007223,Cote-Nord,26.81,39394,11,0.15483096764038826,0,0,False
C011277,Bas-Saint-Laurent,25.14,62371,8,0.010375658894867558,0,0,False
C001322,Bas-Saint-Laurent,30.08,80519,16,0.9766436538498188,1,1,False
C000290,Gaspesie-Iles-de-la-Madeleine,24.82,32716,11,0.012045275614919762,0,0,False
C006246,Gaspesie-Iles-de-la-Madeleine,25.78,30470,13,0.06246486954194532,0,0,False
C012147,Montreal,29.89,64390,6,0.8204012857981225,1,1,False
C008754,Cote-Nord,25.75,36609,16,0.10313546334725192,0,0,False
C004982,Montreal,29.23,43111,12,0.8573719683401674,1,1,False
C003328,Capitale-Nationale,27.33,70295,12,0.3114009490026065,0,0,False
C000197,Capitale-Nationale,24.85,74167,9,0.008516419464713217,0,0,False
C005825,Montreal,26.29,139141,7,0.03964011395022802,0,0,False
C009389,Capitale-Nationale,30.49,90493,11,0.9648996821100779,1,1,False
C001703,Cote-Nord,25.56,60154,13,0.047055829379483986,0,0,False
C008587,Bas-Saint-Laurent,31.38,38278,16,0.9959438199893629,1,1,False
C013751,Capitale-Nationale,27.5,41958,18,0.6482116274915173,1,0,True
C009432,Montreal,34.37,27955,7,0.9995965211777598,1,1,False
C002682,Montreal,25.5,84372,3,0.006397776267104706,0,0,False
C005792,Capitale-Nationale,34.62,37823,7,0.9997129035850606,1,1,False
C004878,Montreal,28.37,25514,10,0.5576145248507427,0,0,False
C006015,Gaspesie-Iles-de-la-Madeleine,26.76,95888,10,0.12337687469635987,0,0,False
C009369,Montreal,25.48,41478,11,0.02907841905143741,0,0,False
C003270,Capitale-Nationale,26.09,107400,10,0.05349615232814575,0,0,False
C008170,Gaspesie-Iles-de-la-Madeleine,28.35,46750,9,0.5021765234243364,0,1,True
C002098,Montreal,30.91,71502,10,0.9756406150208206,1,1,False
C005105,Montreal,30.13,105314,7,0.8850778213989335,1,1,False
C006709,Gaspesie-Iles-de-la-Madeleine,27.89,131913,16,0.6794300026541884,1,0,True
C003727,Bas-Saint-Laurent,32.47,65091,16,0.9990776753543407,1,1,False
C002937,Capitale-Nationale,26.76,61399,8,0.08691279058046464,0,0,False
C011548,Montreal,24.41,81548,9,0.004695941388422871,0,0,False
C004533,Montreal,21.11,131907,11,7.799158401397678e-05,0,0,False
C001198,Capitale-Nationale,28.36,52972,10,0.5542529166391614,0,0,False
C000934,Cote-Nord,24.62,39899,11,0.009200063818517738,0,0,False
C005047,Montreal,25.67,133525,6,0.01438244228019981,0,0,False
C013862,Capitale-Nationale,28.62,40280,11,0.6829700956311398,1,0,True
C009400,Cote-Nord,30.03,69121,13,0.9559983724591316,1,1,False
C003805,Capitale-Nationale,30.29,170478,7,0.9054489220027656,1,1,False
C001113,Capitale-Nationale,31.26,101001,10,0.9847343748240242,1,1,False
C011242,Montreal,28.6,45977,12,0.7182439278568135,1,0,True
C000861,Gaspesie-Iles-de-la-Madeleine,29.49,65585,8,0.7966498034583422,1,1,False
C011401,Capitale-Nationale,33.69,34773,7,0.998982139755025,1,1,False
C008110,Montreal,34.44,55788,10,0.999795949773325,1,1,False
C005799,Capitale-Nationale,25.78,34453,12,0.05194651568850221,0,0,False
C010658,Montreal,32.57,60510,10,0.9974024387950439,1,1,False
C005250,Montreal,26.28,55834,7,0.03912497272258316,0,0,False
C002530,Montreal,28.88,37925,10,0.7162524655997221,1,1,False
C004559,Capitale-Nationale,19.66,40233,10,8.905545552367345e-06,0,0,False
C013519,Cote-Nord,19.81,47829,13,1.9639756513823685e-05,0,0,False
C007755,Gaspesie-Iles-de-la-Madeleine,32.91,40889,8,0.9975821673542378,1,1,False
C007357,Gaspesie-Iles-de-la-Madeleine,27.68,89210,14,0.5185180508553018,0,0,False
C010199,Bas-Saint-Laurent,26.98,29096,16,0.3803686720960112,0,0,False
C010165,Montreal,29.13,21538,8,0.7058426364025144,1,1,False
C003635,Gaspesie-Iles-de-la-Madeleine,33.44,87032,11,0.9993453777530433,1,1,False
C012343,Montreal,22.32,134932,9,0.000273952919255274,0,0,False
C006280,Capitale-Nationale,24.55,94624,8,0.004673048989310652,0,0,False
C002571,Montreal,32.85,47134,10,0.9982244259263126,1,1,False
C011563,Bas-Saint-Laurent,26.36,66586,22,0.4603452266018385,0,0,False
C009891,Montreal,28.78,79686,11,0.7281635848774217,1,0,True
C009047,Bas-Saint-Laurent,24.44,48980,14,0.01289715844456479,0,0,False
C010398,Capitale-Nationale,25.99,74862,12,0.06797361419936362,0,0,False
C004077,Gaspesie-Iles-de-la-Madeleine,24.51,82336,13,0.011681538062015552,0,0,False
C005037,Gaspesie-Iles-de-la-Madeleine,25.69,40332,7,0.017907250113700684,0,0,False
C000773,Gaspesie-Iles-de-la-Madeleine,21.71,84789,17,0.0005704354583921181,0,0,False
C003845,Bas-Saint-Laurent,31.03,39136,14,0.9903944785141218,1,1,False
C012165,Bas-Saint-Laurent,26.89,64469,14,0.26862137023471044,0,0,False
C009056,Bas-Saint-Laurent,26.76,53077,7,0.07259646580607312,0,0,False
C007630,Montreal,25.65,56059,10,0.030110488485696113,0,0,False
C010192,Cote-Nord,26.5,27916,10,0.08989867862319947,0,0,False
C005194,Montreal,29.18,32663,5,0.588246895525829,0,1,True
C009200,Capitale-Nationale,29.05,29706,13,0.8512038101004298,1,1,False
C013174,Capitale-Nationale,28.7,132661,9,0.6189979964442857,0,0,False
C011117,Bas-Saint-Laurent,31.3,34394,11,0.9880710015867591,1,1,False
C012742,Gaspesie-Iles-de-la-Madeleine,29.39,35403,12,0.8819994433445739,1,1,False
C010698,Capitale-Nationale,26.2,180237,10,0.0616078010585671,0,0,False
C001300,Montreal,24.73,105580,10,0.008792169403955394,0,0,False
C009549,Montreal,26.38,143274,6,0.03695280608593102,0,0,False
C010628,Gaspesie-Iles-de-la-Madeleine,26.85,25601,12,0.1904346006566202,0,0,False
C002027,Capitale-Nationale,30.17,93420,8,0.9081651433958725,1,1,False
C002204,Montreal,31.95,22429,7,0.9892250184297405,1,1,False
C011522,Capitale-Nationale,28.13,65256,9,0.42779199245254057,0,0,False
C000637,Montreal,29.77,42279,8,0.8515434991944061,1,1,False
C012624,Montreal,29.42,77139,8,0.7807713922892985,1,1,False
C007480,Montreal,27.26,44373,7,0.13393238558900508,0,0,False
C002159,Gaspesie-Iles-de-la-Madeleine,24.58,51405,12,0.010579267866523252,0,0,False
C012830,Montreal,24.14,95064,5,0.0014919306599564448,0,0,False
C003509,Capitale-Nationale,32.83,49845,8,0.9973046489600721,1,1,False
C009458,Capitale-Nationale,29.17,93816,7,0.675725962468463,1,1,False
C007957,Gaspesie-Iles-de-la-Madeleine,29.19,31416,15,0.9109916293181992,1,1,False
C012426,Cote-Nord,21.02,50631,13,0.00010201476655672707,0,0,False
C003247,Montreal,30.11,101027,18,0.9847107279218024,1,1,False
C009305,Montreal,32.18,57614,10,0.9955902707547445,1,1,False
C000646,Montreal,30.91,70391,8,0.9643973865473617,1,1,False
C004433,Bas-Saint-Laurent,29.16,21298,21,0.9694756533531487,1,1,False
C002544,Montreal,22.83,71096,6,0.0003051329394855139,0,0,False
C011293,Montreal,33.3,44170,10,0.9990371162451179,1,1,False
C008859,Montreal,25.57,68314,10,0.027086921434277874,0,0,False
C000240,Montreal,28.8,86067,11,0.7335206593394515,1,0,True
C003482,Montreal,25.98,112842,15,0.11453633158532434,0,0,False
C000986,Capitale-Nationale,31.65,123129,6,0.9804616006856064,1,1,False
C010476,Gaspesie-Iles-de-la-Madeleine,27.68,32530,9,0.2883059894011198,0,0,False
C006687,Bas-Saint-Laurent,29.79,40927,15,0.9586247515410984,1,1,False
C011919,Montreal,28.4,65660,9,0.5191882252018044,0,0,False
C002118,Montreal,25.53,51304,15,0.06549889538221598,0,0,False
C005221,Montreal,28.14,72890,3,0.18992051387297657,0,0,False
C000753,Montreal,24.76,71572,11,0.0111107887240051,0,0,False
C006869,Capitale-Nationale,30.89,99303,10,0.9749849237515372,1,1,False
C010648,Cote-Nord,30.19,66370,18,0.9862670845150902,1,1,False
C003207,Montreal,22.37,77238,13,0.0006408907757060418,0,0,False
C003918,Gaspesie-Iles-de-la-Madeleine,23.89,68140,14,0.006140459388109813,0,0,False
C010349,Montreal,25.97,71661,8,0.03144209313748975,0,0,False
C001899,Montreal,29.13,52016,7,0.6636786763693102,1,1,False
C008596,Montreal,23.45,104568,9,0.0012749514693201963,0,0,False
C011243,Montreal,22.5,50371,14,0.0009299545544420903,0,0,False
C009253,Montreal,26.69,60545,5,0.04591839078541911,0,0,False
C000852,Capitale-Nationale,29.76,151281,6,0.7928266949040677,1,1,False
C011164,Montreal,26.44,57190,11,0.09965823976950652,0,0,False
C006142,Bas-Saint-Laurent,29.3,177109,17,0.9461746092056426,1,1,False
C004041,Montreal,29.65,72863,14,0.9402869222623635,1,1,False
C005659,Bas-Saint-Laurent,32.38,168858,11,0.9972335131299513,1,1,False
C001393,Cote-Nord,29.86,74851,22,0.9901165361632864,1,1,False
C007298,Gaspesie-Iles-de-la-Madeleine,30.28,72193,12,0.9617056314035416,1,1,False
C003662,Bas-Saint-Laurent,31.47,63458,14,0.9947009181053768,1,1,False
C008339,Montreal,31.62,68154,9,0.9885859455885357,1,1,False
C006297,Bas-Saint-Laurent,31.21,39593,10,0.9836763810823639,1,1,False
C002222,Capitale-Nationale,28.2,40744,10,0.4999997775021238,0,0,False
C007501,Montreal,27.78,49831,10,0.3607961283374767,0,0,False
C006915,Capitale-Nationale,27.03,45931,4,0.05916400518942205,0,0,False
C013721,Montreal,27.55,70382,12,0.37895025957378553,0,0,False
C000279,Montreal,26.0,61248,16,0.13914144489033678,0,0,False
C007117,Gaspesie-Iles-de-la-Madeleine,30.15,39138,15,0.974244773810934,1,1,False
C008420,Gaspesie-Iles-de-la-Madeleine,28.9,81270,12,0.7931919743983392,1,1,False
C005066,Montreal,27.44,97862,8,0.19372621549011104,0,0,False
C009079,Bas-Saint-Laurent,24.73,102370,12,0.012945589242716651,0,0,False
C003643,Capitale-Nationale,29.26,46892,7,0.7019813349472469,1,1,False
C010184,Montreal,28.05,73178,15,0.6842726649748717,1,0,True
C005511,Gaspesie-Iles-de-la-Madeleine,27.47,71117,12,0.35367104461305005,0,0,False
C002500,Capitale-Nationale,24.25,48025,7,0.002559673342445589,0,0,False
C013696,Capitale-Nationale,28.78,99937,8,0.5983719622840119,0,0,False
C001589,Bas-Saint-Laurent,27.33,43104,17,0.5459088105462162,0,0,False
C012335,Montreal,26.96,82587,11,0.18347947210688698,0,0,False
C011402,Capitale-Nationale,28.56,75519,5,0.38047690018654673,0,0,False
C008639,Montreal,27.95,76409,12,0.5126646648693635,0,0,False
C013233,Gaspesie-Iles-de-la-Madeleine,24.72,20444,9,0.007144615700684338,0,0,False
C004096,Gaspesie-Iles-de-la-Madeleine,29.83,69767,14,0.9526525859308342,1,1,False
C007310,Cote-Nord,24.05,68338,21,0.029312186526125068,0,0,False
C006221,Gaspesie-Iles-de-la-Madeleine,32.87,42938,11,0.9985785203839367,1,1,False
C002158,Montreal,27.18,89244,12,0.2693680351177756,0,0,False
C008960,Montreal,23.61,103385,6,0.0008820845428867807,0,0,False
C007003,Capitale-Nationale,24.7,78699,12,0.0124338521698912,0,0,False
C010549,Montreal,32.17,101436,13,0.9975089198523007,1,1,False
C004100,Montreal,29.87,55684,7,0.8438794472603683,1,1,False
C007296,Capitale-Nationale,25.74,58589,13,0.059350084552703936,0,0,False
C012817,Cote-Nord,25.04,69279,19,0.07289668381736689,0,0,False
C011307,Capitale-Nationale,20.13,48940,12,2.4971740167850088e-05,0,0,False
C008442,Montreal,22.85,107264,8,0.0004635506088227424,0,0,False
C002884,Montreal,29.52,52950,10,0.8578356782691482,1,1,False
C001209,Gaspesie-Iles-de-la-Madeleine,26.44,60996,20,0.39147639268507683,0,0,False
C010017,Montreal,25.68,63409,10,0.031326661143491405,0,0,False
C012652,Montreal,25.9,66110,12,0.0606087060783019,0,0,False
C013979,Bas-Saint-Laurent,27.65,113872,9,0.2799970265408198,0,0,False
C005405,Cote-Nord,31.85,166207,9,0.9916293568439996,1,1,False
C004045,Bas-Saint-Laurent,22.97,40456,12,0.0011924606107948945,0,0,False
C000844,Montreal,30.44,30411,7,0.9215462773645812,1,1,False
C008724,Bas-Saint-Laurent,24.68,23673,12,0.012103843998384801,0,0,False
C007865,Bas-Saint-Laurent,31.86,27983,18,0.9985692900813045,1,1,False
C005558,Gaspesie-Iles-de-la-Madeleine,31.91,65090,12,0.9956919780991271,1,1,False
C006927,Montreal,29.41,56714,12,0.8848044834130501,1,1,False
C012640,Cote-Nord,26.52,30257,18,0.326673739913339,0,0,False
C000428,Capitale-Nationale,33.87,85462,9,0.9994609866497159,1,1,False
C008769,Montreal,27.22,43388,11,0.24252053443596938,0,0,False
C002822,Capitale-Nationale,34.5,145527,7,0.9996619580994413,1,1,False
C001760,Gaspesie-Iles-de-la-Madeleine,28.42,56067,14,0.7468261797614744,1,1,False
C012136,Capitale-Nationale,33.01,26838,11,0.9988249525105054,1,1,False
C009714,Montreal,29.92,46916,8,0.8755569467766301,1,1,False
C011759,Capitale-Nationale,25.4,79010,7,0.012135985732774844,0,0,False
C012002,Cote-Nord,26.16,63891,13,0.10054279790532705,0,0,False
C011297,Montreal,23.91,36314,5,0.0010912062446423881,0,0,False
C004640,Gaspesie-Iles-de-la-Madeleine,30.49,47718,9,0.9489582675565127,1,1,False
C003360,Montreal,29.21,42725,9,0.7649044582792324,1,1,False
C010275,Gaspesie-Iles-de-la-Madeleine,21.72,51777,14,0.00032170233784429035,0,0,False
C002416,Bas-Saint-Laurent,25.95,41417,16,0.13118477233020157,0,0,False
C002711,Gaspesie-Iles-de-la-Madeleine,29.59,64519,15,0.946367665731441,1,1,False
C010051,Montreal,26.74,96694,4,0.040646558229818504,0,0,False
C004027,Montreal,29.74,38361,5,0.7538530698697897,1,1,False
C005723,Montreal,29.32,164428,12,0.8717122767403293,1,1,False
C001533,Montreal,24.27,96978,4,0.0014645846185466075,0,0,False
C010473,Bas-Saint-Laurent,29.21,50634,18,0.949773279820667,1,1,False
C012668,Bas-Saint-Laurent,28.21,36678,12,0.5998184517543463,0,1,True
C007005,Gaspesie-Iles-de-la-Madeleine,28.37,93259,14,0.7337380942879521,1,1,False
C003229,Montreal,31.89,32255,11,0.9946227100892105,1,1,False
C009375,Gaspesie-Iles-de-la-Madeleine,30.82,101020,13,0.9845452602143929,1,1,False
C005730,Capitale-Nationale,24.32,49292,6,0.0023161253644069673,0,0,False
C009457,Bas-Saint-Laurent,26.28,32005,12,0.09767301685897972,0,0,False
C010666,Montreal,31.26,139911,11,0.9874116433956385,1,1,False
C007582,Montreal,27.64,61613,5,0.14927754124538395,0,0,False
C009349,Gaspesie-Iles-de-la-Madeleine,28.67,41680,12,0.737126344757571,1,1,False
C000044,Gaspesie-Iles-de-la-Madeleine,23.1,55697,13,0.0017298707245177662,0,0,False
C004535,Bas-Saint-Laurent,31.08,40543,11,0.9839712175488537,1,1,False
C013930,Montreal,30.49,144942,13,0.9759882361783729,1,1,False
C013197,Gaspesie-Iles-de-la-Madeleine,29.02,59909,17,0.9231125726942186,1,1,False
C005096,Montreal,28.39,30557,7,0.41874705073683716,0,0,False
C011072,Gaspesie-Iles-de-la-Madeleine,25.31,50780,11,0.023208908776066555,0,0,False
C006796,Montreal,27.87,40980,6,0.22591134232439355,0,0,False
C009620,Capitale-Nationale,30.39,48148,7,0.9164804194266298,1,1,False
C013103,Gaspesie-Iles-de-la-Madeleine,28.71,94385,13,0.7826369145567118,1,1,False
C009913,Montreal,28.48,78663,11,0.640335007867711,1,0,True
C005966,Gaspesie-Iles-de-la-Madeleine,25.57,34674,13,0.047670212182033704,0,0,False
C010388,Montreal,27.89,61306,14,0.5890551642888041,0,0,False
C004798,Capitale-Nationale,28.3,71148,13,0.6732248612929582,1,0,True
C000958,Montreal,25.05,42916,7,0.007570016345825006,0,0,False
C008974,Montreal,29.95,57388,10,0.915518297453451,1,1,False
C007343,Gaspesie-Iles-de-la-Madeleine,32.1,65662,16,0.9984744377123506,1,1,False
C004189,Bas-Saint-Laurent,31.87,34901,16,0.9979145374435342,1,1,False
C008674,Montreal,28.44,65381,8,0.48393349055985385,0,0,False
C002594,Gaspesie-Iles-de-la-Madeleine,31.38,39826,12,0.9911746612692947,1,1,False
C002576,Cote-Nord,26.82,45651,11,0.15662123847894222,0,0,False
C002615,Capitale-Nationale,26.42,84365,12,0.11581060719319662,0,0,False
C002830,Montreal,29.73,163570,14,0.9461179147719833,1,1,False
C005488,Gaspesie-Iles-de-la-Madeleine,36.06,58724,19,0.9999961320969362,1,1,False
C009754,Gaspesie-Iles-de-la-Madeleine,23.62,49508,13,0.0035055407312154317,0,0,False
C004944,Gaspesie-Iles-de-la-Madeleine,24.04,47905,16,0.011081331730441308,0,0,False
C003186,Bas-Saint-Laurent,31.33,68414,16,0.9956592794002236,1,1,False
C005458,Montreal,30.69,108169,13,0.9816074270920437,1,1,False
C011424,Montreal,22.48,61706,6,0.00018947782119019483,0,0,False
C001754,Cote-Nord,33.14,59036,11,0.9990154005705347,1,1,False
C012186,Capitale-Nationale,26.13,203256,11,0.06766321824110465,0,0,False
C001953,Bas-Saint-Laurent,28.06,31217,8,0.35853459429911055,0,0,False
C007399,Cote-Nord,25.09,20931,15,0.037071780605928334,0,0,False
C010315,Montreal,25.77,41608,7,0.01992712728712837,0,0,False
C008487,Cote-Nord,27.13,60533,14,0.3374177300070917,0,0,False
C004348,Montreal,28.16,76678,9,0.43781985203459994,0,0,False
C013615,Gaspesie-Iles-de-la-Madeleine,29.19,55636,9,0.7599718448838148,1,1,False
C004129,Cote-Nord,32.37,183661,17,0.9991308002000582,1,1,False
C012551,Montreal,28.75,69175,13,0.7917600386811159,1,0,True
C001714,Montreal,24.81,33893,6,0.004503830474385978,0,0,False
C010128,Capitale-Nationale,30.05,91091,8,0.8935979961555343,1,1,False
C002452,Gaspesie-Iles-de-la-Madeleine,31.35,29382,9,0.9835973552644064,1,1,False
C008105,Gaspesie-Iles-de-la-Madeleine,25.38,84217,18,0.09316453890275501,0,0,False
C010794,Bas-Saint-Laurent,25.43,29699,17,0.0829399769510323,0,0,False
C008994,Montreal,23.96,122358,7,0.0017260320916100008,0,0,False
C004048,Cote-Nord,29.42,54340,7,0.745474705426696,1,1,False
C010265,Capitale-Nationale,27.65,73103,7,0.20823966784241568,0,0,False
C006771,Cote-Nord,25.66,66227,12,0.04446372711626285,0,0,False
C000556,Cote-Nord,23.05,21204,13,0.0016161973563473884,0,0,False
C008076,Montreal,26.65,75516,8,0.07573824891621529,0,0,False
C002085,Montreal,29.21,39754,4,0.5503357032912616,0,1,True
C009077,Bas-Saint-Laurent,27.73,97321,12,0.4380937364286267,0,0,False
C008238,Montreal,24.86,46906,11,0.012710978180297431,0,0,False
C012950,Gaspesie-Iles-de-la-Madeleine,31.06,19250,9,0.9758466917959465,1,1,False
C012635,Capitale-Nationale,37.04,24819,11,0.9999951322741734,1,1,False
C003706,Montreal,28.85,114891,7,0.5740655397161252,0,1,True
C002819,Montreal,32.55,67262,9,0.996756330833814,1,1,False
C010338,Gaspesie-Iles-de-la-Madeleine,24.81,95320,17,0.037423917215448,0,0,False
C002223,Gaspesie-Iles-de-la-Madeleine,27.56,28568,12,0.3821601953472018,0,0,False
C009187,Cote-Nord,31.92,53421,15,0.9976317077868017,1,1,False
C010526,Cote-Nord,25.16,113372,10,0.01568044272016185,0,0,False
C009675,Gaspesie-Iles-de-la-Madeleine,30.44,82219,15,0.9825002655978208,1,1,False
C003317,Montreal,23.32,51222,10,0.0012987613742720863,0,0,False
C009367,Capitale-Nationale,26.21,54131,10,0.062399739959515935,0,0,False
C009753,Montreal,27.55,85109,6,0.15878658079848265,0,0,False
C011097,Bas-Saint-Laurent,30.98,87850,7,0.960791214479716,1,1,False
C013330,Bas-Saint-Laurent,26.08,31152,16,0.1527097749063982,0,0,False
C004324,Capitale-Nationale,25.41,56751,7,0.012300323816304852,0,0,False
C012497,Montreal,23.98,36169,5,0.0012002055780346748,0,0,False
C007497,Montreal,24.14,106683,8,0.0026792056107543443,0,0,False
C013207,Bas-Saint-Laurent,30.15,37842,10,0.9343364877390749,1,1,False
C008582,Capitale-Nationale,28.68,130611,9,0.6125547116772518,0,0,False
C003216,Bas-Saint-Laurent,29.0,41203,16,0.9057343064144914,1,1,False
C006211,Montreal,31.23,98326,14,0.9926676736387698,1,1,False
C005924,Montreal,28.32,56763,6,0.35005815379455474,0,0,False
C011745,Cote-Nord,28.49,38652,14,0.7644213705144152,1,1,False
C007248,Cote-Nord,21.47,49784,6,4.7899611111124456e-05,0,0,False
C013553,Montreal,28.64,79068,8,0.5518256189921937,0,0,False
C008862,Gaspesie-Iles-de-la-Madeleine,27.46,93380,5,0.12074620256971086,0,0,False
C003275,Montreal,28.56,82469,9,0.5731368137658072,0,0,False
C000524,Cote-Nord,23.09,61810,15,0.0025211861804620515,0,0,False
C001419,Cote-Nord,31.85,54598,12,0.9953269427316045,1,1,False
C004871,Bas-Saint-Laurent,23.51,86632,14,0.003669080871795751,0,0,False
C007265,Montreal,28.82,109062,6,0.5155102847286891,0,1,True
C000347,Montreal,31.3,105105,6,0.9689029201979676,1,1,False
C006626,Cote-Nord,23.81,65130,16,0.008125907488307167,0,0,False
C009715,Gaspesie-Iles-de-la-Madeleine,31.01,73358,6,0.9545297527342133,1,1,False
C002384,Capitale-Nationale,28.22,124731,10,0.506807803245418,0,0,False
C001195,Cote-Nord,24.78,43171,10,0.009405801528827041,0,0,False
C010982,Montreal,31.28,87383,6,0.968071802825448,1,1,False
C012706,Montreal,31.79,42791,11,0.9938431250490147,1,1,False
C005954,Cote-Nord,22.35,45180,7,0.00019302026496435131,0,0,False
C007380,Montreal,25.45,40971,13,0.04077692173239283,0,0,False
C012654,Montreal,30.09,175235,6,0.8570996255804658,1,1,False
C002320,Gaspesie-Iles-de-la-Madeleine,27.88,38145,13,0.5376529808942314,0,0,False
C000352,Cote-Nord,28.16,107049,10,0.4863862501681719,0,1,True
C013387,Gaspesie-Iles-de-la-Madeleine,28.77,24406,11,0.7254598800068316,1,1,False
C011551,Montreal,25.95,69462,7,0.025321819954969394,0,0,False
C008340,Capitale-Nationale,28.48,101835,11,0.640335007867711,1,0,True
C001617,Gaspesie-Iles-de-la-Madeleine,26.64,66489,15,0.24112814540270877,0,0,False
C007196,Montreal,27.61,76372,6,0.1700062461332451,0,0,False
C008655,Montreal,23.96,36701,10,0.003099026214397889,0,0,False
C000274,Gaspesie-Iles-de-la-Madeleine,26.8,80765,9,0.10891109859348808,0,0,False
C007416,Capitale-Nationale,24.42,46853,9,0.00476001640578503,0,0,False
C000185,Capitale-Nationale,31.75,21070,13,0.9955951529982436,1,1,False
C002809,Gaspesie-Iles-de-la-Madeleine,34.25,29288,15,0.9999005693917716,1,1,False
C008334,Bas-Saint-Laurent,27.95,77305,14,0.6086788496112443,0,0,False
C000391,Montreal,25.83,36449,8,0.026127366678724423,0,0,False
C010578,Montreal,33.3,84701,6,0.9978973020199106,1,1,False
C013479,Montreal,22.75,107367,11,0.0007271421269553016,0,0,False
C010670,Montreal,23.05,66198,5,0.0003385728852418024,0,0,False
C007007,Montreal,31.45,54140,7,0.9789349567561022,1,1,False
C007177,Montreal,19.06,50514,9,3.2352943589991633e-06,0,0,False
C008200,Gaspesie-Iles-de-la-Madeleine,26.81,51662,16,0.32750951008877727,0,0,False
C008005,Gaspesie-Iles-de-la-Madeleine,25.05,62533,9,0.011152587221289522,0,0,False
C008058,Montreal,34.09,70386,5,0.9991269264338024,1,1,False
C007599,Capitale-Nationale,27.02,32300,8,0.11942495518768835,0,0,False
C003909,Gaspesie-Iles-de-la-Madeleine,25.57,38247,11,0.03274545933985612,0,0,False
C001071,Cote-Nord,25.77,20897,21,0.23904980929327055,0,0,False
C005531,Cote-Nord,26.09,73363,20,0.2854264105186857,0,0,False
C011626,Montreal,22.61,131643,2,0.0001034607376748892,0,0,False
C009378,Montreal,24.98,80130,7,0.006886517067972783,0,0,False
C008591,Cote-Nord,25.56,53224,7,0.015045749065362796,0,0,False
C004950,Montreal,28.97,80251,8,0.6586777017877034,1,1,False
C004477,Capitale-Nationale,30.37,57823,9,0.9404374728091209,1,1,False
C013685,Cote-Nord,32.39,61787,13,0.9981525804536726,1,1,False
C012913,Capitale-Nationale,24.85,63364,9,0.008516419464713217,0,0,False
C001815,Cote-Nord,31.46,42974,10,0.9883312802954398,1,1,False
C011092,Montreal,25.82,92499,8,0.0257831152109473,0,0,False
C008990,Gaspesie-Iles-de-la-Madeleine,26.48,75507,13,0.1473589238124009,0,0,False
C008998,Bas-Saint-Laurent,27.09,43326,10,0.1807201518455298,0,0,False
C006355,Capitale-Nationale,25.4,75312,8,0.014718479007136527,0,0,False
C008605,Capitale-Nationale,21.0,98742,7,3.0712721809011236e-05,0,0,False
C012001,Bas-Saint-Laurent,25.02,76442,11,0.015756404672414164,0,0,False
C004464,Montreal,28.0,68338,8,0.33996920334899494,0,0,False
C009570,Montreal,33.83,114527,7,0.9991586581270735,1,1,False
C010536,Gaspesie-Iles-de-la-Madeleine,26.89,43817,6,0.0713589643897331,0,0,False
C008338,Bas-Saint-Laurent,30.65,157302,12,0.9765058800151,1,1,False
C012561,Cote-Nord,24.68,55909,13,0.014679599266180704,0,0,False
C005425,Gaspesie-Iles-de-la-Madeleine,29.54,103197,12,0.9016554627413913,1,1,False
C011408,Capitale-Nationale,28.57,77595,7,0.4793080952089595,0,0,False
C009837,Montreal,26.06,68090,8,0.035396346256128405,0,0,False
C009132,Montreal,27.78,32668,6,0.2052015625422879,0,0,False
C008912,Capitale-Nationale,27.43,123830,7,0.16312735133253256,0,0,False
C004716,Montreal,25.03,55730,6,0.00606738697892265,0,0,False
C005505,Gaspesie-Iles-de-la-Madeleine,29.74,33952,15,0.9558383651962066,1,1,False
C002752,Montreal,23.63,54275,5,0.0007455423861962515,0,0,False
C012381,Montreal,31.48,87879,7,0.9797610734507536,1,1,False
C004459,Montreal,32.36,98107,8,0.9949006706274643,1,1,False
C010655,Montreal,28.91,86524,9,0.6837916975680388,1,1,False
C008835,Montreal,31.5,40043,8,0.9837372412243863,1,1,False
C007658,Montreal,27.78,128783,12,0.4549183412816177,0,0,False
C000762,Bas-Saint-Laurent,28.27,67697,12,0.6192603731572546,0,1,True
C006570,Capitale-Nationale,26.51,53334,13,0.15256586273398523,0,0,False
C010738,Montreal,29.54,50760,6,0.7393277282511738,1,1,False
C008590,Capitale-Nationale,27.54,46537,11,0.3311098906448954,0,0,False
C011449,Capitale-Nationale,25.06,111922,11,0.01662375793987375,0,0,False
C013899,Bas-Saint-Laurent,29.94,91408,20,0.9869367375045544,1,1,False
C008515,Bas-Saint-Laurent,24.98,51968,12,0.018100530008217198,0,0,False
C009476,Montreal,27.85,123926,7,0.2566924505765792,0,0,False
C011012,Cote-Nord,27.38,57807,18,0.6101124054334088,0,0,False
C001049,Gaspesie-Iles-de-la-Madeleine,24.24,110906,12,0.006684892658233154,0,0,False
C004099,Gaspesie-Iles-de-la-Madeleine,27.32,34326,12,0.30848859753382396,0,0,False
C013487,Gaspesie-Iles-de-la-Madeleine,26.44,42993,12,0.11862861677682167,0,0,False
C002700,Montreal,27.41,119989,6,0.1349455772121596,0,0,False
C012663,Gaspesie-Iles-de-la-Madeleine,25.67,48540,19,0.1564137239505871,0,0,False
C012400,Capitale-Nationale,29.81,50409,11,0.9158972739715332,1,1,False
C000052,Gaspesie-Iles-de-la-Madeleine,24.91,75605,10,0.011206864275770808,0,0,False
C002968,Bas-Saint-Laurent,27.32,21925,15,0.4450835136215128,0,0,False
C008422,Montreal,27.08,143322,9,0.15178884168752615,0,0,False
C013074,Montreal,30.34,75136,8,0.9257331610660892,1,1,False
C010422,Montreal,26.26,100472,12,0.09529898042052846,0,0,False
C009020,Cote-Nord,28.56,34894,12,0.7070915338948991,1,1,False
C010449,Bas-Saint-Laurent,30.57,67737,10,0.9618452288613873,1,1,False
C005322,Gaspesie-Iles-de-la-Madeleine,28.99,23259,10,0.7456857681514732,1,1,False
C010563,Bas-Saint-Laurent,29.0,62625,19,0.945280819366495,1,1,False
C012928,Gaspesie-Iles-de-la-Madeleine,26.71,40078,14,0.22326626809571565,0,0,False
C013935,Bas-Saint-Laurent,23.17,35014,15,0.0028105340527709135,0,0,False
C013439,Gaspesie-Iles-de-la-Madeleine,24.37,58118,9,0.004448113154220544,0,0,False
C003925,Montreal,27.89,92045,9,0.350311347813819,0,0,False
C003091,Cote-Nord,24.17,69595,20,0.0284113115631709,0,0,False
C007935,Montreal,26.09,66023,12,0.07712455321575407,0,0,False
C011694,Capitale-Nationale,23.86,38174,5,0.0010194579761356464,0,0,False
C008211,Montreal,31.98,83346,9,0.9929778456266559,1,1,False
C009820,Gaspesie-Iles-de-la-Madeleine,33.95,88162,9,0.9995165920909372,1,1,False
C008969,Montreal,23.77,46797,6,0.0010965711930080177,0,0,False
C012208,Capitale-Nationale,31.5,52187,8,0.9837372412243863,1,1,False
C004729,Gaspesie-Iles-de-la-Madeleine,25.57,54651,13,0.047670212182033704,0,0,False
C002047,Montreal,25.85,81174,10,0.03916682412365473,0,0,False
C005663,Capitale-Nationale,30.92,54235,11,0.9801468621983311,1,1,False
C013203,Cote-Nord,24.09,50753,14,0.008047142914627563,0,0,False
C013218,Cote-Nord,24.62,121397,11,0.009200063818517738,0,0,False
C009480,Bas-Saint-Laurent,24.95,53749,12,0.017388608769585766,0,0,False
C010633,Montreal,29.87,50391,10,0.9067024284234645,1,1,False
C009315,Montreal,31.91,117349,14,0.9970823411342884,1,1,False
C010041,Capitale-Nationale,35.35,53592,10,0.9999408915510376,1,1,False
C000792,Montreal,26.34,175815,10,0.07359441609851758,0,0,False
C000841,Montreal,26.62,59426,10,0.10419393920366747,0,0,False
C013130,Capitale-Nationale,27.09,49262,10,0.1807201518455298,0,0,False
C010043,Cote-Nord,33.29,24676,10,0.9990239279699674,1,1,False
C002625,Bas-Saint-Laurent,23.76,62917,14,0.005149381724180831,0,0,False
C005033,Gaspesie-Iles-de-la-Madeleine,22.8,68848,12,0.0009462752229866404,0,0,False
C012331,Montreal,24.92,39063,11,0.01377817583881983,0,0,False
C008556,Montreal,30.93,55407,5,0.939327811315614,1,1,False
C007925,Capitale-Nationale,30.33,100528,14,0.9754594737650397,1,1,False
C011192,Montreal,32.71,56101,11,0.9982331070039796,1,1,False
C002580,Montreal,21.27,62444,9,6.55878787806426e-05,0,0,False
C002570,Gaspesie-Iles-de-la-Madeleine,25.28,41284,13,0.03262540353413115,0,0,False
C010817,Cote-Nord,27.22,26746,14,0.3653376856397644,0,0,False
C008132,Gaspesie-Iles-de-la-Madeleine,25.56,81772,12,0.03902417529120083,0,0,False
C010773,Capitale-Nationale,26.32,55980,8,0.04968598942842405,0,0,False
C005535,Gaspesie-Iles-de-la-Madeleine,28.61,49061,14,0.7925683966105107,1,1,False
C001346,Montreal,23.22,67630,6,0.0005188384590468794,0,0,False
C013642,Cote-Nord,29.19,68905,11,0.8239900414696745,1,1,False
C002096,Bas-Saint-Laurent,30.53,55461,13,0.9772321377569831,1,1,False
C013146,Montreal,23.0,66951,8,0.0005685355945546827,0,0,False
C008121,Gaspesie-Iles-de-la-Madeleine,28.25,35310,15,0.7399705228241379,1,1,False
C003356,Gaspesie-Iles-de-la-Madeleine,30.38,95805,17,0.9870969719045205,1,1,False
C001412,Montreal,25.02,33731,10,0.012994199511839175,0,0,False
C008631,Bas-Saint-Laurent,28.32,34604,14,0.7202268726632995,1,1,False
C002420,Montreal,22.41,48515,7,0.00020944896564213637,0,0,False
C007341,Montreal,27.99,65728,8,0.3369203976055091,0,0,False
C007601,Montreal,24.65,55597,10,0.007891878601203002,0,0,False
C009297,Montreal,29.07,47635,6,0.5992841710292789,0,1,True
C003505,Capitale-Nationale,28.39,48626,7,0.41874705073683716,0,0,False
C008977,Capitale-Nationale,30.76,34587,8,0.9566790244187796,1,1,False
C008946,Bas-Saint-Laurent,27.48,107877,13,0.40280812804186733,0,0,False
C013639,Capitale-Nationale,29.93,117590,5,0.798667961368847,1,1,False
C005380,Capitale-Nationale,23.44,125680,3,0.0003894185142077037,0,0,False
C011340,Bas-Saint-Laurent,27.44,61619,11,0.30167414311847685,0,0,False
C012993,Capitale-Nationale,26.18,45908,7,0.034315092247564995,0,0,False
C008212,Bas-Saint-Laurent,25.73,57786,10,0.03345995274099993,0,0,False
C001993,Cote-Nord,23.78,91130,14,0.0052907937703474475,0,0,False
C010290,Cote-Nord,18.8,61546,10,2.7610955207626845e-06,0,0,False
C002011,Capitale-Nationale,28.83,95357,8,0.6146191294687223,0,1,True
C000300,Capitale-Nationale,23.11,99562,12,0.001442539360254922,0,0,False
C010509,Montreal,28.68,89783,8,0.565254989214231,0,0,False
C003975,Bas-Saint-Laurent,25.52,58767,10,0.025349295852062838,0,0,False
C008924,Montreal,30.37,106803,7,0.9143720513624661,1,1,False
C002486,Capitale-Nationale,30.27,37317,8,0.918908115093895,1,1,False
C001157,Cote-Nord,29.55,51681,16,0.953093546558251,1,1,False
C010205,Cote-Nord,25.79,44094,9,0.029967432183809387,0,0,False
C005093,Capitale-Nationale,28.22,76942,9,0.45802069242806664,0,0,False
C009233,Capitale-Nationale,34.05,76320,8,0.9994870344529426,1,1,False
C008586,Capitale-Nationale,27.3,134890,7,0.14037723381303355,0,0,False
C012116,Capitale-Nationale,21.02,75075,10,5.6742516615527734e-05,0,0,False
C003872,Capitale-Nationale,35.67,55380,8,0.9999434724238581,1,1,False
C013761,Montreal,24.26,42808,8,0.003153293862961811,0,0,False
C009667,Montreal,32.43,53353,8,0.9953621332650086,1,1,False
C001375,Montreal,29.49,58254,9,0.8265013805906737,1,1,False
C007188,Capitale-Nationale,29.52,76093,14,0.9295380177900578,1,1,False
C008885,Capitale-Nationale,27.32,121518,8,0.1694711189427552,0,0,False
C001909,Montreal,27.94,113437,8,0.32188275898410784,0,0,False
C008138,Montreal,27.91,40593,8,0.31303174045834187,0,0,False
C011578,Cote-Nord,24.33,40070,16,0.016359361394555818,0,0,False
C007730,Capitale-Nationale,25.19,52129,14,0.03500945123421734,0,0,False
C010453,Capitale-Nationale,25.65,69185,5,0.01154329182993842,0,0,False
C003389,Capitale-Nationale,25.15,89714,6,0.007136727225623023,0,0,False
C002655,Capitale-Nationale,28.11,75166,10,0.469400057707176,0,0,False
C012294,Montreal,27.33,190763,8,0.17139634084237806,0,0,False
C003844,Gaspesie-Iles-de-la-Madeleine,26.77,73048,13,0.20414645688933372,0,0,False
C013750,Bas-Saint-Laurent,32.86,62133,11,0.9985590599445325,1,1,False
C004148,Cote-Nord,26.9,54414,15,0.31163958929942037,0,0,False
C011384,Capitale-Nationale,26.64,110625,7,0.062334673770003526,0,0,False
C007152,Montreal,34.25,91190,6,0.999422390025858,1,1,False
C012153,Gaspesie-Iles-de-la-Madeleine,27.44,44664,11,0.30167414311847685,0,0,False
C009299,Montreal,25.46,71163,13,0.041312878279420914,0,0,False
C006973,Montreal,29.47,79925,8,0.7922023042507154,1,1,False
C004858,Cote-Nord,23.4,50502,15,0.003840221069014117,0,0,False
C013470,Montreal,24.3,57298,8,0.003329222019329754,0,0,False
C011254,Cote-Nord,28.15,63568,23,0.9223001415930107,1,1,False
C003572,Montreal,28.03,69027,10,0.44238503606208623,0,0,False
C008849,Montreal,27.4,34902,8,0.18536020838431944,0,0,False
C012628,Gaspesie-Iles-de-la-Madeleine,25.38,57286,15,0.05405241558492272,0,0,False
C007461,Capitale-Nationale,27.13,76957,11,0.22072230587386404,0,0,False
C001783,Gaspesie-Iles-de-la-Madeleine,28.11,47382,10,0.469400057707176,0,1,True
C005947,Montreal,30.2,133348,6,0.874483069310843,1,1,False
C011982,Montreal,30.18,81894,10,0.9367987213832633,1,1,False
C013681,Montreal,25.58,68457,11,0.03317950476650627,0,0,False
C001447,Capitale-Nationale,22.48,168340,6,0.00018947782119019483,0,0,False
C010194,Bas-Saint-Laurent,28.01,131594,15,0.6723889579193134,1,0,True
C007192,Bas-Saint-Laurent,27.62,75461,14,0.49810119442789424,0,0,False
C011202,Capitale-Nationale,29.47,54346,9,0.8225613508083977,1,1,False
C006066,Montreal,27.92,35940,7,0.27529668899984144,0,0,False
C005150,Montreal,29.93,105311,8,0.8770330309240787,1,1,False
C012454,Gaspesie-Iles-de-la-Madeleine,28.54,54252,14,0.776460717535725,1,1,False
C003167,Capitale-Nationale,23.57,37828,8,0.0012346713300762581,0,0,False
C003752,Montreal,33.12,103914,5,0.9967368007536257,1,1,False
C011152,Montreal,27.34,63431,8,0.17333886895739178,0,0,False
C013390,Capitale-Nationale,26.86,41446,14,0.2606719287066622,0,0,False
C004138,Gaspesie-Iles-de-la-Madeleine,26.73,71189,15,0.2642582408858855,0,0,False
C008625,Montreal,24.96,72344,7,0.0067027420120997095,0,0,False
C004258,Bas-Saint-Laurent,24.43,51512,14,0.012724949103300983,0,0,False
C003480,Bas-Saint-Laurent,28.47,48493,18,0.87347350508551,1,1,False
C008840,Capitale-Nationale,25.0,51189,10,0.012649509597994065,0,0,False
C004649,Gaspesie-Iles-de-la-Madeleine,25.21,30814,16,0.0522439150177919,0,0,False
C004732,Gaspesie-Iles-de-la-Madeleine,27.4,41326,14,0.42380641570928057,0,0,False
C010922,Montreal,32.15,51058,6,0.9900135198359609,1,1,False
C005753,Montreal,30.87,85088,7,0.9547423787461498,1,1,False
C004935,Cote-Nord,29.19,28697,17,0.9380163071602617,1,1,False
C010498,Capitale-Nationale,28.83,85393,8,0.6146191294687223,0,1,True
C004717,Montreal,26.42,79374,7,0.04695614215458496,0,0,False
C004145,Cote-Nord,27.39,24299,11,0.2875274883930958,0,0,False
C002751,Montreal,31.35,130067,6,0.9708901003183904,1,1,False
C013228,Montreal,33.36,92471,13,0.9995062339963904,1,1,False
C010615,Gaspesie-Iles-de-la-Madeleine,28.72,69448,16,0.8677667647908421,1,1,False
C000466,Montreal,30.12,78055,7,0.8836854989412477,1,1,False
C003426,Montreal,27.94,56543,8,0.32188275898410784,0,0,False
C007495,Capitale-Nationale,28.36,76812,5,0.31867614553966633,0,0,False
C005629,Capitale-Nationale,26.82,36485,11,0.15662123847894222,0,0,False
C002983,Cote-Nord,27.33,62107,19,0.6399729226801132,1,0,True
C012391,Capitale-Nationale,34.31,129459,8,0.9996399213715261,1,1,False
C001752,Montreal,27.45,122335,12,0.34747082405904095,0,0,False
C000301,Capitale-Nationale,23.5,67093,11,0.0020164581104056807,0,0,False
C011394,Capitale-Nationale,26.05,40805,6,0.02389692739992021,0,0,False
C013875,Capitale-Nationale,35.22,124142,9,0.9999142090816368,1,1,False
C002879,Montreal,29.3,126131,9,0.7862236601830715,1,1,False
C011156,Montreal,25.5,71457,7,0.013881752651421074,0,0,False
C010990,Capitale-Nationale,28.94,65584,10,0.7325598397449833,1,1,False
C008565,Bas-Saint-Laurent,28.19,45956,11,0.545357109643459,0,1,True
C002317,Cote-Nord,28.65,34257,5,0.40975640266243474,0,1,True
C008665,Montreal,27.77,70307,9,0.3140885376155785,0,0,False
C003486,Capitale-Nationale,26.24,40797,4,0.02099628246636145,0,0,False
C002506,Montreal,29.72,28016,10,0.8879297615968259,1,1,False
C002457,Capitale-Nationale,31.03,82560,6,0.955697248597003,1,1,False
C013414,Montreal,28.8,183087,11,0.7335206593394515,1,0,True
C007214,Bas-Saint-Laurent,30.43,108027,12,0.968557852655774,1,1,False
C001246,Gaspesie-Iles-de-la-Madeleine,22.28,35154,17,0.0012387944470176149,0,0,False
C002371,Montreal,24.92,89086,13,0.020238891253437422,0,0,False
C010389,Bas-Saint-Laurent,26.66,27792,15,0.24614659983917045,0,0,False
C008163,Montreal,20.42,46232,11,3.0480368586569773e-05,0,0,False
C007345,Montreal,32.71,111274,9,0.9973896871603474,1,1,False
C000276,Montreal,30.14,78852,8,0.9047008661144154,1,1,False
C002076,Cote-Nord,26.67,47286,12,0.15547455242540434,0,0,False
C011324,Capitale-Nationale,22.88,81382,10,0.0007138041012618053,0,0,False
C005958,Capitale-Nationale,28.53,126676,16,0.8351581682743068,1,0,True
C001826,Cote-Nord,19.98,41292,12,2.0358449025890367e-05,0,0,False
C001266,Cote-Nord,27.31,61724,13,0.3485848912164939,0,0,False
C004083,Capitale-Nationale,24.19,68002,11,0.005143684803328989,0,0,False
C006979,Montreal,31.19,75508,9,0.9796856405663832,1,1,False
C005785,Montreal,32.24,97570,11,0.9966544406774827,1,1,False
C003567,Gaspesie-Iles-de-la-Madeleine,21.66,49507,20,0.0009577310923375687,0,0,False
C013781,Montreal,26.41,23796,12,0.11442353548825501,0,0,False
C007715,Bas-Saint-Laurent,28.43,61620,13,0.7109138911894582,1,1,False
C013040,Montreal,28.39,38429,10,0.5643216321847605,0,0,False
C012623,Gaspesie-Iles-de-la-Madeleine,27.62,84097,11,0.355663894233283,0,0,False
C004835,Cote-Nord,30.77,257517,10,0.9706746950897982,1,1,False
C013859,Gaspesie-Iles-de-la-Madeleine,32.41,56323,9,0.9960777689112553,1,1,False
C011223,Montreal,31.63,103594,9,0.9887385777048232,1,1,False
C005729,Bas-Saint-Laurent,29.47,40975,12,0.8928737575187786,1,1,False
C004349,Bas-Saint-Laurent,22.48,43327,14,0.0009049927364015399,0,0,False
C008319,Bas-Saint-Laurent,29.7,57020,7,0.8109038672469,1,1,False
C009923,Capitale-Nationale,26.4,23382,5,0.0314082261191067,0,0,False
C010461,Montreal,26.62,74465,2,0.023756848895598565,0,0,False
C013322,Montreal,24.17,72277,10,0.004120676455539319,0,0,False
C012118,Montreal,27.58,39191,10,0.30064080784944824,0,0,False
C007595,Gaspesie-Iles-de-la-Madeleine,31.9,21436,13,0.9964059984020393,1,1,False
C010263,Cote-Nord,26.39,45600,15,0.18438345557723462,0,0,False
C000562,Cote-Nord,29.17,26927,15,0.9087584966888166,1,1,False
C012132,Montreal,30.09,58006,8,0.898666884917413,1,1,False
C010709,Bas-Saint-Laurent,23.33,72873,10,0.0013165439828442184,0,0,False
C011734,Gaspesie-Iles-de-la-Madeleine,23.68,71258,15,0.005612645046874396,0,0,False
C001625,Bas-Saint-Laurent,22.65,85595,12,0.0007715912184254556,0,0,False
C008866,Cote-Nord,22.94,165234,9,0.0006370450465108111,0,0,False
C013408,Montreal,29.81,96396,11,0.9158972739715332,1,1,False
C006271,Gaspesie-Iles-de-la-Madeleine,29.23,62160,10,0.8025864937854764,1,1,False
C002744,Montreal,24.46,66950,5,0.0023048075434445193,0,0,False
C003028,Montreal,30.94,52799,8,0.96577369607025,1,1,False
C009860,Montreal,24.8,127513,12,0.014221850440090835,0,0,False
C006647,Gaspesie-Iles-de-la-Madeleine,21.89,38726,21,0.0015918736270592415,0,0,False
C003851,Capitale-Nationale,25.74,71698,1,0.006001813206281509,0,0,False
C007074,Bas-Saint-Laurent,25.05,45578,14,0.029109849374858193,0,0,False
C000508,Bas-Saint-Laurent,28.59,43322,14,0.7880553809067595,1,1,False
C002243,Montreal,24.91,59959,4,0.0034938995265623393,0,0,False
C005640,Montreal,27.67,46997,7,0.2127655447469706,0,0,False
C011971,Montreal,30.24,93725,2,0.7709131315793172,1,1,False
C008144,Capitale-Nationale,25.31,64631,8,0.013042989898989821,0,0,False
C007857,Montreal,30.37,52571,9,0.9404374728091209,1,1,False
C010010,Montreal,31.99,64460,10,0.9942956272262095,1,1,False
C008050,Gaspesie-Iles-de-la-Madeleine,31.17,50584,12,0.9882874077363933,1,1,False
C004873,Cote-Nord,32.38,67185,14,0.9984594065341784,1,1,False
C011648,Capitale-Nationale,29.75,86122,7,0.8211235808250753,1,1,False
C010935,Bas-Saint-Laurent,30.36,56937,13,0.9714709099671589,1,1,False
C003160,Capitale-Nationale,30.12,119457,6,0.8620303963148115,1,1,False
C006519,Gaspesie-Iles-de-la-Madeleine,31.2,113976,24,0.9989124242511751,1,1,False
C003997,Capitale-Nationale,29.93,57030,8,0.8770330309240787,1,1,False
C000168,Bas-Saint-Laurent,27.74,39652,7,0.22916765713238932,0,0,False
C010647,Bas-Saint-Laurent,26.04,45670,11,0.06032976443157491,0,0,False
C002645,Capitale-Nationale,25.45,50421,10,0.023097861308417768,0,0,False
C000657,Montreal,30.26,66589,8,0.9178876335291223,1,1,False
C001515,Montreal,27.23,119744,8,0.15291326614200743,0,0,False
C000511,Capitale-Nationale,26.34,64872,10,0.07359441609851758,0,0,False
C010400,Bas-Saint-Laurent,27.75,49356,11,0.39718343554191393,0,0,False
C008715,Montreal,28.47,81940,12,0.6810818343768898,1,0,True
C008435,Montreal,22.14,57643,8,0.00017633815237746037,0,0,False
C001067,Montreal,30.6,50129,10,0.9633164457123549,1,1,False
C009282,Capitale-Nationale,29.92,55291,7,0.852640852542791,1,1,False
C005426,Montreal,26.57,58775,17,0.29927975582224003,0,0,False
C002825,Gaspesie-Iles-de-la-Madeleine,30.42,84009,14,0.9782283564739439,1,1,False
C013375,Gaspesie-Iles-de-la-Madeleine,36.06,52835,19,0.9999961320969362,1,1,False
C008425,Cote-Nord,22.71,52331,11,0.0006886222977052048,0,0,False
C001171,Montreal,24.9,83640,6,0.005088042912297514,0,0,False
C006039,Montreal,24.84,40404,14,0.022029619384096037,0,0,False
C007814,Bas-Saint-Laurent,29.75,32446,12,0.9242616264813794,1,1,False
C007943,Capitale-Nationale,29.84,101912,8,0.8631941469312376,1,1,False
C002842,Capitale-Nationale,26.15,70062,11,0.06940161988484822,0,0,False
C006809,Montreal,21.77,83190,12,0.00023292284443668696,0,0,False
C013165,Gaspesie-Iles-de-la-Madeleine,24.83,74236,15,0.026309534914827928,0,0,False
C001912,Cote-Nord,24.99,42835,10,0.01248056517948919,0,0,False
C006092,Gaspesie-Iles-de-la-Madeleine,27.38,73616,16,0.5141692106264797,0,0,False
C004140,Gaspesie-Iles-de-la-Madeleine,28.83,49740,18,0.9185071356800215,1,1,False
C009445,Capitale-Nationale,35.28,99170,8,0.9999038655427648,1,1,False
C001133,Montreal,27.83,61398,5,0.18519225204656378,0,0,False
C008133,Capitale-Nationale,23.97,54393,2,0.000658875115422272,0,0,False
C009556,Montreal,29.6,75130,10,0.8706101247815708,1,1,False
C009986,Capitale-Nationale,31.42,75997,4,0.9612595621328887,1,1,False
C000443,Bas-Saint-Laurent,25.47,90695,15,0.06067208724132155,0,0,False
C012511,Cote-Nord,29.83,15078,14,0.9526525859308342,1,1,False
C000109,Montreal,26.5,45410,11,0.10723254571696829,0,0,False
C003598,Gaspesie-Iles-de-la-Madeleine,25.35,41536,13,0.035771517156733317,0,0,False
C011461,Montreal,26.53,76852,5,0.0372639184183373,0,0,False
C001976,Montreal,28.76,100109,8,0.591809883820325,0,0,False
C006600,Cote-Nord,25.89,38053,14,0.08601301261379253,0,0,False
C008101,Bas-Saint-Laurent,20.88,42384,9,3.856553888376962e-05,0,0,False
C001253,Montreal,30.23,58931,12,0.959117876387602,1,1,False
C009427,Montreal,28.83,57200,6,0.5189104615042187,0,1,True
C008726,Bas-Saint-Laurent,26.7,31136,10,0.11480887089229352,0,0,False
C000542,Gaspesie-Iles-de-la-Madeleine,22.35,76472,13,0.0006236831570529048,0,0,False
C010042,Montreal,29.61,80775,10,0.8721363167838931,1,1,False
C008709,Capitale-Nationale,28.26,61376,4,0.25132130999967406,0,0,False
C007789,Gaspesie-Iles-de-la-Madeleine,28.11,21531,9,0.4211390370463239,0,1,True
C013936,Bas-Saint-Laurent,33.59,49968,11,0.9994662508896591,1,1,False
C010946,Gaspesie-Iles-de-la-Madeleine,24.08,103616,13,0.006538277896723581,0,0,False
C013287,Cote-Nord,24.86,57829,14,0.022624053630528752,0,0,False
C010467,Cote-Nord,29.65,84706,12,0.9141616311987488,1,1,False
C010924,Cote-Nord,29.12,48079,8,0.7030074741616076,1,1,False
C006739,Capitale-Nationale,34.98,46087,11,0.9999195503747162,1,1,False
C012046,Montreal,30.71,146337,8,0.9537679239032095,1,1,False
C000457,Capitale-Nationale,28.17,30256,8,0.3936621511157784,0,0,False
C005811,Gaspesie-Iles-de-la-Madeleine,27.75,49872,13,0.4934698698123513,0,0,False
C005696,Montreal,27.33,39780,7,0.14537953750927662,0,0,False
C007896,Capitale-Nationale,26.37,115796,8,0.05300111262001855,0,0,False
C001120,Cote-Nord,23.82,13236,16,0.008236396296591677,0,0,False
C007268,Montreal,25.45,62401,11,0.02794701014186792,0,0,False
C010210,Montreal,29.69,69986,7,0.8088070247442869,1,1,False
C010217,Cote-Nord,24.86,64125,13,0.018680753443101574,0,0,False
C008976,Gaspesie-Iles-de-la-Madeleine,30.01,57024,10,0.9216266842673502,1,1,False
C006487,Montreal,26.52,105496,4,0.03044495235425963,0,0,False
C005211,Montreal,27.9,53305,9,0.3534167432447873,0,0,False
C011515,Capitale-Nationale,31.1,126041,14,0.99126014570498,1,1,False
C008492,Cote-Nord,28.65,33887,10,0.6485699768815995,1,1,False
C004354,Montreal,30.76,62877,11,0.9754328242567084,1,1,False
C008536,Bas-Saint-Laurent,30.14,34770,10,0.9334961093599325,1,1,False
C003003,Capitale-Nationale,26.51,82305,10,0.09101900963700099,0,0,False
C011494,Montreal,25.72,63960,14,0.06947351614650095,0,0,False
C012313,Bas-Saint-Laurent,28.66,30442,14,0.8035389724120943,1,1,False
C011416,Capitale-Nationale,28.25,49594,14,0.7006235677707694,1,0,True
C011351,Cote-Nord,29.0,36468,22,0.9688080609243259,1,1,False
C004111,Montreal,25.72,66502,10,0.03302236387711001,0,0,False
C002216,Cote-Nord,25.82,92430,16,0.11229169688213791,0,0,False
C012184,Montreal,31.62,81321,10,0.9905941818864651,1,1,False
C000467,Cote-Nord,19.92,50983,13,2.2813182630011703e-05,0,0,False
C010245,Bas-Saint-Laurent,29.18,32800,20,0.9640813207853541,1,1,False
C012467,Cote-Nord,34.22,125014,11,0.9997735851145491,1,1,False
C009568,Bas-Saint-Laurent,23.7,25799,11,0.0026460009029818715,0,0,False
C006040,Cote-Nord,28.98,59743,15,0.8849178443082187,1,1,False
C011063,Capitale-Nationale,27.68,80590,10,0.33002337826322337,0,0,False
C006411,Capitale-Nationale,28.56,76236,8,0.5247583713729334,0,0,False
C010767,Gaspesie-Iles-de-la-Madeleine,24.64,59132,12,0.01146956902493745,0,0,False
C003818,Capitale-Nationale,33.26,76332,5,0.9973016563520254,1,1,False
C008699,Cote-Nord,27.06,73869,13,0.27574088495300475,0,0,False
C004777,Bas-Saint-Laurent,19.59,80174,9,6.657951267520826e-06,0,0,False
C003621,Bas-Saint-Laurent,29.03,43699,9,0.718018702644617,1,1,False
C006657,Capitale-Nationale,35.9,56100,12,0.9999810956461787,1,1,False
C001464,Capitale-Nationale,26.14,136510,9,0.04739754666844703,0,0,False
C004797,Bas-Saint-Laurent,28.35,71288,16,0.7985941171077368,1,1,False
C013073,Montreal,26.46,62193,13,0.14396991131935286,0,0,False
C009263,Gaspesie-Iles-de-la-Madeleine,25.06,49073,10,0.013711618106360766,0,0,False
C008678,Bas-Saint-Laurent,30.38,40264,12,0.9664169692992018,1,1,False
C006544,Montreal,31.8,62166,7,0.9868155040637523,1,1,False
C011603,Montreal,24.82,40140,13,0.017708007995504378,0,0,False
C008524,Montreal,29.76,119024,12,0.9252093474599737,1,1,False
C008986,Gaspesie-Iles-de-la-Madeleine,30.39,40566,17,0.9872692586095109,1,1,False
C008571,Capitale-Nationale,29.45,104179,11,0.8696261240375165,1,1,False
C000962,Gaspesie-Iles-de-la-Madeleine,24.78,71119,11,0.011414034326556157,0,0,False
C000582,Cote-Nord,28.35,48795,14,0.7283837723635636,1,1,False
C002800,Cote-Nord,27.35,128699,15,0.45519426121995954,0,0,False
C002114,Bas-Saint-Laurent,29.78,30390,18,0.97624310982218,1,1,False
C007313,Cote-Nord,21.7,41811,11,0.00017414729082840485,0,0,False
C011371,Capitale-Nationale,28.38,132523,5,0.3246181655852501,0,0,False
C003099,Montreal,28.69,66126,19,0.9188738926469205,1,0,True
C011032,Bas-Saint-Laurent,26.65,76000,12,0.15193215231876273,0,0,False
C012395,Montreal,26.76,75915,4,0.041721909908956044,0,0,False
C005623,Capitale-Nationale,29.39,131573,6,0.6980910273576902,1,1,False
C005555,Montreal,27.29,88381,6,0.11698220009723678,0,0,False
C012059,Montreal,25.49,38764,12,0.0356025523368522,0,0,False
C004357,Bas-Saint-Laurent,25.21,65426,9,0.013829868639816402,0,0,False
C005445,Gaspesie-Iles-de-la-Madeleine,25.71,82650,12,0.04744781015453613,0,0,False
C012360,Bas-Saint-Laurent,27.06,52139,9,0.14831567039981697,0,0,False
C004800,Gaspesie-Iles-de-la-Madeleine,28.09,70538,12,0.560035466998535,0,0,False
C006429,Gaspesie-Iles-de-la-Madeleine,29.12,37840,20,0.9611423224407771,1,1,False
C013480,Bas-Saint-Laurent,26.55,76485,5,0.03825334684952642,0,0,False
C011361,Bas-Saint-Laurent,26.17,30094,12,0.08524417014338428,0,0,False
C000383,Montreal,25.77,82165,10,0.03526692577679232,0,0,False
C009679,Montreal,26.65,40956,12,0.15193215231876273,0,0,False
C012361,Bas-Saint-Laurent,31.06,75028,8,0.9707825902382593,1,1,False
C010297,Bas-Saint-Laurent,27.8,61453,12,0.46167932189943406,0,0,False
C001663,Montreal,29.05,122083,8,0.6827291291552599,1,1,False
C004293,Capitale-Nationale,27.63,40527,15,0.5502220703719162,0,0,False
C010176,Montreal,27.83,51950,8,0.2900958365449102,0,0,False
C007151,Capitale-Nationale,27.9,108796,17,0.7231852314614056,1,0,True
C003857,Montreal,29.52,19451,8,0.8031874338627366,1,1,False
C003126,Gaspesie-Iles-de-la-Madeleine,28.87,160544,21,0.9553550072506449,1,1,False
C013159,Montreal,28.11,48880,9,0.4211390370463239,0,0,False
C008768,Gaspesie-Iles-de-la-Madeleine,28.03,47510,10,0.44238503606208623,0,0,False
C012359,Montreal,27.6,94369,11,0.34944762602960305,0,0,False
C013616,Gaspesie-Iles-de-la-Madeleine,29.65,47385,15,0.9503664375516921,1,1,False
C000652,Gaspesie-Iles-de-la-Madeleine,35.02,39975,8,0.9998630321555217,1,1,False
C001425,Cote-Nord,26.56,35289,21,0.4794711913807013,0,0,False
C006860,Bas-Saint-Laurent,24.33,72402,15,0.013492902874437825,0,0,False
C002091,Montreal,29.4,114035,15,0.9316144843439017,1,1,False
C012328,Montreal,31.9,59124,7,0.9884746089455988,1,1,False
C008627,Montreal,25.63,94368,8,0.020023243282985374,0,0,False
C000114,Montreal,29.67,66053,6,0.771975010180713,1,1,False
C007779,Montreal,27.82,102364,13,0.5172921619686187,0,0,False
C004259,Bas-Saint-Laurent,24.12,62583,13,0.006901753086189404,0,0,False
C013802,Cote-Nord,23.62,24276,10,0.0019527970104823815,0,0,False
C005933,Gaspesie-Iles-de-la-Madeleine,22.35,24213,16,0.0011207843257959905,0,0,False
C007922,Bas-Saint-Laurent,31.53,188227,20,0.9984835839462814,1,1,False
C013784,Montreal,28.34,78298,12,0.6414649963268746,1,0,True
C002673,Gaspesie-Iles-de-la-Madeleine,27.16,70734,10,0.1952646327672212,0,0,False
C012077,Capitale-Nationale,29.12,94270,5,0.5683252541057521,0,1,True
C012571,Montreal,26.5,37791,5,0.03582577266920738,0,0,False
C006763,Capitale-Nationale,28.72,58605,5,0.4329919819130412,0,0,False
C013012,Montreal,30.66,143650,6,0.9287450088759718,1,1,False
C013454,Montreal,24.17,70544,11,0.005006184888958997,0,0,False
C009489,Montreal,30.49,70064,11,0.9648996821100779,1,1,False
C001421,Cote-Nord,29.61,39670,8,0.8218436018002451,1,1,False
C005760,Capitale-Nationale,27.13,52570,10,0.1889253035739835,0,0,False
C001675,Cote-Nord,31.17,22170,12,0.9882874077363933,1,1,False
C001028,Bas-Saint-Laurent,26.46,78467,15,0.19915109537603295,0,0,False
C006602,Cote-Nord,25.09,58825,17,0.05385859113558871,0,0,False
C004491,Cote-Nord,29.82,47738,10,0.9007812799381547,1,1,False
C002315,Cote-Nord,26.31,37184,13,0.12057942468871304,0,0,False
C003978,Bas-Saint-Laurent,28.21,42560,16,0.7661851229491289,1,1,False
C011744,Cote-Nord,29.22,77645,21,0.9718028515882082,1,1,False
C001286,Montreal,30.96,110319,8,0.9666625749886529,1,1,False
C002070,Capitale-Nationale,28.31,42211,6,0.3469664333986759,0,0,False
C011965,Montreal,29.76,92608,10,0.8932364175498837,1,1,False
C000690,Capitale-Nationale,28.43,61508,10,0.5776631385426685,0,0,False
C009413,Bas-Saint-Laurent,26.78,48913,13,0.2063677170212286,0,0,False
C012876,Cote-Nord,27.07,84176,14,0.31940133798412534,0,0,False
C007984,Montreal,27.25,43794,7,0.13236075925169674,0,0,False
C013838,Montreal,23.15,66884,8,0.0006972810028394686,0,0,False
C009161,Gaspesie-Iles-de-la-Madeleine,29.58,76019,11,0.888417413850569,1,1,False
C003074,Cote-Nord,22.24,39966,13,0.000536970639861323,0,0,False
C005482,Capitale-Nationale,24.75,49601,11,0.010962166997519344,0,0,False
C005793,Bas-Saint-Laurent,26.84,23169,9,0.11431083613308023,0,0,False
C002727,Gaspesie-Iles-de-la-Madeleine,31.85,40623,15,0.9973954744222917,1,1,False
C009580,Capitale-Nationale,24.13,60189,7,0.0021746394523623302,0,0,False
C013173,Cote-Nord,25.17,45363,14,0.034100951634723535,0,0,False
C006504,Cote-Nord,26.74,40009,12,0.1684048880624598,0,0,False
C013743,Cote-Nord,27.92,91994,18,0.765504187084595,1,0,True
C008232,Gaspesie-Iles-de-la-Madeleine,24.26,74206,7,0.0025946754727531507,0,0,False
C001984,Capitale-Nationale,26.87,74141,5,0.057933534613911465,0,0,False
C009236,Bas-Saint-Laurent,29.54,72746,15,0.9428050836823998,1,1,False
C004760,Bas-Saint-Laurent,28.18,48226,10,0.4931917518413304,0,1,True
C002789,Bas-Saint-Laurent,27.26,141359,16,0.4733476130045802,0,0,False
C007125,Gaspesie-Iles-de-la-Madeleine,19.32,84031,10,5.605246971720942e-06,0,0,False
C006769,Montreal,32.05,122719,12,0.9964370446603853,1,1,False
C002073,Cote-Nord,25.29,92269,10,0.018660367140578997,0,0,False
C008337,Capitale-Nationale,25.59,82331,4,0.008772797047724967,0,0,False
C010528,Capitale-Nationale,26.51,105152,9,0.07608266511993068,0,0,False
C012418,Bas-Saint-Laurent,30.9,36521,12,0.9831705606328068,1,1,False
C013909,Montreal,25.18,49457,7,0.009022756994997033,0,0,False
C000189,Montreal,24.4,46973,6,0.002582000030375029,0,0,False
C005507,Montreal,24.77,90921,10,0.009279772279748882,0,0,False
C000560,Montreal,25.72,74884,9,0.027317327221150933,0,0,False
C003619,Montreal,28.23,69683,8,0.41332351426660385,0,0,False
C007870,Gaspesie-Iles-de-la-Madeleine,28.61,82254,10,0.636057185464561,0,1,True
C002087,Montreal,29.96,51222,9,0.9003416005187791,1,1,False
C011375,Montreal,27.82,120060,8,0.28729960582394337,0,0,False
C007672,Gaspesie-Iles-de-la-Madeleine,32.86,81398,22,0.9998321089666767,1,1,False
C008104,Montreal,29.23,61228,12,0.8573719683401674,1,1,False
C012311,Montreal,29.6,72803,10,0.8706101247815708,1,1,False
C004692,Cote-Nord,31.8,39300,13,0.995883879789028,1,1,False
C001814,Capitale-Nationale,20.29,107363,12,3.105031647458807e-05,0,0,False
C003034,Gaspesie-Iles-de-la-Madeleine,20.76,37142,16,0.00012872659133962482,0,0,False
C013045,Bas-Saint-Laurent,28.93,24138,13,0.8292995782949198,1,1,False
C011398,Montreal,36.66,72985,2,0.9999525373356116,1,1,False
C003471,Capitale-Nationale,24.76,84368,12,0.013478100313347565,0,0,False
C003994,Bas-Saint-Laurent,30.83,29046,11,0.9776163889872663,1,1,False
C000763,Gaspesie-Iles-de-la-Madeleine,26.98,71615,16,0.3803686720960112,0,0,False
C006746,Montreal,29.34,31519,8,0.7615565391074048,1,1,False
C004024,Gaspesie-Iles-de-la-Madeleine,30.8,36634,15,0.9892082514338515,1,1,False
C003913,Bas-Saint-Laurent,30.75,40360,14,0.9859985258116601,1,1,False
C011961,Montreal,29.06,30140,5,0.5481800733574429,0,1,True
C013424,Gaspesie-Iles-de-la-Madeleine,30.02,30448,7,0.8689417898417204,1,1,False
C012062,Gaspesie-Iles-de-la-Madeleine,22.04,54869,18,0.0010865765853182883,0,0,False
C007988,Montreal,27.8,82830,10,0.36710035618997966,0,0,False
C011352,Montreal,33.3,65372,13,0.9994642213809765,1,1,False
C013475,Montreal,29.82,70515,4,0.737430809277339,1,1,False
C011701,Cote-Nord,26.9,35388,9,0.12284683050550525,0,0,False
C000327,Capitale-Nationale,23.83,43893,9,0.0021371781697443956,0,0,False
C009323,Montreal,22.75,48328,9,0.0004918946836313933,0,0,False
C013151,Bas-Saint-Laurent,28.25,50940,15,0.7399705228241379,1,1,False
C007473,Montreal,26.08,71770,13,0.09111110777825639,0,0,False
C006379,Gaspesie-Iles-de-la-Madeleine,32.21,81749,11,0.9965154284989108,1,1,False
C012246,Gaspesie-Iles-de-la-Madeleine,27.85,36647,7,0.2566924505765792,0,0,False
C011158,Gaspesie-Iles-de-la-Madeleine,29.97,67174,13,0.9524306309891645,1,1,False
C005984,Capitale-Nationale,29.84,50027,7,0.8384215844121886,1,1,False
C001980,Montreal,25.62,61293,7,0.01630573366242376,0,0,False
C005010,Montreal,30.02,46803,9,0.9074363804310032,1,1,False
C006659,Capitale-Nationale,22.84,64202,10,0.0006759903663104564,0,0,False
C010832,Montreal,23.13,123165,6,0.0004590230325086807,0,0,False
C013019,Cote-Nord,29.95,59987,14,0.9595011835921389,1,1,False
C006614,Cote-Nord,25.85,65462,12,0.056846305472546065,0,0,False
C007174,Bas-Saint-Laurent,25.17,44890,10,0.015892005531570972,0,0,False
C012620,Montreal,29.7,62814,11,0.9036173177540662,1,1,False
C004110,Bas-Saint-Laurent,26.29,43117,14,0.13959689936505285,0,0,False
C013293,Montreal,27.94,56951,8,0.32188275898410784,0,0,False
C012606,Montreal,31.56,49954,10,0.9898016148313068,1,1,False
C013960,Capitale-Nationale,31.16,90490,5,0.9549061696669059,1,1,False
C007953,Capitale-Nationale,29.3,127432,13,0.8893871538185247,1,1,False
C013102,Capitale-Nationale,23.01,111268,9,0.000700710564470329,0,0,False
C004378,Montreal,28.82,117190,7,0.564048048583638,0,1,True
C007929,Montreal,26.3,46793,7,0.04016175432048698,0,0,False
C002113,Capitale-Nationale,28.88,68917,9,0.6748933673953144,1,1,False
C012179,Montreal,26.54,75427,8,0.06589675142317068,0,0,False
C005500,Gaspesie-Iles-de-la-Madeleine,23.64,21684,11,0.0024389208262279014,0,0,False
C006735,Bas-Saint-Laurent,30.01,47428,11,0.9346370745983069,1,1,False
C013555,Montreal,31.04,121752,7,0.9637557674402988,1,1,False
C006914,Cote-Nord,30.39,47791,11,0.9599842988413879,1,1,False
C012206,Gaspesie-Iles-de-la-Madeleine,25.0,59263,16,0.039767383343016584,0,0,False
C011397,Montreal,30.18,124860,14,0.9700648438458448,1,1,False
C007312,Montreal,25.15,85002,10,0.01547165206657296,0,0,False
C003081,Cote-Nord,30.12,130139,18,0.9849143898258768,1,1,False
C008877,Montreal,27.62,56335,12,0.4016276099452837,0,0,False
C006361,Bas-Saint-Laurent,22.05,43632,13,0.0004146127154194109,0,0,False
C006531,Bas-Saint-Laurent,30.12,49303,12,0.9528235662627829,1,1,False
C012985,Gaspesie-Iles-de-la-Madeleine,24.94,98129,12,0.017157469740018683,0,0,False
C002163,Montreal,29.51,46266,7,0.7680214977951957,1,1,False
C010191,Montreal,21.46,90378,8,6.98647505125104e-05,0,0,False
C000574,Montreal,29.34,92699,11,0.8516841047559129,1,1,False
C009639,Montreal,28.99,71369,12,0.8125745297892281,1,1,False
C011247,Montreal,32.62,53143,12,0.9983572811544645,1,1,False
C011041,Gaspesie-Iles-de-la-Madeleine,27.7,37210,14,0.5253133114223332,0,0,False
C010214,Montreal,27.16,96897,10,0.1952646327672212,0,0,False
C011645,Montreal,27.98,61119,10,0.4256619838817521,0,0,False
C005566,Cote-Nord,30.71,122646,12,0.9783090808507517,1,1,False
C012253,Capitale-Nationale,25.72,59659,11,0.039870020797154605,0,0,False
C003745,Montreal,23.28,154007,5,0.0004630353555572271,0,0,False
C013530,Montreal,29.08,94705,7,0.648316327513904,1,1,False
C003830,Gaspesie-Iles-de-la-Madeleine,26.52,72624,9,0.07704539468227828,0,0,False
C012248,Montreal,32.47,52796,10,0.9970246458091582,1,1,False
C010020,Capitale-Nationale,27.19,69765,9,0.17209476198226392,0,0,False
C004403,Gaspesie-Iles-de-la-Madeleine,30.1,34262,14,0.9667342144527048,1,1,False
C009937,Montreal,29.57,51122,9,0.841571433248274,1,1,False
C012957,Montreal,37.03,81516,6,0.9999868822369061,1,1,False
C012790,Montreal,28.58,108400,7,0.4827073935678909,0,0,False
C007337,Montreal,25.97,101986,6,0.02148347916613959,0,0,False
C011031,Montreal,26.25,56992,8,0.0453736820400396,0,0,False
C012676,Cote-Nord,35.78,39919,14,0.9999849450610003,1,1,False
C012281,Capitale-Nationale,25.69,41502,8,0.02169088137728783,0,0,False
C004420,Montreal,31.93,101271,8,0.990878950204146,1,1,False
C011947,Cote-Nord,22.03,50568,15,0.0005964657663432471,0,0,False
C001827,Gaspesie-Iles-de-la-Madeleine,30.35,35201,10,0.9491955600402429,1,1,False
C004784,Montreal,26.65,65479,7,0.06313532763246361,0,0,False
C011244,Cote-Nord,34.82,36008,12,0.9999177343758264,1,1,False
C013030,Bas-Saint-Laurent,39.25,105922,15,0.9999998901772038,1,1,False
C011239,Gaspesie-Iles-de-la-Madeleine,28.4,41366,19,0.8841421833646478,1,1,False
C006635,Gaspesie-Iles-de-la-Madeleine,25.12,52083,14,0.031928142157481486,0,0,False
C007144,Montreal,26.2,43341,8,0.04251422281650714,0,0,False
C000639,Capitale-Nationale,27.5,103609,10,0.2782450660136972,0,0,False
C005786,Capitale-Nationale,20.82,31279,7,2.4036645531978124e-05,0,0,False
C008694,Capitale-Nationale,33.57,75560,11,0.9994515232184551,1,1,False
C010112,Bas-Saint-Laurent,31.45,38337,9,0.9856555375562679,1,1,False
C001449,Bas-Saint-Laurent,26.47,63147,16,0.23461282092214275,0,0,False
C001771,Gaspesie-Iles-de-la-Madeleine,27.95,84848,9,0.3691256602075604,0,0,False
C013326,Capitale-Nationale,26.14,87875,11,0.06852731231116999,0,0,False
C000899,Montreal,27.46,72385,9,0.23090691867780105,0,0,False
C004226,Montreal,27.84,76217,7,0.2541029471188463,0,0,False
C000767,Gaspesie-Iles-de-la-Madeleine,23.32,36621,18,0.006177322903344489,0,0,False
C012669,Montreal,28.55,37567,13,0.7433072097999597,1,0,True
C000770,Montreal,27.42,166815,12,0.3382671785442741,0,0,False
C011839,Bas-Saint-Laurent,21.3,86631,11,0.00010101801439392472,0,0,False
C001308,Capitale-Nationale,26.52,91400,11,0.10986776237985861,0,0,False
C004016,Gaspesie-Iles-de-la-Madeleine,29.98,46006,16,0.973327412994841,1,1,False
C009388,Capitale-Nationale,25.68,56015,10,0.031326661143491405,0,0,False
C013081,Montreal,28.45,92171,13,0.7164785444955659,1,0,True
C001601,Montreal,28.11,125788,10,0.469400057707176,0,0,False
C003630,Montreal,31.5,32798,9,0.9865870040151357,1,1,False
C001053,Montreal,29.9,76509,15,0.9641741658460584,1,1,False
C005065,Capitale-Nationale,28.73,74914,11,0.7144795646883042,1,0,True
C006426,Cote-Nord,26.18,125401,15,0.14518435356328868,0,0,False
C008465,Montreal,31.87,31570,9,0.9918524126750503,1,1,False
C010635,Montreal,33.88,83646,12,0.9997041869457953,1,1,False
C008284,Gaspesie-Iles-de-la-Madeleine,27.01,42770,15,0.3446411147654787,0,0,False
C011343,Gaspesie-Iles-de-la-Madeleine,22.11,19473,10,0.00025027781202682743,0,0,False
C009898,Montreal,30.79,110581,9,0.965484715954469,1,1,False
C008622,Bas-Saint-Laurent,25.85,58303,10,0.03916682412365473,0,0,False
C010865,Capitale-Nationale,30.15,88566,12,0.9546262408600923,1,1,False
C008640,Montreal,26.64,48963,10,0.10676341270194245,0,0,False
C011272,Gaspesie-Iles-de-la-Madeleine,28.79,50129,16,0.878326154130047,1,1,False
C006372,Cote-Nord,22.5,66532,15,0.0011305745654665706,0,0,False
C005205,Montreal,29.88,111293,9,0.890132063543312,1,1,False
C009770,Cote-Nord,31.0,164995,16,0.9932134795778806,1,1,False
C004153,Montreal,35.47,104114,10,0.9999498017548023,1,1,False
C012723,Capitale-Nationale,29.82,142030,12,0.9306700926665762,1,1,False
C003085,Capitale-Nationale,27.23,182908,6,0.1088031615511867,0,0,False
C004438,Montreal,28.21,109150,11,0.5521007820500021,0,0,False
C009630,Capitale-Nationale,29.31,145350,8,0.7540594770323088,1,1,False
C007262,Capitale-Nationale,23.07,85337,7,0.0005143428362656551,0,0,False
C001363,Montreal,32.86,45157,6,0.99617850899162,1,1,False
C001155,Cote-Nord,29.78,47799,15,0.9580812744825518,1,1,False
C000855,Gaspesie-Iles-de-la-Madeleine,30.21,61997,19,0.988979449496444,1,1,False
C011735,Gaspesie-Iles-de-la-Madeleine,29.07,54170,14,0.8772728238304774,1,1,False
C006311,Cote-Nord,31.99,58947,16,0.9982283657962818,1,1,False
C009972,Montreal,27.03,38043,11,0.1981923034860033,0,0,False
C009441,Bas-Saint-Laurent,28.8,32162,14,0.8319062800969772,1,1,False
C012022,Cote-Nord,27.02,86343,15,0.34772314789277836,0,0,False
C008254,Capitale-Nationale,25.97,51744,11,0.05514727873129799,0,0,False
C006227,Montreal,30.38,45412,9,0.9411956619168608,1,1,False
C007421,Cote-Nord,24.6,117708,15,0.019372263724386548,0,0,False
C006025,Cote-Nord,25.62,26979,11,0.03497188047173848,0,0,False
C001006,Montreal,30.52,30736,14,0.9809471838366991,1,1,False
C005338,Montreal,29.57,106134,11,0.8870603888187677,1,1,False
C008066,Capitale-Nationale,26.63,72586,10,0.10547177413422185,0,0,False
C000350,Cote-Nord,26.67,36614,11,0.13149104380668472,0,0,False
C002340,Gaspesie-Iles-de-la-Madeleine,28.7,44477,10,0.663926989373645,1,1,False
C010362,Gaspesie-Iles-de-la-Madeleine,32.45,69154,8,0.9954861731047051,1,1,False
C008395,Capitale-Nationale,29.03,89488,10,0.755876032600721,1,1,False
C002418,Montreal,31.0,63849,6,0.9539350712985992,1,1,False
C005721,Gaspesie-Iles-de-la-Madeleine,27.43,24921,16,0.5311537122806375,0,0,False
C013920,Gaspesie-Iles-de-la-Madeleine,28.53,38995,16,0.8351581682743068,1,1,False
C002648,Capitale-Nationale,25.88,49635,12,0.05907657121967521,0,0,False
C000549,Cote-Nord,28.91,88621,12,0.7954167521341351,1,1,False
C007243,Gaspesie-Iles-de-la-Madeleine,23.35,78758,9,0.0011128246421679353,0,0,False
C011776,Gaspesie-Iles-de-la-Madeleine,25.62,41715,14,0.061170212256034404,0,0,False
C002731,Gaspesie-Iles-de-la-Madeleine,30.01,48803,16,0.9743676849144168,1,1,False
C001767,Capitale-Nationale,27.18,91965,7,0.12179261582231278,0,0,False
C011777,Bas-Saint-Laurent,26.53,45387,12,0.13205277002435198,0,0,False
C006488,Cote-Nord,26.83,40351,11,0.15842832942859392,0,0,False
C011327,Montreal,27.4,96069,6,0.13336389240582747,0,0,False
C013108,Montreal,30.39,77155,10,0.9517588208279403,1,1,False
C004023,Cote-Nord,33.08,82094,11,0.9989316695000907,1,1,False
C013922,Bas-Saint-Laurent,27.9,52649,11,0.4469599761423564,0,0,False
C012782,Montreal,29.5,74940,6,0.7286946357929432,1,1,False
C007877,Gaspesie-Iles-de-la-Madeleine,28.61,56913,15,0.8228859153251684,1,1,False
C003820,Cote-Nord,27.33,29502,12,0.3114009490026065,0,0,False
C013983,Gaspesie-Iles-de-la-Madeleine,24.18,63667,12,0.006163676180974127,0,0,False
C004268,Cote-Nord,23.56,28815,12,0.0026589896980719232,0,0,False
C004762,Capitale-Nationale,29.07,75703,9,0.7289145532673409,1,1,False
C008601,Montreal,26.09,39869,8,0.03681791190298985,0,0,False
C011220,Gaspesie-Iles-de-la-Madeleine,29.07,74155,10,0.7657862272701845,1,1,False
C013199,Cote-Nord,27.67,49041,12,0.41809378826534194,0,0,False
C004758,Montreal,22.81,89821,7,0.00036104557152918026,0,0,False
C002791,Cote-Nord,24.05,48319,12,0.005168870786807501,0,0,False
C002888,Montreal,25.43,67444,8,0.015322785010767557,0,0,False
C005446,Cote-Nord,31.26,44829,14,0.9929591021323405,1,1,False
C008346,Bas-Saint-Laurent,28.83,69524,17,0.902620620653479,1,1,False
C010662,Bas-Saint-Laurent,30.27,27364,15,0.9780421428987209,1,1,False
C006320,Gaspesie-Iles-de-la-Madeleine,32.51,43925,13,0.9984306435214974,1,1,False
C002609,Capitale-Nationale,33.01,34243,7,0.9974346342464568,1,1,False
C006114,Gaspesie-Iles-de-la-Madeleine,27.28,46286,16,0.4801412251970953,0,0,False
C013550,Bas-Saint-Laurent,26.6,56475,14,0.1983691795865957,0,0,False
C006358,Montreal,33.27,28528,15,0.9996224747911698,1,1,False
C000811,Bas-Saint-Laurent,32.22,49446,11,0.9965623939375723,1,1,False
C010827,Montreal,31.36,78880,10,0.9866518215625364,1,1,False
C008820,Montreal,24.7,54551,11,0.010248048416278058,0,0,False
C004368,Montreal,30.17,59198,3,0.7881320640181758,1,1,False
C005203,Cote-Nord,30.56,45144,7,0.9325758219680576,1,1,False
C008738,Montreal,30.56,113865,5,0.9034233319494708,1,1,False
C006758,Cote-Nord,31.06,50846,11,0.9835359803883068,1,1,False
C008457,Montreal,27.01,104769,11,0.1939000697120759,0,0,False
C005440,Capitale-Nationale,25.44,88391,4,0.007163683709899921,0,0,False
C005298,Bas-Saint-Laurent,25.97,94821,13,0.07944374493511104,0,0,False
C002612,Montreal,26.3,150203,7,0.04016175432048698,0,0,False
C011026,Montreal,23.98,63680,9,0.0026202128489777993,0,0,False
C003347,Cote-Nord,28.69,57131,12,0.7423692831746002,1,1,False
C003952,Montreal,32.74,52695,11,0.998303711409057,1,1,False
C013672,Capitale-Nationale,31.4,114885,6,0.9727538656412554,1,1,False
C004163,Montreal,25.91,59684,10,0.04235991996212956,0,0,False
C007815,Bas-Saint-Laurent,26.88,55722,9,0.11994225397081411,0,0,False
C009795,Montreal,32.08,65083,13,0.9971850521994343,1,1,False
C010888,Montreal,24.51,88937,4,0.0020295440221653337,0,0,False
C001561,Capitale-Nationale,34.75,60363,8,0.9998021831827466,1,1,False
C012223,Capitale-Nationale,28.66,117144,13,0.7708320284337415,1,0,True
C004843,Gaspesie-Iles-de-la-Madeleine,26.38,38005,14,0.15497662569789403,0,0,False
C004266,Montreal,24.49,49023,11,0.007718997629684978,0,0,False
C000515,Montreal,31.64,63837,8,0.9865218760191927,1,1,False
C000262,Capitale-Nationale,28.38,103326,7,0.41543644084905645,0,0,False
C008844,Montreal,27.38,42343,11,0.28474608408583585,0,0,False
C010047,Montreal,29.01,64135,9,0.7124721469675793,1,1,False
C005719,Montreal,27.74,74831,2,0.10058433050994303,0,0,False
C001341,Cote-Nord,27.68,97253,19,0.741127665844174,1,0,True
C004143,Capitale-Nationale,30.33,47219,11,0.9567251147830276,1,1,False
C011187,Montreal,32.6,78200,9,0.996969177002428,1,1,False
C004862,Montreal,25.57,57480,12,0.039538043973332604,0,0,False
C001971,Montreal,32.02,51413,6,0.9881026017247251,1,1,False
C012204,Bas-Saint-Laurent,24.63,29608,16,0.024412286039443124,0,0,False
C001079,Montreal,23.74,81436,10,0.002298642754897653,0,0,False
C011328,Gaspesie-Iles-de-la-Madeleine,26.39,94377,10,0.0783731871629023,0,0,False
C013147,Montreal,38.02,105105,7,0.9999971979288768,1,1,False
C004573,Montreal,28.69,116646,6,0.4712919694364802,0,0,False
C005428,Cote-Nord,33.84,28077,17,0.999882476090178,1,1,False
C000505,Montreal,27.95,59778,15,0.6541448047632169,1,0,True
C000437,Gaspesie-Iles-de-la-Madeleine,28.9,64773,15,0.8733504844386077,1,1,False
C000446,Montreal,24.75,110234,8,0.006126893601247384,0,0,False
C012303,Capitale-Nationale,30.6,68703,9,0.9557443351792593,1,1,False
C004262,Bas-Saint-Laurent,33.95,57933,18,0.9999167919629861,1,1,False
C003550,Montreal,30.36,97387,13,0.9714709099671589,1,1,False
C012398,Montreal,30.47,156661,10,0.9565213797067653,1,1,False
C012152,Capitale-Nationale,34.77,43732,6,0.9997153917850518,1,1,False
C000856,Bas-Saint-Laurent,21.21,42934,12,0.00010866671427622988,0,0,False
C004457,Capitale-Nationale,28.84,110590,13,0.8112448620760312,1,1,False
C008149,Gaspesie-Iles-de-la-Madeleine,25.12,62704,11,0.018013473809875273,0,0,False
C009360,Bas-Saint-Laurent,27.03,36236,10,0.16893733332079727,0,0,False
C007531,Montreal,26.61,38838,7,0.05998924971864403,0,0,False
C004208,Gaspesie-Iles-de-la-Madeleine,26.39,53436,18,0.2889913847482503,0,0,False
C010392,Capitale-Nationale,28.98,87075,8,0.6617324230197752,1,1,False
C011020,Montreal,32.54,59894,5,0.9928395687158773,1,1,False
C011997,Capitale-Nationale,28.77,69939,11,0.7254598800068316,1,0,True
C007033,Gaspesie-Iles-de-la-Madeleine,29.96,29505,17,0.9773657513993695,1,1,False
C001518,Montreal,23.21,29389,13,0.002008831118173335,0,0,False
C010015,Montreal,28.62,87603,3,0.3106856292636927,0,0,False
C001556,Montreal,23.8,40568,13,0.004474862615373065,0,0,False
C012247,Montreal,33.08,86342,4,0.9958137910257384,1,1,False
C004712,Montreal,31.98,64723,14,0.997346900487156,1,1,False
C005238,Capitale-Nationale,27.97,32353,5,0.2156969279268008,0,0,False
C009644,Montreal,23.03,106538,16,0.002824328227600764,0,0,False
C013914,Gaspesie-Iles-de-la-Madeleine,25.37,94525,10,0.020763397372185487,0,0,False
C011824,Montreal,31.16,95302,10,0.9825463620461052,1,1,False
C010185,Montreal,22.68,132839,8,0.0003677944356049791,0,0,False
C008656,Montreal,24.66,56114,4,0.0024883124143429357,0,0,False
C005229,Gaspesie-Iles-de-la-Madeleine,24.79,22793,15,0.02494964287495366,0,0,False
C003769,Gaspesie-Iles-de-la-Madeleine,29.6,58288,14,0.9363475881876988,1,1,False
C005421,Montreal,32.01,78124,10,0.994448031690791,1,1,False
C009065,Montreal,31.42,50274,5,0.9679196959223941,1,1,False
C013313,Cote-Nord,30.73,46604,18,0.9933696408812819,1,1,False
C007769,Montreal,28.82,82806,15,0.8608033322532612,1,1,False
C003015,Montreal,24.48,47259,11,0.007615396275215384,0,0,False
C009100,Montreal,30.47,52380,6,0.9096072122115116,1,1,False
C007606,Gaspesie-Iles-de-la-Madeleine,30.57,26884,16,0.987877325181405,1,1,False
C000069,Capitale-Nationale,25.02,71858,9,0.010710958113521192,0,0,False
C008748,Montreal,23.24,30186,6,0.0005331549220211779,0,0,False
C011283,Cote-Nord,23.4,37025,14,0.003160296625707326,0,0,False
C010472,Gaspesie-Iles-de-la-Madeleine,25.28,119759,9,0.015191966130587053,0,0,False
C006225,Capitale-Nationale,24.93,58033,9,0.009487275413624333,0,0,False
C002657,Montreal,29.96,73497,11,0.9303526221448606,1,1,False
C013566,Gaspesie-Iles-de-la-Madeleine,27.5,35274,14,0.45735437010387764,0,0,False
C010182,Montreal,30.86,166572,6,0.9447946228846099,1,1,False
C008563,Montreal,25.85,66020,2,0.008456381468656805,0,0,False
C012992,Montreal,23.29,53852,8,0.0008436000935001339,0,0,False
C007304,Bas-Saint-Laurent,27.6,44522,12,0.3951005978919925,0,0,False
C011118,Gaspesie-Iles-de-la-Madeleine,26.48,41757,6,0.04211628514487049,0,0,False
C003055,Montreal,26.67,82854,10,0.11072218019479989,0,0,False
C003882,Cote-Nord,32.73,114094,10,0.997909901123911,1,1,False
C005744,Capitale-Nationale,29.72,43787,13,0.934404719074181,1,1,False
C006050,Capitale-Nationale,28.17,93488,4,0.22897116340857088,0,0,False
C003578,Montreal,28.22,52521,5,0.2787845037776013,0,0,False
C001598,Cote-Nord,29.91,48493,13,0.9485891664126217,1,1,False
C009063,Capitale-Nationale,30.1,76143,8,0.8999001892142864,1,1,False
C002833,Gaspesie-Iles-de-la-Madeleine,30.17,57910,18,0.9858932943746722,1,1,False
C012047,Montreal,24.92,130864,7,0.0063496805663633945,0,0,False
C009202,Capitale-Nationale,28.62,123237,5,0.3999140696349799,0,0,False
C006294,Bas-Saint-Laurent,30.11,57124,10,0.9309146991189414,1,1,False
C000918,Gaspesie-Iles-de-la-Madeleine,26.63,33178,12,0.1484562757853232,0,0,False
C009130,Capitale-Nationale,26.76,82550,6,0.06048212953110207,0,0,False
C011826,Montreal,30.89,24651,13,0.9859305811560531,1,1,False
C009454,Gaspesie-Iles-de-la-Madeleine,27.11,53230,14,0.3313563667549489,0,0,False
C000719,Montreal,36.83,31741,16,0.9999975627941095,1,1,False
C007803,Bas-Saint-Laurent,26.44,61653,9,0.0696472625183443,0,0,False
C008242,Cote-Nord,29.23,61672,7,0.6933653351955028,1,1,False
C001798,Montreal,24.95,81187,7,0.006612689544093027,0,0,False
C001027,Montreal,34.95,49236,9,0.999876093017368,1,1,False
C005820,Montreal,26.53,55330,13,0.1561203182324863,0,0,False
C004634,Capitale-Nationale,33.25,53788,7,0.9981484723601636,1,1,False
C012859,Montreal,23.04,50638,9,0.0007299064493599444,0,0,False
C001952,Bas-Saint-Laurent,23.25,50880,14,0.002577955169823022,0,0,False
C004892,Cote-Nord,24.69,56341,13,0.01487786265633142,0,0,False
C011623,Montreal,28.22,84264,7,0.3636848714131812,0,0,False
C002331,Cote-Nord,27.15,47972,14,0.343533004801702,0,0,False
C005252,Montreal,26.44,55620,7,0.048190036111276244,0,0,False
C004476,Montreal,32.08,82699,13,0.9971850521994343,1,1,False
C006940,Bas-Saint-Laurent,29.89,25176,20,0.9860292143874314,1,1,False
C012316,Montreal,32.3,59812,11,0.9969160999789978,1,1,False
C011871,Cote-Nord,29.74,42492,20,0.9829173915226647,1,1,False
C008266,Montreal,26.99,127299,10,0.16142749707494627,0,0,False
C000330,Montreal,27.26,42874,11,0.2526662410225023,0,0,False
C010851,Montreal,26.21,97165,8,0.04307198846218827,0,0,False
C011581,Montreal,28.26,106584,3,0.21633999776192178,0,0,False
C010833,Capitale-Nationale,24.86,31971,10,0.01047697401316788,0,0,False
C013765,Montreal,33.32,121287,11,0.9992292647982602,1,1,False
C002917,Capitale-Nationale,33.04,112391,9,0.9983329461791434,1,1,False
C009671,Bas-Saint-Laurent,27.19,32859,8,0.14599062180477043,0,0,False
C007719,Gaspesie-Iles-de-la-Madeleine,31.24,36164,15,0.994043313121945,1,1,False
C000102,Montreal,28.27,45123,9,0.47496370699293583,0,0,False
C004848,Gaspesie-Iles-de-la-Madeleine,29.99,48517,15,0.9681748156091412,1,1,False
C002977,Montreal,34.92,56776,6,0.999767959311696,1,1,False
C002240,Capitale-Nationale,28.09,66679,16,0.7356521278640433,1,0,True
C008618,Montreal,30.73,71643,18,0.9933696408812819,1,1,False
C006873,Gaspesie-Iles-de-la-Madeleine,32.92,67573,17,0.999588790757974,1,1,False
C003866,Gaspesie-Iles-de-la-Madeleine,29.68,51928,19,0.9775819671281121,1,1,False
C004809,Montreal,24.61,67211,6,0.003433790304471939,0,0,False
C003079,Gaspesie-Iles-de-la-Madeleine,26.37,30223,15,0.18032302223013635,0,0,False
C008933,Montreal,26.22,52566,9,0.05256578603815281,0,0,False
C012382,Montreal,28.57,151695,7,0.4793080952089595,0,0,False
C010820,Cote-Nord,28.49,67739,21,0.9272975167138059,1,1,False
C002721,Montreal,22.92,92394,6,0.0003449018223370119,0,0,False
C001474,Capitale-Nationale,30.31,109880,10,0.946503757543564,1,1,False
C011393,Montreal,26.58,295920,14,0.19407404239975828,0,0,False
C000540,Bas-Saint-Laurent,25.37,48204,8,0.014137663676504987,0,0,False
C006140,Montreal,29.88,59069,7,0.8456650422822279,1,1,False
C003798,Capitale-Nationale,30.22,120724,9,0.9279130585867527,1,1,False
C009579,Capitale-Nationale,27.58,43243,10,0.30064080784944824,0,0,False
C008863,Bas-Saint-Laurent,29.97,15033,13,0.9524306309891645,1,1,False
C006021,Montreal,30.01,49289,10,0.9216266842673502,1,1,False
C008482,Montreal,28.14,63953,6,0.2965277403742669,0,0,False
C002840,Cote-Nord,22.31,112079,15,0.000873072013499659,0,0,False
C013840,Bas-Saint-Laurent,26.08,33956,7,0.03007801122856828,0,0,False
C013048,Gaspesie-Iles-de-la-Madeleine,28.52,61954,8,0.5111598895822448,0,1,True
C002622,Montreal,23.09,44378,3,0.00024182420214449515,0,0,False
C013546,Montreal,28.01,133454,9,0.38834644098994153,0,0,False
C008326,Capitale-Nationale,30.31,52833,13,0.9695221340310427,1,1,False
C004544,Cote-Nord,26.45,40563,6,0.04049874724015903,0,0,False
C000537,Montreal,25.6,71572,9,0.023295147945321257,0,0,False
C003876,Montreal,25.68,57518,9,0.02590673019920615,0,0,False
C003217,Montreal,30.86,63266,10,0.9739690328581416,1,1,False
C002232,Montreal,31.99,62847,13,0.9968192124767946,1,1,False
C001544,Bas-Saint-Laurent,31.97,116864,16,0.9981795435335826,1,1,False
C002343,Capitale-Nationale,29.77,113653,5,0.761354432616778,1,1,False
C004385,Montreal,30.4,64857,8,0.9311585063991549,1,1,False
C010533,Cote-Nord,31.97,70507,14,0.9973106242497977,1,1,False
C009901,Capitale-Nationale,23.53,92178,4,0.0005351821725930635,0,0,False
C003551,Bas-Saint-Laurent,27.76,31076,11,0.4004482316624379,0,0,False
C000752,Montreal,29.32,57725,4,0.5870571544184564,0,1,True
C004231,Montreal,28.79,35125,10,0.6907004054706731,1,0,True
C005654,Montreal,21.05,49267,9,4.8610338648818254e-05,0,0,False
C000834,Cote-Nord,27.77,41026,9,0.3140885376155785,0,0,False
C011527,Capitale-Nationale,26.87,71436,13,0.22716155198785615,0,0,False
C012004,Montreal,27.63,113827,8,0.23735124279614425,0,0,False
C000393,Cote-Nord,25.16,41475,17,0.058927524882600175,0,0,False
C003741,Montreal,26.43,53191,9,0.06877008907238354,0,0,False
C012041,Montreal,26.8,74099,12,0.18015862074014558,0,0,False
C013096,Montreal,25.26,65573,8,0.012194989736507136,0,0,False
C011455,Bas-Saint-Laurent,26.44,46612,12,0.11862861677682167,0,0,False
C009955,Cote-Nord,25.62,65523,16,0.08787344130735412,0,0,False
C010703,Bas-Saint-Laurent,25.88,37483,11,0.0490988873968388,0,0,False
C004461,Bas-Saint-Laurent,30.35,54116,20,0.9924833871164963,1,1,False
C012598,Montreal,28.07,71523,9,0.40792092504598004,0,0,False
C002852,Gaspesie-Iles-de-la-Madeleine,30.29,97899,8,0.9209144544095785,1,1,False
C000521,Cote-Nord,31.46,29537,10,0.9883312802954398,1,1,False
C001732,Montreal,26.51,79638,10,0.09101900963700099,0,0,False
C011337,Montreal,25.56,87617,3,0.006938650645886981,0,0,False
C004695,Montreal,23.57,133326,6,0.0008353636126286463,0,0,False
C003243,Montreal,32.36,34414,11,0.997157353032506,1,1,False
C013664,Montreal,23.73,115611,8,0.0015347608744601393,0,0,False
C009099,Cote-Nord,30.67,57785,12,0.9771226396702205,1,1,False
C005364,Montreal,28.41,112466,11,0.618102066704861,0,0,False
C013205,Capitale-Nationale,25.27,52268,7,0.01018714162904371,0,0,False
C009252,Cote-Nord,32.47,80643,10,0.9970246458091582,1,1,False
C009029,Capitale-Nationale,27.02,71749,3,0.048539570417039074,0,0,False
C009864,Bas-Saint-Laurent,20.29,52028,7,1.1680217432270966e-05,0,0,False
C002162,Bas-Saint-Laurent,30.64,149580,13,0.9803370455915659,1,1,False
C004986,Bas-Saint-Laurent,31.35,29942,15,0.9948676811462684,1,1,False
C005874,Bas-Saint-Laurent,25.53,47156,15,0.06549889538221598,0,0,False
C005529,Cote-Nord,30.18,37168,9,0.9241837005067247,1,1,False
C010567,Montreal,28.06,154075,11,0.501227238606457,0,0,False
C008208,Montreal,24.87,44761,15,0.027741439657213512,0,0,False
C004479,Gaspesie-Iles-de-la-Madeleine,24.85,42370,9,0.008516419464713217,0,0,False
C009698,Montreal,28.52,248805,11,0.652781010695939,1,0,True
C000502,Cote-Nord,22.3,49342,12,0.00047921828452890565,0,0,False
C007771,Capitale-Nationale,19.5,83201,6,3.276003053761745e-06,0,0,False
C005367,Montreal,27.54,137914,4,0.11184880800559575,0,0,False
C013643,Cote-Nord,25.18,22967,16,0.05025781870869744,0,0,False
C011055,Bas-Saint-Laurent,28.96,98617,15,0.8821151968354946,1,1,False
C004889,Bas-Saint-Laurent,24.34,65607,8,0.0035149309268052574,0,0,False
C010055,Bas-Saint-Laurent,24.07,26352,13,0.006450420682763457,0,0,False
C007548,Montreal,23.6,74672,9,0.0015634151626689292,0,0,False
C006539,Montreal,35.21,71260,8,0.9998942522602492,1,1,False
C009833,Gaspesie-Iles-de-la-Madeleine,27.66,64337,10,0.32402988668856114,0,0,False
C011200,Capitale-Nationale,32.54,70122,12,0.9981685668494247,1,1,False
C011884,Gaspesie-Iles-de-la-Madeleine,28.1,50350,15,0.6987940805469235,1,1,False
C010339,Montreal,24.83,43787,4,0.003134419492356129,0,0,False
C001353,Bas-Saint-Laurent,27.88,76802,11,0.4402382697684694,0,0,False
C003257,Gaspesie-Iles-de-la-Madeleine,25.71,72322,21,0.22450608514204318,0,0,False
C003180,Montreal,29.67,74440,8,0.8334932373032872,1,1,False
C008086,Bas-Saint-Laurent,21.89,30051,17,0.0007287608864687835,0,0,False
C004411,Capitale-Nationale,31.15,55116,7,0.9686395028702875,1,1,False
C001655,Capitale-Nationale,27.6,93618,6,0.1680934709935126,0,0,False
C012718,Montreal,27.56,102801,6,0.16061389748833316,0,0,False
C011808,Montreal,22.4,137681,4,0.00011492947551430837,0,0,False
C006903,Bas-Saint-Laurent,26.24,64237,10,0.06483290788686384,0,0,False
C011493,Cote-Nord,30.9,70907,11,0.9796099323857199,1,1,False
C004035,Cote-Nord,26.11,50605,10,0.054892003662545326,0,0,False
C012593,Cote-Nord,25.58,67701,14,0.058115983021699395,0,0,False
C001473,Montreal,26.83,67919,15,0.29156745794260797,0,0,False
C010413,Montreal,24.07,77700,12,0.005310815183471198,0,0,False
C008289,Capitale-Nationale,28.54,47034,9,0.5664611567046629,0,0,False
C005158,Montreal,27.87,50591,15,0.6291036583431308,0,0,False
C005388,Gaspesie-Iles-de-la-Madeleine,18.36,64323,11,1.8441740563461787e-06,0,0,False
C012250,Capitale-Nationale,29.5,79938,5,0.6883600288578633,1,1,False
C007446,Gaspesie-Iles-de-la-Madeleine,23.93,44908,16,0.009554561947932196,0,0,False
C005571,Capitale-Nationale,25.93,101222,5,0.016811009372515638,0,0,False
C012187,Bas-Saint-Laurent,24.93,66486,15,0.030032189149830142,0,0,False
C013692,Capitale-Nationale,28.49,72911,5,0.35827873439373353,0,0,False
C006967,Cote-Nord,19.97,26834,13,2.4420462596811253e-05,0,0,False
C008081,Montreal,25.92,33545,8,0.02943353556828708,0,0,False
C013572,Montreal,25.96,41654,10,0.04520949097573802,0,0,False
C000575,Montreal,28.25,203555,8,0.4199425737831411,0,0,False
C012600,Gaspesie-Iles-de-la-Madeleine,26.14,25719,9,0.04739754666844703,0,0,False
C012113,Montreal,35.78,30238,8,0.999951335460006,1,1,False
C001992,Capitale-Nationale,30.05,58076,7,0.8735242432525993,1,1,False
C002019,Montreal,25.41,94668,7,0.012300323816304852,0,0,False
C003287,Montreal,27.19,40840,7,0.12325658428358408,0,0,False
C009900,Gaspesie-Iles-de-la-Madeleine,29.6,50754,23,0.988438739235149,1,1,False
C000024,Montreal,26.12,70053,16,0.15989137899212877,0,0,False
C004019,Montreal,24.17,27868,7,0.002296092416023079,0,0,False
C001922,Montreal,31.39,107197,10,0.9871792662130603,1,1,False
C012769,Cote-Nord,27.61,13637,11,0.3525495196621148,0,0,False
C012935,Gaspesie-Iles-de-la-Madeleine,24.33,53755,7,0.002853425618500587,0,0,False
C013407,Bas-Saint-Laurent,22.06,48708,14,0.0005110215000795583,0,0,False
C005950,Gaspesie-Iles-de-la-Madeleine,31.23,41732,15,0.9939621398852756,1,1,False
C004614,Gaspesie-Iles-de-la-Madeleine,27.62,91705,16,0.5947163682325923,0,0,False
C008953,Montreal,29.71,130482,7,0.812983030714824,1,1,False
C009831,Montreal,31.55,33800,6,0.9776750578460939,1,1,False
C008295,Montreal,28.37,110485,9,0.5089840166319498,0,0,False
C001652,Montreal,25.77,51105,15,0.08857383412224916,0,0,False
C012431,Bas-Saint-Laurent,27.64,67754,14,0.5049094739913209,0,0,False
C008721,Capitale-Nationale,28.59,51032,9,0.5830998216360742,0,0,False
C013145,Cote-Nord,34.03,74170,12,0.9997588235223098,1,1,False
C000960,Capitale-Nationale,27.14,69335,15,0.38564403211853754,0,0,False
C011139,Gaspesie-Iles-de-la-Madeleine,28.14,42011,8,0.3839549279912821,0,1,True
C000072,Cote-Nord,35.91,87266,11,0.9999773237539478,1,1,False
C002998,Capitale-Nationale,31.14,79134,8,0.9737189081625912,1,1,False
C012748,Capitale-Nationale,29.01,64745,15,0.8890130430600336,1,1,False
C001554,Bas-Saint-Laurent,27.8,83995,5,0.17910714600074717,0,0,False
C013829,Capitale-Nationale,28.04,85005,8,0.3522955851545101,0,0,False
C006017,Gaspesie-Iles-de-la-Madeleine,27.65,49466,18,0.6932677014458388,1,0,True
C006324,Montreal,31.95,33179,12,0.9959194178220105,1,1,False
C000385,Cote-Nord,27.79,54593,19,0.7688135047013285,1,0,True
C005112,Cote-Nord,27.79,56118,14,0.5557403306120252,0,0,False
C010081,Gaspesie-Iles-de-la-Madeleine,21.08,62946,12,9.103859634729402e-05,0,0,False
C007420,Capitale-Nationale,33.87,36755,13,0.9997533803120386,1,1,False
C013665,Bas-Saint-Laurent,34.04,101414,11,0.999710715602074,1,1,False
C007463,Montreal,23.95,78678,9,0.002515596020710441,0,0,False
C003444,Montreal,28.83,38358,7,0.5673934439211545,0,1,True
C013398,Cote-Nord,29.06,100794,6,0.5960097980563213,0,1,True
C010506,Montreal,24.71,46008,15,0.02243231995732318,0,0,False
C013058,Gaspesie-Iles-de-la-Madeleine,25.64,45366,16,0.09008091527271396,0,0,False
C010186,Gaspesie-Iles-de-la-Madeleine,29.63,53600,14,0.9387393545406421,1,1,False
C003012,Capitale-Nationale,26.49,39003,7,0.05141074678166379,0,0,False
C007375,Capitale-Nationale,26.59,59030,7,0.05847179946901252,0,0,False
C009699,Montreal,29.48,195777,14,0.9258860111384777,1,1,False
C002766,Montreal,22.67,126614,11,0.0006521416968993961,0,0,False
C008127,Gaspesie-Iles-de-la-Madeleine,32.34,25731,14,0.9983733071206068,1,1,False
C004481,Montreal,28.92,82934,1,0.3144272699174368,0,1,True
C009593,Cote-Nord,25.93,63762,9,0.0360343869756457,0,0,False
C005818,Montreal,30.63,63133,10,0.9647330136624935,1,1,False
C007070,Montreal,26.98,51255,10,0.159592683918667,0,0,False
C009608,Capitale-Nationale,26.69,39478,8,0.07964029180465004,0,0,False
C009010,Montreal,27.59,102018,10,0.3035115889189205,0,0,False
C003049,Montreal,29.45,117117,10,0.8458102072983203,1,1,False
C004977,Capitale-Nationale,29.87,123225,11,0.9219805943033827,1,1,False
C004679,Montreal,28.01,40214,9,0.38834644098994153,0,0,False
C008333,Montreal,27.47,48672,9,0.233333983682056,0,0,False
C010363,Capitale-Nationale,24.26,146522,6,0.0021348065921372662,0,0,False
C009871,Capitale-Nationale,27.95,57772,4,0.18039090127147775,0,0,False
C008165,Montreal,27.21,94554,8,0.14941889852089563,0,0,False
C009734,Cote-Nord,30.7,71578,15,0.9876534368526624,1,1,False
C011268,Montreal,33.53,139151,15,0.9997350050698169,1,1,False
C008978,Montreal,36.01,93187,5,0.9999360318145255,1,1,False
C012050,Bas-Saint-Laurent,30.73,54477,10,0.9690838676215392,1,1,False
C006182,Montreal,29.7,69555,11,0.9036173177540662,1,1,False
C007097,Montreal,27.5,67642,10,0.2782450660136972,0,0,False
C009653,Capitale-Nationale,23.71,64152,5,0.000831275552613668,0,0,False
C008283,Capitale-Nationale,26.43,71293,10,0.08239887990174177,0,0,False
C010766,Capitale-Nationale,26.23,155060,16,0.18104987062115416,0,0,False
C005386,Bas-Saint-Laurent,23.64,35468,16,0.006457555493022647,0,0,False
C008798,Montreal,29.6,130396,6,0.7547629997004744,1,1,False
C005824,Bas-Saint-Laurent,23.11,139841,9,0.000802844969036443,0,0,False
C000407,Montreal,30.55,96595,16,0.9875468100644843,1,1,False
C004227,Cote-Nord,23.08,122139,9,0.0007707338309027331,0,0,False
C008550,Montreal,21.06,100430,5,2.2540051180211674e-05,0,0,False
C000440,Montreal,27.24,67205,18,0.5639351351716254,0,0,False
C002511,Gaspesie-Iles-de-la-Madeleine,25.85,111490,20,0.22365242068935617,0,0,False
C008608,Montreal,25.63,53513,8,0.020023243282985374,0,0,False
C000880,Montreal,26.7,88682,13,0.1890958598128184,0,0,False
C004538,Bas-Saint-Laurent,25.4,47916,16,0.06664206485709712,0,0,False
C007934,Montreal,26.77,50685,8,0.08799950896923969,0,0,False
C008854,Montreal,23.73,99207,10,0.0022676250219174506,0,0,False
C007406,Montreal,25.24,36562,9,0.014398223554956865,0,0,False
C005939,Gaspesie-Iles-de-la-Madeleine,23.84,46452,18,0.012461207345306934,0,0,False
C003258,Montreal,31.23,32191,8,0.9766794820766662,1,1,False
C000607,Cote-Nord,24.89,61077,11,0.013233968020019101,0,0,False
C011753,Montreal,24.84,115285,6,0.004690743757374925,0,0,False
C013754,Capitale-Nationale,33.85,56661,12,0.9996918563637508,1,1,False
C000623,Montreal,20.86,198432,11,5.54899044779246e-05,0,0,False
C000118,Capitale-Nationale,33.07,111588,8,0.9980545862051837,1,1,False
C010923,Montreal,28.37,81982,8,0.4601828846669891,0,0,False
C010234,Montreal,23.61,92308,9,0.0015848156540988199,0,0,False
C002419,Montreal,24.01,55408,3,0.0008458658745167822,0,0,False
C013436,Montreal,27.56,93045,7,0.18875486536130964,0,0,False
C003248,Montreal,33.81,91994,7,0.9991354504296264,1,1,False
C013044,Montreal,28.1,119833,10,0.4660100496506368,0,0,False
C005746,Montreal,29.06,161867,6,0.5960097980563213,0,1,True
C006861,Gaspesie-Iles-de-la-Madeleine,31.94,59111,14,0.9971988006884404,1,1,False
C005561,Gaspesie-Iles-de-la-Madeleine,28.24,31960,9,0.4647884648376389,0,1,True
C007645,Capitale-Nationale,28.08,86659,11,0.50803499577663,0,0,False
C006375,Cote-Nord,27.51,39014,17,0.6056964683420407,0,0,False
C000210,Montreal,24.22,88961,7,0.0024574677099023614,0,0,False
C002553,Montreal,32.2,39471,7,0.9923100186976586,1,1,False
C008951,Montreal,32.3,69119,7,0.9932824139341949,1,1,False
C004435,Capitale-Nationale,23.14,127426,5,0.0003826984271723171,0,0,False
C008288,Capitale-Nationale,27.34,92412,3,0.07310942848307138,0,0,False
C003094,Capitale-Nationale,31.68,77012,7,0.9845113631514302,1,1,False
C001723,Bas-Saint-Laurent,22.97,46740,13,0.0014496291417270114,0,0,False
C013352,Capitale-Nationale,23.15,51495,7,0.0005735046183179491,0,0,False
C012312,Montreal,26.38,109482,9,0.0645358606465103,0,0,False
C000430,Bas-Saint-Laurent,28.04,50220,14,0.6374501845530964,1,0,True
C001177,Montreal,26.95,100067,5,0.06417322707810554,0,0,False
C010139,Montreal,22.26,78356,8,0.0002076335788446429,0,0,False
C011321,Bas-Saint-Laurent,27.17,95602,13,0.30663428636271284,0,0,False
C000597,Bas-Saint-Laurent,28.62,80947,4,0.3540304317719139,0,1,True
C003147,Cote-Nord,28.14,35459,15,0.7101328870301555,1,1,False
C004693,Capitale-Nationale,24.87,61660,12,0.015621942480391199,0,0,False
C010096,Gaspesie-Iles-de-la-Madeleine,28.24,20312,12,0.609582922643369,0,1,True
C001328,Montreal,26.24,82501,12,0.09297670141601767,0,0,False
C013236,Montreal,29.6,134461,11,0.8910887286599822,1,1,False
C004968,Montreal,23.15,93832,11,0.0012529691408469045,0,0,False
C004173,Capitale-Nationale,23.92,54184,15,0.007765263668206488,0,0,False
C004269,Capitale-Nationale,32.12,40681,11,0.9960629059124719,1,1,False
C000453,Gaspesie-Iles-de-la-Madeleine,34.02,22904,13,0.9997989327169771,1,1,False
C010224,Gaspesie-Iles-de-la-Madeleine,28.48,33881,16,0.8255699574955285,1,1,False
C000698,Montreal,24.62,69603,12,0.011164864651710052,0,0,False
C007886,Cote-Nord,26.11,44959,18,0.21728467970422305,0,0,False
C002566,Montreal,30.23,52095,10,0.9407119034710112,1,1,False
C008478,Montreal,28.5,81049,8,0.5043531868452878,0,0,False
C012605,Gaspesie-Iles-de-la-Madeleine,27.05,21042,12,0.2359792865076456,0,0,False
C007472,Gaspesie-Iles-de-la-Madeleine,29.04,19253,13,0.8494708899130015,1,1,False
C008987,Montreal,31.13,29946,7,0.9678015792236933,1,1,False
C001423,Cote-Nord,23.87,41103,18,0.012974055477777236,0,0,False
C010240,Montreal,26.27,78781,7,0.038616256801541016,0,0,False
C010929,Bas-Saint-Laurent,29.85,116509,11,0.9199989525136262,1,1,False
C005122,Montreal,26.46,74461,5,0.033991174842116834,0,0,False
C005658,Montreal,28.01,59896,5,0.22505388518901706,0,0,False
C005591,Cote-Nord,27.5,29550,16,0.5548026349612312,0,0,False
C008209,Bas-Saint-Laurent,25.33,107334,15,0.0506750540462699,0,0,False
C003293,Montreal,33.64,82423,7,0.9989105038103471,1,1,False
C012135,Cote-Nord,31.14,112420,14,0.9917196158642193,1,1,False
C012194,Montreal,27.2,95254,8,0.14769653709072877,0,0,False
C007282,Montreal,27.58,82364,6,0.16431949778083582,0,0,False
C003799,Montreal,26.57,28262,6,0.04734733378196386,0,0,False
C002084,Gaspesie-Iles-de-la-Madeleine,24.73,40625,7,0.004909303472689289,0,0,False
C002177,Montreal,31.11,80858,10,0.9813396002640633,1,1,False
C007534,Cote-Nord,29.91,96478,17,0.9758096158100703,1,1,False
C003054,Bas-Saint-Laurent,26.94,20748,15,0.32344216332833303,0,0,False
C008466,Gaspesie-Iles-de-la-Madeleine,29.21,100952,12,0.8540091562715075,1,1,False
C001180,Capitale-Nationale,28.36,59940,9,0.5055805286730177,0,0,False
C011955,Gaspesie-Iles-de-la-Madeleine,32.18,60872,13,0.9975425279265926,1,1,False
C011654,Capitale-Nationale,29.28,45387,6,0.6656193902170193,1,1,False
C010361,Cote-Nord,28.88,21563,10,0.7162524655997221,1,1,False
C007577,Cote-Nord,30.74,72986,21,0.9963511940864629,1,1,False
C007323,Gaspesie-Iles-de-la-Madeleine,25.74,49096,12,0.04932862774083349,0,0,False
C005232,Montreal,28.5,41045,11,0.6465828500052282,1,0,True
C007342,Capitale-Nationale,28.52,32368,10,0.6072434159809218,0,0,False
C003992,Bas-Saint-Laurent,30.13,128299,13,0.9613836771164616,1,1,False
C000332,Capitale-Nationale,30.61,69352,9,0.9563167292551924,1,1,False
C012603,Gaspesie-Iles-de-la-Madeleine,29.94,31621,9,0.8978712240450176,1,1,False
C001240,Montreal,30.74,83874,6,0.9356259095937554,1,1,False
C010568,Montreal,24.89,77757,12,0.01604631267470038,0,0,False
C000215,Bas-Saint-Laurent,27.4,24675,20,0.7039358821066508,1,0,True
C004307,Montreal,29.2,56973,8,0.7252382163650958,1,1,False
C000525,Gaspesie-Iles-de-la-Madeleine,25.97,49492,11,0.05514727873129799,0,0,False
C013973,Capitale-Nationale,29.04,100348,8,0.679772261483563,1,1,False
C000712,Montreal,27.88,98265,5,0.1956868127164015,0,0,False
C001792,Gaspesie-Iles-de-la-Madeleine,27.79,50300,13,0.5070859170096771,0,0,False
C001291,Cote-Nord,29.69,42764,15,0.952873556491053,1,1,False
C012607,Capitale-Nationale,31.11,54507,6,0.9600872957308624,1,1,False
C000224,Montreal,28.91,80125,11,0.7617585279957494,1,1,False
C001189,Montreal,28.07,63308,14,0.6468370685673184,1,0,True
C004106,Capitale-Nationale,31.91,80664,3,0.975470463224455,1,1,False
C006605,Gaspesie-Iles-de-la-Madeleine,21.96,47562,18,0.000974538762602401,0,0,False
C003025,Gaspesie-Iles-de-la-Madeleine,29.25,53731,14,0.9013182415181167,1,1,False
C004854,Montreal,26.63,53146,17,0.31668927824652837,0,0,False
C006858,Montreal,29.71,40386,12,0.9203595777265641,1,1,False
C004936,Montreal,28.0,188014,10,0.4323330258810668,0,0,False
C013397,Montreal,27.79,54497,9,0.319985191535685,0,0,False
C009726,Capitale-Nationale,32.46,64611,13,0.9983202591093271,1,1,False
C002261,Cote-Nord,21.09,104427,23,0.0007925127335562297,0,0,False
C003264,Montreal,34.92,50896,3,0.9995828830377439,1,1,False
C003573,Bas-Saint-Laurent,25.2,36923,9,0.01364537744338981,0,0,False
C001009,Capitale-Nationale,28.48,70862,10,0.5941798843873172,0,0,False
C011304,Montreal,26.54,63861,9,0.07900441713333312,0,0,False
C007326,Bas-Saint-Laurent,31.0,60653,14,0.9899979674244805,1,1,False
C001935,Capitale-Nationale,32.88,35972,4,0.9945105731529352,1,1,False
C005271,Bas-Saint-Laurent,28.19,92638,26,0.9575122984875374,1,1,False
C012746,Capitale-Nationale,27.59,58923,7,0.19508985115959643,0,0,False
C006917,Gaspesie-Iles-de-la-Madeleine,24.97,41891,10,0.012149332445678358,0,0,False
C011326,Montreal,28.39,96832,10,0.5643216321847605,0,0,False
C005756,Montreal,30.4,42062,14,0.9776407241453234,1,1,False
C010960,Capitale-Nationale,26.14,35393,3,0.0151587083380693,0,0,False
C013179,Gaspesie-Iles-de-la-Madeleine,28.64,30867,15,0.8287613697468922,1,1,False
C010274,Gaspesie-Iles-de-la-Madeleine,25.34,52855,11,0.024153266250021295,0,0,False
C003940,Montreal,28.75,100673,9,0.6349198534697021,0,0,False
C006880,Cote-Nord,23.58,66859,17,0.0072305673055903285,0,0,False
C001091,Montreal,25.77,20659,11,0.0425595390686588,0,0,False
C013934,Cote-Nord,33.04,38869,9,0.9983329461791434,1,1,False
C000319,Montreal,26.58,36115,9,0.08305961133136956,0,0,False
C013208,Montreal,33.64,126564,14,0.9997226004683304,1,1,False
C006380,Capitale-Nationale,23.45,54410,7,0.0008626279165954271,0,0,False
C000510,Gaspesie-Iles-de-la-Madeleine,28.73,103903,13,0.787234157112189,1,1,False
C012275,Montreal,29.81,61835,9,0.8804577966122905,1,1,False
C004312,Montreal,33.13,131153,8,0.9982069358363336,1,1,False
C001638,Cote-Nord,29.39,50947,8,0.7736989514792103,1,1,False
C000213,Capitale-Nationale,26.9,94052,11,0.17155441959308212,0,0,False
C013256,Cote-Nord,24.1,49786,9,0.0030838945486458195,0,0,False
C013792,Montreal,29.17,47335,10,0.7893210486472213,1,1,False
C002193,Montreal,23.32,109761,12,0.0019191499318896897,0,0,False
C007058,Capitale-Nationale,26.36,58682,13,0.12798761483593277,0,0,False
C004680,Gaspesie-Iles-de-la-Madeleine,31.02,48311,11,0.9826303619945495,1,1,False
C000288,Montreal,28.64,70809,4,0.3602830745513613,0,0,False
C005199,Capitale-Nationale,26.26,66350,6,0.03155793661649501,0,0,False
C012977,Gaspesie-Iles-de-la-Madeleine,26.29,59544,16,0.1934808172499837,0,0,False
C009554,Gaspesie-Iles-de-la-Madeleine,23.5,26469,11,0.0020164581104056807,0,0,False
C006395,Montreal,29.37,37387,9,0.8018074136529819,1,1,False
C000914,Montreal,31.11,176291,14,0.9913773295337733,1,1,False
C003980,Cote-Nord,24.44,37071,11,0.00721461068432003,0,0,False
C010988,Capitale-Nationale,25.96,61330,9,0.03748058154247746,0,0,False
C004575,Montreal,26.35,58692,10,0.07452819983011696,0,0,False
C006877,Montreal,25.93,53684,8,0.029825034648513424,0,0,False
C011674,Gaspesie-Iles-de-la-Madeleine,25.44,29144,9,0.018820481843212306,0,0,False
C001199,Capitale-Nationale,29.0,64028,11,0.7832821845062463,1,1,False
C002201,Montreal,28.74,48808,6,0.4882836219204434,0,0,False
C000944,Cote-Nord,27.26,106202,14,0.3780570154175871,0,0,False
C007487,Montreal,31.49,117917,14,0.9948425505274966,1,1,False
C013953,Capitale-Nationale,24.54,47656,13,0.012162693656088207,0,0,False
C001847,Montreal,25.47,71555,10,0.023720421226027685,0,0,False
C005260,Montreal,24.64,82924,14,0.016866270406993383,0,0,False
C008928,Capitale-Nationale,29.6,38510,9,0.8469423224328773,1,1,False
C002410,Montreal,30.7,92536,8,0.9531637677944892,1,1,False
C006833,Capitale-Nationale,31.29,61619,8,0.9784696525294172,1,1,False
C011084,Capitale-Nationale,28.65,50738,9,0.6028161382788937,0,0,False
C003037,Montreal,31.04,93228,6,0.9562702238165484,1,1,False
C010484,Bas-Saint-Laurent,31.6,23903,14,0.9955568035228011,1,1,False
C008741,Gaspesie-Iles-de-la-Madeleine,33.73,43869,19,0.9999076708315628,1,1,False
C009172,Gaspesie-Iles-de-la-Madeleine,29.78,36296,11,0.9126966355825259,1,1,False
C013229,Montreal,33.01,80400,5,0.9962115129123027,1,1,False
C004689,Gaspesie-Iles-de-la-Madeleine,29.37,25224,11,0.8567705113189252,1,1,False
C004882,Montreal,25.76,50931,8,0.02380851473509167,0,0,False
C003051,Capitale-Nationale,24.36,135321,10,0.005330911955548878,0,0,False
C004664,Montreal,25.92,90904,11,0.05170524606420638,0,0,False
C000031,Capitale-Nationale,24.61,104734,8,0.005068857055790906,0,0,False
C013180,Montreal,37.57,176906,5,0.9999923538146166,1,1,False
C010781,Gaspesie-Iles-de-la-Madeleine,24.92,46176,18,0.052056218723871034,0,0,False
C013541,Montreal,32.84,44476,7,0.9967685845634973,1,1,False
C004284,Capitale-Nationale,30.19,82068,6,0.8729808087815388,1,1,False
C012218,Gaspesie-Iles-de-la-Madeleine,26.72,73562,10,0.11760574744501374,0,0,False
C008191,Montreal,26.95,32972,9,0.13037367415432188,0,0,False
C002556,Cote-Nord,29.02,73625,15,0.8903495061655824,1,1,False
C005887,Cote-Nord,25.12,107697,11,0.018013473809875273,0,0,False
C001147,Montreal,29.63,47008,9,0.8521631183436917,1,1,False
C005499,Gaspesie-Iles-de-la-Madeleine,29.95,56140,17,0.9770625531426835,1,1,False
C013780,Capitale-Nationale,32.84,80478,10,0.9982001265758369,1,1,False
C002023,Montreal,27.13,136144,8,0.1360959982276638,0,0,False
C013800,Gaspesie-Iles-de-la-Madeleine,21.43,71444,16,0.000320483481809913,0,0,False
C006334,Montreal,27.45,82917,14,0.44051248158070505,0,0,False
C006304,Montreal,28.04,77306,8,0.3522955851545101,0,0,False
C008973,Gaspesie-Iles-de-la-Madeleine,27.77,43087,11,0.4037218910833177,0,0,False
C010132,Gaspesie-Iles-de-la-Madeleine,24.15,39929,17,0.015580713926401436,0,0,False
C006528,Montreal,24.89,59255,7,0.006097068138705629,0,0,False
C005616,Capitale-Nationale,29.3,53238,10,0.8172546878469428,1,1,False
C008908,Montreal,28.27,99371,10,0.52381131496143,0,0,False
C001667,Bas-Saint-Laurent,22.52,63685,9,0.00035967770667917165,0,0,False
C006935,Gaspesie-Iles-de-la-Madeleine,29.28,19263,12,0.8654968667915239,1,1,False
C002886,Gaspesie-Iles-de-la-Madeleine,28.88,36732,19,0.9361874014778647,1,1,False
C008039,Gaspesie-Iles-de-la-Madeleine,24.61,36398,12,0.01101552764451713,0,0,False
C010154,Montreal,28.07,33685,6,0.2770372108831231,0,0,False
C002001,Bas-Saint-Laurent,28.38,36035,12,0.6538930318663342,1,1,False
C006300,Montreal,30.93,76808,9,0.9713035198309241,1,1,False
C007830,Montreal,25.2,83488,5,0.006288023845712774,0,0,False
C001870,Capitale-Nationale,30.03,93882,6,0.8467980302106176,1,1,False
C007136,Montreal,27.01,112802,6,0.08297490890511715,0,0,False
C011344,Montreal,22.06,111285,5,8.796312108887342e-05,0,0,False
C006991,Cote-Nord,28.51,46995,6,0.41094440483224187,0,1,True
C013501,Gaspesie-Iles-de-la-Madeleine,26.07,95796,14,0.10733911231122388,0,0,False
C009163,Montreal,26.88,135225,6,0.07046186562632156,0,0,False
C004615,Montreal,24.89,86383,9,0.008988868272694604,0,0,False
C003696,Gaspesie-Iles-de-la-Madeleine,27.6,22213,16,0.5881356731530265,0,0,False
C011595,Bas-Saint-Laurent,26.29,67918,14,0.13959689936505285,0,0,False
C002273,Montreal,24.65,53701,9,0.0064992744492286,0,0,False
C013177,Montreal,24.56,63118,9,0.005753960608392143,0,0,False
C008150,Montreal,27.39,127325,10,0.2491839656337369,0,0,False
C005167,Montreal,28.2,76641,8,0.40345406619898927,0,0,False
C001857,Montreal,29.74,34642,8,0.8463047682388888,1,1,False
C003191,Capitale-Nationale,23.58,71020,7,0.0010295077121497001,0,0,False
C006727,Montreal,21.42,110686,7,5.4410805517007354e-05,0,0,False
C012287,Capitale-Nationale,31.83,130560,8,0.9895623007130835,1,1,False
C006753,Capitale-Nationale,27.81,55047,5,0.1811179628131445,0,0,False
C012768,Cote-Nord,28.9,88918,17,0.9106832503877991,1,1,False
C006029,Capitale-Nationale,29.08,101616,8,0.6915110227540497,1,1,False
C009992,Gaspesie-Iles-de-la-Madeleine,29.18,55392,5,0.588246895525829,0,1,True
C012205,Montreal,25.32,86206,12,0.028454733112403895,0,0,False
C005154,Capitale-Nationale,22.9,54698,7,0.00040809873905690066,0,0,False
C005831,Bas-Saint-Laurent,22.91,37941,15,0.001974220470623574,0,0,False
C011067,Capitale-Nationale,35.07,105072,8,0.9998720460112106,1,1,False
C009916,Capitale-Nationale,25.2,60224,10,0.016543684744935727,0,0,False
C003783,Cote-Nord,29.96,31965,9,0.9003416005187791,1,1,False
C001988,Gaspesie-Iles-de-la-Madeleine,33.84,69522,12,0.9996876330264112,1,1,False
C012724,Gaspesie-Iles-de-la-Madeleine,22.91,68674,12,0.0010990114688214107,0,0,False
C000417,Capitale-Nationale,31.16,43973,9,0.9788565112829845,1,1,False
C007875,Montreal,27.85,177507,9,0.33801816058272643,0,0,False
C006088,Gaspesie-Iles-de-la-Madeleine,24.0,62767,15,0.008651236427796496,0,0,False
C013594,Capitale-Nationale,30.63,37166,10,0.9647330136624935,1,1,False
C008614,Bas-Saint-Laurent,28.88,43120,25,0.9793493811261668,1,1,False
C001117,Montreal,26.45,106831,7,0.04881846900673859,0,0,False
C000603,Capitale-Nationale,29.49,72439,9,0.8265013805906737,1,1,False
C005610,Capitale-Nationale,25.88,131003,10,0.04073342281102753,0,0,False
C005166,Montreal,24.25,44495,8,0.0031107794826227635,0,0,False
C011166,Montreal,26.09,34222,7,0.03047781337234446,0,0,False
C012292,Capitale-Nationale,25.91,82783,5,0.01636675195372099,0,0,False
C006083,Cote-Nord,27.06,69358,23,0.7290436633520275,1,0,True
C010150,Capitale-Nationale,25.69,110978,11,0.03833530133953999,0,0,False
C011630,Montreal,28.38,84169,7,0.41543644084905645,0,0,False
C013060,Gaspesie-Iles-de-la-Madeleine,33.71,49468,23,0.999956600088358,1,1,False
C011403,Bas-Saint-Laurent,29.25,66998,5,0.6111244121434614,0,1,True
C012781,Capitale-Nationale,28.95,129335,7,0.6069780138545522,0,1,True
C005309,Gaspesie-Iles-de-la-Madeleine,27.28,34584,11,0.2578432396366361,0,0,False
C000254,Montreal,27.14,43985,16,0.4328792534141858,0,0,False
C002052,Montreal,29.03,81812,7,0.6326406767825726,0,1,True
C004155,Capitale-Nationale,27.81,44732,11,0.416899745660053,0,0,False
C004078,Bas-Saint-Laurent,26.38,43814,7,0.04457792287159485,0,0,False
C009238,Cote-Nord,25.9,94080,18,0.17257087612172378,0,0,False
C002918,Gaspesie-Iles-de-la-Madeleine,27.06,56113,13,0.27574088495300475,0,0,False
C012344,Montreal,29.85,53771,12,0.9332599874990594,1,1,False
C011725,Cote-Nord,33.36,108160,13,0.9995062339963904,1,1,False
C006236,Capitale-Nationale,34.55,46799,5,0.9995331307586907,1,1,False
C001676,Montreal,27.01,51989,9,0.1399196474128145,0,0,False
C002356,Montreal,28.05,85894,4,0.20140559659718413,0,0,False
C010940,Bas-Saint-Laurent,26.45,66029,8,0.05874268762856604,0,0,False
C003103,Capitale-Nationale,32.22,27840,6,0.9909132047208027,1,1,False
C008032,Cote-Nord,26.66,49483,14,0.21168190499691059,0,0,False
C012968,Capitale-Nationale,28.04,78439,7,0.30906156148060826,0,0,False
C010577,Montreal,31.32,106579,13,0.9921168144655627,1,1,False
C005872,Montreal,30.42,88377,12,0.9681405137794182,1,1,False
C005983,Bas-Saint-Laurent,25.4,73966,13,0.03819556059267075,0,0,False
C001360,Montreal,23.8,54820,11,0.003030817619114061,0,0,False
C004257,Montreal,28.49,47766,4,0.3146671696177696,0,0,False
C011107,Bas-Saint-Laurent,21.18,79613,11,8.579076567008752e-05,0,0,False
C012329,Bas-Saint-Laurent,28.55,71439,15,0.8106627247004938,1,1,False
C003776,Montreal,27.54,32803,12,0.37575088823493175,0,0,False
C007974,Capitale-Nationale,31.82,113753,9,0.9912833722690523,1,1,False
C002577,Bas-Saint-Laurent,23.27,44063,9,0.0009980830645128437,0,0,False
C005891,Montreal,23.11,53851,10,0.000976070294338293,0,0,False
C013659,Gaspesie-Iles-de-la-Madeleine,26.32,37174,18,0.26980622649123454,0,0,False
C001794,Gaspesie-Iles-de-la-Madeleine,26.98,26499,8,0.1138146840394485,0,0,False
C006458,Gaspesie-Iles-de-la-Madeleine,23.14,54796,10,0.0010167276753165978,0,0,False
C001840,Cote-Nord,22.91,62162,13,0.001336053522006125,0,0,False
C012524,Capitale-Nationale,29.41,108463,10,0.8385722619709931,1,1,False
C003592,Cote-Nord,32.04,67387,19,0.99907870008151,1,1,False
C006702,Cote-Nord,21.64,50096,13,0.00023727733590529253,0,0,False
C004541,Gaspesie-Iles-de-la-Madeleine,28.71,46321,12,0.7475434662435014,1,1,False
C008108,Bas-Saint-Laurent,26.95,55255,9,0.13037367415432188,0,0,False
C009799,Capitale-Nationale,26.74,92471,10,0.12046148694749563,0,0,False
C000030,Cote-Nord,36.04,22343,15,0.9999913104000459,1,1,False
C001149,Montreal,26.56,59116,9,0.08100887933064806,0,0,False
C013449,Capitale-Nationale,27.38,73124,10,0.24664507359557292,0,0,False
C008943,Montreal,30.84,100939,10,0.9732695797007624,1,1,False
C008091,Cote-Nord,29.39,42813,10,0.8348515794325817,1,1,False
C012450,Montreal,28.08,68730,8,0.3648218596695632,0,0,False
C001095,Gaspesie-Iles-de-la-Madeleine,28.63,89054,18,0.8956590909980846,1,1,False
C012326,Montreal,25.57,107740,8,0.01848139446074928,0,0,False
C003518,Montreal,28.36,153111,9,0.5055805286730177,0,0,False
C007701,Montreal,28.06,105583,6,0.2743182132003603,0,0,False
C001833,Montreal,31.06,110889,5,0.9486657677272795,1,1,False
C013421,Montreal,26.34,105419,6,0.03506259293350888,0,0,False
C005836,Capitale-Nationale,23.98,38959,11,0.0038693828698052285,0,0,False
C001520,Montreal,31.78,98996,6,0.983579394233336,1,1,False
C004938,Capitale-Nationale,22.23,69632,6,0.000134815115743021,0,0,False
C004490,Gaspesie-Iles-de-la-Madeleine,25.66,25296,12,0.04446372711626285,0,0,False
C000686,Montreal,31.06,117481,8,0.9707825902382593,1,1,False
C011717,Capitale-Nationale,26.13,131832,6,0.026574138626190257,0,0,False
C006303,Gaspesie-Iles-de-la-Madeleine,26.82,76020,15,0.2887628121897939,0,0,False
C008345,Gaspesie-Iles-de-la-Madeleine,27.25,49886,10,0.21524313048753968,0,0,False
C001283,Montreal,28.69,133836,7,0.5201360530265645,0,0,False
C004425,Capitale-Nationale,23.94,43797,8,0.0020417788487146647,0,0,False
C009143,Bas-Saint-Laurent,32.95,56898,8,0.99771004504848,1,1,False
C006906,Capitale-Nationale,28.25,97621,7,0.37319006992059717,0,0,False
C011091,Gaspesie-Iles-de-la-Madeleine,27.81,45587,15,0.6098476963961966,0,0,False
C005986,Capitale-Nationale,29.51,47664,13,0.9145461255356759,1,1,False
C002781,Gaspesie-Iles-de-la-Madeleine,28.0,34281,21,0.8674584189357905,1,0,True
C010956,Capitale-Nationale,29.1,61342,10,0.7730334158177701,1,1,False
C012163,Gaspesie-Iles-de-la-Madeleine,28.16,54753,19,0.8462450324947577,1,1,False
C003777,Montreal,27.82,50515,14,0.565801768551544,0,0,False
C006155,Montreal,28.07,60143,6,0.2770372108831231,0,0,False
C008624,Montreal,32.31,107772,10,0.9963030455494625,1,1,False
C000084,Cote-Nord,29.08,21471,9,0.7315968234519236,1,1,False
C006305,Capitale-Nationale,27.43,78355,9,0.22373215825079454,0,0,False
C003396,Montreal,26.91,78545,12,0.20334990818653081,0,0,False
C007437,Gaspesie-Iles-de-la-Madeleine,30.5,28865,13,0.9763052908917553,1,1,False
C002161,Bas-Saint-Laurent,26.55,22702,15,0.21941881517981174,0,0,False
C009410,Montreal,23.1,347143,11,0.0011705972100102225,0,0,False
C004733,Capitale-Nationale,30.21,68866,8,0.9126079356713142,1,1,False
C010001,Capitale-Nationale,25.54,78035,8,0.01775476411559514,0,0,False
C011773,Capitale-Nationale,19.16,38028,10,4.50791133834717e-06,0,0,False
C011479,Capitale-Nationale,33.03,46572,9,0.9983101294520227,1,1,False
C011991,Capitale-Nationale,36.23,104212,14,0.9999918423770247,1,1,False
C013514,Capitale-Nationale,27.4,32806,12,0.3321982064466402,0,0,False
C011376,Gaspesie-Iles-de-la-Madeleine,24.29,103401,13,0.008683863406100277,0,0,False
C005626,Capitale-Nationale,25.85,108006,6,0.01830410630129185,0,0,False
C007147,Cote-Nord,32.61,35294,8,0.9963666354014356,1,1,False
C002813,Montreal,31.7,62685,9,0.9897519335292924,1,1,False
C011580,Capitale-Nationale,29.81,57003,8,0.8582981297610869,1,1,False
C008703,Montreal,22.82,138079,17,0.002580817772287013,0,0,False
C001116,Capitale-Nationale,27.15,114262,6,0.09868160016377668,0,0,False
C009615,Montreal,24.19,55205,6,0.001941094347251555,0,0,False
C012527,Montreal,26.25,55430,6,0.031144420774687515,0,0,False
C008203,Montreal,31.21,101628,7,0.9710285447787895,1,1,False
C012695,Cote-Nord,25.15,36852,16,0.04834337423733593,0,0,False
C011990,Gaspesie-Iles-de-la-Madeleine,29.82,19664,14,0.9520345876874183,1,1,False
C011636,Montreal,27.72,75869,11,0.3874448658769074,0,0,False
C008701,Montreal,26.92,127516,13,0.23933585296219825,0,0,False
C005315,Gaspesie-Iles-de-la-Madeleine,25.34,60612,14,0.04260490147444884,0,0,False
C007237,Bas-Saint-Laurent,27.93,40275,9,0.36280658955338785,0,0,False
C007160,Montreal,26.78,66859,11,0.14956036612101437,0,0,False
C010891,Gaspesie-Iles-de-la-Madeleine,22.91,89024,8,0.0005029936084226661,0,0,False
C012994,Capitale-Nationale,27.03,80102,10,0.16893733332079727,0,0,False
C009286,Gaspesie-Iles-de-la-Madeleine,27.33,96923,17,0.5459088105462162,0,0,False
C009903,Capitale-Nationale,33.17,46202,12,0.9992225299166209,1,1,False
C001969,Montreal,28.91,64518,9,0.6837916975680388,1,1,False
C010538,Montreal,26.57,49185,6,0.04734733378196386,0,0,False
C000968,Cote-Nord,24.53,35864,20,0.04556685336899993,0,0,False
C008995,Cote-Nord,27.39,73184,21,0.7403984809617228,1,0,True
C005254,Montreal,23.86,76795,7,0.0015066309698370114,0,0,False
C002699,Montreal,32.83,172064,14,0.9991646349016792,1,1,False
C003838,Bas-Saint-Laurent,25.9,58286,18,0.17257087612172378,0,0,False
C009948,Montreal,22.13,56288,17,0.0010101654997343391,0,0,False
C004321,Capitale-Nationale,25.51,76752,9,0.020663803389584935,0,0,False
C011612,Montreal,31.94,81781,5,0.9839360819741787,1,1,False
C008431,Gaspesie-Iles-de-la-Madeleine,30.4,50627,12,0.9672897078335378,1,1,False
C007080,Montreal,28.95,94017,11,0.7715021111881629,1,1,False
C013418,Montreal,28.36,51971,9,0.5055805286730177,0,0,False
C009320,Montreal,27.01,94674,14,0.301908597493322,0,0,False
C012879,Montreal,29.92,41158,6,0.8263417692694057,1,1,False
C006955,Bas-Saint-Laurent,29.86,38877,9,0.8874402481602442,1,1,False
C001367,Montreal,21.86,68130,8,0.00012044417547386301,0,0,False
C005263,Bas-Saint-Laurent,26.34,65298,10,0.07359441609851758,0,0,False
C006732,Gaspesie-Iles-de-la-Madeleine,31.79,36820,15,0.9971743732642073,1,1,False
C001937,Gaspesie-Iles-de-la-Madeleine,27.97,34737,6,0.25060751080740323,0,0,False
C009991,Cote-Nord,27.06,20441,8,0.12527268042479936,0,0,False
C010555,Cote-Nord,23.01,27904,10,0.0008519177148163742,0,0,False
C008397,Gaspesie-Iles-de-la-Madeleine,32.88,29337,13,0.9990511818008789,1,1,False
C013149,Montreal,25.53,60077,5,0.009820219123750248,0,0,False
C004788,Capitale-Nationale,31.0,54425,14,0.9899979674244805,1,1,False
C013056,Capitale-Nationale,28.71,80708,10,0.6669584850032745,1,0,True
C007289,Capitale-Nationale,29.55,124649,9,0.8379065154145316,1,1,False
C006321,Capitale-Nationale,26.31,64244,12,0.10133295298905676,0,0,False
C006522,Capitale-Nationale,28.3,80505,8,0.43661174304013595,0,0,False
C002796,Cote-Nord,24.98,58964,17,0.04671645491575505,0,0,False
C013632,Montreal,30.25,100227,4,0.8345445333357383,1,1,False
C000991,Montreal,25.05,69405,10,0.013528682738098432,0,0,False
C011678,Montreal,29.18,57915,8,0.7197782467510362,1,1,False
C007064,Capitale-Nationale,25.1,74814,5,0.0054919244642532665,0,0,False
C010417,Montreal,22.71,90540,11,0.0006886222977052048,0,0,False
C000915,Capitale-Nationale,30.33,71561,10,0.9478660738543612,1,1,False
C002824,Montreal,26.72,87825,6,0.05746015354951455,0,0,False
C005427,Cote-Nord,29.27,54437,16,0.9327854070412953,1,1,False
C013129,Montreal,26.68,108900,8,0.07864790043119153,0,0,False
C002877,Capitale-Nationale,26.59,53612,8,0.07021356675570084,0,0,False
C009443,Capitale-Nationale,29.99,57758,7,0.8642191134565794,1,1,False
C001165,Cote-Nord,26.0,47316,16,0.13914144489033678,0,0,False
C003086,Montreal,34.63,90853,6,0.9996556390846143,1,1,False
C003779,Bas-Saint-Laurent,27.73,39028,18,0.7159329033937614,1,0,True
C000636,Bas-Saint-Laurent,22.44,21869,13,0.000704940360121496,0,0,False
C005542,Capitale-Nationale,29.24,61506,3,0.511830663379498,0,1,True
C008606,Montreal,28.08,76367,8,0.3648218596695632,0,0,False
C009668,Bas-Saint-Laurent,31.19,51559,10,0.9832332745051379,1,1,False
C000632,Capitale-Nationale,22.81,127538,16,0.002094741760564592,0,0,False
C001820,Capitale-Nationale,29.68,77762,14,0.9425397500492276,1,1,False
C000258,Gaspesie-Iles-de-la-Madeleine,28.36,67304,16,0.800775376780544,1,1,False
C011797,Montreal,26.8,142246,6,0.06365230572400397,0,0,False
C012040,Bas-Saint-Laurent,27.2,58277,14,0.35904655566811555,0,0,False
C013717,Capitale-Nationale,31.57,44347,9,0.9877915779966201,1,1,False
C005813,Montreal,27.74,116014,9,0.3053553325770194,0,0,False
C005501,Montreal,26.81,74232,8,0.09247005318458049,0,0,False
C003563,Cote-Nord,25.27,49757,11,0.022005660418039554,0,0,False
C001896,Cote-Nord,31.45,41198,8,0.9826113608171622,1,1,False
C004179,Montreal,30.47,47667,10,0.9565213797067653,1,1,False
C012585,Montreal,23.88,46590,10,0.0027800605281444665,0,0,False
C007656,Cote-Nord,24.79,24373,16,0.03017554496730598,0,0,False
C007543,Capitale-Nationale,32.21,82024,9,0.9948563060880854,1,1,False
C002637,Cote-Nord,29.11,51959,15,0.9017540823093502,1,1,False
C010774,Gaspesie-Iles-de-la-Madeleine,29.64,87315,11,0.8962632793546192,1,1,False
C001320,Montreal,29.92,43118,5,0.7964694926726433,1,1,False
C009866,Capitale-Nationale,25.52,225311,11,0.030656276536454984,0,0,False
C002316,Capitale-Nationale,34.09,85458,8,0.9995142139481533,1,1,False
C010090,Capitale-Nationale,25.94,83661,6,0.020641298505277378,0,0,False
C011877,Cote-Nord,31.0,70045,15,0.9917598375138927,1,1,False
C002632,Gaspesie-Iles-de-la-Madeleine,29.44,70816,10,0.8440259820123073,1,1,False
C004804,Bas-Saint-Laurent,28.89,63124,12,0.7909493614897464,1,1,False
C007625,Montreal,28.15,102071,10,0.4829852336263726,0,0,False
C013309,Montreal,26.23,66105,12,0.09183470815148868,0,0,False
C005453,Montreal,31.09,92395,3,0.9286713397874031,1,1,False
C010264,Capitale-Nationale,27.55,69089,5,0.1343734506638902,0,0,False
C002965,Gaspesie-Iles-de-la-Madeleine,28.58,57777,9,0.5797859322814182,0,1,True
C002299,Cote-Nord,26.03,55185,11,0.059562427485507226,0,0,False
C012233,Capitale-Nationale,26.17,103642,13,0.10178094282818179,0,0,False
C002105,Cote-Nord,28.13,38355,9,0.42779199245254057,0,1,True
C011426,Montreal,23.92,53987,10,0.002935226614094785,0,0,False
C007171,Montreal,31.69,36710,9,0.989612891682586,1,1,False
C005661,Bas-Saint-Laurent,27.96,38702,19,0.8073855641740117,1,0,True
C008855,Montreal,27.62,121888,12,0.4016276099452837,0,0,False
C007971,Bas-Saint-Laurent,23.35,37388,12,0.001999011891720966,0,0,False
C009288,Montreal,32.7,56789,8,0.9967843605631472,1,1,False
C006690,Capitale-Nationale,29.2,68247,5,0.5948270377713111,0,1,True
C006848,Cote-Nord,23.09,56868,7,0.000528535315789939,0,0,False
C011893,Montreal,27.71,91113,13,0.47986350269941314,0,0,False
C009692,Montreal,28.78,75334,10,0.6877838544593902,1,0,True
C000419,Gaspesie-Iles-de-la-Madeleine,29.2,35826,7,0.6846121535289394,1,1,False
C008216,Montreal,25.32,75324,5,0.007395960651002295,0,0,False
C006412,Capitale-Nationale,32.65,66645,12,0.9984229314445924,1,1,False
C012289,Gaspesie-Iles-de-la-Madeleine,24.73,96370,8,0.005963268295931715,0,0,False
C006481,Capitale-Nationale,29.49,73088,7,0.7631340318659222,1,1,False
C003810,Cote-Nord,26.48,49279,9,0.07326037071360657,0,0,False
C012986,Gaspesie-Iles-de-la-Madeleine,35.38,107790,9,0.9999310032320309,1,1,False
C003836,Montreal,28.69,78137,8,0.5685982064727818,0,0,False
C000822,Capitale-Nationale,25.27,32150,6,0.008392940791886544,0,0,False
C007818,Montreal,25.92,53762,9,0.03556436853936169,0,0,False
C001033,Montreal,28.13,66235,16,0.7461075474740649,1,0,True
C011731,Gaspesie-Iles-de-la-Madeleine,28.79,52630,13,0.8005978085059061,1,1,False
C011560,Montreal,33.22,48474,6,0.9976558697304497,1,1,False
C011785,Capitale-Nationale,25.46,53679,9,0.01933003417624935,0,0,False
C002768,Montreal,28.95,82204,7,0.6069780138545522,0,1,True
C002687,Montreal,31.3,51388,9,0.9824619631224122,1,1,False
C005349,Gaspesie-Iles-de-la-Madeleine,31.6,66447,12,0.9934442500496636,1,1,False
C012013,Montreal,32.43,148145,5,0.9916921596921193,1,1,False
C000681,Capitale-Nationale,30.34,94251,16,0.983492453689358,1,1,False
C002435,Bas-Saint-Laurent,29.14,110701,12,0.8417197279848265,1,1,False
C006885,Montreal,28.78,42507,7,0.5506110361571401,0,0,False
C007537,Montreal,30.08,74845,5,0.8295219762748579,1,1,False
C013657,Montreal,33.61,97239,7,0.9988651271369443,1,1,False
C003747,Montreal,25.87,114026,10,0.04020466834768318,0,0,False
C007966,Montreal,27.07,89995,9,0.15004398079626008,0,0,False
C009128,Capitale-Nationale,28.92,93705,5,0.5006709057330591,0,1,True
C007838,Montreal,23.66,48243,8,0.0013954206078308044,0,0,False
C005568,Capitale-Nationale,30.04,114375,9,0.9096986563917977,1,1,False
C005761,Bas-Saint-Laurent,29.77,51499,13,0.9384563907501912,1,1,False
C013524,Capitale-Nationale,27.03,77317,10,0.16893733332079727,0,0,False
C005857,Capitale-Nationale,28.28,41361,8,0.42992468104046755,0,0,False
C005919,Cote-Nord,25.68,46138,19,0.15821886977693686,0,0,False
C002385,Bas-Saint-Laurent,22.62,53807,8,0.00033894968699020275,0,0,False
C000265,Montreal,27.01,63920,7,0.09911916129143197,0,0,False
C009530,Bas-Saint-Laurent,24.73,103934,11,0.010670796925522944,0,0,False
C002985,Montreal,28.89,121892,7,0.5873268628654684,0,1,True
C001705,Montreal,27.28,56679,8,0.16194217790730134,0,0,False
C012682,Gaspesie-Iles-de-la-Madeleine,30.13,59415,16,0.978147338385909,1,1,False
C005494,Gaspesie-Iles-de-la-Madeleine,26.84,36517,11,0.16025230875118054,0,0,False
C005374,Gaspesie-Iles-de-la-Madeleine,24.41,52239,11,0.006927828230927807,0,0,False
C005908,Cote-Nord,24.84,44161,7,0.0056980552811968736,0,0,False
C003297,Bas-Saint-Laurent,24.39,44549,14,0.012058523785888564,0,0,False
C007302,Gaspesie-Iles-de-la-Madeleine,24.48,59791,11,0.007615396275215384,0,0,False
C011815,Gaspesie-Iles-de-la-Madeleine,23.95,39527,10,0.003057241255326909,0,0,False
C012897,Bas-Saint-Laurent,28.0,38569,13,0.5779345713883224,0,0,False
C005864,Montreal,31.4,114243,11,0.989573786948167,1,1,False
C012916,Capitale-Nationale,30.55,104818,8,0.9431535990939405,1,1,False
C002770,Gaspesie-Iles-de-la-Madeleine,29.43,41127,15,0.9341715957366951,1,1,False
C006627,Capitale-Nationale,27.55,89993,9,0.25338392137212123,0,0,False
C000083,Montreal,26.14,83381,3,0.0151587083380693,0,0,False
C001297,Montreal,26.59,58246,11,0.11954201604130488,0,0,False
C011749,Cote-Nord,28.09,72886,11,0.5114379149934714,0,0,False
C012094,Montreal,26.67,54609,6,0.05388199448668033,0,0,False
C011423,Montreal,25.35,73815,8,0.013763064681621738,0,0,False
C005931,Capitale-Nationale,29.09,56379,4,0.5096549120081273,0,1,True
C005578,Montreal,32.37,59655,11,0.9971956908890949,1,1,False
C012071,Cote-Nord,24.94,74657,15,0.030431401328376496,0,0,False
C007089,Gaspesie-Iles-de-la-Madeleine,20.21,29795,11,2.289997117937097e-05,0,0,False
C011179,Gaspesie-Iles-de-la-Madeleine,28.71,36815,20,0.9340063189095823,1,1,False
C000251,Gaspesie-Iles-de-la-Madeleine,25.77,62673,18,0.14873781671600697,0,0,False
C011613,Montreal,29.19,43257,3,0.49481194195988565,0,1,True
C008363,Cote-Nord,23.86,57158,19,0.015522579885123993,0,0,False
C006312,Capitale-Nationale,31.08,50069,13,0.9891029180667756,1,1,False
C001558,Montreal,26.85,105356,9,0.11569672015155306,0,0,False
C003947,Capitale-Nationale,28.89,24170,13,0.8214502043951448,1,1,False
C001831,Bas-Saint-Laurent,26.73,73713,16,0.30398221420296195,0,0,False
C001513,Montreal,24.36,92188,8,0.0036116207197785274,0,0,False
C011791,Capitale-Nationale,28.07,150349,11,0.504631331851618,0,0,False
C008419,Bas-Saint-Laurent,26.91,29312,11,0.17349836416552064,0,0,False
C005969,Montreal,28.64,83572,11,0.6888372096362883,1,0,True
C001511,Gaspesie-Iles-de-la-Madeleine,23.21,111726,14,0.002441629420670764,0,0,False
C000506,Capitale-Nationale,28.43,105096,13,0.7109138911894582,1,0,True
C003179,Capitale-Nationale,27.26,120551,9,0.18610275083942962,0,0,False
C007607,Cote-Nord,30.82,34619,16,0.9913448093475795,1,1,False
C005624,Montreal,29.81,41774,10,0.8995576196772812,1,1,False
C006676,Cote-Nord,21.9,33084,11,0.0002286482479117478,0,0,False
C002333,Capitale-Nationale,27.86,43625,12,0.4820370992151871,0,0,False
C011929,Capitale-Nationale,24.23,89859,7,0.0024910757246684695,0,0,False
C013086,Cote-Nord,29.13,52583,16,0.9198011469762049,1,1,False
C000219,Capitale-Nationale,28.33,71189,7,0.3990031579462479,0,0,False
C011658,Montreal,27.45,85294,8,0.19586199900393314,0,0,False
C008373,Montreal,27.94,38568,8,0.32188275898410784,0,0,False
C010372,Gaspesie-Iles-de-la-Madeleine,27.98,62105,10,0.4256619838817521,0,0,False
C010030,Montreal,27.31,46198,10,0.229364269317478,0,0,False
C001083,Bas-Saint-Laurent,25.48,47805,15,0.061452785678973776,0,0,False
C000742,Montreal,28.39,144029,10,0.5643216321847605,0,0,False
C002790,Capitale-Nationale,28.4,96229,5,0.33061721637795166,0,0,False
C011992,Gaspesie-Iles-de-la-Madeleine,29.83,54579,10,0.9019916568997913,1,1,False
C008024,Capitale-Nationale,26.58,38089,9,0.08305961133136956,0,0,False
C001099,Bas-Saint-Laurent,25.93,61240,21,0.28089515563339357,0,0,False
C005481,Montreal,27.64,50536,6,0.1758483877183971,0,0,False
C007132,Capitale-Nationale,31.95,44503,8,0.9911218233870173,1,1,False
C002016,Montreal,32.11,25123,8,0.9928474745273588,1,1,False
C005071,Capitale-Nationale,25.18,74190,10,0.016106376072160377,0,0,False
C002326,Montreal,27.76,79642,11,0.4004482316624379,0,0,False
C000269,Montreal,29.68,44064,7,0.8066924736380238,1,1,False
C007135,Montreal,31.17,25137,15,0.993451492637723,1,1,False
C012796,Bas-Saint-Laurent,30.18,44696,11,0.9474341253139517,1,1,False
C005323,Capitale-Nationale,26.51,123151,11,0.1085431307428513,0,0,False
C000032,Capitale-Nationale,24.25,56595,7,0.002559673342445589,0,0,False
C012345,Cote-Nord,26.14,156028,13,0.09810659263935259,0,0,False
C005716,Montreal,27.6,69031,14,0.4912936189194814,0,0,False
C002378,Montreal,29.33,46527,5,0.6366783922850987,0,1,True
C012649,Capitale-Nationale,20.52,74378,5,1.0804830418085233e-05,0,0,False
C013844,Cote-Nord,25.44,43139,16,0.07011102034025483,0,0,False
C013857,Gaspesie-Iles-de-la-Madeleine,26.27,43801,15,0.16106442815138308,0,0,False
C003194,Gaspesie-Iles-de-la-Madeleine,20.42,52380,10,2.5066740345740012e-05,0,0,False
C001448,Bas-Saint-Laurent,24.53,21400,13,0.012000172035163362,0,0,False
C013032,Bas-Saint-Laurent,26.96,45839,15,0.3294300818432512,0,0,False
C002312,Capitale-Nationale,29.71,59484,8,0.8409157091283662,1,1,False
C005647,Capitale-Nationale,29.4,99839,5,0.6584275056564066,1,1,False
C004456,Bas-Saint-Laurent,27.87,47513,13,0.5342663789254479,0,0,False
C013663,Capitale-Nationale,25.83,104898,10,0.038154705815097334,0,0,False
C003407,Gaspesie-Iles-de-la-Madeleine,26.43,43180,12,0.11721226783069191,0,0,False
C008199,Gaspesie-Iles-de-la-Madeleine,28.06,118730,19,0.8276809151773376,1,0,True
C009381,Gaspesie-Iles-de-la-Madeleine,24.16,69080,15,0.010734564026197688,0,0,False
C001176,Gaspesie-Iles-de-la-Madeleine,25.69,24722,15,0.08016485635346723,0,0,False
C002003,Montreal,24.41,116041,13,0.010209605014994756,0,0,False
C007804,Cote-Nord,23.71,60491,18,0.010460690906577577,0,0,False
C002311,Montreal,25.74,42757,9,0.028050349466294946,0,0,False
C012535,Gaspesie-Iles-de-la-Madeleine,23.72,57102,13,0.0040148599727344815,0,0,False
C010705,Bas-Saint-Laurent,31.57,30991,13,0.9943785654923182,1,1,False
C007384,Bas-Saint-Laurent,29.08,31352,14,0.8787313740341445,1,1,False
C011348,Cote-Nord,26.89,52193,12,0.19897369513118499,0,0,False
C005911,Montreal,29.07,50385,13,0.8546202413377916,1,1,False
C001761,Capitale-Nationale,28.5,106635,10,0.600729567326742,0,0,False
C012471,Montreal,26.25,94727,10,0.06566340305582051,0,0,False
C007410,Gaspesie-Iles-de-la-Madeleine,29.48,36601,9,0.8245400715088292,1,1,False
C007696,Gaspesie-Iles-de-la-Madeleine,20.31,73701,11,2.624042711082411e-05,0,0,False
C007349,Montreal,29.17,120726,9,0.7549688918509523,1,1,False
C011935,Capitale-Nationale,26.37,60835,6,0.036471261389996866,0,0,False
C008509,Capitale-Nationale,29.06,79509,9,0.7262155092206165,1,1,False
C006723,Montreal,29.31,46972,10,0.8192795846093621,1,1,False
C006637,Montreal,31.27,63220,9,0.9817440376893699,1,1,False
C007745,Montreal,27.38,103819,11,0.28474608408583585,0,0,False
C012645,Cote-Nord,27.55,89011,18,0.6635761765875003,1,0,True
C008034,Cote-Nord,27.51,51038,18,0.6513104308811138,1,0,True
C004985,Gaspesie-Iles-de-la-Madeleine,23.64,35568,14,0.004376505232420302,0,0,False
C004919,Cote-Nord,30.98,45979,11,0.9816758573217712,1,1,False
C008891,Cote-Nord,26.89,37736,9,0.12138705503529627,0,0,False
C006193,Cote-Nord,25.77,88283,9,0.02918581636084469,0,0,False
C004175,Capitale-Nationale,27.8,97689,4,0.15213479340064445,0,0,False
C000220,Capitale-Nationale,24.68,75168,12,0.012103843998384801,0,0,False
C001470,Montreal,23.07,95171,3,0.0002353288119075578,0,0,False
C012507,Capitale-Nationale,23.41,60313,11,0.0017842945565339791,0,0,False
C010621,Gaspesie-Iles-de-la-Madeleine,24.63,57120,18,0.03567903841282259,0,0,False
C003824,Montreal,24.57,65626,9,0.0058323874534506395,0,0,False
C013277,Montreal,26.77,177118,11,0.14783665741216345,0,0,False
C012427,Capitale-Nationale,29.73,102880,6,0.7860365875055331,1,1,False
C012617,Capitale-Nationale,25.76,44392,8,0.02380851473509167,0,0,False
C005771,Montreal,29.78,71558,7,0.8270452099819154,1,1,False
C013769,Montreal,28.36,29165,5,0.31867614553966633,0,0,False
C001960,Gaspesie-Iles-de-la-Madeleine,29.71,73256,12,0.9203595777265641,1,1,False
C000176,Bas-Saint-Laurent,25.81,21709,6,0.017350626876693025,0,0,False
C010502,Bas-Saint-Laurent,25.22,79372,11,0.02058710018969827,0,0,False
C002422,Montreal,22.4,57927,4,0.00011492947551430837,0,0,False
C004599,Gaspesie-Iles-de-la-Madeleine,28.69,76043,7,0.5201360530265645,0,1,True
C005915,Gaspesie-Iles-de-la-Madeleine,23.82,86500,12,0.0037842833292342465,0,0,False
C010447,Bas-Saint-Laurent,27.53,22991,16,0.564868681754333,0,0,False
C001788,Montreal,28.21,80307,8,0.4067356281995151,0,0,False
C007598,Montreal,25.7,90283,7,0.018148303392909314,0,0,False
C004996,Cote-Nord,29.38,45539,13,0.8996581088410702,1,1,False
C005350,Montreal,25.52,40831,9,0.020941171991949236,0,0,False
C011583,Bas-Saint-Laurent,25.72,72010,16,0.09941762648041592,0,0,False
C000458,Bas-Saint-Laurent,30.01,62683,10,0.9216266842673502,1,1,False
C006109,Montreal,28.46,167186,8,0.4907374636722034,0,0,False
C006653,Montreal,31.58,71044,9,0.9879547032029312,1,1,False
C003060,Montreal,34.31,95514,7,0.999562187379981,1,1,False
C004232,Capitale-Nationale,34.38,52647,6,0.9995160541786193,1,1,False
C004543,Montreal,26.5,98892,3,0.02451386234381496,0,0,False
C000866,Capitale-Nationale,28.0,67913,12,0.5296536495141021,0,0,False
C013468,Montreal,29.22,62171,7,0.690462651649195,1,1,False
C003282,Montreal,31.26,126851,14,0.9929591021323405,1,1,False
C007127,Montreal,25.69,109226,8,0.02169088137728783,0,0,False
C010025,Cote-Nord,31.96,74813,12,0.995974383907005,1,1,False
C008041,Capitale-Nationale,26.83,47008,4,0.045703769522821173,0,0,False
C009588,Montreal,28.88,51196,7,0.5840226036868916,0,1,True
C008615,Gaspesie-Iles-de-la-Madeleine,31.42,29344,17,0.9968382508916198,1,1,False
C012096,Cote-Nord,28.26,77832,12,0.6160446509829474,0,1,True
C009235,Capitale-Nationale,28.14,40135,5,0.2574176279234123,0,0,False
C000590,Capitale-Nationale,27.09,85373,8,0.12981802217377286,0,0,False
C008082,Capitale-Nationale,27.07,48215,9,0.15004398079626008,0,0,False
C002228,Bas-Saint-Laurent,20.74,47325,16,0.00012526861863285858,0,0,False
C000940,Montreal,23.72,219916,9,0.0018404274716293662,0,0,False
C001424,Montreal,29.89,114220,11,0.9239172097576837,1,1,False
C002095,Cote-Nord,35.64,21748,9,0.9999515737986522,1,1,False
C001269,Montreal,22.33,73466,10,0.000337665506796155,0,0,False
C004239,Gaspesie-Iles-de-la-Madeleine,25.07,93048,13,0.024711868366115258,0,0,False
C013733,Gaspesie-Iles-de-la-Madeleine,31.44,23285,15,0.9954569541629159,1,1,False
C010999,Cote-Nord,31.7,22483,6,0.9817240849679018,1,1,False
C000271,Capitale-Nationale,29.62,146734,8,0.8238286122766922,1,1,False
C013273,Montreal,24.77,68735,11,0.011261402475790522,0,0,False
C009987,Montreal,26.46,78193,10,0.08554073217661169,0,0,False
C010314,Cote-Nord,27.56,29396,21,0.7823693992495497,1,0,True
C000253,Cote-Nord,23.91,62312,10,0.002895643791658027,0,0,False
C009428,Capitale-Nationale,23.5,26085,11,0.0020164581104056807,0,0,False
C012408,Capitale-Nationale,28.37,61458,7,0.41213344636230503,0,0,False
C009196,Montreal,28.53,33403,6,0.4175524811924912,0,0,False
C001608,Montreal,27.91,81338,12,0.49905048254234924,0,0,False
C009456,Gaspesie-Iles-de-la-Madeleine,28.92,14850,10,0.7271906335596415,1,1,False
C005906,Bas-Saint-Laurent,26.18,48500,12,0.08631199704843819,0,0,False
C002368,Capitale-Nationale,27.3,36746,11,0.263088970290571,0,0,False
C011111,Montreal,24.79,96094,3,0.0024427480735147713,0,0,False
C000227,Montreal,30.33,85295,9,0.9373122815229715,1,1,False
C013671,Gaspesie-Iles-de-la-Madeleine,26.19,54810,12,0.08739192236679474,0,0,False
C002338,Capitale-Nationale,30.0,58134,9,0.905123339733268,1,1,False
C004328,Cote-Nord,26.48,61236,16,0.2370668318191774,0,0,False
C010629,Capitale-Nationale,22.4,37686,6,0.00016992486893508752,0,0,False
C007664,Montreal,25.64,31654,12,0.043320901811186446,0,0,False
C005938,Bas-Saint-Laurent,30.8,73300,10,0.9718154312022174,1,1,False
C010441,Montreal,30.18,52497,5,0.847924196476554,1,1,False
C002234,Montreal,24.24,50170,7,0.0025251421948929735,0,0,False
C003881,Montreal,28.42,42973,8,0.47713546865815354,0,0,False
C003047,Gaspesie-Iles-de-la-Madeleine,30.86,50615,22,0.9974488303364819,1,1,False
C013927,Bas-Saint-Laurent,28.33,131035,16,0.7941781556854859,1,1,False
C008532,Bas-Saint-Laurent,26.36,51366,10,0.07547286639060692,0,0,False
C006564,Capitale-Nationale,24.73,153989,11,0.010670796925522944,0,0,False
C001089,Montreal,24.71,133368,10,0.008557977936236713,0,0,False
C003600,Bas-Saint-Laurent,25.38,39110,16,0.06496796007762705,0,0,False
C005433,Montreal,19.14,51229,12,6.486291016970664e-06,0,0,False
C003899,Bas-Saint-Laurent,23.49,30539,13,0.002938484767690159,0,0,False
C003170,Cote-Nord,31.63,31781,20,0.9986763754729355,1,1,False
C008330,Montreal,25.0,68950,13,0.022515740010279985,0,0,False
C008528,Gaspesie-Iles-de-la-Madeleine,22.56,71802,19,0.0026779789632291927,0,0,False
C013814,Capitale-Nationale,26.84,144638,14,0.25545768471459235,0,0,False
C012448,Cote-Nord,27.66,49810,8,0.24482500369347726,0,0,False
C006270,Capitale-Nationale,27.89,74523,7,0.26722187838170636,0,0,False
C006124,Montreal,27.37,51753,7,0.15227837202112493,0,0,False
C010582,Capitale-Nationale,29.02,93963,8,0.6738151612361507,1,1,False
C002518,Montreal,29.03,60445,11,0.7901363648541793,1,1,False
C003238,Gaspesie-Iles-de-la-Madeleine,27.62,45603,18,0.6845130008605727,1,0,True
C001848,Cote-Nord,23.86,109988,10,0.0027055726947036985,0,0,False
C002165,Capitale-Nationale,21.98,54593,13,0.0003769318167960866,0,0,False
C011989,Montreal,24.27,38222,7,0.0026301549758974783,0,0,False
C006176,Montreal,22.2,86801,5,0.00010643512830672385,0,0,False
C011796,Capitale-Nationale,28.62,41249,7,0.4963174533839038,0,0,False
C004107,Capitale-Nationale,27.27,42145,11,0.25524611354480375,0,0,False
C006247,Bas-Saint-Laurent,28.24,74214,9,0.4647884648376389,0,1,True
C001736,Montreal,32.06,33742,13,0.9971075618646271,1,1,False
C009210,Capitale-Nationale,28.54,55366,6,0.4208678131567566,0,0,False
C005642,Montreal,24.55,62603,10,0.00689413089735384,0,0,False
C011673,Montreal,27.36,83033,4,0.08971677429398284,0,0,False
C010692,Montreal,33.78,57594,10,0.9994989108826884,1,1,False
C012909,Gaspesie-Iles-de-la-Madeleine,33.74,27269,12,0.99964208266284,1,1,False
C011418,Gaspesie-Iles-de-la-Madeleine,25.35,46394,9,0.016685946134678286,0,0,False
C000704,Gaspesie-Iles-de-la-Madeleine,28.07,116170,13,0.6009964152143942,0,0,False
C013609,Bas-Saint-Laurent,30.18,38809,14,0.9700648438458448,1,1,False
C011533,Gaspesie-Iles-de-la-Madeleine,25.89,31106,13,0.07183323984058293,0,0,False
C007869,Montreal,25.69,55192,8,0.02169088137728783,0,0,False
C004254,Capitale-Nationale,28.42,51112,8,0.47713546865815354,0,0,False
C008148,Cote-Nord,29.72,53327,11,0.9059632598729938,1,1,False
C010618,Capitale-Nationale,28.9,80460,8,0.6369357348232071,0,1,True
C008355,Montreal,26.2,40282,11,0.07392986312274304,0,0,False
C002807,Gaspesie-Iles-de-la-Madeleine,29.19,45193,15,0.9109916293181992,1,1,False
C002245,Montreal,26.45,98403,5,0.03354687979085684,0,0,False
C011380,Montreal,27.47,96557,11,0.310349103112288,0,0,False
C012759,Gaspesie-Iles-de-la-Madeleine,23.99,47349,17,0.012568811618380742,0,0,False
C004550,Bas-Saint-Laurent,27.65,41818,10,0.321054492600121,0,0,False
C013315,Montreal,24.75,68044,6,0.00415195909674921,0,0,False
C008842,Cote-Nord,24.88,85192,14,0.02323414667250792,0,0,False
C005397,Capitale-Nationale,28.92,81519,7,0.5971914437764896,0,1,True
C001277,Montreal,28.34,29328,6,0.3562793347099216,0,0,False
C006943,Montreal,30.47,139159,13,0.9753416654760638,1,1,False
C006529,Bas-Saint-Laurent,30.74,47828,16,0.990358287580602,1,1,False
C002172,Cote-Nord,27.87,48557,13,0.5342663789254479,0,0,False
C007228,Montreal,24.14,47209,11,0.004806762844572254,0,0,False
C005671,Cote-Nord,25.42,52761,9,0.01832411065926603,0,0,False
C007466,Montreal,30.34,95598,2,0.7940713153590547,1,1,False
C012413,Capitale-Nationale,32.43,108065,9,0.9961827424626606,1,1,False
C012754,Capitale-Nationale,25.36,74441,15,0.0526767242115336,0,0,False
C001201,Montreal,26.86,68628,2,0.03263989865411522,0,0,False
C010740,Montreal,32.34,97900,8,0.9947606258773287,1,1,False
C012559,Bas-Saint-Laurent,33.31,60756,14,0.9995652987865689,1,1,False
C005783,Montreal,24.61,49587,6,0.003433790304471939,0,0,False
C007568,Capitale-Nationale,29.22,21924,7,0.690462651649195,1,1,False
C007471,Gaspesie-Iles-de-la-Madeleine,27.86,59848,14,0.5791317529935107,0,0,False
C009585,Montreal,30.07,118193,12,0.9496670159053497,1,1,False
C007378,Gaspesie-Iles-de-la-Madeleine,29.31,31985,13,0.8907196657801661,1,1,False
C009007,Gaspesie-Iles-de-la-Madeleine,27.02,30712,8,0.11942495518768835,0,0,False
C009949,Capitale-Nationale,25.54,40549,10,0.026030922013353757,0,0,False
C010160,Cote-Nord,21.47,72550,17,0.00041147721033352137,0,0,False
C002067,Montreal,31.71,66824,11,0.9931393915349152,1,1,False
C002107,Capitale-Nationale,30.69,28926,8,0.9525521093963697,1,1,False
C006658,Cote-Nord,31.45,40564,15,0.995518121672208,1,1,False
C010803,Montreal,31.86,97874,11,0.994399751326249,1,1,False
C006460,Capitale-Nationale,29.26,137559,8,0.7412157521941167,1,1,False
C003660,Montreal,28.37,70536,9,0.5089840166319498,0,0,False
C010347,Montreal,28.82,78977,9,0.656717477388189,1,0,True
C010695,Montreal,28.08,111591,10,0.4592397523602496,0,0,False
C000842,Bas-Saint-Laurent,27.61,49360,15,0.5434735013162647,0,0,False
C005738,Montreal,25.42,60229,15,0.05690599047203255,0,0,False
C010048,Montreal,26.25,142096,14,0.13318232647182596,0,0,False
C008542,Montreal,30.46,52075,8,0.936214827339424,1,1,False
C011605,Bas-Saint-Laurent,28.69,32148,10,0.6608819300117621,1,1,False
C010419,Capitale-Nationale,29.6,72249,12,0.9086661960370481,1,1,False
C006588,Gaspesie-Iles-de-la-Madeleine,32.06,46355,18,0.9989100039717028,1,1,False
C010218,Montreal,21.19,86175,8,4.837226544540297e-05,0,0,False
C003591,Gaspesie-Iles-de-la-Madeleine,26.53,51157,16,0.24960053971572013,0,0,False
C010673,Capitale-Nationale,27.35,46790,7,0.14879596445439058,0,0,False
C003245,Capitale-Nationale,24.55,59144,11,0.008370628381130106,0,0,False
C013338,Bas-Saint-Laurent,24.1,71872,14,0.00815656955982821,0,0,False
C013918,Montreal,35.3,42765,7,0.9998862454842914,1,1,False
C001580,Cote-Nord,27.8,46998,11,0.4135933484489534,0,0,False
C001403,Bas-Saint-Laurent,28.46,80406,9,0.539540257464729,0,1,True
C013324,Gaspesie-Iles-de-la-Madeleine,29.86,69878,9,0.8874402481602442,1,1,False
C007053,Montreal,27.85,45619,15,0.6227271122159322,0,0,False
C007950,Cote-Nord,32.5,43977,11,0.9976495832351765,1,1,False
C001261,Cote-Nord,25.25,40318,17,0.06610251847423564,0,0,False
C006722,Montreal,27.33,81923,7,0.14537953750927662,0,0,False
C005672,Montreal,26.89,64968,7,0.08545373535606735,0,0,False
C004387,Montreal,29.01,48884,6,0.57951482380229,0,1,True
C009819,Bas-Saint-Laurent,29.06,79738,6,0.5960097980563213,0,1,True
C001892,Gaspesie-Iles-de-la-Madeleine,25.13,110828,14,0.03235171628848837,0,0,False
C013537,Bas-Saint-Laurent,26.25,32428,5,0.025755181525957734,0,0,False
C012821,Montreal,29.55,89386,12,0.9028563255488224,1,1,False
C004714,Gaspesie-Iles-de-la-Madeleine,25.69,78318,11,0.03833530133953999,0,0,False
C001121,Bas-Saint-Laurent,22.38,82145,14,0.0007898738147969371,0,0,False
C005060,Bas-Saint-Laurent,29.32,67669,16,0.9369303488000537,1,1,False
C011288,Gaspesie-Iles-de-la-Madeleine,23.01,31924,14,0.0018606204626507978,0,0,False
C003775,Cote-Nord,31.23,36120,8,0.9766794820766662,1,1,False
C011816,Bas-Saint-Laurent,25.12,54563,13,0.026406983854599837,0,0,False
C000261,Capitale-Nationale,19.83,33034,6,5.134485826406224e-06,0,0,False
C001301,Cote-Nord,27.51,51612,20,0.7341726249327646,1,0,True
C011404,Montreal,33.15,65656,10,0.9988191758414112,1,1,False
C007499,Montreal,21.2,59289,8,4.9035417898553883e-05,0,0,False
C004043,Montreal,29.11,89837,9,0.7395421073695921,1,1,False
C004838,Gaspesie-Iles-de-la-Madeleine,24.2,51745,12,0.0063327654183480625,0,0,False
C007895,Cote-Nord,27.3,60174,17,0.5357646246843757,0,0,False
C001465,Montreal,24.58,73268,13,0.012834801224019036,0,0,False
C000676,Cote-Nord,28.94,49180,19,0.9408978006954964,1,1,False
C005101,Montreal,26.58,96107,10,0.09921856097710637,0,0,False
C006373,Montreal,26.56,74561,8,0.06759305932270264,0,0,False
C009416,Montreal,29.5,62117,6,0.7286946357929432,1,1,False
C001142,Montreal,30.5,84291,10,0.9581889562527013,1,1,False
C006733,Montreal,27.81,63329,7,0.24643838526815529,0,0,False
C002297,Cote-Nord,26.88,99930,14,0.2659545852681237,0,0,False
C005759,Bas-Saint-Laurent,25.87,42720,12,0.0583241843532405,0,0,False
C012429,Bas-Saint-Laurent,26.77,22312,13,0.20414645688933372,0,0,False
C003735,Montreal,27.38,79925,10,0.24664507359557292,0,0,False
C006844,Montreal,25.51,91284,9,0.020663803389584935,0,0,False
C007541,Montreal,28.45,51409,10,0.58429289063321,0,0,False
C013827,Capitale-Nationale,27.59,70435,7,0.19508985115959643,0,0,False
C003370,Cote-Nord,22.04,56331,11,0.0002766555606957968,0,0,False
C009689,Montreal,26.69,56318,5,0.04591839078541911,0,0,False
C003522,Gaspesie-Iles-de-la-Madeleine,32.76,64935,12,0.9986420158425884,1,1,False
C000454,Cote-Nord,28.17,48698,7,0.3480797460282458,0,1,True
C008436,Montreal,26.63,75252,13,0.17491099554601258,0,0,False
C012550,Capitale-Nationale,31.35,74860,10,0.9864712935068375,1,1,False
C001141,Montreal,33.96,66188,10,0.999607793368504,1,1,False
C006484,Gaspesie-Iles-de-la-Madeleine,24.86,41353,10,0.01047697401316788,0,0,False
C011905,Capitale-Nationale,28.26,107047,11,0.5688711171756393,0,0,False
C009665,Gaspesie-Iles-de-la-Madeleine,30.51,64646,9,0.95026136285162,1,1,False
C003949,Montreal,29.25,81549,8,0.7385952616079918,1,1,False
C006203,Cote-Nord,31.17,157834,18,0.9963471467490809,1,1,False
C005455,Montreal,27.25,70173,10,0.21524313048753968,0,0,False
C007086,Bas-Saint-Laurent,28.49,90853,10,0.5974590717984188,0,1,True
C004301,Cote-Nord,28.08,37664,13,0.6042572075751874,0,0,False
C008222,Capitale-Nationale,25.02,173610,16,0.040820465129217005,0,0,False
C004393,Capitale-Nationale,28.32,176721,9,0.4919645593425417,0,0,False
C000800,Montreal,30.01,53525,9,0.9062862582661293,1,1,False
C004891,Cote-Nord,26.2,54782,11,0.07392986312274304,0,0,False
C013372,Cote-Nord,26.94,98965,6,0.07600448788307505,0,0,False
C006772,Capitale-Nationale,29.9,134055,7,0.8491861141540796,1,1,False
C010693,Montreal,28.76,99915,8,0.591809883820325,0,0,False
C001023,Capitale-Nationale,31.07,79019,13,0.9889551688897797,1,1,False
C006665,Montreal,29.7,83964,13,0.9327156126083513,1,1,False
C001355,Cote-Nord,20.89,114288,10,4.753723882702193e-05,0,0,False
C006671,Montreal,30.62,61736,6,0.9250552148196793,1,1,False
C003010,Montreal,22.72,57737,9,0.0004722146487814084,0,0,False
C007502,Capitale-Nationale,29.52,111991,8,0.8031874338627366,1,1,False
C006152,Bas-Saint-Laurent,25.11,23739,14,0.031509933203278516,0,0,False
C001674,Gaspesie-Iles-de-la-Madeleine,27.92,27820,14,0.5989066452423215,0,0,False
C001029,Capitale-Nationale,28.76,89863,13,0.7939962200114506,1,0,True
C011007,Gaspesie-Iles-de-la-Madeleine,27.31,82317,10,0.229364269317478,0,0,False
C007459,Capitale-Nationale,22.06,82425,5,8.796312108887342e-05,0,0,False
C004539,Montreal,29.19,151245,10,0.7938141652686138,1,1,False
C007451,Gaspesie-Iles-de-la-Madeleine,30.06,45555,18,0.9836511225256688,1,1,False
C008318,Cote-Nord,29.61,44290,11,0.8924032222279101,1,1,False
C012455,Gaspesie-Iles-de-la-Madeleine,29.8,84540,15,0.959161482755525,1,1,False
C000297,Bas-Saint-Laurent,33.12,46319,12,0.9991677982874491,1,1,False
C010574,Gaspesie-Iles-de-la-Madeleine,29.32,30602,10,0.8212869509918315,1,1,False
C012130,Montreal,25.58,43871,9,0.022683490302206722,0,0,False
C001590,Gaspesie-Iles-de-la-Madeleine,25.21,99237,12,0.024593810761742628,0,0,False
C000864,Capitale-Nationale,26.82,63436,20,0.5190735995581872,0,0,False
C000937,Capitale-Nationale,32.49,97169,6,0.993691073082911,1,1,False
C005450,Bas-Saint-Laurent,29.39,56560,13,0.9008806797656675,1,1,False
C008056,Cote-Nord,21.3,53860,11,0.00010101801439392472,0,0,False
C012299,Gaspesie-Iles-de-la-Madeleine,25.93,32660,14,0.09039264143495353,0,0,False
C011718,Bas-Saint-Laurent,24.1,59305,9,0.0030838945486458195,0,0,False
C005357,Cote-Nord,25.08,59851,14,0.030286867966080516,0,0,False
C009750,Capitale-Nationale,33.75,131183,11,0.9995706982257552,1,1,False
C001687,Montreal,28.09,97219,7,0.32378622131242824,0,0,False
C001054,Capitale-Nationale,28.09,42852,7,0.32378622131242824,0,0,False
C005412,Gaspesie-Iles-de-la-Madeleine,25.84,83573,14,0.0808092514371879,0,0,False
C002847,Montreal,34.46,37900,6,0.999565981236301,1,1,False
C003645,Montreal,25.72,45519,11,0.039870020797154605,0,0,False
C013683,Cote-Nord,29.37,43267,14,0.9149290578853411,1,1,False
C005694,Montreal,26.49,66875,11,0.1059359046310349,0,0,False
C001303,Montreal,31.45,58307,16,0.9963112330683269,1,1,False
C000090,Capitale-Nationale,29.58,106241,15,0.9456723122672265,1,1,False
C010161,Bas-Saint-Laurent,24.06,37529,8,0.0024033455742010473,0,0,False
C007062,Bas-Saint-Laurent,28.58,96047,16,0.8443187151332502,1,1,False
C011219,Capitale-Nationale,27.9,48979,8,0.31011100582429685,0,0,False
C010384,Montreal,30.41,34418,16,0.9849707047620332,1,1,False
C008004,Cote-Nord,31.56,54906,7,0.9818119690719974,1,1,False
C004630,Capitale-Nationale,28.4,33536,13,0.7024466745479763,1,0,True
C002967,Montreal,31.94,43141,7,0.989078906483578,1,1,False
C005210,Cote-Nord,28.28,51028,19,0.8663253252411806,1,1,False
C011667,Montreal,28.07,56271,9,0.40792092504598004,0,0,False
C012924,Capitale-Nationale,38.1,52530,7,0.999997487133895,1,1,False
C011413,Montreal,26.31,23278,11,0.0848620903141515,0,0,False
C001692,Montreal,24.97,59260,8,0.008249245930822557,0,0,False
C012474,Montreal,26.42,68694,8,0.05652426948320479,0,0,False
C012542,Montreal,28.08,72293,14,0.6499414412281547,1,0,True
C005533,Montreal,24.75,69521,4,0.002811821245934961,0,0,False
C006496,Montreal,30.8,41959,9,0.9659356200097573,1,1,False
C013066,Bas-Saint-Laurent,26.92,40873,12,0.20556473994198182,0,0,False
C003519,Capitale-Nationale,30.36,62935,4,0.8542050209330285,1,1,False
C005052,Gaspesie-Iles-de-la-Madeleine,32.01,72061,12,0.99623834697228,1,1,False
C002599,Montreal,32.13,100253,8,0.9930382985778563,1,1,False
C001011,Gaspesie-Iles-de-la-Madeleine,25.91,59391,9,0.03510025760499905,0,0,False
C002121,Montreal,27.46,60973,7,0.1687811747799253,0,0,False
C005961,Montreal,30.78,85647,14,0.9865514331562765,1,1,False
C001077,Montreal,26.95,47029,7,0.09205884505988915,0,0,False
C009696,Montreal,24.79,44091,9,0.007853529157784608,0,0,False
C007575,Capitale-Nationale,24.65,44218,8,0.005351084367146626,0,0,False
C005334,Gaspesie-Iles-de-la-Madeleine,28.33,73349,9,0.49536822319081253,0,1,True
C001921,Gaspesie-Iles-de-la-Madeleine,28.05,90143,15,0.6842726649748717,1,0,True
C011475,Cote-Nord,33.63,47798,10,0.9993854293993366,1,1,False
C005797,Gaspesie-Iles-de-la-Madeleine,22.93,55124,10,0.0007640572578380908,0,0,False
C010301,Bas-Saint-Laurent,22.37,193426,14,0.0007791994094450787,0,0,False
C006049,Cote-Nord,24.25,36878,8,0.0031107794826227635,0,0,False
C004221,Gaspesie-Iles-de-la-Madeleine,27.6,46031,9,0.2664789927307941,0,0,False
C008443,Gaspesie-Iles-de-la-Madeleine,29.94,46381,11,0.9285671492271613,1,1,False
C008336,Cote-Nord,28.19,51570,10,0.49659560687346915,0,1,True
C012999,Capitale-Nationale,29.09,30663,16,0.915690256266021,1,1,False
C010170,Montreal,28.69,64229,11,0.703239733753239,1,0,True
C013364,Montreal,31.18,78155,9,0.9794128639199904,1,1,False
C002108,Montreal,29.91,99111,11,0.9258096223113566,1,1,False
C000404,Bas-Saint-Laurent,25.18,47211,7,0.009022756994997033,0,0,False
C013873,Capitale-Nationale,26.67,64070,9,0.09288291018830105,0,0,False
C002428,Montreal,21.15,74814,9,5.570099866947694e-05,0,0,False
C008287,Gaspesie-Iles-de-la-Madeleine,23.82,31418,14,0.005585308856725825,0,0,False
C009096,Cote-Nord,29.82,20978,17,0.9727416931302392,1,1,False
C013576,Montreal,28.24,132427,8,0.41662928693901735,0,0,False
C010997,Montreal,29.03,71259,6,0.5861363336897176,0,1,True
C004492,Montreal,27.42,83316,8,0.1895078431599863,0,0,False
C001605,Montreal,24.94,48002,8,0.00792166464744019,0,0,False
C008257,Montreal,26.77,91740,8,0.08799950896923969,0,0,False
C011186,Capitale-Nationale,23.59,35828,5,0.0007060485052108816,0,0,False
C001568,Montreal,32.65,51466,13,0.9987026787348051,1,1,False
C013789,Gaspesie-Iles-de-la-Madeleine,26.59,35912,16,0.26521394761440703,0,0,False
C008064,Cote-Nord,24.76,38895,14,0.01980093258808923,0,0,False
C006557,Capitale-Nationale,27.19,97386,12,0.2720563619244215,0,0,False
C001213,Gaspesie-Iles-de-la-Madeleine,27.95,73317,14,0.6086788496112443,0,0,False
C002167,Capitale-Nationale,33.4,37199,10,0.9991595929559168,1,1,False
C004701,Cote-Nord,24.84,20109,13,0.018187999142470122,0,0,False
C012904,Bas-Saint-Laurent,24.16,56918,18,0.019136143390084417,0,0,False
C004168,Montreal,28.28,76389,6,0.33776923236716044,0,0,False
C001581,Montreal,30.7,78946,12,0.9780182348093674,1,1,False
C001237,Cote-Nord,29.48,70979,17,0.9573762923427852,1,1,False
C002060,Gaspesie-Iles-de-la-Madeleine,21.99,47005,12,0.00031425273536045645,0,0,False
C008609,Cote-Nord,28.01,28344,17,0.7521482449851586,1,0,True
C013648,Capitale-Nationale,33.99,42870,8,0.9994433891333082,1,1,False
C013638,Cote-Nord,28.58,86313,14,0.7857721109879163,1,1,False
C009670,Bas-Saint-Laurent,31.63,70941,21,0.9989112147832159,1,1,False
C005866,Capitale-Nationale,32.32,32575,13,0.9979681974901264,1,1,False
C003394,Gaspesie-Iles-de-la-Madeleine,28.93,108142,10,0.7298836401379953,1,1,False
C010720,Gaspesie-Iles-de-la-Madeleine,26.68,59164,18,0.3762730128775204,0,0,False
C002229,Bas-Saint-Laurent,22.81,43393,15,0.0017233258402144327,0,0,False
C012811,Bas-Saint-Laurent,25.26,48147,5,0.006819683329869819,0,0,False
C012070,Gaspesie-Iles-de-la-Madeleine,28.01,54120,12,0.5330444773108731,0,0,False
C008747,Gaspesie-Iles-de-la-Madeleine,25.01,53959,14,0.02760931841114679,0,0,False
C010591,Montreal,26.17,47478,11,0.0711812746070807,0,0,False
C010752,Cote-Nord,23.0,36673,13,0.0015099824006448881,0,0,False
C000788,Cote-Nord,27.14,44214,7,0.11608578112148465,0,0,False
C000684,Capitale-Nationale,22.84,52033,4,0.0002092160964232672,0,0,False
C009791,Cote-Nord,26.38,34043,13,0.1310580074504663,0,0,False
C005005,Capitale-Nationale,28.35,37458,11,0.5986393331046967,0,0,False
C009771,Montreal,25.06,215016,6,0.006318777481237393,0,0,False
C006554,Montreal,24.21,85499,8,0.002946360497198227,0,0,False
C000115,Capitale-Nationale,29.52,39453,14,0.9295380177900578,1,1,False
C004641,Montreal,28.26,89477,6,0.33170471586683603,0,0,False
C001293,Cote-Nord,26.36,22765,12,0.10770349160561939,0,0,False
C003387,Montreal,35.3,64675,8,0.9999064480773503,1,1,False
C000303,Montreal,29.53,60489,12,0.9004413921441216,1,1,False
C009415,Montreal,29.65,59645,9,0.8555612609765214,1,1,False
C012646,Bas-Saint-Laurent,28.94,47494,16,0.8985236556072095,1,1,False
C002179,Bas-Saint-Laurent,25.54,87039,22,0.21831068655733482,0,0,False
C002837,Montreal,27.21,115005,4,0.07437485506232323,0,0,False
C000038,Capitale-Nationale,25.42,164408,13,0.039208718465786316,0,0,False
C006327,Montreal,31.65,57314,5,0.9763416255880889,1,1,False
C006859,Gaspesie-Iles-de-la-Madeleine,24.26,39043,15,0.012281242066622901,0,0,False
C005336,Cote-Nord,31.59,64591,18,0.9979348737752282,1,1,False
C000766,Cote-Nord,26.65,111462,20,0.4612886925567322,0,0,False
C006282,Bas-Saint-Laurent,25.43,38904,10,0.022491264508188367,0,0,False
C004316,Montreal,29.52,53699,5,0.6941720606888482,1,1,False
C010134,Gaspesie-Iles-de-la-Madeleine,32.87,30180,11,0.9985785203839367,1,1,False
C000580,Cote-Nord,24.73,49981,10,0.008792169403955394,0,0,False
C013894,Bas-Saint-Laurent,33.41,61113,14,0.9996206173444657,1,1,False
C000939,Capitale-Nationale,29.53,60042,6,0.736694910751671,1,1,False
C013726,Montreal,25.24,44594,6,0.00805969969334232,0,0,False
C005856,Bas-Saint-Laurent,27.3,61117,19,0.6305078114099213,0,0,False
C008879,Cote-Nord,17.04,145629,15,6.681705924150779e-07,0,0,False
C006711,Montreal,28.5,66250,7,0.45558409419727924,0,0,False
C003458,Montreal,28.87,55721,5,0.48365561530490464,0,1,True
C007905,Cote-Nord,27.68,51827,10,0.33002337826322337,0,0,False
C011115,Bas-Saint-Laurent,31.03,56423,10,0.9792365664366731,1,1,False
C000426,Gaspesie-Iles-de-la-Madeleine,30.6,63304,16,0.9883569162917537,1,1,False
C005289,Cote-Nord,28.38,43695,15,0.7725620651508417,1,1,False
C011666,Bas-Saint-Laurent,22.4,74310,12,0.0005490860826689692,0,0,False
C013531,Capitale-Nationale,30.83,97043,13,0.984751092111208,1,1,False
C011823,Cote-Nord,28.64,44741,17,0.8773925693937051,1,1,False
C000846,Montreal,27.22,51631,6,0.1074898154062065,0,0,False
C003731,Gaspesie-Iles-de-la-Madeleine,32.49,45550,11,0.9976174357387698,1,1,False
C010995,Montreal,23.57,57052,12,0.002695346255184478,0,0,False
C013702,Montreal,28.28,55739,11,0.5755374719454207,0,0,False
C007447,Capitale-Nationale,31.61,93331,6,0.9793904168454293,1,1,False
C009959,Montreal,28.24,70771,11,0.5621797098516734,0,0,False
C002926,Gaspesie-Iles-de-la-Madeleine,23.15,32265,7,0.0005735046183179491,0,0,False
C001517,Montreal,25.52,71151,13,0.044672797833029174,0,0,False
C005020,Montreal,28.38,87226,7,0.41543644084905645,0,0,False
C007219,Capitale-Nationale,28.85,63051,5,0.476857889970072,0,1,True
C013452,Capitale-Nationale,29.76,49714,11,0.9105020773815365,1,1,False
C006984,Montreal,30.48,48436,14,0.9799020761648847,1,1,False
C012392,Montreal,30.93,88635,10,0.9762795375535129,1,1,False
C005410,Montreal,32.07,78540,12,0.9965324361249012,1,1,False
C007911,Bas-Saint-Laurent,28.36,40903,13,0.690938058417218,1,1,False
C006048,Capitale-Nationale,28.97,133782,7,0.6134555168297668,0,1,True
C004050,Montreal,26.4,27767,8,0.05508933058111305,0,0,False
C012926,Bas-Saint-Laurent,27.08,26638,10,0.1787127877518543,0,0,False
C012866,Gaspesie-Iles-de-la-Madeleine,27.38,56928,16,0.5141692106264797,0,0,False
C012324,Capitale-Nationale,30.88,34791,14,0.9882433721855928,1,1,False
C001219,Capitale-Nationale,25.24,67391,12,0.0255930426627656,0,0,False
C008763,Gaspesie-Iles-de-la-Madeleine,30.04,36155,15,0.9702070927241635,1,1,False
C008224,Montreal,32.24,127861,10,0.9959348202946645,1,1,False
C013956,Capitale-Nationale,27.33,55101,12,0.3114009490026065,0,0,False
C005301,Capitale-Nationale,32.9,100322,13,0.9990766494884593,1,1,False
C010987,Montreal,25.01,101923,10,0.012820711258848965,0,0,False
C009728,Montreal,24.03,66529,10,0.003407900138067832,0,0,False
C003428,Gaspesie-Iles-de-la-Madeleine,32.1,35263,11,0.995954650270723,1,1,False
C000022,Montreal,26.31,117598,10,0.07085734470778284,0,0,False
C007222,Montreal,28.95,93161,7,0.6069780138545522,0,1,True
C009823,Bas-Saint-Laurent,21.3,72833,14,0.00018160923631038026,0,0,False
C011787,Montreal,24.55,67595,6,0.0031652522914664884,0,0,False
C005888,Capitale-Nationale,25.8,56892,10,0.036683491386886986,0,0,False
C008428,Montreal,21.47,35478,12,0.00015482238953054304,0,0,False
C004440,Montreal,22.68,76442,14,0.0011879465727151473,0,0,False
C003782,Cote-Nord,23.27,41536,10,0.001213382655840289,0,0,False
C004837,Montreal,27.12,123688,10,0.18684758562048592,0,0,False
C003280,Montreal,33.06,124034,12,0.9990970155183831,1,1,False
C013211,Capitale-Nationale,27.85,73357,12,0.4786381535795592,0,0,False
C005650,Cote-Nord,31.14,81295,7,0.9682232121996177,1,1,False
C000679,Gaspesie-Iles-de-la-Madeleine,26.34,38948,22,0.45358732115644235,0,0,False
C006810,Montreal,29.32,45395,9,0.79076532367042,1,1,False
C008758,Capitale-Nationale,27.54,53685,8,0.21588521979463085,0,0,False
C009240,Capitale-Nationale,29.43,45455,10,0.84222496166972,1,1,False
C007639,Montreal,26.67,56047,6,0.05388199448668033,0,0,False
C000481,Bas-Saint-Laurent,24.44,64043,14,0.01289715844456479,0,0,False
C011633,Capitale-Nationale,34.47,64027,7,0.9996478678829398,1,1,False
C000509,Capitale-Nationale,23.47,54093,3,0.000405649334747497,0,0,False
C013575,Bas-Saint-Laurent,27.56,94796,14,0.47769066823535467,0,0,False
C003454,Montreal,29.35,99831,9,0.7974440360201204,1,1,False
C001999,Capitale-Nationale,33.57,214479,10,0.9993331448517405,1,1,False
C002281,Capitale-Nationale,29.93,80436,8,0.8770330309240787,1,1,False
C002898,Gaspesie-Iles-de-la-Madeleine,24.65,24797,12,0.011624989096785752,0,0,False
C008993,Montreal,29.74,61053,5,0.7538530698697897,1,1,False
C001766,Gaspesie-Iles-de-la-Madeleine,29.94,29313,13,0.9505452450153324,1,1,False
C001287,Montreal,27.39,46897,9,0.21441494924947344,0,0,False
C008733,Bas-Saint-Laurent,29.95,31026,12,0.9412572139525641,1,1,False
C010067,Montreal,26.46,70320,5,0.033991174842116834,0,0,False
C012533,Capitale-Nationale,27.04,37427,6,0.08613666326412774,0,0,False
C013561,Capitale-Nationale,28.52,53444,13,0.7354356923689156,1,0,True
C012534,Capitale-Nationale,30.35,60914,7,0.9122155576499201,1,1,False
C011098,Gaspesie-Iles-de-la-Madeleine,27.69,68173,15,0.57034756512944,0,0,False
C009534,Gaspesie-Iles-de-la-Madeleine,28.96,93104,11,0.7738937082743885,1,1,False
C002265,Cote-Nord,25.7,30080,11,0.03884046559055729,0,0,False
C011879,Gaspesie-Iles-de-la-Madeleine,31.6,40355,9,0.9882745211292907,1,1,False
C012546,Cote-Nord,25.98,55559,14,0.096148978164864,0,0,False
C008594,Bas-Saint-Laurent,24.86,83765,12,0.015413918580269985,0,0,False
C011661,Gaspesie-Iles-de-la-Madeleine,25.96,29435,7,0.02566007451878556,0,0,False
C008925,Cote-Nord,31.55,33482,9,0.9874587547297715,1,1,False
C010653,Montreal,28.62,110443,5,0.3999140696349799,0,0,False
C004521,Montreal,28.21,78243,10,0.5034039481514069,0,0,False
C012330,Montreal,27.43,73838,11,0.298813285297465,0,0,False
C007275,Capitale-Nationale,32.44,78208,7,0.9944418850993004,1,1,False
C006719,Cote-Nord,27.18,73017,19,0.5916989558570515,0,0,False
C002483,Capitale-Nationale,27.32,86257,9,0.19879641368443893,0,0,False
C003615,Montreal,20.35,61272,12,3.369359348945421e-05,0,0,False
C010273,Montreal,33.09,42523,6,0.997203187975157,1,1,False
C008433,Gaspesie-Iles-de-la-Madeleine,32.38,37747,9,0.9959148935123782,1,1,False
C002256,Gaspesie-Iles-de-la-Madeleine,31.02,77485,14,0.9902640687172737,1,1,False
C010235,Gaspesie-Iles-de-la-Madeleine,28.89,39814,11,0.7567808969076828,1,1,False
C008783,Bas-Saint-Laurent,25.99,29830,13,0.08145836769112835,0,0,False
C012016,Capitale-Nationale,31.17,67639,5,0.9554888995373576,1,1,False
C012588,Montreal,26.54,106338,13,0.15792271181077033,0,0,False
C004625,Capitale-Nationale,28.92,107289,7,0.5971914437764896,0,1,True
C003983,Montreal,27.49,111902,12,0.3599208766990249,0,0,False
C010181,Montreal,26.36,78386,7,0.043432295869828164,0,0,False
C001241,Cote-Nord,26.82,35471,11,0.15662123847894222,0,0,False
C013753,Capitale-Nationale,27.81,76517,7,0.24643838526815529,0,0,False
C006096,Gaspesie-Iles-de-la-Madeleine,26.3,73199,17,0.2282205983949201,0,0,False
C009884,Gaspesie-Iles-de-la-Madeleine,27.56,30449,14,0.47769066823535467,0,0,False
C005000,Montreal,27.56,41686,9,0.2559686119502771,0,0,False
C002541,Montreal,33.96,28215,6,0.9991429389955798,1,1,False
C002304,Capitale-Nationale,29.27,52413,13,0.885303978096167,1,1,False
C006119,Bas-Saint-Laurent,23.35,79803,3,0.00034451840603148977,0,0,False
C010926,Montreal,22.83,40582,7,0.0003710096249370883,0,0,False
C000699,Gaspesie-Iles-de-la-Madeleine,30.77,75786,13,0.9834743797201212,1,1,False
C006099,Montreal,30.49,120038,12,0.9709529281500757,1,1,False
C011431,Gaspesie-Iles-de-la-Madeleine,22.26,51164,15,0.0008156546507299456,0,0,False
C013699,Cote-Nord,27.26,51461,11,0.2526662410225023,0,0,False
C009709,Gaspesie-Iles-de-la-Madeleine,33.62,40658,11,0.9994876046045419,1,1,False
C009574,Capitale-Nationale,27.7,157181,12,0.42806438032005495,0,0,False
C007012,Montreal,27.68,88707,14,0.5185180508553018,0,0,False
C009501,Bas-Saint-Laurent,25.83,53183,12,0.0554036713629716,0,0,False
C001041,Montreal,30.12,48224,13,0.9608749603603084,1,1,False
C003483,Cote-Nord,27.61,24217,14,0.4946971608961237,0,0,False
C000633,Montreal,31.1,65721,6,0.9595622192766097,1,1,False
C010845,Gaspesie-Iles-de-la-Madeleine,25.74,35726,13,0.059350084552703936,0,0,False
C009594,Capitale-Nationale,27.08,44028,6,0.09052196458777784,0,0,False
C005264,Montreal,29.55,48523,10,0.8627451186585299,1,1,False
C005335,Montreal,25.65,25364,9,0.024895563874884157,0,0,False
C000875,Montreal,29.59,38722,8,0.8178211122611961,1,1,False
C007592,Montreal,29.24,56279,7,0.6962527733837843,1,1,False
C010044,Montreal,27.01,61062,9,0.1399196474128145,0,0,False
C004728,Cote-Nord,23.17,19400,9,0.0008711329824613555,0,0,False
C008392,Montreal,29.13,127949,11,0.8118256250746025,1,1,False
C002867,Gaspesie-Iles-de-la-Madeleine,27.9,51872,11,0.4469599761423564,0,0,False
C012128,Montreal,27.68,66817,11,0.3745999266700829,0,0,False
C004624,Capitale-Nationale,25.17,101561,5,0.006037849432336067,0,0,False
C011651,Montreal,29.35,59105,13,0.8959097029685383,1,1,False
C002631,Cote-Nord,26.41,47502,13,0.1357806776724511,0,0,False
C009563,Montreal,29.33,62689,13,0.8933424810273036,1,1,False
C011501,Gaspesie-Iles-de-la-Madeleine,27.79,104187,6,0.20743131075378965,0,0,False
C010928,Capitale-Nationale,26.3,47342,7,0.04016175432048698,0,0,False
C009002,Bas-Saint-Laurent,23.65,60647,3,0.0005182617832006749,0,0,False
C012541,Montreal,28.97,123307,5,0.5176846423747105,0,1,True
C002184,Cote-Nord,28.86,78893,15,0.8672023527490459,1,1,False
C007491,Cote-Nord,23.82,51567,13,0.004597836663120486,0,0,False
C005171,Montreal,29.41,51774,6,0.7037996689472563,1,1,False
C007617,Gaspesie-Iles-de-la-Madeleine,21.02,49472,15,0.00015083121974701077,0,0,False
C003259,Montreal,31.88,76187,10,0.9933799856504751,1,1,False
C011946,Montreal,25.68,57139,6,0.014576751627643141,0,0,False
C001727,Bas-Saint-Laurent,25.01,36515,16,0.04029062823935662,0,0,False
C008469,Capitale-Nationale,29.01,47508,11,0.7855847509279386,1,1,False
C010792,Cote-Nord,32.07,83430,11,0.9957866838471401,1,1,False
C012514,Capitale-Nationale,26.58,90179,5,0.03978492106935656,0,0,False
C010045,Gaspesie-Iles-de-la-Madeleine,28.69,64459,9,0.6157814331701326,0,1,True
C007736,Montreal,23.09,108096,8,0.0006426124606161864,0,0,False
C003501,Bas-Saint-Laurent,32.03,70736,8,0.9920308502546779,1,1,False
C012632,Cote-Nord,29.51,33926,12,0.8979732090317765,1,1,False
C012464,Capitale-Nationale,25.74,51041,9,0.028050349466294946,0,0,False
C002135,Cote-Nord,29.63,74677,9,0.8521631183436917,1,1,False
C013201,Montreal,25.27,64241,11,0.022005660418039554,0,0,False
C004176,Capitale-Nationale,33.81,131174,8,0.9992888980164222,1,1,False
C005104,Capitale-Nationale,29.24,59794,12,0.8590290245270186,1,1,False
C001885,Gaspesie-Iles-de-la-Madeleine,26.24,45769,14,0.13161816409444585,0,0,False
C011627,Capitale-Nationale,24.09,83581,8,0.0025033059256673795,0,0,False
C003422,Montreal,29.41,39920,16,0.9437959564587804,1,1,False
C007902,Cote-Nord,25.74,45611,10,0.03390313691619288,0,0,False
C002799,Capitale-Nationale,27.51,93134,10,0.28098791508893134,0,0,False
C005784,Montreal,22.56,136260,10,0.0004617945706353226,0,0,False
C013513,Capitale-Nationale,27.43,32500,8,0.19160817227522367,0,0,False
C004905,Capitale-Nationale,29.07,53714,4,0.5028476350164081,0,1,True
C004360,Montreal,26.57,40587,12,0.1384216268454779,0,0,False
C008323,Montreal,24.5,81080,13,0.011525370775862015,0,0,False
C000932,Bas-Saint-Laurent,22.05,56047,11,0.00028044745164853153,0,0,False
C000281,Capitale-Nationale,26.65,50199,11,0.12841200536446198,0,0,False
C010580,Capitale-Nationale,26.55,54097,9,0.08000091647815641,0,0,False
C007488,Gaspesie-Iles-de-la-Madeleine,25.25,43663,14,0.037876976100060536,0,0,False
C012043,Gaspesie-Iles-de-la-Madeleine,25.47,65964,8,0.016166660600644076,0,0,False
C010835,Montreal,29.07,56997,11,0.7990255525059096,1,1,False
C000669,Cote-Nord,27.7,133825,8,0.25503465757809973,0,0,False
C006520,Capitale-Nationale,24.74,121154,13,0.015909416452671733,0,0,False
C007281,Montreal,28.9,86720,9,0.6808401033760652,1,1,False
C012021,Gaspesie-Iles-de-la-Madeleine,25.25,31363,14,0.037876976100060536,0,0,False
C002068,Montreal,25.57,69042,8,0.01848139446074928,0,0,False
C001249,Gaspesie-Iles-de-la-Madeleine,26.41,35996,8,0.05580246042041666,0,0,False
C002742,Capitale-Nationale,30.84,57589,6,0.9433568424599164,1,1,False
C009154,Bas-Saint-Laurent,24.87,76219,16,0.03353199584958209,0,0,False
C012709,Montreal,22.08,35488,7,0.0001336465270515434,0,0,False
C006818,Capitale-Nationale,27.78,46544,10,0.3607961283374767,0,0,False
C003430,Montreal,32.79,64461,10,0.9980735594915703,1,1,False
C005987,Montreal,30.83,66250,5,0.9310871474280011,1,1,False
C003114,Montreal,29.39,32753,18,0.9602574955464618,1,1,False
C001487,Gaspesie-Iles-de-la-Madeleine,23.34,53745,13,0.0023969178540636116,0,0,False
C008074,Montreal,24.35,88176,10,0.005259192670389377,0,0,False
C013684,Montreal,24.52,33761,4,0.0020573118767139424,0,0,False
C004975,Cote-Nord,23.66,35265,13,0.003701048433542015,0,0,False
C011332,Montreal,32.38,90572,9,0.9959148935123782,1,1,False
C011762,Montreal,27.87,82551,8,0.30143979219545125,0,0,False
C001338,Gaspesie-Iles-de-la-Madeleine,26.31,58664,15,0.16856076905748227,0,0,False
C002194,Montreal,32.33,71410,5,0.990491772868009,1,1,False
C001010,Bas-Saint-Laurent,28.14,69373,7,0.33886834762507895,0,1,True
C002526,Gaspesie-Iles-de-la-Madeleine,28.21,34598,10,0.5034039481514069,0,1,True
C000266,Gaspesie-Iles-de-la-Madeleine,31.58,47091,6,0.9785495018527837,1,1,False
C010153,Capitale-Nationale,30.31,100013,10,0.946503757543564,1,1,False
C007258,Montreal,32.83,118151,12,0.9987653264749412,1,1,False
C009725,Capitale-Nationale,26.55,79438,4,0.03167419294506612,0,0,False
C000399,Montreal,29.65,47499,12,0.9141616311987488,1,1,False
C013848,Capitale-Nationale,27.65,39678,9,0.2799970265408198,0,0,False
C004794,Gaspesie-Iles-de-la-Madeleine,27.71,65645,15,0.5770080655465246,0,0,False
C009691,Montreal,33.86,55016,9,0.9994536008009902,1,1,False
C002783,Montreal,29.91,88912,7,0.8509217373919472,1,1,False
C013049,Cote-Nord,27.68,41541,12,0.4214103085378038,0,0,False
C012390,Cote-Nord,27.24,21791,9,0.18201290495178554,0,0,False
C011561,Gaspesie-Iles-de-la-Madeleine,25.19,31038,12,0.02394889040554973,0,0,False
C004161,Capitale-Nationale,28.09,48218,11,0.5114379149934714,0,0,False
C002049,Capitale-Nationale,31.99,57351,12,0.9961348965970614,1,1,False
C003043,Montreal,26.7,189713,6,0.05600286632880177,0,0,False
C006023,Montreal,32.98,83743,11,0.9987760170576376,1,1,False
C000079,Montreal,25.3,56321,7,0.010607404562266715,0,0,False
C009372,Cote-Nord,23.39,53612,11,0.0017364404218888434,0,0,False
C012932,Montreal,25.53,33042,13,0.04525754434197005,0,0,False
C004921,Capitale-Nationale,28.6,174439,8,0.538320235718644,0,0,False
C004931,Bas-Saint-Laurent,28.33,32444,13,0.682147351251159,1,1,False
C011695,Montreal,22.55,40388,8,0.00030814308792824306,0,0,False
C010289,Bas-Saint-Laurent,28.94,43201,16,0.8985236556072095,1,1,False
C012641,Montreal,27.34,54627,8,0.17333886895739178,0,0,False
C006289,Capitale-Nationale,33.35,99431,8,0.9986704791651013,1,1,False
C009051,Gaspesie-Iles-de-la-Madeleine,27.9,23400,10,0.3992700057380832,0,0,False
C006208,Capitale-Nationale,28.89,59179,6,0.5392638174472152,0,1,True
C010283,Cote-Nord,27.77,67574,6,0.2029896439662943,0,0,False
C006130,Gaspesie-Iles-de-la-Madeleine,26.92,83050,9,0.12581169010462265,0,0,False
C006714,Cote-Nord,30.31,30662,12,0.9631820249745718,1,1,False
C000335,Cote-Nord,26.95,23414,13,0.24685187848687934,0,0,False
C006518,Montreal,27.97,97698,9,0.37548993409209147,0,0,False
C002132,Cote-Nord,27.48,62706,11,0.3132710619428725,0,0,False
C007826,Montreal,30.5,118880,10,0.9581889562527013,1,1,False
C005634,Capitale-Nationale,31.4,163361,9,0.9846603910872217,1,1,False
C013604,Capitale-Nationale,29.59,93436,10,0.8690684508538975,1,1,False
C005441,Cote-Nord,26.48,159769,10,0.08769524005064558,0,0,False
C008832,Capitale-Nationale,24.16,120246,12,0.005999074486503915,0,0,False
C012430,Montreal,33.78,83024,6,0.9989051472603032,1,1,False
C013014,Gaspesie-Iles-de-la-Madeleine,29.68,31166,18,0.9728715776130819,1,1,False
C005030,Montreal,26.71,53608,10,0.11620000081449552,0,0,False
C012703,Capitale-Nationale,33.18,104610,10,0.9988663877428805,1,1,False
C007766,Montreal,31.77,100795,9,0.9906749628259546,1,1,False
C009934,Bas-Saint-Laurent,29.15,25946,13,0.8676390363324489,1,1,False
C000298,Montreal,29.12,94893,5,0.5683252541057521,0,1,True
C001456,Capitale-Nationale,27.01,89259,10,0.16514817515344057,0,0,False
C012948,Gaspesie-Iles-de-la-Madeleine,26.91,69313,14,0.27400542067287276,0,0,False
C000929,Montreal,31.03,99339,10,0.9792365664366731,1,1,False
C003800,Capitale-Nationale,23.71,142644,6,0.0010106289798972796,0,0,False
C013646,Gaspesie-Iles-de-la-Madeleine,26.67,50069,12,0.15547455242540434,0,0,False
C008845,Montreal,23.98,52026,15,0.008420767011349209,0,0,False
C013072,Gaspesie-Iles-de-la-Madeleine,24.81,117237,7,0.005471224036952638,0,0,False
C000488,Capitale-Nationale,33.87,62842,9,0.9994609866497159,1,1,False
C004845,Capitale-Nationale,27.78,118607,14,0.5523759132067242,0,0,False
C005474,Bas-Saint-Laurent,25.17,35530,12,0.02332047738128021,0,0,False
C011976,Montreal,23.49,43222,10,0.0016365002475303555,0,0,False
C005509,Montreal,29.68,59446,9,0.8605364757677166,1,1,False
C013847,Capitale-Nationale,32.09,77082,9,0.9939487700305759,1,1,False
C011899,Gaspesie-Iles-de-la-Madeleine,27.26,39823,11,0.2526662410225023,0,0,False
C009525,Montreal,25.34,102652,9,0.01646399078853203,0,0,False
C008437,Capitale-Nationale,27.07,91481,9,0.15004398079626008,0,0,False
C001749,Cote-Nord,24.32,47551,4,0.0015676112237887503,0,0,False
C006856,Montreal,30.11,41160,8,0.9011201347954235,1,1,False
C002943,Capitale-Nationale,26.3,59352,3,0.01877943208832783,0,0,False
C001618,Cote-Nord,29.2,55513,15,0.9120896053644406,1,1,False
C009804,Capitale-Nationale,29.84,25318,7,0.8384215844121886,1,1,False
C000569,Montreal,24.92,56379,14,0.024502884524787643,0,0,False
C010765,Bas-Saint-Laurent,30.81,35263,10,0.9721860140136417,1,1,False
C010842,Capitale-Nationale,32.42,82385,9,0.9961306102694031,1,1,False
C010869,Gaspesie-Iles-de-la-Madeleine,24.37,23329,6,0.0024789051272901905,0,0,False
C009396,Montreal,25.8,78800,7,0.020740786317549206,0,0,False
C005295,Capitale-Nationale,28.46,101300,5,0.34894190032552014,0,0,False
C007200,Montreal,30.92,82945,7,0.9575948486945867,1,1,False
C013716,Capitale-Nationale,25.93,80704,7,0.024658291714845113,0,0,False
C003871,Bas-Saint-Laurent,27.42,103615,15,0.4789158198753434,0,0,False
C008903,Montreal,30.2,42254,6,0.874483069310843,1,1,False
C013343,Gaspesie-Iles-de-la-Madeleine,30.94,59560,14,0.9891557112387517,1,1,False
C009027,Cote-Nord,27.21,104876,12,0.2774831398988283,0,0,False
C006800,Capitale-Nationale,25.4,37353,10,0.02161044983320548,0,0,False
C009773,Capitale-Nationale,30.01,60347,14,0.9625594741000598,1,1,False
C002130,Montreal,30.39,50087,12,0.9668561125795401,1,1,False
C000517,Montreal,23.11,82132,10,0.000976070294338293,0,0,False
C007986,Gaspesie-Iles-de-la-Madeleine,33.87,81842,17,0.999887179752049,1,1,False
C004362,Gaspesie-Iles-de-la-Madeleine,24.96,28136,12,0.017622805785741796,0,0,False
C007254,Cote-Nord,27.62,25382,14,0.49810119442789424,0,0,False
C001746,Capitale-Nationale,30.28,193005,7,0.9042767102272529,1,1,False
C004713,Capitale-Nationale,27.71,39990,8,0.25763037639110475,0,0,False
C001768,Cote-Nord,25.86,71520,9,0.03286594192069876,0,0,False
C011930,Montreal,33.6,63622,18,0.9998659940245496,1,1,False
C010887,Montreal,29.44,49747,7,0.750607472199443,1,1,False
C001030,Montreal,31.2,44312,11,0.9863545985994757,1,1,False
C006120,Montreal,27.83,88356,15,0.6163078008314983,0,0,False
C006535,Montreal,24.21,77954,7,0.0024243120111979437,0,0,False
C013607,Gaspesie-Iles-de-la-Madeleine,26.72,38478,12,0.1646253066335272,0,0,False
C006566,Cote-Nord,26.73,31222,12,0.16650651566679403,0,0,False
C009729,Capitale-Nationale,32.82,86604,7,0.9966796678144688,1,1,False
C010800,Montreal,26.19,61792,9,0.05056810640167487,0,0,False
C005432,Gaspesie-Iles-de-la-Madeleine,24.63,74595,16,0.024412286039443124,0,0,False
C005444,Montreal,26.77,154538,6,0.061260543096568726,0,0,False
C007969,Cote-Nord,27.61,37351,11,0.3525495196621148,0,0,False
C009553,Montreal,32.14,94359,14,0.997865189616052,1,1,False
C007931,Montreal,25.76,48584,10,0.034806556349373644,0,0,False
C008206,Capitale-Nationale,29.16,100492,10,0.7870477291973158,1,1,False
C001640,Montreal,31.22,76309,5,0.9582963734480744,1,1,False
C008432,Gaspesie-Iles-de-la-Madeleine,28.15,74747,18,0.817019816614343,1,1,False
C013512,Montreal,24.53,51508,10,0.006710154030066058,0,0,False
C000798,Montreal,32.79,71317,6,0.9957979319226571,1,1,False
C011926,Montreal,26.07,93712,5,0.020270083314910564,0,0,False
C007176,Montreal,31.82,73104,2,0.9665907865772846,1,1,False
C013928,Capitale-Nationale,24.05,45670,13,0.00627820981661973,0,0,False
C009520,Montreal,35.04,144554,9,0.9998903828983827,1,1,False
C008744,Montreal,24.55,107672,6,0.0031652522914664884,0,0,False
C008434,Gaspesie-Iles-de-la-Madeleine,30.88,75360,15,0.9903112915579296,1,1,False
C003007,Montreal,28.91,39513,3,0.4008256739604921,0,1,True
C006245,Cote-Nord,28.97,30912,17,0.918138868381645,1,1,False
C013832,Cote-Nord,30.56,39608,10,0.9613423479206706,1,1,False
C012972,Capitale-Nationale,26.53,67307,6,0.04495023602971723,0,0,False
C005098,Bas-Saint-Laurent,23.59,27699,15,0.004968498255223295,0,0,False
C005807,Capitale-Nationale,26.19,37211,8,0.04196336328331033,0,0,False
C006532,Montreal,26.98,57302,4,0.055485989956242744,0,0,False
C009189,Gaspesie-Iles-de-la-Madeleine,24.18,21679,9,0.0034375999645869814,0,0,False
C008358,Bas-Saint-Laurent,28.13,71360,14,0.6652694533818889,1,1,False
C011841,Gaspesie-Iles-de-la-Madeleine,28.78,67924,20,0.9396440987068089,1,1,False
C004767,Bas-Saint-Laurent,23.86,107745,14,0.005896121118001111,0,0,False
C011857,Cote-Nord,28.51,50723,16,0.8313746191656923,1,1,False
C012544,Gaspesie-Iles-de-la-Madeleine,29.53,49098,13,0.9166505981721398,1,1,False
C004308,Gaspesie-Iles-de-la-Madeleine,25.91,91944,26,0.5026180544824084,0,0,False
C013516,Montreal,29.02,69177,12,0.8187166896529593,1,1,False
C001347,Bas-Saint-Laurent,27.46,42492,19,0.6796722991766821,1,0,True
C013225,Montreal,26.07,58150,9,0.04327481152187402,0,0,False
C002595,Montreal,27.91,139998,10,0.4025405001126635,0,0,False
C000003,Montreal,28.32,98862,10,0.5407598056012258,0,0,False
C007523,Cote-Nord,28.71,28498,10,0.6669584850032745,1,1,False
C000065,Montreal,28.36,83901,9,0.5055805286730177,0,0,False
C002808,Montreal,20.76,41179,9,3.275194013267801e-05,0,0,False
C009404,Bas-Saint-Laurent,28.25,39973,12,0.6128187501219654,0,1,True
C004196,Capitale-Nationale,27.24,60864,5,0.09237672099145275,0,0,False
C013055,Gaspesie-Iles-de-la-Madeleine,27.36,63411,11,0.27923215901591475,0,0,False
C002910,Capitale-Nationale,26.09,44765,9,0.04441647739466748,0,0,False
C002443,Montreal,33.68,36724,7,0.9989681992641981,1,1,False
C010149,Bas-Saint-Laurent,27.12,115002,11,0.21838905539021608,0,0,False
C013797,Montreal,30.24,42186,7,0.8994570411236753,1,1,False
C009587,Capitale-Nationale,27.91,35899,10,0.4025405001126635,0,0,False
C009861,Montreal,29.97,68676,4,0.7750258765533092,1,1,False
C003597,Bas-Saint-Laurent,29.4,65628,14,0.9180552013226797,1,1,False
C000025,Bas-Saint-Laurent,30.3,26456,12,0.9626960797132096,1,1,False
C010148,Montreal,29.61,42686,6,0.7572746775638539,1,1,False
C003990,Montreal,21.77,86006,10,0.00015754166194470904,0,0,False
C004068,Gaspesie-Iles-de-la-Madeleine,28.34,56767,13,0.6850924477052163,1,1,False
C012309,Montreal,31.43,37272,9,0.9852653506698096,1,1,False
C012883,Montreal,32.65,104833,5,0.9938294932914528,1,1,False
C001660,Capitale-Nationale,29.49,79032,14,0.9268150155089441,1,1,False
C013835,Montreal,31.1,76805,15,0.9928012982574482,1,1,False
C012486,Gaspesie-Iles-de-la-Madeleine,23.65,55245,14,0.004436241045624187,0,0,False
C002953,Montreal,25.11,35479,10,0.014663514175933423,0,0,False
C003672,Capitale-Nationale,31.69,78199,12,0.9941960024665434,1,1,False
C006175,Bas-Saint-Laurent,33.58,33443,14,0.9996989920843895,1,1,False
C002893,Montreal,31.09,35745,11,0.984184571944689,1,1,False
C003795,Gaspesie-Iles-de-la-Madeleine,32.13,64370,19,0.9991848763173798,1,1,False
C000581,Capitale-Nationale,33.89,61805,11,0.9996451844339751,1,1,False
C008043,Bas-Saint-Laurent,22.64,31997,15,0.0013676925575836648,0,0,False
C000346,Capitale-Nationale,25.99,48276,5,0.018216089148168278,0,0,False
C002533,Bas-Saint-Laurent,35.96,98716,11,0.999978816237362,1,1,False
C011784,Cote-Nord,21.46,55989,17,0.0004059144035881745,0,0,False
C012912,Gaspesie-Iles-de-la-Madeleine,26.85,43868,11,0.1620932428297694,0,0,False
C006275,Cote-Nord,28.58,56678,15,0.8168534155301765,1,1,False
C009131,Bas-Saint-Laurent,26.21,60457,12,0.08958848815362853,0,0,False
C005049,Montreal,25.02,63038,7,0.007269209876439698,0,0,False
C011902,Cote-Nord,32.92,41736,17,0.999588790757974,1,1,False
C013185,Capitale-Nationale,26.1,105766,9,0.044998026819663944,0,0,False
C001088,Montreal,31.09,81441,9,0.9767910508712299,1,1,False
C011446,Gaspesie-Iles-de-la-Madeleine,28.55,85387,18,0.8850311081430878,1,1,False
C013189,Cote-Nord,26.38,21235,13,0.1310580074504663,0,0,False
C000610,Bas-Saint-Laurent,31.21,37203,19,0.9971528940509812,1,1,False
C009912,Gaspesie-Iles-de-la-Madeleine,32.04,92950,12,0.9963883728748101,1,1,False
C007739,Capitale-Nationale,23.45,84443,3,0.0003947553442321342,0,0,False
C008044,Cote-Nord,23.88,41669,10,0.0027800605281444665,0,0,False
C002823,Montreal,26.72,30569,6,0.05746015354951455,0,0,False
C003527,Cote-Nord,32.06,30840,14,0.9976200789662569,1,1,False
C008716,Capitale-Nationale,22.15,69373,9,0.0002173536383824767,0,0,False
C013957,Montreal,29.53,66661,6,0.736694910751671,1,1,False
C003914,Montreal,25.29,61333,7,0.010465445015041507,0,0,False
C000078,Bas-Saint-Laurent,30.72,29258,15,0.9879811564722829,1,1,False
C009960,Cote-Nord,27.79,63337,16,0.6490770239596305,1,0,True
C010006,Montreal,30.71,47473,8,0.9537679239032095,1,1,False
C005012,Gaspesie-Iles-de-la-Madeleine,28.09,22490,13,0.607508754775832,0,0,False
C005370,Gaspesie-Iles-de-la-Madeleine,26.04,29380,12,0.07241593483715414,0,0,False
C007693,Capitale-Nationale,26.5,97829,12,0.127440641943396,0,0,False
C012423,Cote-Nord,22.53,40215,14,0.0009686928859458607,0,0,False
C002248,Bas-Saint-Laurent,31.54,44689,14,0.995180369732547,1,1,False
C011940,Montreal,29.96,102285,9,0.9003416005187791,1,1,False
C006468,Capitale-Nationale,24.81,79606,8,0.006645020445027664,0,0,False
C003381,Montreal,29.22,41319,8,0.7306316145655882,1,1,False
C009763,Capitale-Nationale,29.98,74679,11,0.9320967304640346,1,1,False
C003878,Montreal,29.91,44110,10,0.9112090655125177,1,1,False
C000884,Gaspesie-Iles-de-la-Madeleine,26.86,33202,16,0.34267718057016894,0,0,False
C005840,Capitale-Nationale,22.42,121746,9,0.0003139033799640731,0,0,False
C004988,Cote-Nord,26.75,89312,15,0.2695870746341784,0,0,False
C005821,Capitale-Nationale,24.01,113040,8,0.0022455163350345074,0,0,False
C013747,Gaspesie-Iles-de-la-Madeleine,28.53,36485,10,0.6104862436078912,0,1,True
C011313,Cote-Nord,28.26,54305,13,0.6611312535934829,1,1,False
C007101,Capitale-Nationale,29.18,42888,8,0.7197782467510362,1,1,False
C005492,Cote-Nord,32.98,52558,11,0.9987760170576376,1,1,False
C012902,Montreal,26.19,62089,3,0.01620941411387434,0,0,False
C004495,Montreal,24.21,59829,9,0.0035804228081265104,0,0,False
C003327,Montreal,26.84,94905,4,0.04630135692726026,0,0,False
C008413,Bas-Saint-Laurent,22.85,55520,12,0.001012878196481148,0,0,False
C013758,Montreal,32.63,125714,7,0.9957034779148648,1,1,False
C010380,Montreal,22.72,71452,3,0.0001461278173993546,0,0,False
C003265,Gaspesie-Iles-de-la-Madeleine,34.59,76271,7,0.999700936236081,1,1,False
C008229,Montreal,31.97,67553,10,0.994139063835128,1,1,False
C011985,Capitale-Nationale,33.56,83544,9,0.999178131034796,1,1,False
C002746,Capitale-Nationale,25.73,73130,8,0.02287732054009681,0,0,False
C008602,Montreal,26.19,128152,9,0.05056810640167487,0,0,False
C013496,Cote-Nord,30.15,98499,11,0.9453620661366664,1,1,False
C005341,Montreal,31.77,88415,4,0.9755876715678647,1,1,False
C007891,Bas-Saint-Laurent,24.25,97325,14,0.009986462565806766,0,0,False
C007692,Capitale-Nationale,27.57,43513,6,0.1624581817949457,0,0,False
C003048,Gaspesie-Iles-de-la-Madeleine,30.14,61640,12,0.9540327605718094,1,1,False
C013863,Gaspesie-Iles-de-la-Madeleine,23.58,52855,16,0.0059539580919184916,0,0,False
C004947,Montreal,27.32,97058,12,0.30848859753382396,0,0,False
C007172,Capitale-Nationale,24.71,69041,12,0.01260217232258153,0,0,False
C013469,Montreal,25.3,73115,8,0.012868858728694473,0,0,False
C007924,Capitale-Nationale,33.98,75338,9,0.9995359327391702,1,1,False
C001697,Montreal,21.74,54932,7,8.412246264804661e-05,0,0,False
C012278,Bas-Saint-Laurent,24.46,70783,14,0.013248506059272922,0,0,False
C009101,Bas-Saint-Laurent,25.81,116525,12,0.053995552158836425,0,0,False
C003595,Montreal,31.72,114332,9,0.9900245145295263,1,1,False
C000107,Montreal,27.88,94498,9,0.347218585856848,0,0,False
C012354,Cote-Nord,28.17,56521,14,0.677287464439702,1,1,False
C003211,Gaspesie-Iles-de-la-Madeleine,29.04,65123,12,0.8227236913398901,1,1,False
C004864,Cote-Nord,24.53,59491,17,0.02586709334634093,0,0,False
C002797,Montreal,27.8,97494,9,0.32295538962861975,0,0,False
C011447,Cote-Nord,27.23,44179,18,0.5605837077659428,0,0,False
C000917,Gaspesie-Iles-de-la-Madeleine,25.67,43754,10,0.030916079049635715,0,0,False
C012492,Montreal,29.0,44185,3,0.4305827506299928,0,1,True
C007679,Gaspesie-Iles-de-la-Madeleine,22.79,39987,16,0.0020385785479041622,0,0,False
C004967,Bas-Saint-Laurent,26.36,33075,14,0.151443536146036,0,0,False
C008803,Bas-Saint-Laurent,29.41,34903,12,0.8848044834130501,1,1,False
C007195,Cote-Nord,24.64,44055,16,0.024738699222645783,0,0,False
C013010,Montreal,23.46,43381,4,0.0004865489950490092,0,0,False
C007682,Bas-Saint-Laurent,27.05,113694,13,0.2730298052944734,0,0,False
C000552,Montreal,25.58,64805,4,0.008655175379684167,0,0,False
C012880,Montreal,29.84,135623,10,0.9031888552928297,1,1,False
C006475,Montreal,24.05,84472,10,0.0035016560414962558,0,0,False
C000043,Capitale-Nationale,31.77,57953,9,0.9906749628259546,1,1,False
C001809,Capitale-Nationale,26.78,51860,11,0.14956036612101437,0,0,False
C007115,Bas-Saint-Laurent,21.71,36308,18,0.0006935499024802313,0,0,False
C010898,Gaspesie-Iles-de-la-Madeleine,29.95,65493,13,0.9511814483392815,1,1,False
C008792,Cote-Nord,25.78,65343,10,0.0357331588586255,0,0,False
C006576,Capitale-Nationale,29.83,49292,9,0.8832946346893052,1,1,False
C000478,Montreal,30.72,81938,14,0.9854232228041784,1,1,False
C001688,Gaspesie-Iles-de-la-Madeleine,22.82,75545,11,0.0007998046328968722,0,0,False
C008598,Capitale-Nationale,28.74,56359,9,0.6317577429932562,0,0,False
C004236,Cote-Nord,26.88,38786,18,0.4419973278008219,0,0,False
C011420,Gaspesie-Iles-de-la-Madeleine,23.63,32618,9,0.0016284980157104372,0,0,False
C011540,Capitale-Nationale,28.31,162476,7,0.392490820801776,0,0,False
C001942,Capitale-Nationale,24.77,35327,10,0.009279772279748882,0,0,False
C010818,Capitale-Nationale,29.8,89501,4,0.7321236346933742,1,1,False
C010663,Capitale-Nationale,36.1,76636,10,0.9999787119746406,1,1,False
C011516,Montreal,26.64,130967,8,0.07479052937061614,0,0,False
C004263,Capitale-Nationale,20.96,56604,4,1.617690903635435e-05,0,0,False
C009969,Gaspesie-Iles-de-la-Madeleine,26.1,109843,10,0.054189841268702306,0,0,False
C005420,Gaspesie-Iles-de-la-Madeleine,25.2,48962,9,0.01364537744338981,0,0,False
C007828,Montreal,30.63,79130,7,0.9383277385680768,1,1,False
C003420,Montreal,32.09,50149,5,0.9868648167428669,1,1,False
C004531,Gaspesie-Iles-de-la-Madeleine,26.28,90251,12,0.09767301685897972,0,0,False
C013175,Bas-Saint-Laurent,30.3,38430,12,0.9626960797132096,1,1,False
C002444,Montreal,32.32,50171,12,0.9975304622978471,1,1,False
C000222,Capitale-Nationale,28.33,74166,12,0.6383272833132868,1,0,True
C006990,Capitale-Nationale,25.91,108165,13,0.07367031201517432,0,0,False
C004002,Montreal,30.39,52537,12,0.9668561125795401,1,1,False
C005596,Capitale-Nationale,25.78,79415,8,0.024449749603070732,0,0,False
C009643,Montreal,28.06,52867,10,0.4524844682927766,0,0,False
C003718,Montreal,21.83,28687,5,6.431241954758133e-05,0,0,False
C011217,Gaspesie-Iles-de-la-Madeleine,27.63,15649,11,0.3587905347640556,0,0,False
C012710,Gaspesie-Iles-de-la-Madeleine,30.51,44101,14,0.9806910130382144,1,1,False
C005867,Bas-Saint-Laurent,31.39,96795,23,0.9989789381560873,1,1,False
C009406,Montreal,31.67,47398,7,0.9843023469420383,1,1,False
C004210,Capitale-Nationale,28.19,82598,11,0.545357109643459,0,0,False
C010627,Capitale-Nationale,32.48,67440,11,0.9975848496139058,1,1,False
C003368,Montreal,29.24,49706,9,0.772170813732131,1,1,False
C013231,Capitale-Nationale,30.72,109864,11,0.9740932248818673,1,1,False
C009672,Capitale-Nationale,19.85,48862,7,6.415767083532451e-06,0,0,False
C002288,Capitale-Nationale,31.83,68194,15,0.9973237610782313,1,1,False
C007263,Gaspesie-Iles-de-la-Madeleine,26.74,34216,20,0.4918497957177999,0,0,False
C013291,Montreal,26.27,42748,10,0.06735413725048757,0,0,False
C006101,Montreal,35.52,131679,12,0.9999682839971019,1,1,False
C000775,Montreal,25.26,52093,8,0.012194989736507136,0,0,False
C010900,Cote-Nord,30.71,70291,12,0.9783090808507517,1,1,False
C012662,Montreal,27.04,47564,9,0.14490839387513307,0,0,False
C002484,Capitale-Nationale,27.84,78729,10,0.37984432526272605,0,0,False
C003340,Bas-Saint-Laurent,22.97,40404,10,0.0008067933255761545,0,0,False
C000483,Bas-Saint-Laurent,29.53,80194,13,0.9166505981721398,1,1,False
C007205,Gaspesie-Iles-de-la-Madeleine,27.34,30231,10,0.23666457872042912,0,0,False
C001609,Capitale-Nationale,27.7,93305,9,0.29392602479503466,0,0,False
C006616,Bas-Saint-Laurent,25.2,37940,10,0.016543684744935727,0,0,False
C007675,Gaspesie-Iles-de-la-Madeleine,34.14,48111,15,0.9998845047097324,1,1,False
C006167,Montreal,27.04,68118,11,0.20036508862141988,0,0,False
C003410,Capitale-Nationale,28.84,65271,9,0.6628305834447972,1,1,False
C003451,Gaspesie-Iles-de-la-Madeleine,25.1,55024,10,0.014468065256886277,0,0,False
C001903,Montreal,27.87,85288,10,0.38951333312506725,0,0,False
C011960,Montreal,31.28,53432,7,0.9735929703826125,1,1,False
C009749,Bas-Saint-Laurent,20.49,67030,17,0.00010837541968457087,0,0,False
C000194,Capitale-Nationale,29.04,27636,8,0.679772261483563,1,1,False
C008750,Capitale-Nationale,31.6,74376,7,0.9827595082009398,1,1,False
C009810,Montreal,29.88,33212,9,0.890132063543312,1,1,False
C008937,Cote-Nord,29.06,47095,15,0.8955550618905712,1,1,False
C004475,Montreal,27.01,177466,10,0.16514817515344057,0,0,False
C011128,Montreal,32.33,134805,11,0.9970391754129753,1,1,False
C013141,Montreal,28.87,74358,12,0.7864106137435725,1,1,False
C007291,Montreal,25.64,120572,9,0.024567133088474247,0,0,False
C005146,Montreal,32.28,50142,10,0.9961494888730449,1,1,False
C006894,Capitale-Nationale,28.57,70933,8,0.5281530508616031,0,0,False
C009386,Montreal,27.67,86570,9,0.28552007219794234,0,0,False
C002307,Cote-Nord,27.95,78222,11,0.46384400409755644,0,0,False
C007498,Cote-Nord,24.35,82034,9,0.004329126205356041,0,0,False
C003082,Montreal,26.92,176372,6,0.0741138667172133,0,0,False
C011318,Montreal,23.84,47884,7,0.0014662127339949101,0,0,False
C011354,Capitale-Nationale,27.53,40378,8,0.2135890872746852,0,0,False
C003704,Cote-Nord,24.17,104774,17,0.01600398235520311,0,0,False
C012589,Montreal,19.96,83214,8,9.061984169981088e-06,0,0,False
C004416,Montreal,31.77,126939,10,0.992318504660218,1,1,False
C006233,Montreal,27.57,85511,7,0.19084881426165157,0,0,False
C000040,Gaspesie-Iles-de-la-Madeleine,29.32,82049,18,0.9564559625409385,1,1,False
C006074,Capitale-Nationale,29.12,57798,12,0.8380575805187619,1,1,False
C006751,Gaspesie-Iles-de-la-Madeleine,23.36,36621,10,0.0013713640389133189,0,0,False
C008310,Gaspesie-Iles-de-la-Madeleine,26.92,54585,13,0.23933585296219825,0,0,False
C011129,Gaspesie-Iles-de-la-Madeleine,27.25,32075,11,0.25010368749834366,0,0,False
C004546,Bas-Saint-Laurent,35.1,37022,9,0.9998989818058137,1,1,False
C002379,Capitale-Nationale,26.48,111999,5,0.03489685548919591,0,0,False
C007041,Gaspesie-Iles-de-la-Madeleine,23.1,134421,18,0.004585566779944817,0,0,False
C000546,Bas-Saint-Laurent,31.04,54018,10,0.9795116301347091,1,1,False
C008657,Montreal,31.93,75629,8,0.990878950204146,1,1,False
C009285,Montreal,25.63,53319,10,0.029325254242437947,0,0,False
C000006,Montreal,29.85,52828,7,0.8402577861693735,1,1,False
C009863,Montreal,26.15,136428,11,0.06940161988484822,0,0,False
C004814,Bas-Saint-Laurent,27.15,61522,10,0.19313379875342454,0,0,False
C012675,Cote-Nord,33.07,31955,10,0.998683453676813,1,1,False
C011292,Bas-Saint-Laurent,23.09,46371,14,0.002074315131051483,0,0,False
C008444,Cote-Nord,30.19,19210,17,0.9833504977978909,1,1,False
C013144,Cote-Nord,27.14,36201,17,0.48136686950475116,0,0,False
C007455,Montreal,28.28,75562,10,0.5272066643532252,0,0,False
C011037,Bas-Saint-Laurent,27.4,100526,12,0.3321982064466402,0,0,False
C003835,Gaspesie-Iles-de-la-Madeleine,27.39,58180,15,0.46873149805714287,0,0,False
C006196,Capitale-Nationale,29.27,42733,11,0.8392357988103116,1,1,False
C000291,Montreal,27.68,120959,7,0.21505524504633902,0,0,False
C005307,Capitale-Nationale,26.43,108705,8,0.05725484903902135,0,0,False
C009157,Montreal,33.56,182380,10,0.9993240084312505,1,1,False
C007055,Montreal,33.71,56188,7,0.9990094587961016,1,1,False
C008375,Montreal,31.75,69461,12,0.9946489061589739,1,1,False
C001432,Montreal,34.98,52519,12,0.9999338384717887,1,1,False
C002491,Cote-Nord,23.75,115306,10,0.0023300837734219313,0,0,False
C000695,Montreal,31.45,55159,5,0.9691641953478919,1,1,False
C012442,Bas-Saint-Laurent,25.75,29997,11,0.041463532253163196,0,0,False
C005648,Gaspesie-Iles-de-la-Madeleine,25.81,38929,15,0.09307057763503981,0,0,False
C005257,Montreal,29.83,41461,7,0.8365683812155215,1,1,False
C011878,Capitale-Nationale,28.88,76166,7,0.5840226036868916,0,1,True
C011708,Capitale-Nationale,26.2,102927,6,0.02915430647778688,0,0,False
C013329,Montreal,23.12,90647,10,0.0009894390019374816,0,0,False
C008801,Montreal,32.06,65221,10,0.9948115575868333,1,1,False
C001907,Montreal,27.1,62631,13,0.28675024255592946,0,0,False
C000131,Capitale-Nationale,26.57,66372,11,0.11670518182087435,0,0,False
C013729,Bas-Saint-Laurent,27.63,86679,13,0.4527601382029567,0,0,False
C007122,Gaspesie-Iles-de-la-Madeleine,25.69,19631,8,0.02169088137728783,0,0,False
C010216,Bas-Saint-Laurent,28.55,34203,12,0.704263365454209,1,1,False
C010823,Bas-Saint-Laurent,24.97,69852,15,0.03166011265136494,0,0,False
C007572,Montreal,27.02,149041,5,0.07014096236435523,0,0,False
C004855,Montreal,24.39,42658,5,0.002095701817823524,0,0,False
C006513,Gaspesie-Iles-de-la-Madeleine,33.45,95829,12,0.9994688637085697,1,1,False
C010985,Montreal,25.36,56968,9,0.016910842270324924,0,0,False
C011225,Montreal,31.39,41208,12,0.9912929812043069,1,1,False
C010843,Montreal,26.58,104194,10,0.09921856097710637,0,0,False
C010556,Montreal,26.12,51849,8,0.038294303043458475,0,0,False
C010108,Montreal,31.62,82010,8,0.9861549235824665,1,1,False
C013241,Cote-Nord,28.01,73296,15,0.6723889579193134,1,0,True
C006263,Capitale-Nationale,32.94,92805,18,0.9996708860071044,1,1,False
C005521,Montreal,24.92,72950,5,0.004303244149468434,0,0,False
C000999,Cote-Nord,23.5,21534,15,0.004397951337698372,0,0,False
C005102,Montreal,26.66,102514,10,0.10938851312185752,0,0,False
C008187,Montreal,34.66,111491,9,0.9998161057170666,1,1,False
C009832,Gaspesie-Iles-de-la-Madeleine,23.1,51076,16,0.003105908836290006,0,0,False
C000912,Montreal,32.16,72706,6,0.99014725226664,1,1,False
C011571,Montreal,23.31,65399,7,0.000713010880616525,0,0,False
C007820,Montreal,27.28,51583,5,0.09704597351621409,0,0,False
C012241,Montreal,30.44,47274,11,0.9625193542431809,1,1,False
C010204,Gaspesie-Iles-de-la-Madeleine,28.41,31495,8,0.4737394739468131,0,1,True
C002684,Gaspesie-Iles-de-la-Madeleine,23.22,47222,17,0.0044411579304272026,0,0,False
C005022,Montreal,29.66,51615,5,0.7330854504224456,1,1,False
C001879,Capitale-Nationale,28.93,51725,12,0.7998128377133555,1,1,False
C005439,Capitale-Nationale,23.33,76176,9,0.0010829595503378065,0,0,False
C006791,Montreal,30.35,43492,10,0.9491955600402429,1,1,False
C006942,Bas-Saint-Laurent,30.47,30225,12,0.9701749138467416,1,1,False
C006795,Gaspesie-Iles-de-la-Madeleine,29.69,30638,11,0.9024248454492196,1,1,False
C011323,Capitale-Nationale,28.14,57186,7,0.33886834762507895,0,0,False
C010448,Capitale-Nationale,27.33,164804,13,0.35479418224721554,0,0,False
C003084,Gaspesie-Iles-de-la-Madeleine,29.18,22348,16,0.9246821399162402,1,1,False
C009054,Bas-Saint-Laurent,29.64,54297,11,0.8962632793546192,1,1,False
C005691,Gaspesie-Iles-de-la-Madeleine,23.2,41117,10,0.0011031879386584798,0,0,False
C001168,Gaspesie-Iles-de-la-Madeleine,29.54,63631,7,0.7752198231554047,1,1,False
C011140,Capitale-Nationale,28.04,58698,8,0.3522955851545101,0,0,False
C003781,Gaspesie-Iles-de-la-Madeleine,27.63,100281,17,0.6439754009351328,1,0,True
C012927,Montreal,25.57,127616,10,0.027086921434277874,0,0,False
C003719,Bas-Saint-Laurent,29.71,94593,12,0.9203595777265641,1,1,False
C012087,Bas-Saint-Laurent,24.74,122845,18,0.04120668588692242,0,0,False
C011970,Montreal,25.5,147621,5,0.00943084701319043,0,0,False
C010954,Cote-Nord,31.64,35126,14,0.9957913495506238,1,1,False
C009482,Gaspesie-Iles-de-la-Madeleine,24.5,60350,15,0.016947878044181963,0,0,False
C000734,Capitale-Nationale,28.55,72730,10,0.6169424161554943,0,0,False
C007669,Gaspesie-Iles-de-la-Madeleine,35.66,33196,16,0.9999880106449146,1,1,False
C002102,Capitale-Nationale,26.46,140243,8,0.05950013210176036,0,0,False
C012626,Montreal,27.99,71119,11,0.47741306147017015,0,0,False
C003864,Montreal,33.47,170952,10,0.9992359413831909,1,1,False
C013817,Montreal,24.91,70185,11,0.013594364721224678,0,0,False
C001124,Gaspesie-Iles-de-la-Madeleine,26.79,93940,11,0.15130060417850735,0,0,False
C005981,Montreal,29.66,75151,4,0.6931287197405902,1,1,False
C007867,Capitale-Nationale,31.81,50423,9,0.9911649229217186,1,1,False
C010281,Montreal,29.68,50454,8,0.8353744485762724,1,1,False
C001401,Capitale-Nationale,31.39,34931,7,0.9771825724719726,1,1,False
C001765,Gaspesie-Iles-de-la-Madeleine,32.74,48610,13,0.9988521401814672,1,1,False
C006533,Bas-Saint-Laurent,25.88,71857,16,0.12069746205149265,0,0,False
C004214,Montreal,27.92,66973,10,0.4058196864051869,0,0,False
C012217,Capitale-Nationale,31.32,81990,10,0.9859151384410151,1,1,False
C005805,Capitale-Nationale,24.16,63980,10,0.004065172498806509,0,0,False
C002619,Capitale-Nationale,23.46,75863,11,0.0019097682308927358,0,0,False
C009438,Bas-Saint-Laurent,25.98,53961,12,0.06711599890941058,0,0,False
C009466,Cote-Nord,25.59,72668,9,0.022987332664624202,0,0,False
C002956,Bas-Saint-Laurent,24.87,85506,11,0.012883000917401643,0,0,False
C013724,Montreal,23.29,128719,4,0.0003860438540620254,0,0,False
C013382,Montreal,23.31,85800,5,0.0004823330184563077,0,0,False
C000049,Montreal,25.33,59361,7,0.011044811667762543,0,0,False
C005518,Montreal,28.26,97159,9,0.47156922872386203,0,0,False
C007778,Capitale-Nationale,26.9,43078,5,0.06020373309786948,0,0,False
C005839,Montreal,31.73,95902,6,0.9824427810198614,1,1,False
C008000,Montreal,28.51,56114,15,0.8021608099809592,1,0,True
C010491,Capitale-Nationale,30.07,139882,8,0.8961597827913799,1,1,False
C006423,Gaspesie-Iles-de-la-Madeleine,33.59,42428,10,0.9993510491490024,1,1,False
C009115,Montreal,24.02,73290,7,0.0018726969554538142,0,0,False
C008302,Cote-Nord,22.65,38373,8,0.00035307772835776145,0,0,False
C006510,Montreal,29.24,83977,6,0.6533892274702938,1,1,False
C013464,Cote-Nord,29.14,80631,13,0.8660674079426186,1,1,False
C013823,Montreal,29.9,55142,10,0.9101011757439913,1,1,False
C012672,Montreal,32.28,82787,11,0.9968312294113479,1,1,False
C012671,Montreal,27.54,67852,12,0.37575088823493175,0,0,False
C008179,Montreal,28.79,79500,13,0.8005978085059061,1,0,True
C003923,Capitale-Nationale,29.23,70420,7,0.6933653351955028,1,1,False
C004384,Montreal,26.64,92819,7,0.062334673770003526,0,0,False
C006214,Capitale-Nationale,25.16,84683,6,0.007233864139581548,0,0,False
C011564,Cote-Nord,26.91,80127,15,0.31456815620150813,0,0,False
C002345,Montreal,27.61,81932,9,0.2691491079911517,0,0,False
C012805,Bas-Saint-Laurent,29.33,29002,14,0.9105927052694817,1,1,False
C004274,Gaspesie-Iles-de-la-Madeleine,27.12,43794,9,0.15893526033102487,0,0,False
C011167,Montreal,23.42,151552,5,0.0005602273439591989,0,0,False
C004452,Capitale-Nationale,32.67,88940,8,0.9966507285773096,1,1,False
C012952,Montreal,27.78,96714,6,0.2052015625422879,0,0,False
C010320,Montreal,32.84,89344,7,0.9967685845634973,1,1,False
C011721,Cote-Nord,26.53,75677,12,0.13205277002435198,0,0,False
C003371,Bas-Saint-Laurent,24.5,38975,10,0.006443293704475123,0,0,False
C005017,Montreal,26.4,124106,12,0.11305095272079788,0,0,False
C013551,Montreal,26.75,104360,10,0.12191167616389573,0,0,False
C004808,Montreal,31.65,63408,10,0.9909672728679914,1,1,False
C011089,Montreal,33.12,106002,10,0.9987700001124606,1,1,False
C005018,Montreal,30.74,44392,8,0.9555361972580644,1,1,False
C007921,Capitale-Nationale,28.54,58218,7,0.46912294155892326,0,0,False
C000730,Montreal,23.6,75318,7,0.001057900308121829,0,0,False
C009562,Cote-Nord,33.31,72214,11,0.999218706255084,1,1,False
C004439,Montreal,31.02,76779,11,0.9826303619945495,1,1,False
C012078,Montreal,25.69,29789,7,0.017907250113700684,0,0,False
C002209,Montreal,23.61,103409,8,0.0013036959441604002,0,0,False
C006055,Cote-Nord,26.47,81711,11,0.10338404170433839,0,0,False
C011362,Montreal,27.43,82504,10,0.2595129293981549,0,0,False
C011783,Gaspesie-Iles-de-la-Madeleine,28.41,28131,10,0.5710052840867972,0,1,True
C000237,Cote-Nord,35.82,92039,15,0.9999882753259669,1,1,False
C000972,Gaspesie-Iles-de-la-Madeleine,28.86,32257,10,0.7106851668204105,1,1,False
C002253,Montreal,25.19,84356,12,0.02394889040554973,0,0,False
C000390,Gaspesie-Iles-de-la-Madeleine,29.87,63525,13,0.9458670673170012,1,1,False
C010742,Capitale-Nationale,30.46,103053,6,0.9084813427410954,1,1,False
C003290,Bas-Saint-Laurent,29.75,52882,17,0.9700971378196399,1,1,False
C001231,Montreal,26.23,72061,7,0.03664419233068153,0,0,False
C003209,Cote-Nord,27.83,47787,15,0.6163078008314983,0,0,False
C011814,Capitale-Nationale,24.76,80960,8,0.006210371795824977,0,0,False
C007955,Montreal,30.74,86335,5,0.9227960869121747,1,1,False
C008921,Montreal,28.55,107998,16,0.8388732766732171,1,0,True
C002380,Gaspesie-Iles-de-la-Madeleine,25.18,75865,10,0.016106376072160377,0,0,False
C001358,Bas-Saint-Laurent,30.27,32290,16,0.9818714808978414,1,1,False
C012318,Montreal,32.46,57116,10,0.9969839766587321,1,1,False
C011150,Montreal,22.66,55065,5,0.00019910256023650301,0,0,False
C004004,Capitale-Nationale,23.55,66220,8,0.001201540148374297,0,0,False
C003958,Gaspesie-Iles-de-la-Madeleine,23.2,65059,14,0.002408686893254386,0,0,False
C011909,Gaspesie-Iles-de-la-Madeleine,27.09,44726,18,0.5132206269758379,0,0,False
C005506,Capitale-Nationale,30.52,145249,4,0.8793023490395222,1,1,False
C004376,Montreal,28.81,75914,16,0.8812067527656354,1,0,True
C010573,Capitale-Nationale,26.12,73068,7,0.0317083373630359,0,0,False
C006416,Montreal,26.58,92730,8,0.06932979248318516,0,0,False
C011558,Montreal,26.25,29168,14,0.13318232647182596,0,0,False
C011881,Bas-Saint-Laurent,28.09,45279,10,0.4626231781397333,0,0,False
C011747,Cote-Nord,26.6,82544,16,0.2678760162189627,0,0,False
C002734,Capitale-Nationale,25.59,131881,7,0.015663278394540306,0,0,False
C004773,Montreal,30.03,102187,13,0.9559983724591316,1,1,False
C004589,Bas-Saint-Laurent,27.22,76266,13,0.3212970789911607,0,0,False
C007324,Capitale-Nationale,25.41,141189,8,0.01491725955905284,0,0,False
C005777,Capitale-Nationale,32.82,109561,9,0.9977519853834598,1,1,False
C002450,Montreal,22.36,150735,7,0.00019566605984546495,0,0,False
C006062,Montreal,30.13,76320,9,0.9192732260658085,1,1,False
C002051,Gaspesie-Iles-de-la-Madeleine,23.63,46481,21,0.016759128070140544,0,0,False
C001178,Montreal,29.3,81267,5,0.6271771252349468,0,1,True
C011181,Montreal,25.8,71228,10,0.036683491386886986,0,0,False
C003355,Cote-Nord,26.35,28524,20,0.36270044514615823,0,0,False
C001130,Montreal,28.81,57913,8,0.6081486703655378,0,0,False
C005009,Capitale-Nationale,30.72,44635,8,0.9543646599231046,1,1,False
C007484,Capitale-Nationale,30.27,112839,9,0.932336669468746,1,1,False
C001335,Cote-Nord,26.37,73474,11,0.0914260407345352,0,0,False
C007269,Bas-Saint-Laurent,27.37,118807,13,0.36735890953799233,0,0,False
C000377,Capitale-Nationale,24.42,61715,3,0.0014773735698649722,0,0,False
C001090,Gaspesie-Iles-de-la-Madeleine,21.43,51016,11,0.00012057824849541582,0,0,False
C011294,Capitale-Nationale,24.68,119882,15,0.0215537627998162,0,0,False
C012961,Gaspesie-Iles-de-la-Madeleine,27.76,25033,15,0.5935324036847202,0,0,False
C005312,Bas-Saint-Laurent,27.76,40147,12,0.44817394079294276,0,0,False
C007619,Capitale-Nationale,24.08,43172,9,0.003001290408634005,0,0,False
C001357,Cote-Nord,27.36,36348,8,0.1772760490507711,0,0,False
C004571,Gaspesie-Iles-de-la-Madeleine,30.66,43426,12,0.9768162620466986,1,1,False
C006679,Montreal,32.75,81717,9,0.997527719785462,1,1,False
C013593,Gaspesie-Iles-de-la-Madeleine,28.74,45030,14,0.8201695688147345,1,1,False
C011159,Capitale-Nationale,31.13,71227,5,0.9531140702655765,1,1,False
C009276,Bas-Saint-Laurent,25.19,35219,10,0.0163235903361917,0,0,False
C002007,Montreal,26.43,26128,12,0.11721226783069191,0,0,False
C001050,Montreal,26.95,107553,10,0.1541895605648033,0,0,False
C000318,Montreal,27.7,49713,12,0.42806438032005495,0,0,False
C006238,Capitale-Nationale,28.6,53649,7,0.4895104796075516,0,0,False
C006339,Cote-Nord,29.41,43900,12,0.8848044834130501,1,1,False
C004119,Montreal,31.56,51626,5,0.9733393311146747,1,1,False
C003757,Montreal,27.68,49990,9,0.2883059894011198,0,0,False
C013517,Bas-Saint-Laurent,28.26,89695,12,0.6160446509829474,0,1,True
C005329,Gaspesie-Iles-de-la-Madeleine,30.9,101346,11,0.9796099323857199,1,1,False
C013818,Montreal,28.01,81165,10,0.43567793018381296,0,0,False
C007346,Gaspesie-Iles-de-la-Madeleine,28.97,60037,16,0.9021882070500422,1,1,False
C004747,Montreal,25.17,42470,5,0.006037849432336067,0,0,False
C011419,Capitale-Nationale,25.37,162382,12,0.03039858878251113,0,0,False
C000135,Montreal,29.02,50016,13,0.8459552606463502,1,1,False
C001717,Gaspesie-Iles-de-la-Madeleine,25.48,34537,10,0.02403781151780433,0,0,False
C004725,Bas-Saint-Laurent,27.88,60065,12,0.4888396656436963,0,0,False
C002659,Gaspesie-Iles-de-la-Madeleine,21.97,33913,12,0.0003058125121474382,0,0,False
C013034,Capitale-Nationale,28.94,51063,8,0.6494349685647139,1,1,False
C012745,Montreal,30.42,69284,5,0.885463487892662,1,1,False
C007726,Cote-Nord,28.18,88507,18,0.8230480227893814,1,1,False
C001923,Montreal,30.54,66541,7,0.9308431061943514,1,1,False
C004092,Bas-Saint-Laurent,28.59,57429,18,0.8904580859090445,1,1,False
C009879,Montreal,31.78,69671,9,0.9907999199561707,1,1,False
C005288,Montreal,23.62,55816,9,0.0016065086104745643,0,0,False
C012886,Montreal,27.37,89635,15,0.46195586720274967,0,0,False
C005766,Montreal,32.16,72333,7,0.9918830412569997,1,1,False
C001232,Montreal,30.06,37665,10,0.9264054625452138,1,1,False
C010897,Gaspesie-Iles-de-la-Madeleine,21.23,36785,13,0.00013578035663410778,0,0,False
C012377,Cote-Nord,24.85,73034,8,0.0070143877564565115,0,0,False
C013881,Cote-Nord,20.94,52271,12,7.523848377119704e-05,0,0,False
C001288,Montreal,25.0,47630,8,0.00859025625030425,0,0,False
C000927,Bas-Saint-Laurent,26.07,72971,13,0.08998975537923044,0,0,False
C006801,Montreal,25.28,54406,12,0.026987032891505832,0,0,False
C006262,Bas-Saint-Laurent,30.48,30602,17,0.9887210623870124,1,1,False
C011531,Montreal,33.07,94716,8,0.9980545862051837,1,1,False
C010295,Montreal,32.87,84364,14,0.9992088832259114,1,1,False
C002604,Montreal,22.78,34792,15,0.0016544594775331216,0,0,False
C000867,Capitale-Nationale,32.56,47102,9,0.9968000597905035,1,1,False
C008189,Gaspesie-Iles-de-la-Madeleine,27.07,151156,8,0.12677244141384325,0,0,False
C000014,Gaspesie-Iles-de-la-Madeleine,29.35,21518,9,0.7974440360201204,1,1,False
C003840,Montreal,30.19,52565,9,0.9251323175946522,1,1,False
C000035,Capitale-Nationale,26.11,43557,8,0.037795962923447335,0,0,False
C010091,Bas-Saint-Laurent,27.01,28273,9,0.1399196474128145,0,0,False
C008440,Capitale-Nationale,29.61,87797,11,0.8924032222279101,1,1,False
C003543,Montreal,31.75,86995,3,0.969680383977637,1,1,False
C001832,Montreal,23.84,32414,9,0.0021664154584308745,0,0,False
C001926,Montreal,33.82,71387,5,0.9987394693532698,1,1,False
C006195,Gaspesie-Iles-de-la-Madeleine,27.82,111358,20,0.808147963657259,1,0,True
C000405,Montreal,30.71,70283,10,0.9682574279105768,1,1,False
C012279,Bas-Saint-Laurent,23.7,27094,9,0.001791070573716964,0,0,False
C005758,Cote-Nord,25.82,36855,10,0.03765811119819379,0,0,False
C001835,Montreal,25.27,40480,8,0.012360116819097782,0,0,False
C012520,Montreal,24.34,54577,6,0.002379916807609695,0,0,False
C000700,Montreal,30.16,82288,13,0.9628720040454916,1,1,False
C005002,Montreal,28.06,84023,11,0.501227238606457,0,0,False
C011427,Gaspesie-Iles-de-la-Madeleine,29.52,47863,9,0.8322813434249458,1,1,False
C001324,Montreal,29.35,63045,6,0.6864891340143854,1,1,False
C007034,Gaspesie-Iles-de-la-Madeleine,29.28,50039,20,0.9685099491523755,1,1,False
C003537,Cote-Nord,31.36,70946,9,0.9838156041793146,1,1,False
C012075,Bas-Saint-Laurent,31.77,40668,10,0.992318504660218,1,1,False
C004979,Montreal,27.96,71093,11,0.4672320422609505,0,0,False
C005487,Bas-Saint-Laurent,26.62,79549,14,0.20273546203385623,0,0,False
C001064,Capitale-Nationale,29.07,144905,15,0.8968218912084803,1,1,False
C013047,Montreal,29.9,75035,10,0.9101011757439913,1,1,False
C006749,Bas-Saint-Laurent,31.07,117387,11,0.9837550324523548,1,1,False
C001004,Capitale-Nationale,30.12,74606,12,0.9528235662627829,1,1,False
C001964,Gaspesie-Iles-de-la-Madeleine,22.69,68094,8,0.00037283502653367854,0,0,False
C009050,Montreal,30.79,37220,8,0.9583408180014606,1,1,False
C003320,Capitale-Nationale,22.77,109865,10,0.0006145695074114227,0,0,False
C010867,Capitale-Nationale,34.22,76674,6,0.9993983201757038,1,1,False
C004896,Montreal,29.94,89915,9,0.8978712240450176,1,1,False
C009778,Montreal,26.22,28690,12,0.09070533879607183,0,0,False
C010562,Capitale-Nationale,27.29,98919,7,0.13874209582302457,0,0,False
C009583,Montreal,27.61,165563,7,0.19940190733605379,0,0,False
C007505,Gaspesie-Iles-de-la-Madeleine,23.95,33095,14,0.00665972574896815,0,0,False
C003234,Montreal,30.65,76779,5,0.9136000744149753,1,1,False
C006071,Montreal,27.67,57378,11,0.37141531861671534,0,0,False
C007267,Gaspesie-Iles-de-la-Madeleine,29.08,50756,15,0.8980751037380067,1,1,False
C000315,Capitale-Nationale,29.08,54311,15,0.8980751037380067,1,1,False
C006922,Capitale-Nationale,33.03,50487,9,0.9983101294520227,1,1,False
C006552,Bas-Saint-Laurent,29.04,68239,9,0.7207674827417864,1,1,False
C004338,Cote-Nord,29.8,36992,11,0.9148424144830806,1,1,False
C011488,Capitale-Nationale,33.56,101933,9,0.999178131034796,1,1,False
C008785,Gaspesie-Iles-de-la-Madeleine,29.41,67653,13,0.9032861021155715,1,1,False
C007021,Gaspesie-Iles-de-la-Madeleine,29.72,38543,12,0.9213519705868563,1,1,False
C003737,Cote-Nord,27.57,48011,17,0.625031340009468,0,0,False
C006804,Capitale-Nationale,32.29,84567,8,0.9943935515848477,1,1,False
C013506,Cote-Nord,28.58,54724,17,0.8683291422141469,1,1,False
C001154,Gaspesie-Iles-de-la-Madeleine,27.05,58412,12,0.2359792865076456,0,0,False
C006667,Bas-Saint-Laurent,30.27,38519,13,0.9678708524109185,1,1,False
C012443,Gaspesie-Iles-de-la-Madeleine,26.45,35743,15,0.196988231847612,0,0,False
C011502,Montreal,23.03,42818,12,0.0012938454578388626,0,0,False
C006095,Montreal,30.73,44439,9,0.9626561005586776,1,1,False
C001725,Montreal,25.35,151604,12,0.029606070678074862,0,0,False
C013739,Gaspesie-Iles-de-la-Madeleine,32.46,89915,10,0.9969839766587321,1,1,False
C006308,Gaspesie-Iles-de-la-Madeleine,28.5,82141,11,0.6465828500052282,1,1,False
C002841,Capitale-Nationale,26.61,63642,8,0.07201243094167557,0,0,False
C010837,Cote-Nord,26.17,36829,18,0.23150024457357696,0,0,False
C009707,Capitale-Nationale,28.06,181350,9,0.40463632248577214,0,0,False
C007224,Gaspesie-Iles-de-la-Madeleine,23.28,71931,14,0.0026851583651707226,0,0,False
C003613,Montreal,31.57,128244,6,0.9782618079019104,1,1,False
C013296,Gaspesie-Iles-de-la-Madeleine,26.64,20655,16,0.2786921897713251,0,0,False
C000113,Montreal,25.3,43224,9,0.015604841175851453,0,0,False
C005168,Capitale-Nationale,30.04,102617,8,0.8922963373317538,1,1,False
C012650,Capitale-Nationale,24.19,52784,7,0.0023593334103405483,0,0,False
C008439,Montreal,29.72,49124,4,0.7102273963636279,1,1,False
C004222,Bas-Saint-Laurent,24.54,21670,9,0.005600238761237378,0,0,False
C003450,Montreal,24.38,54825,17,0.021189557525217163,0,0,False
C006224,Montreal,28.24,46333,4,0.24623181353393936,0,0,False
C000794,Montreal,27.0,123080,6,0.08194466476956748,0,0,False
C004743,Capitale-Nationale,28.66,141885,7,0.509932972739821,0,0,False
C011206,Capitale-Nationale,23.29,30053,9,0.0010256098959130482,0,0,False
C001166,Montreal,21.77,35196,6,7.206655059290158e-05,0,0,False
C009595,Gaspesie-Iles-de-la-Madeleine,32.39,51606,9,0.9959699202939242,1,1,False
C007576,Montreal,27.34,56230,8,0.17333886895739178,0,0,False
C006633,Montreal,27.23,60776,9,0.1799943362222179,0,0,False
C011287,Montreal,28.82,23994,8,0.6113888069386908,0,0,False
C013404,Gaspesie-Iles-de-la-Madeleine,23.8,70225,9,0.002051807716279405,0,0,False
C013790,Bas-Saint-Laurent,26.07,25442,19,0.2422318966495454,0,0,False
C001466,Capitale-Nationale,26.84,76128,8,0.09595576018217704,0,0,False
C012955,Bas-Saint-Laurent,29.14,25225,16,0.9207998995889036,1,1,False
C000016,Capitale-Nationale,26.29,46324,9,0.05752044374394756,0,0,False
C007920,Montreal,27.97,51837,7,0.28908574299688256,0,0,False
C007540,Montreal,29.22,101812,7,0.690462651649195,1,1,False
C008161,Montreal,30.77,53188,7,0.9484805331789712,1,1,False
C006065,Montreal,25.88,72257,10,0.04073342281102753,0,0,False
C005575,Gaspesie-Iles-de-la-Madeleine,29.97,63047,10,0.9176009855148809,1,1,False
C013482,Gaspesie-Iles-de-la-Madeleine,25.26,53752,12,0.02628104628697714,0,0,False
C009565,Montreal,23.96,102944,11,0.0037658183866926707,0,0,False
C011768,Capitale-Nationale,28.72,52239,7,0.5303223639145016,0,0,False
C004380,Montreal,29.25,42114,12,0.8606699575561172,1,1,False
C003850,Montreal,25.23,86555,7,0.009652325809373627,0,0,False
C012286,Gaspesie-Iles-de-la-Madeleine,21.86,96790,17,0.0006996107914283359,0,0,False
C005014,Capitale-Nationale,24.55,93030,8,0.004673048989310652,0,0,False
C005231,Gaspesie-Iles-de-la-Madeleine,32.53,53335,13,0.9984727419143408,1,1,False
C012191,Montreal,24.43,57383,9,0.004824961473398999,0,0,False
C011908,Montreal,24.19,66504,6,0.001941094347251555,0,0,False
C007051,Gaspesie-Iles-de-la-Madeleine,29.26,65067,14,0.9025227768927514,1,1,False
C008988,Montreal,25.3,131789,12,0.027711444654443095,0,0,False
C003070,Montreal,30.03,67842,7,0.8704847329008322,1,1,False
C002668,Bas-Saint-Laurent,22.95,49765,13,0.0014107379276014763,0,0,False
C008145,Capitale-Nationale,31.7,71451,8,0.9875661259732308,1,1,False
C011951,Bas-Saint-Laurent,33.59,47529,15,0.9997557896054453,1,1,False
C010374,Montreal,25.25,43913,8,0.012032041821868922,0,0,False
C003021,Montreal,30.49,83628,7,0.926329566513358,1,1,False
C001583,Cote-Nord,25.08,64670,12,0.02068633229234248,0,0,False
C004507,Capitale-Nationale,30.26,49106,12,0.9606899597153808,1,1,False
C001317,Capitale-Nationale,30.94,49555,10,0.9765928381304653,1,1,False
C002654,Montreal,26.27,59577,12,0.09647947643653867,0,0,False
C000707,Capitale-Nationale,25.17,79334,7,0.008901814074927851,0,0,False
C009601,Montreal,30.51,84846,6,0.9139868474531423,1,1,False
C013004,Gaspesie-Iles-de-la-Madeleine,24.31,95302,14,0.010827421963884932,0,0,False
C013871,Cote-Nord,24.98,61706,18,0.05623862386590585,0,0,False
C012451,Capitale-Nationale,27.99,53462,5,0.22033977649997016,0,0,False
C008063,Montreal,28.57,72493,6,0.4308555774592411,0,0,False
C009437,Montreal,32.82,33070,7,0.9966796678144688,1,1,False
C007493,Capitale-Nationale,27.66,69166,12,0.414784657521062,0,0,False
C001408,Montreal,25.37,67942,10,0.020763397372185487,0,0,False
C004181,Capitale-Nationale,29.06,108411,9,0.7262155092206165,1,1,False
C004379,Cote-Nord,25.03,82234,14,0.028349947466107434,0,0,False
C010524,Montreal,28.78,78201,6,0.5018983605827707,0,0,False
C000150,Montreal,24.91,46394,11,0.013594364721224678,0,0,False
C001804,Montreal,22.41,103756,8,0.00025467321915496443,0,0,False
C001224,Cote-Nord,25.04,59157,10,0.013348154995099542,0,0,False
C004081,Montreal,25.85,77525,8,0.026829338743302827,0,0,False
C013124,Montreal,31.46,164028,17,0.9970053557632184,1,1,False
C010529,Capitale-Nationale,30.92,82442,12,0.9836152969767796,1,1,False
C000743,Capitale-Nationale,25.79,55011,7,0.02046601636862445,0,0,False
C010737,Capitale-Nationale,30.59,59680,7,0.9350994906843376,1,1,False
C012556,Gaspesie-Iles-de-la-Madeleine,30.8,48453,16,0.991107981485811,1,1,False
C007213,Montreal,25.98,82844,11,0.0558611143612617,0,0,False
C008896,Capitale-Nationale,25.1,43718,5,0.0054919244642532665,0,0,False
C000192,Cote-Nord,26.63,27542,14,0.20494532308362426,0,0,False
C001612,Capitale-Nationale,31.29,79857,13,0.9917908112259868,1,1,False
C011684,Montreal,23.59,47797,11,0.0022787606741137023,0,0,False
C000490,Capitale-Nationale,26.46,37540,6,0.04103120396264013,0,0,False
C000839,Bas-Saint-Laurent,26.36,74172,14,0.151443536146036,0,0,False
C007908,Gaspesie-Iles-de-la-Madeleine,27.17,43992,13,0.30663428636271284,0,0,False
C001773,Montreal,31.49,105932,10,0.9887931159997388,1,1,False
C008102,Capitale-Nationale,27.61,168004,9,0.2691491079911517,0,0,False
C003159,Montreal,29.95,58572,7,0.8576999301078609,1,1,False
C008795,Montreal,26.15,50361,7,0.03298685268312955,0,0,False
C012679,Montreal,23.41,68287,8,0.00099319948786373,0,0,False
C001740,Montreal,33.48,198481,10,0.9992462671834641,1,1,False
C008314,Capitale-Nationale,23.63,116295,11,0.002406014755096299,0,0,False
C007844,Bas-Saint-Laurent,24.42,88027,11,0.007022141961811648,0,0,False
C004783,Capitale-Nationale,24.03,41463,8,0.0023073675400860603,0,0,False
C001203,Montreal,31.81,64341,8,0.9892772264740375,1,1,False
C003534,Montreal,32.55,127936,11,0.99780394425721,1,1,False
C004200,Montreal,25.51,99930,8,0.017056206141080114,0,0,False
C011518,Cote-Nord,29.31,34778,8,0.7540594770323088,1,1,False
C005632,Gaspesie-Iles-de-la-Madeleine,31.7,45657,14,0.9961202492361335,1,1,False
C006378,Cote-Nord,27.6,82638,13,0.44265952760815386,0,0,False
C003834,Bas-Saint-Laurent,26.73,23262,13,0.195439532941387,0,0,False
C002217,Montreal,24.43,104653,10,0.005860925793657783,0,0,False
C009111,Bas-Saint-Laurent,24.8,43420,14,0.020886203083983458,0,0,False
C013581,Bas-Saint-Laurent,29.04,44698,12,0.8227236913398901,1,1,False
C004836,Montreal,26.82,64191,12,0.18421618414616134,0,0,False
C007325,Cote-Nord,32.85,46796,18,0.9996279927653624,1,1,False
C000913,Montreal,26.36,101916,7,0.043432295869828164,0,0,False
C012209,Capitale-Nationale,25.04,68354,10,0.013348154995099542,0,0,False
C001806,Montreal,29.84,89324,7,0.8384215844121886,1,1,False
C012753,Capitale-Nationale,25.62,94653,8,0.019757787413270105,0,0,False
C008764,Cote-Nord,29.24,39671,15,0.9163600252636516,1,1,False
C005580,Montreal,27.29,58024,11,0.2604575497709765,0,0,False
C004849,Gaspesie-Iles-de-la-Madeleine,28.69,54555,14,0.8099079679698186,1,1,False
C009702,Montreal,27.95,65959,15,0.6541448047632169,1,0,True
C007026,Gaspesie-Iles-de-la-Madeleine,27.88,61968,13,0.5376529808942314,0,0,False
C010310,Capitale-Nationale,28.06,87331,12,0.5499466939831599,0,0,False
C011709,Bas-Saint-Laurent,27.05,38359,10,0.17279543561394484,0,0,False
C006907,Montreal,28.82,65967,9,0.656717477388189,1,0,True
C008324,Montreal,26.56,72496,7,0.05626299992078731,0,0,False
C013235,Bas-Saint-Laurent,29.33,50489,23,0.9833868925575335,1,1,False
C007816,Montreal,28.81,38076,10,0.6964880348062379,1,0,True
C010634,Montreal,26.98,39333,11,0.18759471433963337,0,0,False
C000190,Montreal,31.56,140807,11,0.9915977791166105,1,1,False
C009336,Montreal,28.15,142746,10,0.4829852336263726,0,0,False
C004246,Gaspesie-Iles-de-la-Madeleine,25.76,127499,13,0.060888853872659306,0,0,False
C006641,Montreal,32.2,56917,10,0.9957082353610567,1,1,False
C009170,Montreal,25.19,64652,8,0.011098570090692584,0,0,False
C001782,Montreal,36.52,99560,10,0.9999879839351388,1,1,False
C002776,Montreal,30.86,81310,10,0.9739690328581416,1,1,False
C006219,Montreal,24.44,68116,10,0.0059408018694491,0,0,False
C009975,Montreal,32.31,35899,8,0.9945433541495793,1,1,False
C013662,Montreal,24.41,38165,11,0.006927828230927807,0,0,False
C000758,Montreal,22.38,63510,7,0.0002010669251988733,0,0,False
C007559,Capitale-Nationale,28.2,281008,12,0.5965455053966152,0,0,False
C008684,Cote-Nord,25.12,98364,10,0.01486156359678007,0,0,False
C001905,Montreal,26.35,151441,10,0.07452819983011696,0,0,False
C005740,Montreal,25.44,77645,5,0.008697405013487057,0,0,False
C013112,Montreal,25.56,38059,10,0.0267303739914078,0,0,False
C000364,Bas-Saint-Laurent,33.27,33035,11,0.999175006893691,1,1,False
C007344,Bas-Saint-Laurent,28.28,26521,7,0.3827942464191737,0,1,True
C000372,Montreal,28.62,30885,9,0.5929954251667368,0,0,False
C011760,Montreal,24.64,79922,7,0.004345524375743448,0,0,False
C003208,Capitale-Nationale,26.66,89888,12,0.1536950002335105,0,0,False
C012171,Capitale-Nationale,27.76,101306,10,0.35453951629451513,0,0,False
C001680,Cote-Nord,28.47,32931,13,0.7219779732018003,1,1,False
C001841,Montreal,29.67,50072,3,0.6531371961946598,1,1,False
C000709,Capitale-Nationale,24.33,75454,8,0.003467557724301977,0,0,False
C007261,Capitale-Nationale,25.17,78233,4,0.004970768845284284,0,0,False
C006329,Gaspesie-Iles-de-la-Madeleine,24.58,49362,15,0.018861619603457464,0,0,False
C009813,Gaspesie-Iles-de-la-Madeleine,29.42,55084,16,0.9445139167595892,1,1,False
C001428,Montreal,28.26,67117,12,0.6160446509829474,0,0,False
C000055,Gaspesie-Iles-de-la-Madeleine,26.92,41076,12,0.20556473994198182,0,0,False
C012788,Cote-Nord,25.68,71760,7,0.017669340985104025,0,0,False
C003190,Montreal,26.43,39476,9,0.06877008907238354,0,0,False
C001955,Cote-Nord,28.88,43505,16,0.8908279239233479,1,1,False
C012112,Montreal,27.39,78173,9,0.21441494924947344,0,0,False
C001349,Bas-Saint-Laurent,24.41,56481,10,0.005704362678033243,0,0,False
C000195,Bas-Saint-Laurent,23.55,45932,15,0.004706353853050857,0,0,False
C003144,Montreal,25.65,82601,7,0.016974085887781456,0,0,False
C009412,Cote-Nord,30.28,16209,10,0.9443971771089922,1,1,False
C000694,Gaspesie-Iles-de-la-Madeleine,30.67,28788,16,0.9894042477660433,1,1,False
C006465,Montreal,29.32,83431,10,0.8212869509918315,1,1,False
C005135,Capitale-Nationale,26.96,134454,8,0.11109661454755844,0,0,False
C012504,Bas-Saint-Laurent,23.85,34056,14,0.005816842274576267,0,0,False
C010632,Capitale-Nationale,24.82,54555,9,0.008178316089817807,0,0,False
C002597,Capitale-Nationale,25.57,57074,11,0.03274545933985612,0,0,False
C012362,Montreal,25.57,180539,9,0.02238357206213732,0,0,False
C006374,Montreal,26.4,84469,11,0.0948765074106596,0,0,False
C008619,Gaspesie-Iles-de-la-Madeleine,29.82,64491,11,0.9169402531037558,1,1,False
C003215,Montreal,25.47,148811,10,0.023720421226027685,0,0,False
C002492,Montreal,31.65,53785,10,0.9909672728679914,1,1,False
C003686,Capitale-Nationale,25.27,52226,10,0.018168140626852312,0,0,False
C012082,Capitale-Nationale,26.21,62175,12,0.08958848815362853,0,0,False
C013874,Montreal,24.74,31807,8,0.006044530673838828,0,0,False
C002810,Gaspesie-Iles-de-la-Madeleine,26.63,26070,15,0.23864524397138762,0,0,False
C008036,Bas-Saint-Laurent,26.55,33628,19,0.38063095030158384,0,0,False
C012996,Bas-Saint-Laurent,27.06,63906,9,0.14831567039981697,0,0,False
C009943,Capitale-Nationale,30.23,45502,11,0.9507234417157764,1,1,False
C006621,Montreal,27.85,71497,8,0.2957362638173355,0,0,False
C005127,Gaspesie-Iles-de-la-Madeleine,27.31,53207,15,0.44172292143745234,0,0,False
C003326,Gaspesie-Iles-de-la-Madeleine,29.47,43808,15,0.9374429107870365,1,1,False
C009817,Bas-Saint-Laurent,33.12,100537,7,0.9977907078598733,1,1,False
C000723,Cote-Nord,31.75,87685,8,0.9883749904514609,1,1,False
C000009,Capitale-Nationale,24.69,24705,7,0.0046502676676944115,0,0,False
C009867,Gaspesie-Iles-de-la-Madeleine,23.63,68182,12,0.002924134680982304,0,0,False
C003955,Bas-Saint-Laurent,28.08,83291,9,0.4112137744913737,0,0,False
C004647,Cote-Nord,26.71,153893,15,0.2589973901988063,0,0,False
C004441,Montreal,26.84,117927,7,0.08028083826040662,0,0,False
C008599,Bas-Saint-Laurent,26.67,44478,13,0.18291128143756924,0,0,False
C007731,Montreal,23.2,86372,13,0.0019817163164589867,0,0,False
C013722,Bas-Saint-Laurent,32.55,102089,7,0.9952113589906878,1,1,False
C004332,Bas-Saint-Laurent,23.75,41210,11,0.002831898863656071,0,0,False
C008205,Montreal,24.68,73408,10,0.008218238358157685,0,0,False
C006575,Montreal,25.6,42841,7,0.015874613357238335,0,0,False
C010912,Montreal,29.01,57389,9,0.7124721469675793,1,1,False
C002991,Gaspesie-Iles-de-la-Madeleine,27.37,63224,18,0.6068684697091541,0,0,False
C007039,Capitale-Nationale,25.64,74884,7,0.016748363008490516,0,0,False
C011786,Gaspesie-Iles-de-la-Madeleine,32.12,27002,8,0.9929435269825011,1,1,False
C008992,Gaspesie-Iles-de-la-Madeleine,26.69,29148,15,0.25380514327338494,0,0,False
C006063,Montreal,23.72,95038,14,0.004877740459815445,0,0,False
C011235,Montreal,25.36,85353,7,0.011500046050390653,0,0,False
C009148,Bas-Saint-Laurent,26.42,72430,16,0.22260845831650075,0,0,False
C003107,Bas-Saint-Laurent,23.5,42194,15,0.004397951337698372,0,0,False
C011289,Capitale-Nationale,27.18,84477,4,0.07161100180750779,0,0,False
C005573,Capitale-Nationale,26.83,80182,4,0.045703769522821173,0,0,False
C010277,Bas-Saint-Laurent,23.78,82814,9,0.0019967933272602954,0,0,False
C012129,Capitale-Nationale,25.61,48517,10,0.02855989467803929,0,0,False
C001972,Bas-Saint-Laurent,30.82,55548,12,0.9812699382647607,1,1,False
C006218,Bas-Saint-Laurent,30.82,47858,20,0.996022390079217,1,1,False
C007226,Montreal,33.21,40260,6,0.9976238080119099,1,1,False
C006819,Montreal,28.64,38484,9,0.5995513409823539,0,0,False
C010739,Cote-Nord,25.1,36335,11,0.017538006207698593,0,0,False
C008909,Bas-Saint-Laurent,24.16,52071,9,0.003345553387406752,0,0,False
C000889,Cote-Nord,31.31,35845,9,0.9826950534524893,1,1,False
C006517,Montreal,25.75,30603,8,0.023494079148304054,0,0,False
C010539,Capitale-Nationale,28.48,61543,10,0.5941798843873172,0,0,False
C010058,Bas-Saint-Laurent,25.43,110782,16,0.06922844070963445,0,0,False
C001797,Gaspesie-Iles-de-la-Madeleine,30.02,40688,21,0.990332620050323,1,1,False
C007485,Capitale-Nationale,31.19,31015,12,0.9885984938806551,1,1,False
C001160,Cote-Nord,27.04,39911,11,0.20036508862141988,0,0,False
C003693,Capitale-Nationale,28.08,85408,14,0.6499414412281547,1,0,True
C010893,Montreal,27.23,30369,7,0.12926438636362375,0,0,False
C008119,Capitale-Nationale,30.82,108920,14,0.9872552662447248,1,1,False
C002524,Cote-Nord,30.37,34115,11,0.9589249226243652,1,1,False
C002496,Montreal,21.54,57852,7,6.406869210887147e-05,0,0,False
C012980,Capitale-Nationale,26.5,55273,15,0.2079806273751109,0,0,False
C004395,Capitale-Nationale,30.68,36206,4,0.9005822141508952,1,1,False
C002843,Gaspesie-Iles-de-la-Madeleine,25.96,57756,15,0.11180320232958868,0,0,False
C013845,Bas-Saint-Laurent,28.24,42869,15,0.7373418911258415,1,1,False
C013376,Montreal,33.82,59176,5,0.9987394693532698,1,1,False
C004448,Cote-Nord,22.85,50843,12,0.001012878196481148,0,0,False
C009657,Montreal,24.94,101369,6,0.005371332699851841,0,0,False
C011342,Montreal,29.16,80389,9,0.7524411541006408,1,1,False
C013771,Capitale-Nationale,30.23,90251,6,0.8788987741150582,1,1,False
C005849,Capitale-Nationale,23.01,92703,11,0.0010357202141897054,0,0,False
C008172,Montreal,24.49,77631,12,0.009370487727130476,0,0,False
C007477,Bas-Saint-Laurent,27.63,54250,9,0.2745397654779349,0,0,False
C013340,Cote-Nord,30.01,37791,21,0.9902013787381749,1,1,False
C012779,Bas-Saint-Laurent,27.49,60118,14,0.4539769246967673,0,0,False
C004285,Montreal,24.63,104358,8,0.00520806931436039,0,0,False
C003898,Montreal,21.96,61373,14,0.00044599502261077423,0,0,False
C003363,Capitale-Nationale,32.62,59517,8,0.9964155990763887,1,1,False
C012831,Capitale-Nationale,26.65,53349,6,0.052510399738353995,0,0,False
C006814,Montreal,30.55,116288,10,0.9608331088905744,1,1,False
C000259,Montreal,31.42,59453,6,0.9734664455594723,1,1,False
C011833,Montreal,23.21,49499,10,0.0011182957590453707,0,0,False
C009858,Montreal,26.85,48466,5,0.05646496087557393,0,0,False
C008775,Gaspesie-Iles-de-la-Madeleine,23.79,61343,10,0.0024601968511759912,0,0,False
C005121,Montreal,24.76,42846,5,0.0034637149794156095,0,0,False
C008183,Gaspesie-Iles-de-la-Madeleine,26.9,39959,9,0.12284683050550525,0,0,False
C003011,Bas-Saint-Laurent,29.45,50264,20,0.9748536422919885,1,1,False
C011900,Montreal,31.36,34042,8,0.9803887264877464,1,1,False
C003437,Capitale-Nationale,28.47,114756,9,0.5429213189593662,0,0,False
C000042,Montreal,22.83,127549,10,0.0006668539620612483,0,0,False
C006366,Capitale-Nationale,25.03,89315,8,0.00894523622986752,0,0,False
C003808,Bas-Saint-Laurent,23.32,36311,16,0.004186201554080326,0,0,False
C004098,Montreal,33.89,170513,9,0.9994754603427002,1,1,False
C011974,Montreal,21.64,42719,7,7.341405523612004e-05,0,0,False
C005222,Cote-Nord,24.25,23114,6,0.0021059949868295425,0,0,False
C006113,Montreal,30.28,79949,10,0.9443971771089922,1,1,False
C003385,Cote-Nord,26.08,57238,9,0.04384209881092361,0,0,False
C010435,Montreal,28.6,120031,7,0.4895104796075516,0,0,False
C009018,Capitale-Nationale,29.65,54274,8,0.8296792670950678,1,1,False
C000002,Montreal,27.98,251027,11,0.47401688217740134,0,0,False
C001212,Montreal,26.67,68982,9,0.09288291018830105,0,0,False
C013597,Montreal,27.97,69409,7,0.28908574299688256,0,0,False
C008123,Capitale-Nationale,29.09,179332,7,0.6514147045964878,1,1,False
C003743,Montreal,26.97,79697,6,0.07892349416299992,0,0,False
C007740,Gaspesie-Iles-de-la-Madeleine,29.98,44754,15,0.9677525618664474,1,1,False
C010355,Capitale-Nationale,23.89,60752,6,0.0012909731262938102,0,0,False
C009041,Montreal,27.28,131524,13,0.3393670837809181,0,0,False
C004720,Bas-Saint-Laurent,22.01,93796,12,0.00032292582790888094,0,0,False
C004279,Gaspesie-Iles-de-la-Madeleine,29.59,75218,9,0.8451687994338484,1,1,False
C011062,Cote-Nord,25.42,72835,12,0.0324707987777285,0,0,False
C006244,Capitale-Nationale,24.16,57833,10,0.004065172498806509,0,0,False
C003946,Gaspesie-Iles-de-la-Madeleine,30.77,49608,21,0.9964967351372954,1,1,False
C006606,Montreal,29.98,151470,10,0.9186247136765516,1,1,False
C007338,Bas-Saint-Laurent,28.93,48343,10,0.7298836401379953,1,1,False
C004757,Capitale-Nationale,24.66,64256,13,0.014290849010969964,0,0,False
C009968,Montreal,28.89,61441,9,0.6778739370403601,1,1,False
C005895,Montreal,28.94,49424,13,0.8312185754988318,1,1,False
C013297,Cote-Nord,24.97,48408,11,0.014734623489239219,0,0,False
C000648,Montreal,28.38,84938,7,0.41543644084905645,0,0,False
C009074,Montreal,29.22,51402,6,0.6471960560644179,1,1,False
C013748,Capitale-Nationale,22.08,137038,8,0.0001625061664747572,0,0,False
C013447,Montreal,26.22,109802,11,0.07581617477318484,0,0,False
C006691,Gaspesie-Iles-de-la-Madeleine,26.91,103804,18,0.4520950850830444,0,0,False
C013796,Capitale-Nationale,32.69,174270,6,0.9951879030654476,1,1,False
C003778,Montreal,30.26,79306,6,0.8831798859413081,1,1,False
C000423,Montreal,30.16,66489,6,0.8683816324625777,1,1,False
C006461,Montreal,31.83,57948,10,0.9929168714677933,1,1,False
C001185,Gaspesie-Iles-de-la-Madeleine,28.34,100525,10,0.5475150907301471,0,1,True
C007100,Montreal,30.08,97952,7,0.8779689725716975,1,1,False
C008813,Montreal,30.27,83076,10,0.9436777963347803,1,1,False
C011112,Bas-Saint-Laurent,26.21,30412,15,0.15032800118912684,0,0,False
C013120,Montreal,27.44,86427,10,0.2621381891647479,0,0,False
C001186,Montreal,25.51,91529,9,0.020663803389584935,0,0,False
C005169,Bas-Saint-Laurent,29.08,27327,9,0.7315968234519236,1,1,False
C003804,Bas-Saint-Laurent,26.03,43852,14,0.1022306879128953,0,0,False
C005503,Capitale-Nationale,28.11,83745,7,0.3297774046571282,0,0,False
C005862,Cote-Nord,25.66,51013,11,0.03685739013678086,0,0,False
C009538,Capitale-Nationale,28.34,64258,10,0.5475150907301471,0,0,False
C009448,Montreal,28.45,81384,14,0.7544719413391937,1,0,True
C006032,Montreal,28.12,51509,11,0.5216390553547564,0,0,False
C003885,Gaspesie-Iles-de-la-Madeleine,27.6,78306,16,0.5881356731530265,0,0,False
C004432,Montreal,26.28,137153,13,0.11631431810254467,0,0,False
C000871,Montreal,28.04,41143,9,0.3980929446647213,0,0,False
C002039,Gaspesie-Iles-de-la-Madeleine,23.0,62812,10,0.0008404055494314623,0,0,False
C006365,Bas-Saint-Laurent,30.36,84519,16,0.9839288227047837,1,1,False
C004911,Montreal,23.31,47055,5,0.0004823330184563077,0,0,False
C006672,Montreal,24.38,83758,10,0.005477281728711302,0,0,False
C011536,Bas-Saint-Laurent,27.37,21083,20,0.6953518667144163,1,0,True
C004981,Montreal,24.97,59751,8,0.008249245930822557,0,0,False
C010651,Capitale-Nationale,32.94,52922,7,0.9971787987013389,1,1,False
C007956,Capitale-Nationale,31.53,84624,9,0.9871169764464829,1,1,False
C012297,Gaspesie-Iles-de-la-Madeleine,27.71,52253,12,0.43140135690761106,0,0,False
C002327,Capitale-Nationale,30.23,124853,8,0.9147556910577076,1,1,False
C000169,Montreal,29.35,58178,5,0.6429543362252004,1,1,False
C013067,Gaspesie-Iles-de-la-Madeleine,27.79,56894,19,0.7688135047013285,1,0,True
C008812,Bas-Saint-Laurent,29.2,57655,12,0.8523032388408288,1,1,False
C009640,Montreal,28.87,56852,9,0.671898567602362,1,1,False
C009431,Montreal,24.5,61936,4,0.0020021502026898474,0,0,False
C007879,Capitale-Nationale,28.75,137590,10,0.6789451194017193,1,0,True
C006639,Montreal,30.51,85268,11,0.9658104561667513,1,1,False
C003038,Bas-Saint-Laurent,21.7,55995,12,0.0002117508155540113,0,0,False
C012698,Montreal,26.47,155835,10,0.08661192227898136,0,0,False
C002262,Gaspesie-Iles-de-la-Madeleine,28.33,83434,14,0.7229624326082199,1,1,False
C012610,Capitale-Nationale,29.65,47790,7,0.8002423154848038,1,1,False
C003901,Montreal,28.54,84153,4,0.3295315242089452,0,0,False
C006359,Gaspesie-Iles-de-la-Madeleine,34.27,57676,16,0.9999204250207849,1,1,False
C002588,Capitale-Nationale,28.52,88509,9,0.5597612915928775,0,0,False
C001396,Capitale-Nationale,26.3,44371,14,0.1412404594914351,0,0,False
C001571,Gaspesie-Iles-de-la-Madeleine,28.04,78277,8,0.3522955851545101,0,0,False
C001528,Montreal,31.98,84475,9,0.9929778456266559,1,1,False
C008352,Cote-Nord,23.42,68153,16,0.00479393810179605,0,0,False
C007829,Gaspesie-Iles-de-la-Madeleine,25.7,135539,14,0.06773344469161621,0,0,False
C003679,Montreal,25.16,164038,12,0.02301233529064772,0,0,False
C006342,Montreal,31.02,45005,13,0.9881861905267355,1,1,False
C009495,Capitale-Nationale,33.26,30606,10,0.9989832705167638,1,1,False
C012283,Montreal,29.69,145095,6,0.7767334232222535,1,1,False
C008746,Montreal,26.31,89970,9,0.059014752097567985,0,0,False
C000612,Cote-Nord,26.7,76653,13,0.1890958598128184,0,0,False
C001756,Montreal,31.42,52487,9,0.9850663550395029,1,1,False
C007898,Capitale-Nationale,19.72,64588,8,6.535737500982648e-06,0,0,False
C003359,Cote-Nord,32.36,28913,9,0.9958025852228531,1,1,False
C008531,Montreal,28.18,58774,8,0.396917060882109,0,0,False
C000923,Gaspesie-Iles-de-la-Madeleine,26.94,38827,14,0.2822062713016417,0,0,False
C010029,Cote-Nord,27.39,36235,14,0.4204847424561535,0,0,False
C012083,Montreal,25.24,80727,8,0.011871245030478693,0,0,False
C002411,Capitale-Nationale,20.14,89916,10,1.7120504269265544e-05,0,0,False
C006615,Gaspesie-Iles-de-la-Madeleine,28.87,109044,13,0.8174208058378953,1,1,False
C007948,Montreal,21.48,100297,9,8.729768500440143e-05,0,0,False
C000051,Cote-Nord,26.72,32938,9,0.09878060916384068,0,0,False
C003442,Gaspesie-Iles-de-la-Madeleine,28.74,44578,15,0.8472305728373911,1,1,False
C006704,Capitale-Nationale,34.64,78891,7,0.9997206146456492,1,1,False
C003005,Montreal,26.6,83194,10,0.10167926584998666,0,0,False
C006863,Montreal,27.4,49796,9,0.21671751333964712,0,0,False
C013289,Gaspesie-Iles-de-la-Madeleine,28.7,36455,15,0.8400466930308981,1,1,False
C007901,Bas-Saint-Laurent,25.88,26105,14,0.08494854075389481,0,0,False
C001519,Capitale-Nationale,25.76,83975,6,0.016227167046572212,0,0,False
C012314,Montreal,26.8,71336,14,0.24523667083227166,0,0,False
C009127,Montreal,35.44,111226,13,0.9999709152844853,1,1,False
C007385,Montreal,27.01,40999,7,0.09911916129143197,0,0,False
C011388,Gaspesie-Iles-de-la-Madeleine,27.25,41469,20,0.6596776019181222,1,0,True
C004422,Gaspesie-Iles-de-la-Madeleine,28.14,49408,9,0.43112844627153313,0,1,True
C001787,Capitale-Nationale,26.54,50638,4,0.03125920292212382,0,0,False
C010084,Gaspesie-Iles-de-la-Madeleine,23.59,54249,15,0.004968498255223295,0,0,False
C003517,Capitale-Nationale,29.88,76021,6,0.8183861711743039,1,1,False
C013440,Montreal,29.59,82143,12,0.9075297974403074,1,1,False
C008393,Capitale-Nationale,27.46,85902,11,0.3074421968365628,0,0,False
C013969,Capitale-Nationale,25.12,81406,11,0.018013473809875273,0,0,False
C005538,Montreal,26.39,93105,13,0.13261652950356903,0,0,False
C003609,Gaspesie-Iles-de-la-Madeleine,27.8,43673,20,0.8038900363695765,1,0,True
C004520,Gaspesie-Iles-de-la-Madeleine,29.94,47454,16,0.9718763197452666,1,1,False
C013806,Capitale-Nationale,27.74,95931,9,0.3053553325770194,0,0,False
C004012,Capitale-Nationale,30.61,62532,12,0.9752233060061087,1,1,False
C000942,Montreal,22.93,53238,9,0.000628434679971638,0,0,False
C010331,Bas-Saint-Laurent,37.72,91618,20,0.9999996682038597,1,1,False
C006306,Capitale-Nationale,30.71,39659,7,0.9443387206368742,1,1,False
C009727,Montreal,29.4,98553,10,0.8367204503953103,1,1,False
C006933,Montreal,27.8,52477,11,0.4135933484489534,0,0,False
C011058,Capitale-Nationale,29.59,54799,14,0.9355311724340482,1,1,False
C002676,Cote-Nord,27.56,82003,6,0.16061389748833316,0,0,False
C007300,Montreal,34.43,86954,7,0.9996281634789951,1,1,False
C000243,Montreal,27.81,69066,12,0.46506526357515393,0,0,False
C004218,Montreal,23.93,45928,10,0.002975348910524271,0,0,False
C007574,Montreal,28.39,76033,9,0.5157881796979752,0,0,False
C000795,Cote-Nord,26.79,51278,16,0.32153976187184946,0,0,False
C010230,Cote-Nord,28.66,23789,14,0.8035389724120943,1,1,False
C011851,Bas-Saint-Laurent,25.63,111273,11,0.035434356283955235,0,0,False
C005477,Montreal,26.34,47206,9,0.0613245614147485,0,0,False
C003232,Montreal,33.54,108244,10,0.9993053586098515,1,1,False
C006505,Montreal,26.79,62439,13,0.2086068109760983,0,0,False
C010394,Gaspesie-Iles-de-la-Madeleine,30.56,41157,14,0.9819389467819125,1,1,False
C009896,Bas-Saint-Laurent,27.59,24150,11,0.34635842429047264,0,0,False
C011546,Bas-Saint-Laurent,22.43,17502,11,0.0004704258046302476,0,0,False
C000520,Capitale-Nationale,24.57,51304,12,0.010437680901926417,0,0,False
C003095,Cote-Nord,24.59,79191,16,0.02314812797917962,0,0,False
C005303,Montreal,27.14,56714,4,0.06807326324081206,0,0,False
C009527,Montreal,29.65,137292,7,0.8002423154848038,1,1,False
C012322,Cote-Nord,29.06,32282,15,0.8955550618905712,1,1,False
C006780,Cote-Nord,24.21,40932,13,0.007794575590541773,0,0,False
C006628,Capitale-Nationale,32.16,45395,8,0.9933150955223046,1,1,False
C011524,Gaspesie-Iles-de-la-Madeleine,28.98,56587,14,0.8634567249952155,1,1,False
C004287,Gaspesie-Iles-de-la-Madeleine,28.58,61827,14,0.7857721109879163,1,1,False
C008641,Montreal,32.47,57134,4,0.9904454212075892,1,1,False
C012422,Capitale-Nationale,30.61,112840,6,0.9241057009388979,1,1,False
C010463,Montreal,26.7,48340,13,0.1890958598128184,0,0,False
C006803,Capitale-Nationale,25.63,39022,11,0.035434356283955235,0,0,False
C006902,Montreal,27.68,77413,10,0.33002337826322337,0,0,False
C006381,Gaspesie-Iles-de-la-Madeleine,23.94,39663,15,0.007977936845571638,0,0,False
C013974,Montreal,35.88,19715,11,0.999976378255132,1,1,False
C008829,Bas-Saint-Laurent,21.66,25598,12,0.00020052799006746886,0,0,False
C005131,Bas-Saint-Laurent,27.23,136207,16,0.4631764500063809,0,0,False
C010018,Montreal,29.31,80200,4,0.5837522661979139,0,1,True
C006586,Capitale-Nationale,26.59,41436,8,0.07021356675570084,0,0,False
C011437,Montreal,24.87,30562,6,0.004885376053115984,0,0,False
C012211,Montreal,27.79,52242,10,0.3639424024900445,0,0,False
C007636,Montreal,35.8,75786,6,0.9999299794898353,1,1,False
C012199,Montreal,29.74,43599,11,0.9082578992808239,1,1,False
C000143,Montreal,31.26,62319,8,0.9775920279506242,1,1,False
C006994,Cote-Nord,29.74,87490,13,0.9360543293424698,1,1,False
C010100,Gaspesie-Iles-de-la-Madeleine,29.1,73564,15,0.9005410948829494,1,1,False
C008954,Gaspesie-Iles-de-la-Madeleine,31.37,43613,19,0.997708995726963,1,1,False
C009504,Capitale-Nationale,32.11,83284,8,0.9928474745273588,1,1,False
C013644,Montreal,33.58,98323,14,0.9996989920843895,1,1,False
C000790,Capitale-Nationale,28.23,74060,13,0.6519198500574805,1,0,True
C008382,Montreal,32.46,44331,7,0.994590403233148,1,1,False
C012271,Bas-Saint-Laurent,31.67,38051,10,0.9912078150837156,1,1,False
C013860,Capitale-Nationale,35.73,39026,9,0.9999571590437694,1,1,False
C009342,Capitale-Nationale,23.18,62808,8,0.0007263340950932918,0,0,False
C002436,Montreal,29.72,54358,11,0.9059632598729938,1,1,False
C007250,Montreal,31.34,67555,9,0.9833762129619916,1,1,False
C010834,Bas-Saint-Laurent,27.05,26419,18,0.4996068164172105,0,0,False
C013641,Bas-Saint-Laurent,25.36,82772,8,0.013949124555980132,0,0,False
C012496,Montreal,30.85,104123,13,0.9851546918437416,1,1,False
C003388,Montreal,29.8,48980,5,0.7686973325403346,1,1,False
C009465,Gaspesie-Iles-de-la-Madeleine,27.18,43392,16,0.44629649457294973,0,0,False
C005059,Montreal,30.67,75284,9,0.9596053716533453,1,1,False
C011149,Gaspesie-Iles-de-la-Madeleine,24.29,106524,12,0.007152512832340008,0,0,False
C009909,Capitale-Nationale,26.23,38218,8,0.04420855075708904,0,0,False
C010682,Montreal,30.78,80810,7,0.9491418765471212,1,1,False
C000948,Capitale-Nationale,29.94,98865,8,0.878494036233141,1,1,False
C013127,Montreal,29.65,62868,11,0.8975225015447491,1,1,False
C003848,Bas-Saint-Laurent,32.06,62713,15,0.9980419604347046,1,1,False
C004592,Capitale-Nationale,29.86,70168,9,0.8874402481602442,1,1,False
C006354,Bas-Saint-Laurent,29.8,72349,18,0.9768666042140596,1,1,False
C010914,Montreal,30.97,124515,10,0.9775086963581265,1,1,False
C010495,Capitale-Nationale,28.26,55288,4,0.25132130999967406,0,0,False
C012510,Montreal,29.38,35348,8,0.7713059031430627,1,1,False
C006909,Montreal,29.03,74268,11,0.7901363648541793,1,1,False
C000082,Gaspesie-Iles-de-la-Madeleine,24.56,48229,14,0.015151854879325828,0,0,False
C004265,Cote-Nord,29.15,38340,18,0.945729448666943,1,1,False
C000041,Capitale-Nationale,28.01,51535,12,0.5330444773108731,0,0,False
C013457,Capitale-Nationale,26.83,76044,8,0.09478099999637135,0,0,False
C012917,Bas-Saint-Laurent,26.78,44558,17,0.36244329211649107,0,0,False
C008299,Bas-Saint-Laurent,28.23,99740,14,0.6948802511491975,1,1,False
C011370,Capitale-Nationale,26.57,98781,12,0.1384216268454779,0,0,False
C001643,Bas-Saint-Laurent,31.85,36341,12,0.9953269427316045,1,1,False
C013090,Bas-Saint-Laurent,30.0,70120,12,0.9449105767626946,1,1,False
C013041,Gaspesie-Iles-de-la-Madeleine,27.23,71579,11,0.24503077886860286,0,0,False
C008328,Cote-Nord,24.52,67247,13,0.011839796049057988,0,0,False
C006799,Montreal,28.64,68100,6,0.45436658460987717,0,0,False
C002403,Cote-Nord,29.93,64321,14,0.9584295712238362,1,1,False
C011466,Cote-Nord,24.91,15631,9,0.009234741344603125,0,0,False
C003654,Bas-Saint-Laurent,28.32,34549,15,0.7578877092117928,1,1,False
C005913,Capitale-Nationale,31.21,79158,11,0.9865366625881811,1,1,False
C013676,Montreal,25.71,57232,12,0.04744781015453613,0,0,False
C005940,Bas-Saint-Laurent,27.52,74668,14,0.46412072812474187,0,0,False
C000980,Gaspesie-Iles-de-la-Madeleine,32.61,42157,3,0.9903988457777406,1,1,False
C005559,Cote-Nord,25.72,26984,17,0.11834822226482727,0,0,False
C004612,Montreal,27.18,73299,15,0.39862629007091016,0,0,False
C000591,Bas-Saint-Laurent,23.16,70828,13,0.0018768611524629798,0,0,False
C002916,Capitale-Nationale,27.68,105649,13,0.4696771927263677,0,0,False
C001045,Montreal,29.49,91407,13,0.9123935957577017,1,1,False
C006660,Bas-Saint-Laurent,23.26,39799,15,0.0031758019773303033,0,0,False
C013950,Gaspesie-Iles-de-la-Madeleine,21.19,61328,9,5.8818858718599644e-05,0,0,False
C009003,Capitale-Nationale,28.9,128980,17,0.9106832503877991,1,1,False
C003392,Gaspesie-Iles-de-la-Madeleine,27.65,148822,9,0.2799970265408198,0,0,False
C008374,Bas-Saint-Laurent,34.99,32167,9,0.9998826606527427,1,1,False
C012677,Montreal,28.65,94991,15,0.8306851821338579,1,0,True
C000701,Cote-Nord,29.48,37301,12,0.8941692655754988,1,1,False
C007522,Capitale-Nationale,27.68,62367,8,0.24989506225482205,0,0,False
C007713,Montreal,30.56,104666,8,0.9438792770534326,1,1,False
C007377,Cote-Nord,33.38,95644,19,0.9998513053327319,1,1,False
C006371,Montreal,25.73,69371,7,0.018890729948460562,0,0,False
C003027,Bas-Saint-Laurent,28.02,83538,11,0.4876128832990222,0,0,False
C009890,Cote-Nord,27.02,64625,17,0.44078672969548277,0,0,False
C002367,Cote-Nord,27.74,21936,11,0.39392776820402986,0,0,False
C010064,Montreal,29.47,61470,13,0.9101921695528088,1,1,False
C003353,Montreal,28.45,38117,8,0.4873348904203922,0,0,False
C005925,Capitale-Nationale,32.29,123188,6,0.9917325135972813,1,1,False
C013461,Bas-Saint-Laurent,26.73,70088,13,0.195439532941387,0,0,False
C013365,Capitale-Nationale,25.09,86666,10,0.014275183720271622,0,0,False
C004113,Montreal,29.96,47907,11,0.9303526221448606,1,1,False
C006186,Capitale-Nationale,30.41,77718,9,0.9434162683305478,1,1,False
C012870,Bas-Saint-Laurent,29.66,107235,16,0.9593533723607276,1,1,False
C009888,Capitale-Nationale,21.26,45682,6,3.598724414716442e-05,0,0,False
C000776,Montreal,26.43,100628,5,0.03267504896377969,0,0,False
C013536,Capitale-Nationale,22.64,149394,14,0.0011250434437819646,0,0,False
C006293,Gaspesie-Iles-de-la-Madeleine,27.58,35601,12,0.38861077015071976,0,0,False
C013856,Montreal,31.04,40704,8,0.9700001544684665,1,1,False
C007293,Montreal,23.84,127395,4,0.0008160289590897997,0,0,False
C008097,Bas-Saint-Laurent,24.0,112179,10,0.003271936615014307,0,0,False
C002408,Capitale-Nationale,25.21,51317,4,0.00524756353892758,0,0,False
C010501,Bas-Saint-Laurent,25.54,42293,8,0.01775476411559514,0,0,False
C004270,Bas-Saint-Laurent,27.77,37555,15,0.5968132728377816,0,0,False
C013911,Capitale-Nationale,25.09,59808,11,0.017304916278061692,0,0,False
C004406,Capitale-Nationale,27.54,78372,7,0.18461995659783056,0,0,False
C004390,Capitale-Nationale,33.06,74437,7,0.9976030778896859,1,1,False
C001536,Cote-Nord,23.81,119983,14,0.005510186009288017,0,0,False
C005416,Montreal,30.35,35882,9,0.9388935533003677,1,1,False
C009379,Montreal,24.99,100821,5,0.00473157047758654,0,0,False
C002641,Capitale-Nationale,29.22,37852,5,0.6013732832254856,0,1,True
C000997,Montreal,28.07,66823,7,0.3178522628088804,0,0,False
C004658,Montreal,22.47,78733,8,0.00027634799059981016,0,0,False
C003571,Capitale-Nationale,24.65,48504,11,0.009579999716237655,0,0,False
C001843,Gaspesie-Iles-de-la-Madeleine,26.34,38709,13,0.1249788086363158,0,0,False
C013420,Capitale-Nationale,25.44,78055,8,0.015529598385356183,0,0,False
C010069,Cote-Nord,27.74,29106,11,0.39392776820402986,0,0,False
C011995,Capitale-Nationale,21.67,68532,14,0.00030053475687575443,0,0,False
C009337,Bas-Saint-Laurent,27.41,51323,12,0.3352258840894191,0,0,False
C010443,Bas-Saint-Laurent,26.03,96978,11,0.059562427485507226,0,0,False
C002600,Montreal,29.25,78177,12,0.8606699575561172,1,1,False
C007225,Montreal,28.3,38786,8,0.43661174304013595,0,0,False
C008816,Cote-Nord,26.63,70619,9,0.08839435016358721,0,0,False
C001299,Montreal,28.04,75334,10,0.44574664360429317,0,0,False
C001416,Gaspesie-Iles-de-la-Madeleine,25.54,77134,13,0.045849577569492275,0,0,False
C012308,Montreal,30.24,39830,5,0.858162750167682,1,1,False
C010196,Montreal,25.76,77355,7,0.01966292009693679,0,0,False
C003611,Gaspesie-Iles-de-la-Madeleine,33.69,91172,14,0.9997408537399349,1,1,False
C002562,Cote-Nord,26.56,73337,10,0.09681098906779799,0,0,False
C003924,Montreal,29.41,151120,11,0.8633254890382991,1,1,False
C010967,Cote-Nord,28.75,23481,11,0.7200026146167937,1,1,False
C000649,Montreal,33.72,44434,10,0.99945627551117,1,1,False
C011920,Bas-Saint-Laurent,23.76,19931,15,0.006254564323587704,0,0,False
C013478,Bas-Saint-Laurent,24.59,28200,10,0.007277243715901332,0,0,False
C011434,Capitale-Nationale,30.32,82584,10,0.9471890634286722,1,1,False
C002059,Montreal,26.17,37040,3,0.015780799623456732,0,0,False
C002434,Gaspesie-Iles-de-la-Madeleine,26.44,65548,12,0.11862861677682167,0,0,False
C004770,Montreal,28.16,33955,7,0.3449962239308228,0,0,False
C009769,Capitale-Nationale,26.39,84504,9,0.0653628166615236,0,0,False
C009208,Gaspesie-Iles-de-la-Madeleine,25.67,37891,21,0.21516557979584486,0,0,False
C007622,Montreal,30.37,87525,14,0.9767301141785251,1,1,False
C001096,Capitale-Nationale,30.68,49431,7,0.942152095731977,1,1,False
C009058,Montreal,29.84,148556,8,0.8631941469312376,1,1,False
C003785,Gaspesie-Iles-de-la-Madeleine,26.46,51627,14,0.16978456740155254,0,0,False
C011772,Montreal,24.94,78092,15,0.030431401328376496,0,0,False
C008272,Bas-Saint-Laurent,24.86,48396,11,0.012710978180297431,0,0,False
C000456,Montreal,24.5,60362,11,0.007823997285568344,0,0,False
C002259,Bas-Saint-Laurent,27.02,70036,23,0.7181509955317733,1,0,True
C003889,Bas-Saint-Laurent,24.84,60693,15,0.02666062269502295,0,0,False
C003570,Gaspesie-Iles-de-la-Madeleine,31.12,85216,11,0.9848080072387612,1,1,False
C010077,Montreal,26.54,70178,9,0.07900441713333312,0,0,False
C004388,Capitale-Nationale,27.67,94590,4,0.13067833681605998,0,0,False
C009666,Montreal,27.89,114253,9,0.350311347813819,0,0,False
C012168,Capitale-Nationale,30.03,54422,6,0.8467980302106176,1,1,False
C004856,Montreal,27.16,70437,5,0.08363983831084551,0,0,False
C013677,Montreal,29.12,172498,6,0.6155181475297213,0,1,True
C007119,Bas-Saint-Laurent,26.05,46384,10,0.0508043541230844,0,0,False
C000823,Capitale-Nationale,28.57,64101,17,0.8667644497003152,1,0,True
C002510,Capitale-Nationale,26.07,48568,9,0.04327481152187402,0,0,False
C000429,Montreal,26.37,47951,5,0.03018898560845127,0,0,False
C009518,Montreal,25.36,65523,6,0.009476825062405088,0,0,False
C004913,Cote-Nord,26.79,207245,13,0.2086068109760983,0,0,False
C007316,Gaspesie-Iles-de-la-Madeleine,28.22,62609,10,0.506807803245418,0,1,True
C011432,Montreal,27.31,44509,10,0.229364269317478,0,0,False
C001306,Capitale-Nationale,27.85,79270,11,0.43019740592310507,0,0,False
C013578,Montreal,23.96,37959,9,0.0025499969587088876,0,0,False
C011853,Capitale-Nationale,27.39,71852,8,0.18331283644578855,0,0,False
C002976,Capitale-Nationale,24.69,62488,6,0.0038274727262629675,0,0,False
C007402,Montreal,28.07,51557,8,0.3616723057500352,0,0,False
C013114,Montreal,26.62,42674,12,0.14674309624039536,0,0,False
C006584,Cote-Nord,29.74,20962,11,0.9082578992808239,1,1,False
C004427,Gaspesie-Iles-de-la-Madeleine,28.66,73456,12,0.7344792782015572,1,1,False
C001602,Montreal,28.16,94485,9,0.43781985203459994,0,0,False
C002064,Montreal,29.2,55927,13,0.8752641551677602,1,1,False
C007444,Montreal,23.39,36869,9,0.0011750454003896,0,0,False
C003346,Capitale-Nationale,24.48,181036,10,0.006271271910671082,0,0,False
C004327,Montreal,27.75,53240,9,0.3082512896253747,0,0,False
C010941,Montreal,30.4,44503,15,0.9815387461202042,1,1,False
C002104,Cote-Nord,36.69,98843,11,0.999992160185814,1,1,False
C003832,Capitale-Nationale,24.12,118860,9,0.003168764966172283,0,0,False
C006296,Gaspesie-Iles-de-la-Madeleine,25.1,69329,13,0.025715770418747407,0,0,False
C006851,Capitale-Nationale,31.04,92518,16,0.993570925420056,1,1,False
C003097,Montreal,28.16,26046,6,0.3022399822691011,0,0,False
C008545,Capitale-Nationale,27.89,160713,14,0.5890551642888041,0,0,False
C003102,Montreal,32.21,99623,17,0.9989194432006097,1,1,False
C001369,Capitale-Nationale,24.24,58220,7,0.0025251421948929735,0,0,False
C007433,Capitale-Nationale,40.0,47408,5,0.9999997204826018,1,1,False
C011754,Cote-Nord,18.67,35134,7,1.2865578619140678e-06,0,0,False
C013292,Gaspesie-Iles-de-la-Madeleine,26.89,17770,20,0.5428073689272584,0,0,False
C011147,Montreal,23.27,122345,13,0.002179473593614512,0,0,False
C007919,Bas-Saint-Laurent,31.6,57008,13,0.9946023631336777,1,1,False
C006038,Gaspesie-Iles-de-la-Madeleine,31.13,106990,12,0.9876398614520179,1,1,False
C012133,Montreal,26.4,57063,5,0.0314082261191067,0,0,False
C004124,Cote-Nord,25.15,38527,20,0.09995814810794011,0,0,False
C010540,Gaspesie-Iles-de-la-Madeleine,25.03,49482,11,0.015968975746359727,0,0,False
C000548,Bas-Saint-Laurent,21.97,337931,18,0.000987886514381362,0,0,False
C009887,Montreal,32.1,65479,6,0.9893174314860346,1,1,False
C009936,Montreal,23.26,79459,7,0.0006661128803637162,0,0,False
C004339,Bas-Saint-Laurent,29.88,53486,12,0.9357598120927723,1,1,False
C013727,Capitale-Nationale,30.45,88778,8,0.9353968262596782,1,1,False
C011209,Gaspesie-Iles-de-la-Madeleine,21.75,77052,10,0.00015330975085703932,0,0,False
C013589,Capitale-Nationale,27.51,92891,7,0.17854953453531358,0,0,False
C000144,Capitale-Nationale,27.59,58663,5,0.14083607163847883,0,0,False
C002352,Montreal,26.93,95519,9,0.1273169648639311,0,0,False
C010846,Cote-Nord,29.54,103496,21,0.9815790270653528,1,1,False
C013079,Montreal,25.27,52654,9,0.014989580667009117,0,0,False
C003032,Gaspesie-Iles-de-la-Madeleine,29.6,46753,17,0.9635677564166236,1,1,False
C007098,Bas-Saint-Laurent,30.87,81447,16,0.991909871740312,1,1,False
C011544,Cote-Nord,28.21,46099,13,0.645714660034732,1,1,False
C013250,Montreal,25.77,30285,6,0.016445983095942238,0,0,False
C004233,Montreal,25.08,106789,9,0.01161221163288682,0,0,False
C013142,Bas-Saint-Laurent,29.86,25096,17,0.9741493234886408,1,1,False
C005342,Bas-Saint-Laurent,28.99,31937,16,0.9045652598196795,1,1,False
C006190,Bas-Saint-Laurent,28.12,59757,7,0.332794014051605,0,1,True
C002199,Capitale-Nationale,31.3,128901,9,0.9824619631224122,1,1,False
C007467,Gaspesie-Iles-de-la-Madeleine,22.63,90793,14,0.001109844565603907,0,0,False
C001031,Cote-Nord,29.19,25632,13,0.8737698936948702,1,1,False
C002048,Montreal,24.73,184737,7,0.004909303472689289,0,0,False
C010775,Capitale-Nationale,25.12,90174,13,0.026406983854599837,0,0,False
C000019,Montreal,27.41,52065,10,0.25431389429536033,0,0,False
C005669,Montreal,29.93,77976,16,0.9715017316421057,1,1,False
C001356,Montreal,30.76,47315,10,0.9702845915236041,1,1,False
C012337,Gaspesie-Iles-de-la-Madeleine,25.99,23562,15,0.1159245916444153,0,0,False
C005148,Cote-Nord,27.16,43620,8,0.14097075992045266,0,0,False
C003324,Montreal,25.51,57151,8,0.017056206141080114,0,0,False
C008099,Montreal,32.96,60602,7,0.9972543858092292,1,1,False
C004582,Montreal,26.56,28815,6,0.04673690807543382,0,0,False
C005557,Montreal,25.7,44265,7,0.018148303392909314,0,0,False
C008083,Capitale-Nationale,24.47,84905,6,0.0028394897350808913,0,0,False
C010735,Cote-Nord,24.34,71008,10,0.005188433225752484,0,0,False
C003944,Montreal,25.2,61481,7,0.009269548356789564,0,0,False
C001686,Montreal,29.15,32471,13,0.8676390363324489,1,1,False
C011430,Bas-Saint-Laurent,30.91,65156,15,0.9906954982629154,1,1,False
C009878,Montreal,28.6,33154,9,0.5864062198447769,0,0,False
C000209,Capitale-Nationale,33.79,64265,6,0.998919938715394,1,1,False
C001939,Montreal,20.21,36222,7,1.0474698210007797e-05,0,0,False
C011842,Montreal,28.63,41108,7,0.4997216100632688,0,0,False
C002468,Bas-Saint-Laurent,27.49,26421,8,0.20458295821126424,0,0,False
C012963,Cote-Nord,28.79,41634,12,0.7675428685780203,1,1,False
C006261,Bas-Saint-Laurent,27.43,31118,17,0.5794029292023689,0,0,False
C011569,Montreal,25.62,81203,11,0.03497188047173848,0,0,False
C002394,Bas-Saint-Laurent,27.95,44005,14,0.6086788496112443,0,0,False
C010158,Bas-Saint-Laurent,26.5,91499,9,0.07513098618919592,0,0,False
C008016,Montreal,24.75,81428,10,0.00903271119915078,0,0,False
C001713,Capitale-Nationale,23.72,72168,10,0.0022370249017034803,0,0,False
C011450,Gaspesie-Iles-de-la-Madeleine,21.76,25412,24,0.002395820138694062,0,0,False
C005070,Montreal,25.21,123234,10,0.016766696150795218,0,0,False
C013755,Montreal,28.25,86664,8,0.4199425737831411,0,0,False
C007683,Bas-Saint-Laurent,25.93,114667,8,0.029825034648513424,0,0,False
C007822,Gaspesie-Iles-de-la-Madeleine,34.3,28206,17,0.9999371771141947,1,1,False
C003771,Bas-Saint-Laurent,25.84,54480,20,0.22129699198443506,0,0,False
C008683,Bas-Saint-Laurent,30.72,42166,11,0.9740932248818673,1,1,False
C007654,Cote-Nord,30.48,79590,11,0.964435570407982,1,1,False
C000386,Montreal,27.92,79949,13,0.5511616086994582,0,0,False
C004261,Bas-Saint-Laurent,28.82,43149,12,0.7747516900379454,1,1,False
C013534,Montreal,31.14,57740,14,0.9917196158642193,1,1,False
C001134,Capitale-Nationale,26.54,72156,8,0.06589675142317068,0,0,False
C006403,Capitale-Nationale,28.58,104061,5,0.38691685548072347,0,0,False
C003498,Montreal,26.99,80222,10,0.16142749707494627,0,0,False
C004116,Montreal,27.66,59345,14,0.5117159333281394,0,0,False
C003869,Capitale-Nationale,24.01,54532,6,0.001519786516776701,0,0,False
C006762,Bas-Saint-Laurent,24.61,56451,11,0.009076766009518058,0,0,False
C008316,Bas-Saint-Laurent,28.59,54842,9,0.5830998216360742,0,1,True
C001129,Gaspesie-Iles-de-la-Madeleine,32.7,59349,20,0.9996913717785593,1,1,False
C004899,Montreal,21.5,59013,11,0.00013263554440143174,0,0,False
C000888,Capitale-Nationale,29.95,73233,7,0.8576999301078609,1,1,False
C005156,Gaspesie-Iles-de-la-Madeleine,29.84,29577,15,0.9612424590176328,1,1,False
C012131,Capitale-Nationale,26.89,52068,9,0.12138705503529627,0,0,False
C001603,Bas-Saint-Laurent,36.71,52767,14,0.9999957566804445,1,1,False
C009883,Montreal,25.85,103851,13,0.0682853297696083,0,0,False
C001485,Capitale-Nationale,31.78,49832,9,0.9907999199561707,1,1,False
C011973,Cote-Nord,26.41,43950,11,0.0960523257516085,0,0,False
C007457,Montreal,28.7,86041,7,0.5235337710292951,0,0,False
C007547,Montreal,26.16,57475,12,0.08418833681860206,0,0,False
C007042,Montreal,30.14,33876,6,0.8652375996826417,1,1,False
C007085,Montreal,29.77,64869,9,0.8746051477807386,1,1,False
C013097,Bas-Saint-Laurent,26.66,60400,11,0.12994376704328042,0,0,False
C006067,Montreal,27.86,39618,10,0.38628024951451084,0,0,False
C003671,Cote-Nord,22.88,117503,16,0.002303751914377325,0,0,False
C009797,Montreal,29.31,70969,11,0.8464494407947206,1,1,False
C004591,Cote-Nord,27.47,73571,18,0.6388408793150245,1,0,True
C005113,Montreal,26.01,70529,10,0.048241097446043095,0,0,False
C008152,Capitale-Nationale,28.6,93752,7,0.4895104796075516,0,0,False
C003896,Bas-Saint-Laurent,26.7,52821,18,0.382685766331686,0,0,False
C013037,Bas-Saint-Laurent,19.45,47680,14,1.4627438687002449e-05,0,0,False
C001604,Capitale-Nationale,22.62,23633,11,0.0006092449014714835,0,0,False
C012357,Montreal,25.0,84631,11,0.015339582027394721,0,0,False
C008467,Montreal,27.89,117884,12,0.49224265742468065,0,0,False
C006956,Montreal,26.98,65269,7,0.09553068302618241,0,0,False
C008270,Capitale-Nationale,31.9,73645,8,0.9905022460765112,1,1,False
C004962,Montreal,31.55,71557,10,0.9896632400017986,1,1,False
C013620,Capitale-Nationale,24.86,60006,12,0.015413918580269985,0,0,False
C011214,Gaspesie-Iles-de-la-Madeleine,27.22,58812,12,0.28022139423094156,0,0,False
C002152,Gaspesie-Iles-de-la-Madeleine,31.89,26720,10,0.9934689339664026,1,1,False
C010706,Bas-Saint-Laurent,29.11,96123,13,0.8612576914818154,1,1,False
C002359,Bas-Saint-Laurent,22.46,53335,15,0.001070706093316513,0,0,False
C011799,Bas-Saint-Laurent,25.7,64722,15,0.0811747024986261,0,0,False
C005196,Gaspesie-Iles-de-la-Madeleine,25.21,32862,11,0.02031432400898384,0,0,False
C007602,Capitale-Nationale,27.65,128862,10,0.321054492600121,0,0,False
C001251,Montreal,27.69,50033,10,0.3330411196183595,0,0,False
C005120,Montreal,28.79,85700,4,0.40856945279118145,0,0,False
C008647,Gaspesie-Iles-de-la-Madeleine,22.34,42934,6,0.0001565958629669225,0,0,False
C009008,Cote-Nord,26.96,25136,12,0.21460242822839123,0,0,False
C000850,Gaspesie-Iles-de-la-Madeleine,32.57,47858,10,0.9974024387950439,1,1,False
C007434,Gaspesie-Iles-de-la-Madeleine,32.05,97838,7,0.9905838090921743,1,1,False
C000061,Gaspesie-Iles-de-la-Madeleine,26.33,45590,18,0.2724972954675151,0,0,False
C006512,Bas-Saint-Laurent,27.43,35937,15,0.4823149131862347,0,0,False
C005251,Montreal,25.06,83591,10,0.013711618106360766,0,0,False
C005023,Bas-Saint-Laurent,27.54,69435,12,0.37575088823493175,0,0,False
C003890,Montreal,26.73,117130,8,0.08372515753762277,0,0,False
C003203,Montreal,23.82,59978,9,0.00210833462496745,0,0,False
C010751,Bas-Saint-Laurent,26.57,64500,16,0.25994079276666837,0,0,False
C001227,Gaspesie-Iles-de-la-Madeleine,27.08,65014,19,0.5584377878601856,0,0,False
C009713,Cote-Nord,31.12,45819,11,0.9848080072387612,1,1,False
C004663,Montreal,29.38,54436,4,0.6067125485383936,0,1,True
C004304,Bas-Saint-Laurent,24.42,54707,12,0.008525819866501614,0,0,False
C003376,Cote-Nord,28.42,60188,9,0.5259826740285333,0,1,True
C002037,Cote-Nord,29.76,60064,18,0.975603230610014,1,1,False
C005193,Montreal,24.98,70231,8,0.008361397647399203,0,0,False
C001153,Gaspesie-Iles-de-la-Madeleine,30.58,47864,9,0.9545780211987689,1,1,False
C007476,Montreal,31.26,52658,10,0.9847343748240242,1,1,False
C001469,Cote-Nord,26.76,28641,8,0.08691279058046464,0,0,False
C003788,Montreal,25.29,82369,7,0.010465445015041507,0,0,False
C004518,Montreal,27.38,103963,14,0.4171702544006386,0,0,False
C007490,Montreal,27.83,52090,17,0.7037039377980561,1,0,True
C013720,Cote-Nord,27.04,77546,12,0.2335330874005901,0,0,False
C002383,Capitale-Nationale,28.86,60991,13,0.8153797754515143,1,1,False
C000638,Capitale-Nationale,28.4,76103,11,0.6148826455517789,0,0,False
C004992,Gaspesie-Iles-de-la-Madeleine,25.03,57635,9,0.010856211410395148,0,0,False
C010963,Montreal,30.32,98302,8,0.9238389586186675,1,1,False
C013481,Capitale-Nationale,30.8,161070,13,0.9841253588347574,1,1,False
C005013,Bas-Saint-Laurent,26.15,55517,16,0.16545522088443376,0,0,False
C003702,Capitale-Nationale,23.82,72112,13,0.004597836663120486,0,0,False
C011008,Capitale-Nationale,30.89,38564,7,0.9559046674165189,1,1,False
C013261,Montreal,23.98,58751,8,0.0021558276189476405,0,0,False
C010057,Montreal,28.32,48109,8,0.44332193131334463,0,0,False
C008562,Gaspesie-Iles-de-la-Madeleine,30.73,96738,15,0.9881417789980858,1,1,False
C003447,Montreal,26.98,143886,7,0.09553068302618241,0,0,False
C003969,Bas-Saint-Laurent,28.2,61863,19,0.8531991784161918,1,1,False
C001389,Cote-Nord,27.78,47847,8,0.27627732620699874,0,0,False
C008534,Cote-Nord,27.44,67683,10,0.2621381891647479,0,0,False
C011257,Montreal,31.3,111814,8,0.9787546555005909,1,1,False
C006064,Cote-Nord,30.21,94737,11,0.9494318081395408,1,1,False
C008231,Montreal,35.72,88482,2,0.9998293169900663,1,1,False
C011203,Capitale-Nationale,22.34,68711,10,0.000342293324751273,0,0,False
C011280,Montreal,30.54,111443,10,0.9603174385354786,1,1,False
C000995,Montreal,34.91,87363,12,0.9999272222131368,1,1,False
C012893,Montreal,35.2,52717,9,0.9999118407734858,1,1,False
C000158,Bas-Saint-Laurent,25.82,96076,14,0.07880930518267212,0,0,False
C003877,Montreal,25.22,54408,11,0.02058710018969827,0,0,False
C008214,Montreal,28.45,44128,15,0.7888742850567294,1,0,True
C009021,Capitale-Nationale,32.45,91570,10,0.9969427533194678,1,1,False
C010583,Cote-Nord,33.17,65826,17,0.9997074023318695,1,1,False
C005917,Montreal,32.28,79113,5,0.9898286777353426,1,1,False
C000902,Bas-Saint-Laurent,29.98,27842,17,0.977960447472563,1,1,False
C006999,Capitale-Nationale,27.44,93579,8,0.19372621549011104,0,0,False
C007847,Capitale-Nationale,25.83,130729,14,0.07980355678210871,0,0,False
C003821,Bas-Saint-Laurent,34.4,80434,8,0.9996814396573908,1,1,False
C007949,Montreal,24.43,52255,10,0.005860925793657783,0,0,False
